{"Index":-1,"Centroid":{"X":56.72150771481677,"Y":-39.70363303328449},"Coordinates":[33.146303,-27.114501,33.527051,-27.139456,34.600251,-27.280745,35.335803,-27.477836,36.1577,-27.818277,36.817178,-28.199027,37.522953,-28.740588,38.06141,-29.279045,38.602974,-29.984824,38.983725,-30.644304,39.324166,-31.466203,39.521255,-32.201749,39.662544,-33.274942,39.6875,-33.655693,39.687501,-64.516,49.8475,-64.515997,49.8475,-63.564198,49.872455,-63.183448,50.013745,-62.110247,50.210835,-61.374699,50.551274,-60.552805,50.932023,-59.893327,51.473586,-59.187548,52.012049,-58.649086,52.717829,-58.107523,53.377303,-57.726776,54.199195,-57.386337,54.934745,-57.189246,56.007947,-57.047956,56.388697,-57.023001,57.626247,-57.023001,57.62625,-57.023,60.0075,-57.023,60.0075,-48.345347,49.9999,-48.345347,49.9999,-46.650663,60.007499,-46.650663,60.007499,-37.973001,56.388697,-37.973001,56.007947,-37.948046,54.934746,-37.806756,54.199199,-37.609667,53.377304,-37.269228,52.717824,-36.888477,52.012047,-36.346915,51.473586,-35.808453,50.932022,-35.102672,50.551275,-34.443198,50.210836,-33.621306,50.013745,-32.885756,49.872455,-31.812554,49.8475,-31.431804,49.8475,-24.765025,49.872281,-24.385602,49.965377,-23.675953,50.150707,-22.968336,50.350089,-22.47184,50.704976,-21.833478,51.019658,-21.40451,51.52214,-20.874201,51.996624,-20.485152,52.502046,-20.151966,52.793816,-20.000482,53.021644,-19.894394,53.281227,-19.786871,53.905659,-19.606591,54.020426,-19.589152,54.497467,-19.526348,54.614542,-19.512957,54.821793,-19.498234,54.978995,-19.494501,55.98915,-19.494501,56.162171,-19.498993,56.381192,-19.515675,56.498793,-19.529537,56.96001,-19.590258,57.113387,-19.614618,57.699176,-19.788069,58.009708,-19.916726,58.311973,-20.062872,58.598109,-20.222153,58.955101,-20.456667,59.24263,-20.677297,59.442655,-20.845542,59.538845,-20.934104,59.927705,-21.372045,60.28693,-21.869366,60.633379,-22.50088,60.827681,-22.990206,61.008902,-23.687981,61.100406,-24.386742,61.1251,-24.765499,61.125101,-27.114501,77.913803,-27.114501,78.294551,-27.139456,79.367751,-27.280745,80.103303,-27.477836,80.9252,-27.818277,81.584678,-28.199027,82.290454,-28.740589,82.828912,-29.279047,83.370475,-29.984825,83.751225,-30.644304,84.091666,-31.466203,84.288755,-32.201749,84.430044,-33.274942,84.455,-33.655693,84.455,-46.650663,100.393501,-46.650663,101.443367,-45.703411,102.230767,-45.160114,102.230767,-23.3045,78.871234,-23.3045,78.608767,-23.158467,78.3463,-22.893479,78.32576,-21.101913,78.092233,-20.387469,78.092233,-15.525763,78.09223,-15.52575,78.09223,-0.732342,78.083834,-1E-06,33.202033,-1E-06,33.03277,-13.225006,33.03277,-15.52575,33.032767,-15.525771,33.032767,-20.387469,32.717155,-21.7072,32.649934,-21.786327,32.414633,-22.286102,31.8897,-22.710184,31.838615,-22.74135,31.810197,-22.750639,31.364766,-22.977295,31.1023,-23.076613,30.839833,-23.111872,30.66588,-23.124677,30.115736,-23.3045,23.964457,-23.3045,0.0,-23.304504,1E-06,-68.656135,1.61482,-68.648711,2.048853,-68.649684,7.905699,-68.6628,7.90584,-68.662821,9.531114,-68.666466,9.811171,-68.668267,10.328409,-68.717874,10.943799,-68.832909,11.461557,-68.980223,12.016651,-69.195268,12.498514,-69.435207,13.004639,-69.748586,13.434216,-70.072988,13.874142,-70.474035,14.236787,-70.871839,14.595536,-71.346899,14.878913,-71.804566,15.144254,-72.33744,15.338713,-72.839397,15.4987,-73.401695,15.602382,-73.98854,15.654255,-74.702311,15.661912,-74.903947,15.668943,-76.996708,15.879233,-81.152999,95.406634,-81.152999,95.447689,-79.77649,95.45868,-75.96545,95.464487,-73.951458,95.472048,-73.749802,95.523812,-73.032862,95.627594,-72.444647,95.786286,-71.886901,95.980742,-71.384951,96.246087,-70.852066,96.529468,-70.39439,96.888214,-69.919335,97.250859,-69.521533,97.69078,-69.120491,98.120356,-68.79609,98.626486,-68.482708,98.784173,-68.404189,98.818701,-68.381515,98.874016,-68.359453,99.108352,-68.242768,99.663448,-68.027723,99.811039,-67.985729,99.868567,-67.962785,99.935274,-67.950381,100.181193,-67.880411,100.786766,-67.767209,101.064557,-67.740401,101.180901,-67.718768,101.607971,-67.715329,102.066452,-67.714412,102.230767,-67.715113,102.230767,-49.835887,101.443367,-49.29259,100.393501,-48.345347,84.455,-48.345347,84.455,-67.991721,84.455,-68.848244,84.431921,-69.21446,84.301175,-70.247656,84.118729,-70.956991,83.803062,-71.7528,83.449668,-72.394333,82.945714,-73.086425,82.443653,-73.619707,81.783184,-74.164447,81.164114,-74.555851,80.220956,-74.997475,79.879511,-75.131869,79.064347,-75.394825,74.189498,-76.967356,74.189495,-76.967356,74.047817,-77.013059,73.902297,-77.055857,73.48525,-77.166817,73.186705,-77.229737,72.830567,-77.285529,72.530744,-77.316734,72.10191,-77.339058,71.950262,-77.343002,40.445,-77.343002,40.204535,-77.333074,39.522603,-77.276667,39.050781,-77.198295,38.506577,-77.061262,38.053846,-76.906817,37.429163,-76.634682,37.213608,-76.530044,8.563284,-61.137331,8.294879,-60.973913,7.558103,-60.469004,7.08159,-60.060612,6.578269,-59.525131,6.200138,-59.024273,5.822991,-58.393514,5.560742,-57.823373,5.327238,-57.126551,5.193003,-56.513488,5.096927,-55.625495,5.080002,-55.311719,5.080002,-36.506879,5.104957,-36.126134,5.246244,-35.052941,5.443335,-34.317385,5.783777,-33.495486,6.164526,-32.836011,6.823486,-31.977238,7.075069,-31.690363,9.655862,-29.109569,9.942738,-28.857985,10.801511,-28.199025,11.460987,-27.818276,12.282881,-27.477836,13.018434,-27.280745,14.091634,-27.139456,14.472382,-27.114501,14.872994,-27.114501,31.90875,-27.114501]}