{"Inners":[{"Index":-1,"Centroid":{"X":76.13067749770208,"Y":76.23700310145543},"Coordinates":[75.4513,3.35401,71.33968,3.51237,70.98569,3.5341,69.09252,3.69368,68.73026,3.73278,64.65187,4.26987,64.30167,4.32413,62.43097,4.65778,62.07359,4.7302,58.06175,5.64158,57.7184,5.72784,55.8858,6.23285,55.5362,6.33808,51.62674,7.61559,51.29324,7.73302,49.51476,8.40507,49.17586,8.54232,45.39932,10.1761,45.07854,10.32361,43.37084,11.15632,43.04577,11.3244,39.43706,13.29934,39.13154,13.47567,37.50886,14.46185,37.20056,14.6593,33.78895,16.95924,33.50114,17.1629,31.97467,18.29586,31.6854,18.52133,28.50037,21.12684,28.2331,21.35577,26.81848,22.62401,26.55093,22.87552,23.62025,25.76377,23.37555,26.01608,22.08345,27.41002,21.83991,27.68554,19.18916,30.83119,18.96911,31.1046,17.81124,32.61168,17.59402,32.9087,15.24545,36.28484,15.05171,36.57719,14.03726,38.18559,13.84819,38.50171,11.82151,42.07991,11.65576,42.38857,10.7935,44.08476,10.63421,44.41742,8.94661,48.16736,8.81025,48.48952,8.10851,50.25719,7.98042,50.6036,6.64583,54.4946,6.53993,54.82754,6.00262,56.65811,5.90696,57.01522,4.86233,61.32179,4.78769,61.6627,4.54402,62.90883,4.48165,63.27372,3.84152,67.64181,3.79872,67.98768,3.60716,69.88344,3.57871,70.25276,3.36041,74.36151,3.34972,74.70958,3.33392,76.61097,3.33969,76.98203,3.50176,81.09314,3.52321,81.44012,3.78629,84.56101,3.82544,84.97728,3.86294,85.31841,3.87972,85.45503,3.94436,85.94534,3.97766,86.17703,4.01465,86.40373,4.88586,91.28853,4.96193,91.66187,5.31542,93.20292,5.4003,93.53851,5.79765,94.97433,6.56078,97.74361,6.67551,98.1221,7.32185,100.07416,7.40908,100.32336,7.7954,101.36903,8.50557,103.24837,8.56551,103.40204,8.96964,104.40656,9.0589,104.61926,9.71212,106.11336,9.80617,106.32021,10.65368,108.11406,10.89453,108.60934,10.96496,108.75015,11.84496,110.46586,11.93587,110.63778,12.14464,111.02092,11.76433,112.57621,18.15518,122.11488,19.77452,122.36022,20.07927,122.73896,20.24584,122.93903,21.47884,124.37057,21.58091,124.48672,21.95435,124.90232,23.3018,126.36744,23.45802,126.5324,24.58404,127.68717,24.74644,127.84888,25.51843,128.59527,25.63727,128.70777,27.11183,130.0746,27.92888,130.82076,28.12664,130.99525,29.69719,132.33422,30.00474,132.58319,32.2772,134.32908,33.4545,135.23563,33.73601,135.4425,35.05464,136.36663,35.36923,136.5759,39.54471,139.20946,39.74963,139.33433,40.08107,139.52822,40.41848,139.71846,40.66871,139.85506,40.79617,139.92311,41.16942,140.11745,43.96234,141.53722,44.27586,141.68787,48.02321,143.38649,48.36458,143.53152,50.13028,144.23246,50.45666,144.35364,54.34466,145.69902,54.69758,145.81181,56.52812,146.34911,56.86481,146.43979,61.15161,147.4919,61.51295,147.57152,62.75818,147.81501,63.10213,147.87429,67.48602,148.52891,67.85282,148.5748,69.7499,148.76649,70.0982,148.7938,74.20532,149.02316,74.57444,149.03499,76.47452,149.05077,76.82434,149.04581,80.93739,148.8949,81.30557,148.87264,83.19855,148.71307,83.5469,148.67579,87.62725,148.14591,87.99134,148.08983,89.86052,147.75645,90.20424,147.68712,94.21968,146.78252,94.57666,146.69317,96.40623,146.189,96.74241,146.08815,100.65692,144.81686,101.0039,144.69504,102.78124,144.02341,103.10716,143.89175,106.88662,142.26484,107.22034,142.11175,108.92692,141.27959,109.2396,141.11826,112.8535,139.149,113.1714,138.96593,114.79503,137.97918,115.09191,137.78941,118.50766,135.49547,118.80692,135.2841,120.33316,134.1513,120.6117,133.9346,123.80128,131.33483,124.07926,131.09716,125.49328,129.82946,125.75096,129.58767,128.68725,126.70421,128.94182,126.4422,130.2321,125.05024,130.46654,124.78551,133.12442,121.64303,133.3536,121.35878,134.5103,119.85322,134.71946,119.56776,137.07544,116.19402,137.27723,115.89012,138.29058,114.28348,138.47272,113.97957,140.5072,110.40268,140.67989,110.08182,141.54066,108.38855,141.69415,108.06875,143.38953,104.31973,143.53169,103.98471,144.23303,102.21806,144.3566,101.88478,145.69899,97.99374,145.8094,97.64769,146.34383,95.82698,146.43616,95.48356,147.41344,91.48639,147.49143,91.13174,147.85591,89.26776,147.9162,88.91701,148.52028,84.84701,148.56516,84.48702,148.75606,82.5978,148.78375,82.24252,149.0096,78.1321,149.02105,77.76998,149.03611,75.95772,149.02991,75.57575,148.83314,70.75631,148.81212,70.42023,148.72084,69.33739,148.68265,68.98211,148.12755,64.73745,148.07238,64.38033,147.7646,62.65465,147.74019,62.51316,147.66502,62.1383,146.75603,58.12043,146.66823,57.77029,146.16369,55.93943,146.06063,55.59647,144.78586,51.68356,144.66626,51.34343,143.99552,49.56844,143.86115,49.23621,142.23025,45.45669,142.07988,45.12927,141.24711,43.42144,141.08245,43.10265,139.11158,39.49349,138.93184,39.18171,137.94416,37.55655,137.75053,37.25392,135.454,33.84087,135.24651,33.54738,134.1133,32.02055,133.89221,31.73664,131.29024,28.55014,131.05694,28.2775,129.789,26.86321,129.54236,26.6006,126.65576,23.66633,126.39855,23.41665,125.00572,22.12558,124.73573,21.88671,121.59294,19.23337,121.31398,19.00865,119.80654,17.85051,119.51528,17.6373,116.13646,15.28234,115.82009,15.07312,115.69568,14.99561,114.21332,14.06065,113.90329,13.87504,110.15496,11.74754,109.84025,11.57834,108.9237,11.11241,108.61977,10.96612,104.15687,8.93791,103.80873,8.78981,102.16494,8.13725,101.82513,8.01143,97.93672,6.67383,97.59719,6.56566,95.77341,6.03034,95.42321,5.93636,91.4263,4.96297,91.07851,4.88666,89.21356,4.52198,88.85567,4.46063,84.78447,3.86021,84.43158,3.81638,82.54287,3.62553,82.18057,3.59745,78.07106,3.37538,77.71598,3.36432,75.81534,3.34852]}],"Index":-1,"Centroid":{"X":1819.1385384022437,"Y":1816.7450827653313},