{"Index":-1,"Centroid":{"X":-16.08824323339069,"Y":83.42817606654381},"Coordinates":[-11.938,54.820927,-4.777726,54.87844,-3.343097,54.890044,0.0,54.917097,0.0,57.035987,-14.224,57.035987,-14.351,61.606688,-15.875,61.6067,-16.001999,61.688237,-16.129,61.782584,-16.383,62.108737,-16.51,62.327535,-16.637,62.577904,-16.764,62.892678,-16.891,63.256371,-17.018,63.762253,-17.145,64.447559,-17.272,66.273644,-19.304,66.273644,-19.303999,73.220564,-17.271999,73.220564,-17.271999,79.303497,-19.303999,79.303497,-19.303999,96.037004,-17.271999,96.037004,-17.144999,106.850198,-17.017999,107.535507,-16.890999,108.041388,-16.763998,108.405082,-16.636999,108.719865,-16.509999,108.970237,-16.382999,109.189041,-16.128998,109.515162,-16.001998,109.609518,-15.874998,109.691099,-14.350998,109.691089,-14.223998,114.331779,-9.651998,114.395311,-8.889998,114.400106,-8.889998,116.354635,-12.318998,116.389544,-12.57274,116.390035,-12.754797,116.387346,-15.239998,116.350572,-16.509998,115.150459,-16.636954,115.022129,-16.7679,114.883456,-19.430998,112.063181,-19.557998,111.926819,-20.065961,111.345282,-20.104929,111.29426,-20.192998,111.178937,-20.193009,111.178937,-20.319998,111.012669,-20.32,60.369551,-20.14835,60.152908,-19.431,59.247588,-19.304042,59.105124,-18.534456,58.286521,-16.001999,55.592776,-15.367,54.936552,-15.24,54.823306,-14.220501,54.816034,-13.585875,54.811528,-13.081,54.811346]}