{"Index":-1,"Centroid":{"X":30.742705945644982,"Y":75.2245914174098},"Coordinates":[15.060774,30.836848,14.776122,31.208031,14.376911,31.950399,14.24123,32.321582,14.039104,33.063951,13.983202,33.435135,13.91846,34.177502,13.906501,34.548686,13.906501,38.631709,20.989967,38.631709,21.320347,38.758127,21.698408,38.881045,22.082254,38.984487,22.470884,39.068183,22.863283,39.131916,23.258425,39.175518,23.655278,39.198875,23.91374,39.20317,46.096919,39.20317,46.253383,39.22643,46.649075,39.26472,47.20022,39.28427,51.85977,39.28427,52.257181,39.274112,52.653553,39.243663,52.968727,39.20317,63.71626,39.20317,64.113671,39.193012,64.510042,39.162563,64.904343,39.111904,65.295539,39.041167,65.68261,38.950536,66.064547,38.840248,66.440349,38.710591,66.635947,38.631709,73.7235,38.631709,73.7235,34.548687,73.71154,34.177503,73.646518,33.435135,73.589665,33.063951,73.388322,32.321584,73.250392,31.9504,72.853333,31.208032,72.569225,30.836848,78.739999,30.836848,78.738874,43.085916,78.739998,44.199468,19.151591,44.570651,18.630786,44.941835,18.328645,45.313019,18.134068,45.684203,17.977949,46.055386,17.820126,46.797754,17.780316,47.540122,17.78263,48.28249,17.850622,49.024857,18.048572,49.767225,18.22167,50.138409,18.472984,50.509593,18.841506,50.880777,67.850343,51.251961,68.091067,55.334984,78.739999,55.706168,78.74,68.697603,55.07457,69.068787,10.635897,69.43997,10.630972,69.811154,10.630004,87.999164,10.631896,88.370348,26.379982,88.741532,26.621515,99.505864,26.642318,100.248232,59.222203,100.619416,59.479111,102.475336,59.691501,103.588887,60.000994,104.702439,60.298743,105.444807,60.476521,105.815991,66.954815,106.187174,78.738045,106.558358,78.739999,113.239668,78.731628,113.610852,41.455849,113.82039,20.47875,113.82039,20.081339,113.830548,19.684967,113.860997,19.290667,113.911656,19.100423,113.946056,12.699999,113.982035,12.694754,115.466771,12.474625,125.859919,12.474561,126.21314,4E-06,126.21314,5E-06,30.836847]}