{"Inners":[{"Index":-1,"Centroid":{"X":76.15390423040573,"Y":76.221376019634},"Coordinates":[75.44465,3.35427,71.34646,3.51211,70.99246,3.53384,69.08598,3.69454,68.72372,3.73364,64.65876,4.26896,64.30858,4.32322,62.42445,4.65926,62.06702,4.73169,58.06837,5.64009,57.72511,5.72632,55.87964,6.23486,55.52998,6.34011,51.63318,7.61348,51.29968,7.73091,49.50876,8.40766,49.16984,8.54492,45.40554,10.17342,45.08475,10.32092,43.36514,11.15944,43.04009,11.32752,39.44307,13.29606,39.13756,13.47237,37.50345,14.46549,37.19513,14.66296,33.79474,16.95534,33.50696,17.15898,31.96947,18.30011,31.68017,18.5256,28.50575,21.12243,28.23847,21.35136,26.8138,22.62862,26.54625,22.88013,23.62523,25.75886,23.38054,26.01115,22.07921,27.41504,21.83566,27.69058,19.19364,30.82587,18.9736,31.09928,17.80753,32.61702,17.59031,32.91405,15.24942,36.27914,15.05566,36.57151,14.03397,38.1914,13.84491,38.5075,11.82484,42.07403,11.6591,42.38267,10.79089,44.09057,10.63157,44.42326,8.94945,48.16106,8.8131,48.4832,8.10637,50.26344,7.97829,50.60985,6.64806,54.48812,6.54216,54.82104,6.00111,56.66432,5.90543,57.02149,4.86492,61.31114,4.79029,61.652,4.54252,62.91909,4.48015,63.28398,3.84254,67.63485,3.79974,67.9807,3.60681,69.88993,3.57836,70.25929,3.36077,74.35468,3.35008,74.7028,3.33418,76.61751,3.33995,76.98851,3.50149,81.0863,3.52294,81.43329,3.78768,84.5739,3.82633,84.98489,3.86321,85.32046,3.87994,85.45667,3.94405,85.94303,3.97659,86.16955,4.01357,86.39621,4.88701,91.29353,4.96307,91.66686,5.31362,93.19511,5.39851,93.53073,5.78904,94.94189,6.56274,97.74952,6.67747,98.12801,7.31842,100.06379,7.40565,100.31298,7.78436,101.33807,8.5143,103.26974,8.57429,103.42352,8.97156,104.41094,9.06077,104.62353,9.70735,106.10246,9.8014,106.3093,10.63644,108.07677,10.67797,108.16328,10.91011,108.63934,10.98045,108.77997,11.84812,110.47166,11.939,110.64352,12.36426,111.42398,12.15249,112.29004,18.54329,121.82866,19.45817,121.96729,20.07602,122.73496,20.24195,122.93424,21.45693,124.34486,21.55895,124.46094,21.91573,124.8589,21.98211,124.93201,23.30977,126.37561,23.46601,126.54059,24.58093,127.68397,24.74329,127.84564,25.50186,128.57906,25.62074,128.6916,27.13635,130.09647,27.93733,130.82797,28.13512,131.00247,29.69244,132.33016,29.99994,132.5791,32.30635,134.35108,33.46094,135.24015,33.74247,135.44703,35.05031,136.36359,35.36488,136.57284,39.55123,139.21326,39.75583,139.33795,40.08153,139.52848,40.41715,139.7177,40.66197,139.85135,40.78949,139.91944,41.15796,140.11128,43.96859,141.54006,44.28214,141.69072,48.01728,143.3838,48.3586,143.5288,50.13676,144.2347,50.46318,144.3559,54.33862,145.69694,54.69154,145.80972,56.53472,146.35073,56.87142,146.44141,61.14154,147.48942,61.50286,147.56904,62.76915,147.81665,63.1131,147.87593,67.47961,148.52796,67.84645,148.57385,69.75687,148.76688,70.10513,148.79419,74.19878,149.0228,74.56791,149.03463,76.48126,149.05052,76.83107,149.04556,80.93081,148.89514,81.29899,148.87288,83.2054,148.71218,83.55375,148.6749,87.62073,148.14676,87.9848,148.09068,89.86713,147.75496,90.21088,147.68563,94.21326,146.78397,94.57024,146.69462,96.4127,146.1869,96.74888,146.08605,100.65069,144.81888,100.99761,144.69707,102.78753,144.0207,103.11352,143.88903,106.88057,142.26744,107.21422,142.11438,108.93291,141.27633,109.24565,141.11498,112.84772,139.15216,113.16561,138.96909,114.80074,137.97535,115.09762,137.78558,118.50209,135.49922,118.80135,135.28785,120.33851,134.14695,120.61706,133.93024,123.79621,131.33896,124.07419,131.10129,125.49824,129.82459,125.7559,129.58281,128.6826,126.70877,128.93718,126.44674,130.23652,125.045,130.47094,124.78029,133.12012,121.6481,133.3493,121.36387,134.51425,119.84758,134.72343,119.5621,137.07169,116.19941,137.27347,115.89552,138.29388,114.27768,138.47603,113.97376,140.50392,110.40845,140.67659,110.08761,141.54345,108.38237,141.69694,108.06257,143.38682,104.32573,143.52901,103.99066,144.23523,102.21169,144.35877,101.87848,145.69682,98.00006,145.80726,97.65393,146.34551,95.82016,146.43783,95.47678,147.41187,91.49284,147.48984,91.13824,147.85692,89.26102,147.91722,88.91021,148.51932,84.85348,148.5642,84.49349,148.75642,82.59116,148.78411,82.23592,149.00924,78.1387,149.02069,77.77653,149.03585,75.95132,149.02964,75.56938,148.83353,70.76617,148.81252,70.43016,148.71965,69.32834,148.68146,68.97299,148.12839,64.74389,148.07323,64.38679,147.75849,62.62208,147.74212,62.52695,147.66304,62.12957,146.75753,58.12706,146.66973,57.77693,146.16161,55.93306,146.05855,55.59008,144.78796,51.69001,144.66838,51.34994,143.99288,49.56231,143.85848,49.22999,142.23291,45.46286,142.08254,45.13545,141.24381,43.41541,141.07916,43.09664,139.11481,39.49941,138.93506,39.18762,137.94034,37.55088,137.74672,37.24826,135.4577,33.84637,135.25022,33.55289,134.10912,32.01544,133.88803,31.73152,131.29442,28.55525,131.0611,28.2826,129.78423,26.85836,129.5376,26.59577,126.66041,23.67107,126.40324,23.42142,125.00066,22.1213,124.73062,21.88239,121.59807,19.23771,121.31913,19.013,119.80108,17.84671,119.50984,17.63351,116.1427,15.28669,115.8253,15.07682,115.72231,15.01275,114.20781,14.05752,113.89779,13.87191,110.16337,11.7523,109.84857,11.58307,108.91435,11.10817,108.61037,10.96185,104.16277,8.94059,103.81464,8.79249,102.15855,8.13504,101.8187,8.00921,97.94301,6.67599,97.60347,6.56782,95.76696,6.02877,95.41679,5.93479,91.43292,4.96457,91.08506,4.88825,89.20695,4.52101,88.84913,4.45967,84.79124,3.86121,84.43834,3.81738,82.53615,3.62517,82.17385,3.59709,78.07774,3.37574,77.72262,3.36468,75.80864,3.34878]}],"Index":-1,"Centroid":{"X":1804.147795278676,"Y":1802.6304719232169},