{"Index":-1,"Centroid":{"X":56.68946195704908,"Y":-39.71711633268266},"Coordinates":[33.146303,-27.114501,33.527051,-27.139456,34.600251,-27.280745,35.335803,-27.477836,36.1577,-27.818277,36.817178,-28.199027,37.522953,-28.740588,38.06141,-29.279045,38.602974,-29.984824,38.983725,-30.644304,39.324166,-31.466203,39.521255,-32.201749,39.662544,-33.274942,39.6875,-33.655693,39.687501,-64.516,49.8475,-64.515997,49.8475,-63.564198,49.872455,-63.183448,50.013745,-62.110247,50.210835,-61.374699,50.551274,-60.552805,50.932023,-59.893327,51.473586,-59.187548,52.012049,-58.649086,52.717829,-58.107523,53.377303,-57.726776,54.199195,-57.386337,54.934745,-57.189246,56.007947,-57.047956,56.388697,-57.023001,57.626247,-57.023001,57.62625,-57.023,60.0075,-57.023,60.0075,-48.565768,49.9999,-48.565768,49.9999,-46.430233,60.007499,-46.430233,60.007499,-37.973001,56.388697,-37.973001,56.007947,-37.948046,54.934746,-37.806756,54.199199,-37.609667,53.377304,-37.269228,52.717824,-36.888477,52.012047,-36.346915,51.473586,-35.808453,50.932022,-35.102672,50.551275,-34.443198,50.210836,-33.621306,50.013745,-32.885756,49.872455,-31.812554,49.8475,-31.431804,49.8475,-24.763305,49.871839,-24.387271,49.963782,-23.679987,50.147102,-22.975107,50.344577,-22.480125,50.696302,-21.843316,51.008621,-21.414645,51.50721,-20.884486,51.969604,-20.502074,52.484527,-20.161062,53.278474,-19.74885,54.005144,-19.015315,55.292939,-18.587667,56.634878,-18.788917,57.749223,-19.74961,58.62932,-20.239526,58.9863,-20.474031,59.199754,-20.637819,59.399822,-20.806102,59.553792,-20.947866,59.949825,-21.395795,60.298077,-21.882246,60.640481,-22.511732,60.832353,-22.999118,61.010999,-23.693386,61.100989,-24.388952,61.1251,-24.763228,61.125101,-27.114501,77.913803,-27.114501,78.294551,-27.139456,79.367751,-27.280745,80.103303,-27.477836,80.9252,-27.818277,81.584678,-28.199027,82.290454,-28.740589,82.828912,-29.279047,83.370475,-29.984825,83.751225,-30.644304,84.091666,-31.466203,84.288755,-32.201749,84.430044,-33.274942,84.455,-33.655693,84.455,-46.430234,100.393501,-46.430235,101.705834,-45.410053,102.230767,-45.083144,102.230767,-23.3045,78.083834,-23.3045,78.057293,-20.947866,78.056758,-20.900398,77.889099,-20.387469,77.889098,-6.013876,77.821367,0.0,33.4645,-4E-06,33.202033,-23.3045,0.0,-23.304504,4E-06,-68.453,9.317566,-68.453001,9.333805,-68.453001,9.580033,-68.460246,11.154833,-68.667572,11.48737,-68.806707,11.523304,-68.816335,12.345199,-69.156775,12.400889,-69.188928,12.729633,-69.326476,12.989675,-69.528864,13.004677,-69.537525,13.710454,-70.079087,13.758937,-70.12757,14.041966,-70.347848,14.829366,-71.37401,15.091833,-71.791134,15.616766,-73.058432,15.621875,-73.216006,15.708756,-73.540249,15.850045,-74.613447,15.875,-74.994195,15.875,-76.232912,15.879233,-81.152999,95.144167,-81.152996,95.25,-77.728718,95.25,-74.041696,95.274955,-73.66095,95.416243,-72.587752,95.613334,-71.852197,95.953775,-71.030301,95.984307,-70.977418,96.194034,-70.553916,96.981434,-69.527755,97.243901,-69.257528,98.293767,-68.451939,98.556234,-68.296881,99.868567,-67.753049,100.131034,-67.693896,101.443367,-67.521123,101.498654,-67.519675,101.79119,-67.500501,102.230767,-67.5005,102.230767,-49.912857,101.705834,-49.585949,100.393501,-48.565768,84.455,-48.565768,84.455,-67.991721,84.455,-68.848244,84.431921,-69.21446,84.301175,-70.247656,84.118729,-70.956991,83.803062,-71.7528,83.449668,-72.394333,82.945714,-73.086425,82.443653,-73.619707,81.783184,-74.164447,81.164114,-74.555851,80.220956,-74.997475,79.879511,-75.131869,79.064347,-75.394825,74.189498,-76.967356,74.189495,-76.967356,74.047817,-77.013059,73.902297,-77.055857,73.48525,-77.166817,73.186705,-77.229737,72.830567,-77.285529,72.530744,-77.316734,72.10191,-77.339058,71.950262,-77.343002,40.445,-77.343002,40.204535,-77.333074,39.522603,-77.276667,39.050781,-77.198295,38.506577,-77.061262,38.053846,-76.906817,37.429163,-76.634682,37.213608,-76.530044,8.563284,-61.137331,8.294879,-60.973913,7.558103,-60.469004,7.08159,-60.060612,6.578269,-59.525131,6.200138,-59.024273,5.822991,-58.393514,5.560742,-57.823373,5.327238,-57.126551,5.193003,-56.513488,5.096927,-55.625495,5.080002,-55.311719,5.080002,-36.506879,5.104957,-36.126134,5.246244,-35.052941,5.443335,-34.317385,5.783777,-33.495486,6.164526,-32.836011,6.823486,-31.977238,7.075069,-31.690363,9.655862,-29.109569,9.942738,-28.857985,10.801511,-28.199025,11.460987,-27.818276,12.282881,-27.477836,13.018434,-27.280745,14.091634,-27.139456,14.472382,-27.114501,14.872994,-27.114501,31.90875,-27.114501]}