{"Inners":[{"Index":-1,"Centroid":{"X":1.904998965049924,"Y":35.39734875086779},"Coordinates":[1.765672,34.820671,1.719919,34.834776,1.632626,34.87124,1.593065,34.892378,1.480777,34.979927,1.397442,35.089662,1.378945,35.123887,1.339224,35.22055,1.327839,35.256742,1.310215,35.398924,1.328273,35.53717,1.338951,35.574404,1.379991,35.672666,1.396814,35.705255,1.485879,35.819387,1.59449,35.902767,1.635766,35.925195,1.723474,35.961192,1.767527,35.974945,1.910532,35.992469,2.048375,35.973476,2.085112,35.962135,2.181016,35.921983,2.217063,35.90234,2.329756,35.814118,2.41361,35.703411,2.433764,35.664197,2.469921,35.575976,2.483066,35.530851,2.500078,35.392101,2.481066,35.253513,2.469886,35.217657,2.429541,35.121124,2.411135,35.086862,2.320744,34.97186,2.211976,34.889232,2.180069,34.871991,2.082301,34.831821,2.043963,34.820021,1.900676,34.802274]},{"Index":-1,"Centroid":{"X":36.482730266932776,"Y":80.64493134337845},"Coordinates":[36.321831,80.072458,36.321794,80.072473,36.321776,80.072481,36.179128,80.133608,36.179106,80.133626,36.057113,80.229611,35.964108,80.353913,35.96406,80.354029,35.906439,80.498067,35.906432,80.49812,35.888045,80.652229,35.910179,80.805896,35.971331,80.9486,36.067332,81.070614,36.191642,81.163622,36.191663,81.163631,36.33579,81.221288,36.48995,81.239681,36.643618,81.217547,36.786322,81.156397,36.908335,81.060394,37.001344,80.936084,37.05901,80.791936,37.077403,80.637776,37.055269,80.484109,36.994119,80.341407,36.994094,80.341375,36.898115,80.219392,36.773811,80.126385,36.773801,80.126381,36.773773,80.126369,36.773735,80.126354,36.629661,80.068718,36.600753,80.064912,36.482724,80.049373]}],"Index":-1,"Centroid":{"X":55.79211273812305,"Y":190.70475982638837},"Coordinates":[3.81043,72.398635,4.020904,73.996281,4.034824,74.055358,4.631071,75.493797,5.192639,76.243191,5.764284,76.951479,5.771114,76.957914,6.902593,77.825962,6.992169,77.877574,7.97599,78.299433,8.518665,78.524046,8.525687,78.525363,10.139453,78.737819,10.385695,78.739706,11.233018,78.740003,67.172846,78.740003,67.172846,82.550003,10.16,82.550003,9.468773,82.526525,8.927259,82.474698,8.51571,82.415933,8.207991,82.354115,7.952267,82.305659,7.503816,82.1781,6.04087,81.666192,6.028501,81.660958,5.340021,81.306902,4.027661,80.482293,4.019005,80.475923,3.434265,79.96445,2.338305,78.868488,2.333098,78.862335,1.887457,78.222721,1.062846,76.910363,0.947278,76.649445,0.46798,75.438003,0.385666,75.159213,0.319087,74.914997,0.23673,74.570434,0.147907,74.117021,0.144257,74.087175,0.074484,73.609775,0.021991,73.043574,0.018401,72.99362,0.0,72.390003,0.0,13.970001,0.001969,13.911664,0.235899,13.911487,3.812761,13.911487,3.810002,13.970001,3.810002,72.390003]}