{"Inners":[{"Index":-1,"Centroid":{"X":-24.764999999999084,"Y":47.62011642337452},"Coordinates":[-24.91916,47.044781,-25.062815,47.104286,-25.186174,47.198944,-25.280831,47.3223,-25.340334,47.465958,-25.36063,47.620117,-25.340334,47.774277,-25.280831,47.917931,-25.186174,48.04129,-25.062815,48.135948,-24.91916,48.19545,-24.765,48.215748,-24.61084,48.19545,-24.467185,48.135948,-24.343826,48.04129,-24.249169,47.917931,-24.189666,47.774277,-24.16937,47.620117,-24.189666,47.465958,-24.249169,47.3223,-24.343826,47.198944,-24.467185,47.104286,-24.61084,47.044781,-24.765,47.024486]}],"Index":-1,"Centroid":{"X":-55.771860976872205,"Y":107.24257788913583},"Coordinates":[-24.455017,45.880336,-24.293933,45.905717,-24.026125,46.016644,-23.876,46.080322,-23.745791,46.178495,-23.515819,46.354959,-23.413296,46.481773,-23.236832,46.711744,-23.168111,46.85963,-23.057182,47.127436,-23.026364,47.28757,-22.988528,47.574964,-22.997452,47.737791,-23.035289,48.025183,-23.083422,48.18099,-23.194351,48.448798,-23.278822,48.588288,-23.455285,48.81826,-23.538222,48.903792,-23.847202,49.140877,-23.911663,49.17732,-24.271477,49.326361,-24.343131,49.34504,-24.72926,49.395875,-24.803308,49.39554,-25.189436,49.344705,-25.260918,49.325378,-25.620733,49.176337,-25.684861,49.139312,-25.993841,48.902226,-26.046319,48.849985,-26.283407,48.541004,-26.320722,48.477044,-26.469762,48.117229,-26.489412,48.045835,-26.540247,47.659708,-26.540917,47.585662,-26.490083,47.199532,-26.457478,47.08494,-26.346548,46.817134,-26.267983,46.674236,-26.091519,46.444264,-25.980654,46.324676,-25.750682,46.148211,-25.614131,46.05907,-25.346324,45.948143,-25.192235,45.894764,-24.904842,45.856927,-24.74241,45.842499]}