{"Inners":[{"Index":-1,"Centroid":{"X":36.482724458360295,"Y":80.64500300006058},"Coordinates":[36.328564,80.069669,36.18491,80.129172,36.06155,80.223829,35.966894,80.347188,35.90739,80.490843,35.887094,80.645003,35.90739,80.799163,35.966894,80.942818,36.06155,81.066177,36.18491,81.160834,36.328564,81.220337,36.482724,81.240633,36.636885,81.220337,36.78054,81.160834,36.903898,81.066177,36.998555,80.942818,37.058059,80.799163,37.078355,80.645003,37.058059,80.490843,36.998555,80.347188,36.903898,80.223829,36.78054,80.129172,36.636885,80.069669,36.482724,80.049373]},{"Index":-1,"Centroid":{"X":1.9050551025010207,"Y":35.39768177487004},"Coordinates":[1.880579,34.804882,1.760643,34.821714,1.759334,34.822126,1.729892,34.831705,1.625026,34.875244,1.59064,34.894219,1.479372,34.981944,1.468273,34.996298,1.396487,35.09152,1.382602,35.118006,1.339176,35.222569,1.326968,35.263656,1.310523,35.402227,1.311459,35.412628,1.314173,35.434149,1.328386,35.535246,1.338233,35.568787,1.381433,35.673971,1.399462,35.708954,1.481953,35.81624,1.492148,35.824776,1.599747,35.906249,1.621689,35.918206,1.680906,35.94374,1.731255,35.964264,1.765995,35.974989,1.905003,35.993023,2.050297,35.972692,2.079056,35.963714,2.127425,35.944371,2.180691,35.921913,2.219153,35.901014,2.303643,35.83585,2.315493,35.826652,2.32814,35.816088,2.41614,35.699299,2.428691,35.67489,2.446434,35.63336,2.471458,35.571819,2.483652,35.528445,2.49691,35.42559,2.498789,35.410613,2.5002,35.39373,2.481324,35.258539,2.468198,35.216183,2.428418,35.120539,2.404719,35.078637,2.32069,34.971985,2.305749,34.960437,2.213321,34.890734,2.207768,34.887816,2.176513,34.871779,2.083847,34.833347,2.034641,34.818888,1.898007,34.802648]}],"Index":-1,"Centroid":{"X":50.06191422854088,"Y":196.45700744301232},"Coordinates":[3.810932,72.408896,3.975158,73.81277,3.993792,73.892501,4.471872,75.20482,4.49375,75.253677,5.256266,76.411801,5.31363,76.489422,6.346291,77.462365,6.395408,77.500054,7.623073,78.20742,7.723625,78.245283,9.047683,78.640144,9.592916,78.713354,10.186777,78.740003,59.506277,78.740003,59.506277,82.550003,10.16,82.550003,9.70468,82.537749,9.569114,82.532572,9.156407,82.498889,9.033501,82.487216,8.952213,82.475505,7.042752,82.028576,6.72153,81.946266,6.600568,81.903033,4.542996,80.848219,4.419312,80.770503,2.677204,79.250207,2.573915,79.146918,1.250303,77.251055,1.172587,77.127372,0.920166,76.519136,0.887961,76.436266,0.360899,75.059824,0.306767,74.86739,0.265908,74.695005,0.210058,74.412859,0.153089,74.03804,0.045848,73.16265,0.013085,72.816386,0.0,72.390003,0.0,21.501946,3.810002,21.501946,3.810002,72.390003]}