{"Inners":[{"Index":-1,"Centroid":{"X":39.987221,"Y":20.954999999999977},"Coordinates":[39.323247,18.477014,38.704521,18.733298,38.173209,19.140988,37.765519,19.6723,37.509235,20.291026,37.421821,20.955,37.509235,21.618974,37.765519,22.2377,38.173209,22.769012,38.704521,23.176702,39.323247,23.432986,39.987221,23.5204,40.651195,23.432986,41.269921,23.176702,41.801233,22.769012,42.208923,22.2377,42.465207,21.618974,42.552621,20.955,42.465207,20.291026,42.208923,19.6723,41.801233,19.140988,41.269921,18.733298,40.651195,18.477014,39.987221,18.3896]},{"Index":-1,"Centroid":{"X":45.06722083333524,"Y":20.95500000000084},"Coordinates":[44.91306,20.379666,44.769406,20.439169,44.646047,20.533826,44.55139,20.657185,44.491886,20.80084,44.471591,20.955,44.491886,21.10916,44.55139,21.252815,44.646047,21.376174,44.769406,21.470831,44.91306,21.530334,45.067221,21.55063,45.221381,21.530334,45.365036,21.470831,45.488395,21.376174,45.583052,21.252815,45.642555,21.10916,45.662851,20.955,45.642555,20.80084,45.583052,20.657185,45.488395,20.533826,45.365036,20.439169,45.221381,20.379666,45.067221,20.35937]},{"Index":-1,"Centroid":{"X":34.90722116666814,"Y":20.955000000000883},"Coordinates":[34.753061,20.379666,34.609406,20.439169,34.486047,20.533826,34.39139,20.657185,34.331887,20.80084,34.311591,20.955,34.331887,21.10916,34.39139,21.252815,34.486047,21.376174,34.609406,21.470831,34.753061,21.530334,34.907221,21.55063,35.061382,21.530334,35.205036,21.470831,35.328395,21.376174,35.423052,21.252815,35.482556,21.10916,35.502851,20.955,35.482556,20.80084,35.423052,20.657185,35.328395,20.533826,35.205036,20.439169,35.061382,20.379666,34.907221,20.35937]}],"Index":-1,"Centroid":{"X":165.2112617692111,"Y":85.18765401524892},"Coordinates":[3.813495,13.367965,3.813495,13.529718,3.826473,13.529718,3.826473,13.691471,3.83945,13.691471,3.83945,13.853225,3.852427,13.853225,3.852428,13.972764,3.887066,13.972747,3.887065,14.081341,3.927319,14.081322,3.927318,14.189915,3.967573,14.189896,3.967572,14.295251,4.009894,14.295269,4.009894,14.357589,4.080021,14.357558,4.080021,14.419878,4.15015,14.419847,4.150151,14.482166,4.220278,14.482135,4.220279,14.53356,4.298839,14.533576,4.298839,14.553831,4.401648,14.553831,4.401648,14.574085,4.504456,14.574085,4.504456,14.594339,4.607264,14.594339,4.607264,14.605,81.13522,14.605,81.13522,11.569762,83.261776,11.563986,85.834221,11.572326,85.834221,15.097673,85.453221,15.098674,85.453221,22.991549,85.48087,22.990775,85.834221,23.001683,85.834221,26.528317,85.453221,26.534852,85.453221,27.290811,84.945221,27.290811,84.945221,28.560922,81.13522,28.560922,81.13522,27.305,4.607229,27.305,4.607229,27.315619,4.504356,27.315619,4.504356,27.335795,4.401482,27.335795,4.401482,27.355971,4.298609,27.355971,4.298609,27.376147,4.22046,27.376168,4.22046,27.428115,4.15027,27.428078,4.15027,27.490319,4.080081,27.490282,4.080081,27.552522,4.009892,27.552485,4.009892,27.614725,3.967531,27.614743,3.967531,27.720024,3.927224,27.720005,3.927224,27.828502,3.886916,27.828483,3.886916,27.93698,3.852596,27.936964,3.852597,28.057129,3.839566,28.057122,3.839568,28.218774,3.826537,28.218767,3.826539,28.380419,3.813509,28.380412,3.813509,28.542064,3.810002,28.542062,3.810002,41.91,0.0,41.91,0.0,25.273,3.048001,25.273,3.048001,16.637,0.0,16.637,0.0,0.0,3.810002,0.0,3.810002,13.367965]}