{"Inners":[{"Index":-1,"Centroid":{"X":35.29006549394752,"Y":20.83007573087631},"Coordinates":[35.155721,1.524,34.438143,1.597155,33.750089,1.813606,33.119867,2.16445,32.026952,3.106051,31.396731,3.456894,30.708677,3.673346,29.991098,3.7465,28.012663,3.7465,27.677239,3.474272,27.289104,3.284615,26.868218,3.187285,26.436224,3.187285,26.015338,3.284615,25.627203,3.474272,25.291779,3.7465,15.631792,3.7465,14.083454,3.917088,12.609392,4.420672,11.280323,5.233089,10.16,6.315369,9.458654,7.32674,8.943261,8.441112,8.626491,9.631364,8.519793,10.8585,8.519793,28.867613,8.626301,30.093854,8.941652,31.280571,9.458224,32.398505,10.16,33.410744,10.34546,33.624027,10.477814,33.767608,10.602848,33.896557,12.829357,35.70881,15.365042,37.05483,18.113632,37.88352,20.971694,38.1635,25.291779,38.1635,25.627203,38.435728,26.015338,38.625385,26.436224,38.722715,26.868218,38.722715,27.289104,38.625385,27.677239,38.435728,28.012663,38.1635,29.991098,38.1635,30.708677,38.236654,31.396731,38.453106,32.026952,38.803949,33.119867,39.74555,33.750089,40.096394,34.438143,40.312845,35.155721,40.386,44.818721,40.386,45.536299,40.312845,46.224353,40.096394,46.854574,39.74555,47.94749,38.803949,48.577711,38.453106,49.265765,38.236654,49.983344,38.1635,51.961779,38.1635,52.297203,38.435728,52.685338,38.625385,53.106224,38.722715,53.538218,38.722715,53.959104,38.625385,54.347239,38.435728,54.682663,38.1635,55.227617,38.1635,55.684249,38.103863,56.110247,37.928953,56.477038,37.650503,56.760012,37.287195,56.94019,36.863397,57.005482,36.407539,57.056967,36.34182,59.178418,33.581694,59.763894,32.55724,60.883817,30.465049,61.461924,28.991432,62.101971,27.108403,62.452536,25.58295,62.788163,23.552632,62.90678,21.980252,62.90678,19.929748,62.788163,18.357368,62.452536,16.32705,62.101971,14.801597,61.461868,12.918402,60.883883,11.445074,59.763891,9.352753,59.178427,8.328317,57.056947,5.568154,57.005482,5.502461,56.94019,5.046603,56.760012,4.622805,56.477038,4.259497,56.110247,3.981047,55.684249,3.806137,55.227617,3.7465,54.682663,3.7465,54.347239,3.474272,53.959104,3.284615,53.538218,3.187285,53.106224,3.187285,52.685338,3.284615,52.297203,3.474272,51.961779,3.7465,49.983344,3.7465,49.265765,3.673346,48.577711,3.456894,47.94749,3.106051,46.854574,2.16445,46.224353,1.813606,45.536299,1.597155,44.818721,1.524]},{"Index":-1,"Centroid":{"X":13.317220999999918,"Y":40.00499959329754},"Coordinates":[12.906346,38.471592,12.52347,38.630184,12.194689,38.882467,11.942406,39.21125,11.783814,39.594124,11.729721,40.004999,11.783814,40.415875,11.942406,40.79875,12.194689,41.127531,12.52347,41.379816,12.906346,41.538406,13.317221,41.592501,13.728096,41.538406,14.110972,41.379816,14.439753,41.127531,14.692036,40.79875,14.850628,40.415875,14.904721,40.004999,14.850628,39.594124,14.692036,39.21125,14.439753,38.882467,14.110972,38.630184,13.728096,38.471592,13.317221,38.4175]},{"Index":-1,"Centroid":{"X":29.827198169608355,"Y":1.904655309032233},"Coordinates":[29.673061,1.329666,29.529406,1.38917,29.406047,1.483826,29.31139,1.607185,29.251887,1.750839,29.231591,1.905001,29.251887,2.059159,29.314808,2.207268,29.406047,2.326174,29.534593,2.422978,29.678627,2.481067,29.833592,2.499791,29.984974,2.478847,30.12949,2.417411,30.248395,2.326174,30.3452,2.197626,30.403288,2.053592,30.422851,1.905001,30.402556,1.750839,30.343052,1.607185,30.248395,1.483826,30.125036,1.38917,29.981382,1.329666,29.827221,1.30937]},{"Index":-1,"Centroid":{"X":50.147139942359,"Y":1.9046437045585318},"Coordinates":[49.99306,1.329666,49.849406,1.38917,49.726047,1.483826,49.63139,1.607185,49.571886,1.750839,49.551591,1.905001,49.571886,2.059159,49.634808,2.207268,49.726047,2.326174,49.854593,2.422978,49.998626,2.481067,50.155779,2.499503,50.304973,2.478847,50.44949,2.417411,50.568395,2.326174,50.6652,2.197626,50.723287,2.053592,50.742851,1.905001,50.720406,1.745651,50.663052,1.607185,50.568395,1.483826,50.445036,1.38917,50.301381,1.329666,50.147221,1.30937]},{"Index":-1,"Centroid":{"X":50.147065504956856,"Y":40.00462061967521},"Coordinates":[49.9878,39.431844,49.849406,39.48917,49.726047,39.583826,49.63139,39.707186,49.571886,39.85084,49.551591,40.004999,49.571886,40.159161,49.634808,40.307269,49.726047,40.426174,49.854593,40.522978,49.998626,40.581066,50.154206,40.59971,50.304973,40.578846,50.44949,40.517411,50.576297,40.415875,50.6652,40.297627,50.723287,40.153594,50.742851,40.004999,50.720406,39.845652,50.663052,39.707186,50.568395,39.583826,50.445036,39.48917,50.301381,39.429665,50.147221,39.40937]},{"Index":-1,"Centroid":{"X":29.82722238161256,"Y":40.00496341339519},"Coordinates":[29.6678,39.431844,29.524925,39.492608,29.402568,39.58836,29.309241,39.712373,29.251154,39.856406,29.232341,40.010699,29.254055,40.164396,29.314808,40.307269,29.410576,40.429649,29.534593,40.522978,29.678627,40.581066,29.832787,40.599897,29.986569,40.578185,30.12949,40.517411,30.251813,40.421719,30.3452,40.297627,30.403288,40.153594,30.422118,39.999432,30.400407,39.845652,30.339633,39.702731,30.243901,39.580378,30.119848,39.487021,29.973966,39.428689,29.827221,39.40937]},{"Index":-1,"Centroid":{"X":72.24525148911569,"Y":17.65301266590365},"Coordinates":[72.0858,17.079845,71.942889,17.140634,71.820546,17.236388,71.72724,17.360372,71.669153,17.504406,71.650333,17.658627,71.672054,17.812395,71.732807,17.955269,71.828596,18.077664,71.952592,18.170979,72.096627,18.229067,72.250786,18.247897,72.404567,18.226186,72.547492,18.165412,72.67147,18.067559,72.761051,17.950815,72.821289,17.801593,72.840118,17.647433,72.818408,17.493652,72.757632,17.35073,72.661911,17.228386,72.53785,17.13502,72.393804,17.076932,72.23966,17.058102]}],"Index":-1,"Centroid":{"X":769.1931563190572,"Y":447.55866023525385},"Coordinates":[81.13522,28.560922,81.13522,27.305,71.109478,27.305,69.47073,27.496375,67.920176,28.0602,66.541262,28.966132,65.408198,30.165416,64.581963,31.59351,62.773766,35.056509,60.481268,38.219797,57.753193,41.016142,57.047789,41.502886,56.246416,41.806723,55.395623,41.91,17.569824,41.91,16.528855,41.986595,15.510308,42.214729,14.53612,42.589491,13.941771,42.793413,13.317221,42.862499,12.692671,42.793413,12.098322,42.589491,11.472124,42.329882,10.824055,42.131069,10.16,41.994862,9.612518,41.931127,9.064617,41.91,0.0,41.91,0.0,25.273,0.505665,25.273,0.505665,16.637,0.0,16.637,0.0,0.0,55.395623,0.0,56.246416,0.103277,57.047789,0.407114,57.753193,0.893858,60.481268,3.690203,62.773766,6.853491,64.581963,10.31649,65.408198,11.744584,66.541262,12.943868,67.920176,13.8498,69.47073,14.413625,71.109478,14.605,81.13522,14.605,81.13522,11.569762,83.261776,11.563986,85.834221,11.572326,85.834221,15.097673,85.453221,15.098674,85.453221,22.991549,85.48087,22.990775,85.834221,23.001683,85.834221,26.528317,85.453221,26.534852,85.453221,27.290811,84.945221,27.290811,84.945221,28.560922]}