{"Inners":[{"Index":-1,"Centroid":{"X":-20.95500000000009,"Y":41.021002059734414},"Coordinates":[-21.783324,37.929653,-22.5552,38.249374,-23.218025,38.75798,-23.726628,39.420803,-24.046349,40.19268,-24.1554,41.021004,-24.046349,41.849327,-23.726628,42.621204,-23.218025,43.284027,-22.5552,43.792629,-21.783324,44.11235,-20.955,44.221401,-20.126676,44.11235,-19.3548,43.792629,-18.691975,43.284027,-18.183372,42.621204,-17.863651,41.849327,-17.7546,41.021004,-17.863651,40.19268,-18.183372,39.420803,-18.691975,38.75798,-19.3548,38.249374,-20.126676,37.929653,-20.955,37.820602]},{"Index":-1,"Centroid":{"X":-24.764999999999084,"Y":47.62011642337452},"Coordinates":[-24.91916,47.044781,-25.062815,47.104286,-25.186174,47.198944,-25.280831,47.3223,-25.340334,47.465958,-25.36063,47.620117,-25.340334,47.774277,-25.280831,47.917931,-25.186174,48.04129,-25.062815,48.135948,-24.91916,48.19545,-24.765,48.215748,-24.61084,48.19545,-24.467185,48.135948,-24.343826,48.04129,-24.249169,47.917931,-24.189666,47.774277,-24.16937,47.620117,-24.189666,47.465958,-24.249169,47.3223,-24.343826,47.198944,-24.467185,47.104286,-24.61084,47.044781,-24.765,47.024486]},{"Index":-1,"Centroid":{"X":-13.335001478084923,"Y":41.02099978469223},"Coordinates":[-13.489161,40.445667,-13.632815,40.505173,-13.756174,40.599831,-13.850831,40.723186,-13.910334,40.866844,-13.93063,41.021004,-13.910334,41.175163,-13.850831,41.318817,-13.756174,41.442177,-13.632815,41.536835,-13.489161,41.596336,-13.335,41.616634,-13.18084,41.596336,-13.036931,41.53664,-12.913826,41.442177,-12.819169,41.318817,-12.759666,41.175163,-12.73937,41.021004,-12.759666,40.866844,-12.819169,40.723186,-12.913826,40.599831,-13.037185,40.505173,-13.18084,40.445667,-13.335,40.425373]},{"Index":-1,"Centroid":{"X":-24.764999959174965,"Y":34.4219675481887},"Coordinates":[-24.91916,33.846554,-25.062815,33.906059,-25.189054,34.004471,-25.280831,34.124073,-25.340334,34.267731,-25.36063,34.42189,-25.340334,34.57605,-25.280831,34.719704,-25.186174,34.843063,-25.062815,34.937721,-24.91916,34.997223,-24.765,35.017521,-24.61084,34.997223,-24.467185,34.937721,-24.343826,34.843063,-24.249169,34.719704,-24.189666,34.57605,-24.16937,34.42189,-24.189666,34.267731,-24.249169,34.124073,-24.340946,34.00447,-24.467185,33.906059,-24.61084,33.846554,-24.765,33.82626]}],"Index":-1,"Centroid":{"X":-107.79395331128333,"Y":245.9266682112661},"Coordinates":[-14.528187,10.941059,-14.290713,11.989584,-13.906594,12.962906,-14.605,12.962841,-14.605,35.84663,-14.559322,36.414764,-14.423462,36.9683,-14.200909,37.493023,-14.089833,37.714499,-14.042159,37.815224,-13.648881,38.468811,-13.125259,39.023487,-12.29136,39.593391,-12.143302,39.701664,-12.105248,39.737724,-11.87884,40.003605,-11.827987,40.079895,-11.677762,40.380421,-11.641869,40.485198,-11.572451,40.794434,-11.562051,40.936842,-11.569044,41.221696,-11.592834,41.353074,-11.667774,41.637474,-11.723224,41.757749,-11.862952,42.017693,-11.981511,42.162188,-12.143302,42.340344,-12.400518,42.527801,-12.495389,42.588272,-13.125259,43.018516,-13.648881,43.573196,-14.042159,44.226784,-14.154194,44.457814,-14.200909,44.548984,-14.423462,45.073708,-14.559322,45.627243,-14.605,46.195377,-14.605,60.815651,-14.643853,61.258217,-14.759224,61.687244,-15.249105,62.7337,-15.433788,63.420477,-15.495984,64.128927,-15.495984,70.478928,-15.433788,71.187379,-15.249105,71.874156,-14.759224,72.920611,-14.643853,73.349638,-14.605,73.792204,-14.605,75.438003,-8.5725,75.438003,-7.934294,75.38026,-7.320328,75.210203,-6.753383,74.937479,-6.244115,74.569623,-5.810393,74.121622,-5.457903,73.597934,-5.267237,73.164538,-4.60339,73.135644,0.0,72.789072,0.0,82.550003,-19.240327,82.550003,-19.240327,82.39586,-25.273,82.39586,-25.273,82.550003,-42.86107,82.550003,-42.86107,78.740003,-41.961211,78.739875,-41.961211,78.727527,-41.930013,78.727527,-41.919006,78.712815,-41.919006,78.67541,-41.91,78.675415,-41.91,72.839122,-38.588899,73.144256,-37.912911,73.163334,-37.722326,73.59752,-37.371187,74.119674,-36.934623,74.570794,-36.428505,74.936329,-36.004602,75.140418,-35.855098,75.211418,-35.250136,75.379385,-34.6075,75.438003,-27.305,75.438003,-27.305,46.195377,-27.350678,45.627243,-27.486538,45.073708,-27.709091,44.548984,-28.355357,42.837349,-28.575,41.021004,-28.355357,39.204658,-27.709091,37.493023,-27.486538,36.9683,-27.350678,36.414764,-27.305,35.84663,-27.305,12.961667,-28.002584,12.961663,-27.619243,11.989444,-27.381268,10.937305,-27.305,9.89875,-27.305,0.0,-14.605,0.0,-14.605,9.89875]}