{"Index":-1,"Centroid":{"X":83.27121987908906,"Y":41.02100348667292},"Coordinates":[85.453221,38.727995,85.453221,39.252441,85.52321,39.253055,85.783877,39.244213,85.834221,39.246138,85.834221,42.795869,85.783877,42.797794,85.523229,42.788951,85.453221,42.789565,85.453221,43.314012,84.945221,43.314012,84.945221,45.39293,81.13522,45.39293,81.13522,36.649077,84.945221,36.649077,84.945221,38.727995]}