{"Inners":[{"Index":-1,"Centroid":{"X":36.482724458360295,"Y":80.64500300006058},"Coordinates":[36.328564,80.069669,36.18491,80.129172,36.06155,80.223829,35.966894,80.347188,35.90739,80.490843,35.887094,80.645003,35.90739,80.799163,35.966894,80.942818,36.06155,81.066177,36.18491,81.160834,36.328564,81.220337,36.482724,81.240633,36.636885,81.220337,36.78054,81.160834,36.903898,81.066177,36.998555,80.942818,37.058059,80.799163,37.078355,80.645003,37.058059,80.490843,36.998555,80.347188,36.903898,80.223829,36.78054,80.129172,36.636885,80.069669,36.482724,80.049373]},{"Index":-1,"Centroid":{"X":1.9050551025010207,"Y":35.39768177487004},"Coordinates":[1.880579,34.804882,1.760643,34.821714,1.759334,34.822126,1.729892,34.831705,1.625026,34.875244,1.59064,34.894219,1.479372,34.981944,1.468273,34.996298,1.396487,35.09152,1.382602,35.118006,1.339176,35.222569,1.326968,35.263656,1.310523,35.402227,1.311459,35.412628,1.314173,35.434149,1.328386,35.535246,1.338233,35.568787,1.381433,35.673971,1.399462,35.708954,1.481953,35.81624,1.492148,35.824776,1.599747,35.906249,1.621689,35.918206,1.680906,35.94374,1.731255,35.964264,1.765995,35.974989,1.905003,35.993023,2.050297,35.972692,2.079056,35.963714,2.127425,35.944371,2.180691,35.921913,2.219153,35.901014,2.303643,35.83585,2.315493,35.826652,2.32814,35.816088,2.41614,35.699299,2.428691,35.67489,2.446434,35.63336,2.471458,35.571819,2.483652,35.528445,2.49691,35.42559,2.498789,35.410613,2.5002,35.39373,2.481324,35.258539,2.468198,35.216183,2.428418,35.120539,2.404719,35.078637,2.32069,34.971985,2.305749,34.960437,2.213321,34.890734,2.207768,34.887816,2.176513,34.871779,2.083847,34.833347,2.034641,34.818888,1.898007,34.802648]}],"Index":-1,"Centroid":{"X":58.46626946970859,"Y":188.23149376864586},"Coordinates":[3.810932,72.408896,3.973371,73.797495,3.999811,73.909028,4.471872,75.20482,4.497106,75.258774,5.089622,76.158695,5.380833,76.552741,6.236992,77.359387,6.495383,77.557658,7.505097,78.139445,8.024362,78.334969,9.034762,78.636288,9.534088,78.705401,10.153043,78.738281,10.647997,78.740003,70.6337,78.740003,70.6337,82.550003,10.16,82.550003,9.70468,82.537749,9.442173,82.524309,9.156407,82.498889,8.732873,82.448462,8.519793,82.416733,7.514735,82.153135,7.080959,82.052784,6.72153,81.946266,6.343911,81.794426,4.908482,81.058554,4.239715,80.63834,3.024365,79.577733,2.465873,79.01924,1.542478,77.696625,1.122264,77.027859,0.580676,75.722846,0.46798,75.438003,0.472788,75.438003,0.38956,75.174456,0.324767,74.938262,0.306767,74.86739,0.237249,74.571676,0.150201,74.129099,0.150975,74.129099,0.088261,73.707915,0.074846,73.610893,0.028504,73.117016,0.018643,72.997505,0.0,72.390003,0.0,13.970001,0.030797,13.058185,0.057348,12.782144,0.060405,12.782146,0.095029,12.422176,0.098087,12.422178,0.132711,12.062208,0.152844,11.923828,0.328031,10.960342,0.410483,10.645459,3.285224,10.656521,4.378077,10.656521,4.273135,10.937744,4.005069,11.988657,3.855451,13.010118,3.810002,13.970001,3.810002,72.390003]}