{"Inners":[{"Index":-1,"Centroid":{"X":-13.335000012803798,"Y":41.02100292242913},"Coordinates":[-13.489161,40.445667,-13.632815,40.505173,-13.756174,40.599831,-13.850831,40.723186,-13.910334,40.866844,-13.93063,41.021004,-13.910334,41.175163,-13.850831,41.318817,-13.756174,41.442177,-13.632815,41.536835,-13.489161,41.596336,-13.335,41.616634,-13.18084,41.596336,-13.037185,41.536835,-12.913826,41.442177,-12.819169,41.318817,-12.759666,41.175163,-12.73937,41.021004,-12.759666,40.866844,-12.819169,40.723186,-12.913826,40.599831,-13.037185,40.505173,-13.18084,40.445667,-13.335,40.425373]}],"Index":-1,"Centroid":{"X":-30.03534501779781,"Y":92.38827531611197},"Coordinates":[-13.239628,39.24985,-12.952236,39.287684,-12.843901,39.313787,-12.484086,39.462828,-12.436903,39.487807,-12.079879,39.761763,-12.071348,39.771503,-11.797392,40.12853,-11.791418,40.140017,-11.619203,40.555779,-11.616128,40.568356,-11.557388,41.01453,-11.557388,41.027477,-11.616128,41.473646,-11.619203,41.486223,-11.791418,41.90199,-11.797392,41.913477,-12.071348,42.270503,-12.079879,42.280243,-12.436903,42.554196,-12.484086,42.579175,-12.843901,42.728216,-12.952236,42.754319,-13.239628,42.792155,-13.402665,42.795566,-13.690057,42.757729,-13.849056,42.72151,-14.116864,42.61058,-14.262339,42.536895,-14.492311,42.360433,-14.615581,42.253677,-14.792044,42.023705,-14.885756,41.890249,-14.996686,41.62244,-15.055247,41.470246,-15.093083,41.182854,-15.113,41.021004,-15.093083,40.859153,-15.055247,40.571758,-14.996686,40.419562,-14.885756,40.151757,-14.792044,40.018301,-14.615581,39.788328,-14.492311,39.681574,-14.262339,39.50511,-14.116864,39.431424,-13.849056,39.320493,-13.690057,39.284275,-13.402665,39.246441]}