{"Index":-1,"Centroid":{"X":83.41094713325998,"Y":41.02100207088464},"Coordinates":[85.453221,39.189852,85.453221,39.255429,85.783877,39.244213,85.834221,39.246138,85.834221,42.795869,85.783877,42.797794,85.453221,42.786576,85.453221,42.852152,84.945221,42.852152,84.945221,43.265922,81.13522,43.265922,81.13522,38.776082,84.945221,38.776082,84.945221,39.189852]}