{"Index":-1,"Centroid":{"X":41.59978231902115,"Y":42.00599292347495},"Coordinates":[85.52321,39.253055,85.783877,39.244213,85.834221,39.246138,85.834221,42.795869,85.783877,42.797794,85.523229,42.788951,85.453221,42.789565,85.453221,43.777622,84.945221,43.777622,84.945221,62.358181,81.13522,62.358181,81.13522,12.700005,80.832302,10.399101,79.944187,8.255005,78.531399,6.413826,76.69022,5.001038,74.546124,4.112923,72.24522,3.810005,54.136348,3.810005,53.795115,3.584464,53.605316,3.492373,53.070772,3.295317,52.986904,3.268735,52.919704,3.253548,52.859024,3.245593,52.24249,3.17236,52.179221,3.169552,46.972221,3.169552,46.972221,2.540001,33.002221,2.540001,33.002221,3.169552,21.191221,3.169552,21.127953,3.17236,21.058583,3.181347,20.450739,3.253548,20.383539,3.268735,20.299671,3.295317,19.765126,3.492373,19.575326,3.584464,19.234093,3.810005,13.970001,3.810005,11.636935,4.081505,9.42856,4.8815,7.462902,6.167229,5.845021,7.86998,4.661377,9.89875,4.272345,10.939991,4.08038,11.693229,4.003774,11.997456,3.854987,13.016464,3.810002,13.970001,3.810002,72.390003,3.81043,72.398635,4.020904,73.996281,4.034824,74.055358,4.631071,75.493797,5.192639,76.243191,5.763412,76.948398,5.784022,76.967816,6.891955,77.817802,7.005937,77.883477,7.97599,78.299433,8.518665,78.524046,8.525687,78.525363,10.139453,78.737819,10.385695,78.739706,11.233018,78.740003,77.325222,78.740003,78.311321,78.61018,79.230221,78.22956,80.019299,77.62408,80.624779,76.835003,81.005398,75.916104,81.13522,74.930003,81.13522,72.249674,84.945221,72.249674,84.945221,74.930003,84.940796,75.053764,84.927051,75.181969,84.727248,76.69964,84.679934,76.919133,84.628116,77.06802,84.618981,77.101968,84.033181,78.516212,83.916611,78.752012,83.846525,78.857337,83.833186,78.881714,82.901313,80.096153,82.705533,80.325453,82.620844,80.404256,81.406405,81.336127,81.128951,81.532538,81.061249,81.56949,79.647005,82.155288,79.281504,82.294419,79.256591,82.300775,77.738922,82.50058,77.325222,82.550003,10.16,82.550003,9.468773,82.526525,8.927259,82.474698,8.51571,82.415933,8.207991,82.354115,7.952267,82.305659,7.453074,82.163062,6.077977,81.681894,6.04087,81.666192,5.287179,81.276492,4.051463,80.499808,4.027661,80.482293,3.384073,79.917097,2.352624,78.885409,2.338305,78.868488,1.845215,78.158301,1.069515,76.923551,0.947278,76.649445,0.46798,75.438003,0.385666,75.159213,0.319087,74.914997,0.23673,74.570434,0.147907,74.117021,0.144257,74.087175,0.074484,73.609775,0.021991,73.043574,0.018401,72.99362,0.0,72.390003,0.0,13.970001,0.031329,13.042083,0.044786,12.902147,0.047843,12.902148,0.082458,12.542207,0.085515,12.542208,0.12013,12.182267,0.123354,12.182268,0.142247,11.986156,0.181817,11.75361,0.313045,11.031826,0.325274,10.973504,0.599803,9.925036,0.711728,9.604941,1.603861,7.506413,1.777221,7.152921,1.840034,7.054845,1.901388,6.949779,3.216071,5.086622,3.261655,5.031077,3.294805,4.984098,3.340389,4.928554,3.373539,4.881574,3.419136,4.826014,3.486206,4.737704,3.595122,4.624748,3.616476,4.598728,5.294551,3.05478,5.665607,2.73661,5.782444,2.654375,7.748417,1.499086,8.217648,1.239429,8.305051,1.20156,10.470465,0.486923,11.027811,0.313375,11.074449,0.303706,13.341879,0.061865,13.970001,0.0,72.24522,0.0,75.071236,0.31842,77.755543,1.257698,80.16354,2.770744,82.174481,4.781685,83.687527,7.189682,84.626805,9.873985,84.945221,12.700005,84.945221,38.264385,85.453221,38.264385,85.453221,39.252441]}