{"Index":-1,"Centroid":{"X":61.136120256702426,"Y":25.874792375429056},"Coordinates":[39.420627,2.540001,38.834045,2.540001,38.204565,2.540001,38.115123,2.540001,37.983037,2.540001,37.970291,2.540001,34.528933,2.540001,34.400454,2.540001,34.272639,2.540001,34.156402,2.540001,34.06075,2.540001,33.991918,2.540001,33.953151,2.540001,33.002221,2.540001,33.002221,2.83239,33.002221,3.29356,33.002221,3.810005,23.879751,3.810005,19.54746,3.810005,19.30037,3.810005,19.022067,3.810005,18.720914,3.810005,13.970001,3.810005,12.48413,3.982917,11.636935,4.081505,10.230476,4.591002,9.42856,4.8815,8.176681,5.700349,7.462902,6.167229,6.432514,7.251669,5.845021,7.86998,5.091188,9.162053,4.661377,9.89875,4.521388,10.273194,4.272764,10.938636,4.106083,11.592664,4.005053,11.988737,3.951381,12.355138,3.855234,13.012353,3.838746,13.360518,3.810002,13.970001,3.810002,16.530828,3.810002,18.112801,3.744538,18.106031,3.048001,18.165139,3.048001,17.803558,3.048001,17.458262,3.048001,16.566086,3.048001,16.291088,3.048001,15.672806,3.048001,15.164156,3.048001,13.970001,3.1298,13.244016,3.321839,11.539627,3.563134,10.850047,4.12962,9.231125,4.51831,8.612527,5.430836,7.160248,5.947433,6.643651,7.160244,5.430839,7.778843,5.042149,9.231123,4.129623,9.920704,3.888327,11.539627,3.321838,12.265612,3.24004,13.970001,3.048004,17.644538,3.048004,22.022494,3.048004,25.473563,3.048004,28.850908,3.048004,29.633135,3.048004,29.682877,3.048004,29.682877,2.849154,29.682877,-0.0,33.304612,-0.0,38.115123,-0.0,38.216914,-0.0,38.904747,-0.0,39.521442,-0.0,40.096109,-0.0,40.651195,-0.0,41.206282,-0.0,41.780949,-0.0,41.859319,-0.0,46.66983,-0.0,50.291565,-0.0,50.291565,0.19885,50.291565,3.048004,50.341307,3.048004,50.734935,3.048004,56.214308,3.048004,72.24522,3.048004,72.886788,3.120292,74.392994,3.290001,75.823671,3.790616,76.433068,4.003853,77.716478,4.81027,78.263146,5.153763,79.334931,6.225554,79.791458,6.682083,80.597878,7.965488,80.941372,8.512154,81.441987,9.942833,81.655224,10.552231,81.727512,11.193799,81.897221,12.700005,81.897221,17.745569,81.897221,24.543548,81.897221,25.262603,81.897221,26.08432,81.897221,29.762933,81.897221,32.536986,81.897221,32.985232,83.773381,32.985232,84.945221,32.985232,84.945221,34.842267,84.945221,34.916437,85.445566,34.916437,85.453221,34.916437,85.453221,34.99387,85.453221,35.392913,85.453221,38.010155,85.453221,38.355352,85.453221,38.975323,85.453221,39.697679,85.453221,40.37081,85.453221,41.021004,85.453221,41.671197,85.453221,42.344328,85.453221,43.066684,85.453221,43.686652,85.453221,44.031848,85.453221,46.649093,85.453221,47.048136,85.453221,47.12557,84.952876,47.12557,84.945221,47.12557,84.945221,47.19974,84.945221,49.056776,83.069061,49.056776,81.897221,49.056776,81.897221,52.953649,81.897221,56.214682,81.897221,56.824346,81.897221,57.329121,81.897221,57.750295,81.897221,58.815506,81.897221,59.556713,81.897221,61.208608,81.897221,62.2237,81.897221,65.891099,81.897221,71.205111,81.897221,72.146341,81.897221,73.084809,81.897221,73.936516,81.897221,74.930003,81.87416,75.315211,81.827996,75.665857,81.757668,76.050178,81.513088,76.715569,81.376652,77.044954,80.991833,77.640335,80.774796,77.923184,80.268552,78.419449,79.985704,78.636487,79.382779,79.009376,79.053393,79.145812,78.383267,79.377096,78.029794,79.423631,77.325222,79.502003,73.930268,79.502003,73.539019,79.502003,73.097708,79.502003,72.644498,79.502003,72.440397,79.502003,72.440397,81.060591,72.440397,82.550003,72.050043,82.550003,72.050043,80.991415,72.050043,79.502003,71.839092,79.502003,71.345715,79.502003,70.843638,79.502003,69.717822,79.502003,68.724952,79.502003,65.197373,79.502003,63.924775,79.502003,62.843086,79.502003,62.902986,78.797741,62.897146,78.740003,69.915398,78.740003,70.118876,78.740003,71.984177,78.740003,72.123818,78.740003,72.788234,78.740003,72.935752,78.740003,73.091522,78.740003,73.243024,78.740003,73.378706,78.740003,77.325222,78.740003,77.683299,78.692861,78.311321,78.61018,78.644997,78.471967,79.230221,78.22956,79.516755,78.009695,80.019299,77.62408,80.239164,77.337546,80.624779,76.835003,80.762991,76.501328,81.005398,75.916104,81.05254,75.558026,81.13522,74.930003,81.13522,72.380009,81.13522,71.881342,81.13522,67.532055,81.13522,57.837658,81.13522,57.348523,81.13522,57.256438,81.13522,57.144525,81.13522,57.019803,81.13522,56.450637,81.13522,56.32412,81.13522,56.202327,81.13522,49.861212,81.13522,47.586461,81.13522,44.429794,81.13522,43.686652,81.13522,42.981085,81.13522,42.193191,81.13522,41.486783,81.13522,40.828517,81.13522,40.19268,81.13522,39.556842,81.13522,38.898576,81.13522,38.355352,81.13522,37.506459,81.13522,33.771731,81.13522,30.943837,81.13522,23.077373,81.13522,22.944651,81.13522,12.700005,81.025223,11.864489,80.832302,10.399101,80.509805,9.620526,79.944187,8.255005,79.431168,7.586427,78.531399,6.413826,77.862821,5.900807,76.69022,5.001038,75.911645,4.678541,74.546124,4.112923,73.710608,4.002926,72.24522,3.810005,57.870657,3.810005,57.40697,3.810005,57.028013,3.810005,51.208059,3.810005,50.993955,3.810005,46.972221,3.810005,46.972221,3.520915,46.972221,2.83239,46.972221,2.540001,46.021291,2.540001,45.982524,2.540001,45.913692,2.540001,45.81804,2.540001,45.701803,2.540001,45.573988,2.540001,45.445509,2.540001,42.004151,2.540001,41.991405,2.540001,41.859319,2.540001,41.769877,2.540001,41.140397,2.540001,40.553815,2.540001,39.987221,2.540001]}