{"Index":-1,"Centroid":{"X":4.9466544606779665,"Y":78.59893284701081},"Coordinates":[4.8156068,75.7689528,5.4993594,76.694156,5.9918133,77.1581315,6.7039252,77.7045546,7.2901726,78.0423419,8.0066864,78.312139,8.519793,78.524513,8.519793,82.416733,8.0188678,82.2850929,7.3304452,82.1267208,6.1676525,81.7198418,5.1594794,81.2030018,4.1163775,80.5475782,3.2627765,79.8026609,2.3916755,78.9315582,1.7431295,78.0026201,1.0877048,76.9595199,0.7073206,76.0429439,0.46798,75.438003,4.589344,75.438003]}