{"Inners":[{"Index":-1,"Centroid":{"X":42.472611,"Y":41.275003999999996},"Coordinates":[15.478127,67.071878,69.467095,67.071878,69.467095,15.47813,15.478127,15.47813]}],"Index":-1,"Centroid":{"X":113.6651742511287,"Y":111.30062794179564},"Coordinates":[96.61335,60.87889,96.61335,75.13851,96.5718,76.30051,96.46633,77.28426,96.35277,78.11972,96.23917,78.63806,96.20064,78.82961,96.05339,79.94813,95.62391,80.98501,95.35412,81.79426,94.97289,82.71464,94.76921,83.11578,94.5721,83.52432,94.11645,84.62437,93.47591,85.45914,93.10666,86.03322,92.51461,86.80478,92.24873,87.11064,91.799,87.64453,91.03517,88.63996,90.25612,89.23775,89.88126,89.58656,89.14459,90.15182,88.76611,90.41802,88.06625,90.9181,87.01955,91.72126,86.17713,92.07018,85.87753,92.2337,85.03321,92.58343,84.62377,92.74022,83.79294,93.06227,83.68404,93.10285,82.827,93.45784,82.11832,93.61598,81.54366,93.78386,80.45469,93.92723,78.01972,94.21813,10.00302,94.21813,9.24935,94.19784,8.62756,94.16601,7.9689,94.10752,7.18835,94.01525,6.1736,93.86414,5.47255,93.68028,4.47851,93.45126,2.83694,92.96478,1.19103,92.28864,-0.28755,91.53064,-0.93691,91.15694,-2.95795,89.86924,-4.46364,88.5546,-5.01079,88.0384,-6.65224,86.37026,-7.82332,84.69212,-8.10099,84.26867,-9.3385,82.28469,-10.04236,80.58867,-16.69658,63.76988,-13.77897,63.76988,-14.03641,62.46097,-11.66812,62.46097,-11.66812,13.77301,-11.61844,12.30195,-10.54166,1.10708,-10.5386,1.10708,-10.50397,0.74712,-9.05939,0.74806,-8.58642,-1.05821,-6.78202,-1.0511,-6.70098,-1.15481,-6.59646,-1.29386,-6.46478,-1.46236,-6.36027,-1.60142,-6.2286,-1.76991,-6.12535,-1.90729,-6.05638,-1.99561,-5.94164,-2.15822,-5.89602,-2.21381,-5.86284,-2.26084,-5.24544,-3.01314,-4.84792,-3.43047,-4.16426,-4.16377,-3.60266,-4.68049,-1.92392,-6.1277,-1.39006,-6.56583,-0.58771,-7.13033,-0.16005,-7.43396,0.50507,-7.82482,2.54014,-8.95525,3.14935,-9.28087,4.47904,-9.85698,5.25137,-10.10723,8.10529,-10.99698,9.44319,-11.27434,10.25067,-11.35826,13.39678,-11.66812,72.9005,-11.66812,77.68407,-11.12914,82.85019,-9.32144,87.48453,-6.40948,91.35471,-2.53931,94.26666,2.09504,96.07437,7.26115,96.61335,12.04474,96.61335,21.16312,97.50235,21.17845,97.50235,60.86356]}