{"Index":-1,"Centroid":{"X":18.687866240612596,"Y":63.06456950046618},"Coordinates":[3.810932,72.408896,3.973371,73.797495,3.999811,73.909028,4.471872,75.20482,4.497105,75.258773,5.099657,76.173936,5.376787,76.548929,6.243576,77.365591,6.489358,77.554186,7.512202,78.143539,8.006252,78.329569,9.034935,78.636314,9.534771,78.705438,10.15298,78.738278,10.660038,78.740003,67.897745,78.740003,67.897745,82.550003,10.16,82.550003,9.70468,82.537749,9.442173,82.524309,9.170096,82.500149,8.732873,82.448462,8.519793,82.416733,7.471229,82.141725,7.068273,82.049024,6.72153,81.946266,6.359372,81.800969,4.886465,81.045883,4.250534,80.646302,3.003451,79.558002,2.472381,79.026931,1.524877,77.669784,1.125295,77.033854,0.569567,75.694767,0.46798,75.438003,0.472788,75.438003,0.38956,75.174456,0.324767,74.938262,0.306767,74.86739,0.237249,74.571676,0.150201,74.129099,0.150975,74.129099,0.088261,73.707915,0.074846,73.610893,0.028504,73.117016,0.018643,72.997505,0.0,72.390003,0.0,13.970001,0.029253,13.103878,0.346844,13.103878,3.851162,13.10073,3.810002,13.970001,3.810002,72.390003]}