{"Index":-1,"Centroid":{"X":1.9050010000000022,"Y":41.14799999999998},"Coordinates":[3.810002,40.386,3.810002,41.91,-0.0,41.91,-0.0,40.386]}