{"Index":-1,"Centroid":{"X":13.305129500000016,"Y":80.64500300000023},"Coordinates":[11.112513,78.740003,15.497746,78.740003,15.497746,82.550003,11.112513,82.550003]}