{"Index":-1,"Centroid":{"X":13.440703782931138,"Y":80.64435028904207},"Coordinates":[17.246212,82.550003,10.16,82.550003,9.635963,82.535899,9.635564,78.717369,10.163338,78.740003,17.246212,78.740003]}