{"Index":-1,"Centroid":{"X":1.9050370577217612,"Y":-0.7621193100666233},"Coordinates":[-0.0,-1.5245184,0.0493026,-1.5241406,3.7947202,-1.5243378,3.810002,-1.5232673,3.810002,0.0,-0.0,0.0]}