{"Index":-1,"Centroid":{"X":20.9478592486628,"Y":64.52000714355984},"Coordinates":[27.296024,72.773132,25.264024,72.77283,25.264692,64.742524,16.628692,64.736954,16.628024,72.771549,14.596024,72.771248,14.597397,56.262478,16.629397,56.262478,16.628717,64.440155,25.264717,64.435633,25.265397,56.262478,27.297397,56.262478]}