{"Index":-1,"Centroid":{"X":16.76834499773816,"Y":65.74394663691238},"Coordinates":[3.048001,48.323353,3.048001,68.717445,3.810002,68.717445,3.810002,72.390003,3.81043,72.398635,4.020904,73.996281,4.034314,74.054126,4.655557,75.552873,5.680753,76.888593,6.974685,77.881463,7.457532,78.084933,8.517084,78.523747,8.525687,78.525363,10.139453,78.737819,10.385695,78.739706,11.233018,78.740003,58.205333,78.740003,58.205333,82.550003,10.16,82.550003,10.029967,82.545586,8.06705,82.324471,7.952267,82.305659,7.859018,82.283366,5.78112,81.556278,5.709911,81.519772,3.8459,80.348538,3.785609,80.295923,2.228961,78.739273,2.183153,78.67366,1.011311,76.808453,0.911027,76.555715,0.288142,74.775609,0.250802,74.633262,0.229676,74.525605,0.209071,74.387086,0.01773,72.688898,0.003887,72.517528,0.0,72.3683,0.0,22.802892,3.810002,22.802892,3.810002,48.323353]}