{"Index":-1,"Centroid":{"X":16.85466198408497,"Y":65.62127413428503},"Coordinates":[3.048001,48.782998,3.048001,68.492255,3.810002,68.492255,3.810002,72.390003,3.81043,72.398635,4.020904,73.996281,4.034314,74.054126,4.654027,75.54918,5.683981,76.89107,6.974365,77.881022,7.454894,78.083822,8.517084,78.523747,8.525687,78.525363,10.139453,78.737819,10.385695,78.739706,11.233018,78.740003,58.623493,78.740003,58.623493,82.550003,10.16,82.550003,9.988904,82.544192,8.120058,82.333692,7.952267,82.305659,7.846332,82.279606,5.790397,81.560203,5.696701,81.51217,3.852392,80.353315,3.773061,80.284085,2.232866,78.743888,2.172593,78.657555,1.013736,76.813249,0.978384,76.728065,0.880986,76.479122,0.298692,74.815018,0.271747,74.720657,0.249561,74.627718,0.221763,74.486065,0.194651,74.303802,0.023329,72.783286,0.006479,72.602544,0.0,72.390003,0.0,22.384731,3.810002,22.384731,3.810002,48.782998]}