{"Index":-1,"Centroid":{"X":16.90977495366363,"Y":65.54038155335806},"Coordinates":[3.048001,49.092346,3.048001,68.244883,3.810002,68.244883,3.810002,72.390003,3.81043,72.398635,4.020904,73.996281,4.034314,74.054126,4.653006,75.546718,5.686129,76.892718,6.972591,77.879661,7.453254,78.08313,8.517084,78.523747,8.525687,78.525363,10.139453,78.737819,10.385695,78.739706,11.233018,78.740003,58.902266,78.740003,58.902266,82.550003,10.16,82.550003,9.961529,82.543262,8.155397,82.339839,8.017594,82.318445,7.952267,82.305659,7.837875,82.2771,5.796582,81.56282,5.687894,81.507102,3.856719,80.3565,3.764695,80.276193,2.23547,78.746964,2.165552,78.646818,1.014948,76.815647,0.97394,76.716834,0.876098,76.469533,0.860959,76.428059,0.305725,74.84129,0.271747,74.720657,0.248733,74.624022,0.216488,74.459705,0.185037,74.24828,0.027061,72.846211,0.006997,72.619547,0.0,72.390003,0.0,22.105957,3.810002,22.105957,3.810002,49.092346]}