{"Inners":[{"Index":-1,"Centroid":{"X":13.335000014364406,"Y":78.56913106338367},"Coordinates":[13.910334,78.7511977,13.9250842,78.6188809,13.93063,78.5691323,13.9154526,78.4329826,13.910334,78.3870658,13.8646506,78.2568068,13.850831,78.2174023,13.7765099,78.1030159,13.756174,78.0717172,13.6576328,77.9824148,13.632815,77.9599239,13.5167726,77.903154,13.489161,77.8896459,13.3640559,77.8701956,13.335,77.8656782,13.2101556,77.8850881,13.18084,77.8896459,13.0654949,77.9460743,13.037185,77.9599239,12.9395653,78.0483912,12.913826,78.0717172,12.8403809,78.1847554,12.819169,78.2174023,12.7740862,78.345949,12.759666,78.3870658,12.7446918,78.5213931,12.73937,78.5691323,12.7539343,78.6997815,12.759666,78.7511977,12.8012204,78.8696803,12.819169,78.9208564,12.8836612,79.0201194,12.913826,79.0665475,12.9961827,79.1411827,13.037185,79.1783408,13.131735,79.224592,13.18084,79.2486129,13.2816113,79.2642831,13.335,79.2725853,13.435901,79.2568949,13.489161,79.2486129,13.5840748,79.2021833,13.632815,79.1783408,13.7157018,79.1032251,13.756174,79.0665475,13.8212419,78.9663984,13.850831,78.9208564,13.8928477,78.8010557]}],"Index":-1,"Centroid":{"X":41.428519262756055,"Y":163.18439523334803},"Coordinates":[16.984148,76.205534,17.781788,76.205534,18.491158,76.205534,18.210447,76.637585,18.183372,76.679258,17.912714,77.450973,17.863651,77.590862,17.782942,78.314881,17.7546,78.569132,17.823578,79.187918,17.863651,79.547401,18.032732,80.029493,18.183372,80.459006,18.404132,80.798786,18.691975,81.241815,18.926162,81.454042,19.3548,81.842486,19.580091,81.952698,20.126676,82.220084,20.337803,82.252911,20.955,82.348876,21.15958,82.317067,21.783324,82.220084,21.992938,82.117542,22.5552,81.842486,22.773845,81.644344,23.218025,81.241815,23.431624,80.913057,23.726628,80.459006,23.898042,79.970261,24.046349,79.547401,24.119289,78.893076,24.1554,78.569132,24.067514,77.780729,24.046349,77.590862,23.747651,76.7392,23.726628,76.679258,23.418842,76.205534,23.764964,76.205534,23.771213,76.205534,23.780708,76.205534,23.792888,76.205534,24.140286,76.205534,24.173795,76.205534,24.209237,76.205534,24.243406,76.205534,24.27324,76.205534,24.296274,76.205534,24.310928,76.205534,25.072297,76.205534,25.297848,76.205534,25.800389,76.205534,27.486538,76.205534,27.664271,76.205534,27.709091,76.205534,28.285518,76.205534,28.339983,76.375895,28.355357,76.423985,28.519216,78.024315,28.575,78.569132,28.46177,79.674997,28.355357,80.714278,28.16868,81.298192,27.709091,82.735759,27.691043,82.786013,27.486538,83.35547,27.484196,83.366739,27.309791,83.366739,27.093291,83.366739,26.93683,83.366739,26.514515,83.366739,26.311281,83.366739,26.269357,83.366739,26.226951,83.366739,26.195951,83.592734,26.166888,83.804603,26.178774,84.056217,26.19131,84.321566,26.028381,84.321566,25.691252,84.321566,25.166778,84.321566,25.489269,84.451523,25.573314,84.493511,25.790654,84.657633,25.992564,84.845817,26.052545,84.92006,26.125978,85.037687,25.917759,85.037687,25.887037,85.037687,25.479287,85.037687,25.412808,85.037687,25.144729,85.037687,25.065649,85.037687,24.980943,85.037687,24.765,85.037687,24.680917,85.037687,24.464351,85.037687,24.385271,85.037687,24.117192,85.037687,24.050713,85.037687,23.642963,85.037687,23.612241,85.037687,23.404022,85.037687,23.470911,84.932791,23.51272,84.872258,23.709063,84.692955,23.876,84.544305,24.258425,84.352732,24.276722,84.343722,24.396463,84.321566,24.26817,84.321566,23.831622,84.321566,23.767113,84.321566,23.357252,84.321566,23.176771,84.321566,22.804192,84.321566,21.617884,84.321566,21.219285,84.321566,20.825284,84.321566,20.446078,84.321566,19.575134,84.321566,19.253307,84.321566,18.142887,84.321566,17.957123,84.321566,16.944352,84.321566,16.552067,83.973094,16.134035,83.366739,15.690844,83.366739,15.21189,83.366739,14.837461,83.366739,14.722075,83.366739,14.547695,83.366739,14.425804,83.366739,14.423658,83.356413,14.423462,83.35547,14.423079,83.354403,14.200909,82.735759,14.196012,82.724472,14.146307,82.609906,14.140613,82.596257,14.093386,82.483051,14.08695,82.466991,14.042159,82.355233,13.979898,82.233032,13.648881,81.583331,13.50535,81.403762,13.125259,80.928241,12.894398,80.742,12.495389,80.420112,12.34611,80.296447,12.283993,80.248864,12.116607,80.097428,11.954646,79.878643,11.838584,79.700497,11.716075,79.421384,11.652487,79.240978,11.584404,78.909785,11.566088,78.747982,11.56662,78.379813,11.580833,78.250305,11.660761,77.866857,11.692875,77.774834,11.857258,77.402704,11.894198,77.345693,12.140853,77.013702,12.173544,76.984027,12.184647,76.975575,12.495389,76.718146,13.124834,76.210361,13.125259,76.210018,13.128844,76.205534,13.604373,76.205534,13.644535,76.205534,13.676617,76.205534,13.698229,76.205534,13.962912,76.205534,13.990128,76.205534,14.017341,76.205534,14.043742,76.205534,14.069423,76.205534,14.083951,76.205534,14.174001,76.205534,16.109611,76.205534,16.612152,76.205534,16.837703,76.205534]}