{"Index":-1,"Centroid":{"X":41.147999999999996,"Y":5.972045850000002},"Coordinates":[40.386,7.889101,40.386,4.0549907,41.91,4.0549907,41.91,7.889101]}