{"Index":-1,"Centroid":{"X":16.588489615099448,"Y":65.98335991310671},"Coordinates":[3.048001,47.55728,3.048001,68.834003,3.810002,68.834003,3.810002,72.390003,3.81043,72.398635,4.020904,73.996281,4.034314,74.054126,4.658106,75.559023,5.675369,76.884462,6.978385,77.884302,7.303426,78.021132,8.517084,78.523747,8.525687,78.525363,10.139453,78.737819,10.385695,78.739706,11.233018,78.740003,57.389551,78.740003,57.389551,82.550003,10.16,82.550003,10.098406,82.547911,7.978702,82.309102,7.88016,82.289632,5.765659,81.549735,5.731928,81.532443,3.835081,80.340576,3.806522,80.315654,2.222453,78.731581,2.200754,78.700502,1.008885,76.803657,0.961096,76.683372,0.270559,74.709929,0.242864,74.591506,0.233104,74.525891,0.008398,72.531585,0.002332,72.466518,0.0,72.3683,0.0,23.618673,3.810002,23.618673,3.810002,47.55728]}