{"Inners":[{"Index":-1,"Centroid":{"X":20.9549999944167,"Y":60.94260175776959},"Coordinates":[16.637,53.482787,16.637,71.353201,16.731018,71.353201,16.763153,71.353201,25.092781,71.353201,25.146847,71.353201,25.178982,71.353201,25.273,71.353201,25.273,53.482787,25.232742,53.175065,25.151832,52.556602,25.045252,52.297668,24.796586,51.693537,24.643744,51.493089,24.231472,50.952405,24.050689,50.812808,23.495,50.383715,23.300545,50.302659,22.637361,50.026221,22.43892,49.99993,21.717,49.904286,20.516238,49.904286,20.193,49.904286,19.996914,49.930265,19.272639,50.026221,19.084422,50.104676,18.415,50.383715,18.242216,50.517136,17.678528,50.952405,17.532947,51.143331,17.113414,51.693537,17.011486,51.941169,16.758168,52.556602,16.719342,52.85338]},{"Index":-1,"Centroid":{"X":20.955000000338647,"Y":44.792141551034526},"Coordinates":[21.5500419,44.7876468,21.530334,44.6370053,21.5290135,44.6337971,21.470831,44.4924423,21.4693284,44.4904717,21.376174,44.3683027,21.3748855,44.3673077,21.252815,44.2730467,21.2519138,44.2726711,21.10916,44.2131662,21.1085978,44.2130917,20.955,44.1927428,20.9545757,44.192799,20.80084,44.2131662,20.8003142,44.2133854,20.657185,44.2730467,20.6564058,44.2736484,20.533826,44.3683027,20.5328277,44.3696119,20.439169,44.4924423,20.4382132,44.4947644,20.379666,44.6370053,20.3792096,44.6404938,20.35937,44.7921417,20.3599662,44.7966985,20.379666,44.9472772,20.3818225,44.9525164,20.439169,45.0918412,20.4432029,45.0971315,20.533826,45.2159808,20.5397543,45.2205585,20.657185,45.3112367,20.6646826,45.3143619,20.80084,45.3711162,20.8092792,45.3722343,20.955,45.3915407,20.9635626,45.3904062,21.10916,45.3711162,21.1169963,45.3678498,21.252815,45.3112367,21.2592095,45.306299,21.376174,45.2159808,21.3806792,45.2100724,21.470831,45.0918412,21.4733369,45.0857529,21.530334,44.9472772,21.5310599,44.9417286,21.55063,44.7921417]}],"Index":-1,"Centroid":{"X":111.15467589550083,"Y":321.75706265162614},"Coordinates":[16.637,74.678156,16.637,81.536994,14.605,81.536994,14.605,44.130355,27.305,44.130355,27.305,81.536994,25.273,81.536994,25.273,74.678156]}