{"Index":-1,"Centroid":{"X":16.47873068318233,"Y":66.11924363678652},"Coordinates":[3.048001,47.25085,3.048001,68.834003,3.810002,68.834003,3.810002,72.390003,3.81043,72.398635,4.020904,73.996281,4.033249,74.051553,4.659125,75.561483,5.624851,76.820042,5.674957,76.884146,6.98117,77.88644,7.148751,77.957076,8.517084,78.523747,8.525687,78.525363,10.1427,78.738247,10.385695,78.739706,11.233018,78.740003,56.916107,78.740003,56.916107,82.550003,10.16,82.550003,10.125781,82.548841,7.943363,82.302955,7.888618,82.292138,5.759475,81.547118,5.740735,81.537512,3.830754,80.337392,3.814887,80.323546,2.219849,78.728505,2.207795,78.711238,1.007673,76.801259,0.981123,76.734434,0.263526,74.683656,0.242717,74.581413,0.004666,72.46866,0.0,72.3683,0.0,24.092115,3.810002,24.092115,3.810002,47.25085]}