{"Index":-1,"Centroid":{"X":16.541018474279138,"Y":66.04335168907876},"Coordinates":[3.048001,47.404065,3.048001,68.834003,3.810002,68.834003,3.810002,72.390003,3.81043,72.398635,4.020904,73.996281,4.033248,74.051553,4.658616,75.560255,5.606842,76.796007,5.674957,76.884146,6.979776,77.88537,7.218589,77.985998,8.517084,78.523747,8.525687,78.525363,10.139453,78.737819,10.385695,78.739706,11.233018,78.740003,57.182493,78.740003,57.182493,82.550003,10.16,82.550003,10.112093,82.548376,7.961032,82.306029,7.884389,82.290885,5.762567,81.548427,5.736332,81.534977,3.832917,80.338984,3.810705,80.3196,2.221151,78.730043,2.204274,78.70587,1.007673,76.801259,0.971109,76.708903,0.267042,74.696792,0.245502,74.604686,0.237911,74.553652,0.006532,72.500122,0.0,72.3683,0.0,23.825731,3.810002,23.825731,3.810002,47.404065]}