{"Index":-1,"Centroid":{"X":41.428441177411976,"Y":41.97737223505783},"Coordinates":[85.52321,39.253055,85.783877,39.244213,85.834221,39.246138,85.834221,42.795869,85.783877,42.797794,85.523229,42.788951,85.453221,42.789565,85.453221,43.544551,84.945221,43.544551,84.945221,61.747778,81.13522,61.747778,81.13522,12.700005,80.832302,10.399101,79.944187,8.255005,78.531399,6.413826,76.69022,5.001038,74.546124,4.112923,72.24522,3.810005,54.284362,3.810005,53.742414,3.4518,53.668425,3.4159,53.005183,3.171401,52.922637,3.152017,52.203885,3.066642,52.179221,3.065547,46.972221,3.065547,46.972221,2.540001,33.002221,2.540001,33.002221,3.065547,21.191221,3.065547,21.139515,3.070145,20.424151,3.155118,20.36526,3.171401,19.702017,3.4159,19.628028,3.4518,19.08608,3.810005,13.970001,3.810005,11.636935,4.081505,9.42856,4.8815,7.462902,6.167229,5.845021,7.86998,4.661377,9.89875,4.272328,10.940037,4.080796,11.691578,4.003774,11.997456,3.854982,13.016498,3.810002,13.970001,3.810002,72.390003,3.81043,72.398635,4.020904,73.996281,4.034824,74.055358,4.631071,75.493797,5.192639,76.243191,5.764699,76.949988,5.781867,76.966163,6.893728,77.819162,7.00364,77.882492,7.97599,78.299433,8.518665,78.524046,8.525687,78.525363,10.139453,78.737819,10.385695,78.739706,11.233018,78.740003,77.325222,78.740003,78.311321,78.61018,79.230221,78.22956,80.019299,77.62408,80.624779,76.835003,81.005398,75.916104,81.13522,74.930003,81.13522,72.860077,84.945221,72.860077,84.945221,74.930003,84.938138,75.028227,84.701822,76.823238,84.679934,76.919133,84.659616,76.980078,83.966767,78.652763,83.916611,78.752012,83.888803,78.795246,82.786639,80.231613,82.705533,80.325453,82.677304,80.351721,81.240936,81.453884,81.128951,81.532538,81.106384,81.544855,79.4337,82.237704,79.281504,82.294419,77.486495,82.530736,77.325222,82.550003,10.16,82.550003,9.468773,82.526525,8.927259,82.474698,8.51571,82.415933,8.207991,82.354115,7.952267,82.305659,7.461531,82.165568,6.071792,81.679277,6.04087,81.666192,5.295986,81.281561,4.047135,80.496624,4.027661,80.482293,3.392438,79.924989,2.35002,78.882333,2.338305,78.868488,1.852255,78.169038,1.068303,76.921153,0.947278,76.649445,0.46798,75.438003,0.385666,75.159213,0.319087,74.914997,0.23673,74.570434,0.147907,74.117021,0.144257,74.087175,0.074484,73.609775,0.021991,73.043574,0.018401,72.99362,0.0,72.390003,0.0,13.970001,0.031329,13.042083,0.044786,12.902147,0.047843,12.902148,0.082458,12.542207,0.085515,12.542208,0.12013,12.182267,0.123354,12.182268,0.142247,11.986156,0.165989,11.846629,0.321198,10.992945,0.325274,10.973504,0.599803,9.925036,0.647463,9.784214,1.702625,7.3022,1.777221,7.152921,1.81861,7.085207,3.373539,4.881574,3.419136,4.826014,3.486206,4.737704,3.529629,4.691378,5.514357,2.865288,5.665607,2.73661,5.704553,2.709198,8.029788,1.34279,8.217648,1.239429,8.246782,1.226806,10.807906,0.381575,11.027811,0.313375,11.043357,0.310152,13.72514,0.024117,13.970001,0.0,72.24522,0.0,75.071236,0.31842,77.755543,1.257698,80.16354,2.770744,82.174481,4.781685,83.687527,7.189682,84.626805,9.873985,84.945221,12.700005,84.945221,38.497456,85.453221,38.497456,85.453221,39.252441]}