{"Index":-1,"Centroid":{"X":16.797505470534556,"Y":65.70286840690156},"Coordinates":[3.048001,48.476568,3.048001,68.658265,3.810002,68.658265,3.810002,72.390003,3.81043,72.398635,4.020904,73.996281,4.034314,74.054126,4.655046,75.55164,5.681827,76.889417,6.974685,77.881463,7.456703,78.084584,8.517084,78.523747,8.525687,78.525363,10.139453,78.737819,10.385695,78.739706,11.233018,78.740003,58.34472,78.740003,58.34472,82.550003,10.16,82.550003,10.01628,82.545122,8.084719,82.327544,7.952267,82.305659,7.854789,82.282113,5.784213,81.557586,5.705508,81.517238,3.848064,80.35013,3.781426,80.291977,2.230263,78.740811,2.179633,78.668292,1.012523,76.810851,0.901014,76.530184,0.291659,74.788745,0.250388,74.631414,0.227038,74.512425,0.204264,74.359324,0.019596,72.720361,0.005442,72.568538,0.0,72.3683,0.0,22.663505,3.810002,22.663505,3.810002,48.476568]}