{"Inners":[{"Index":-1,"Centroid":{"X":42.48674922835556,"Y":41.30101343544436},"Coordinates":[38.836284,8.374064,38.836284,9.644068,14.308316,9.644068,12.985664,9.797986,12.053935,10.135509,11.224617,10.677963,10.542022,11.396365,9.951841,12.407937,9.848316,12.685004,9.733489,13.135174,9.669379,13.573334,9.644065,14.108017,9.644065,72.060871,9.695336,72.499161,9.730521,72.59574,9.826768,72.725975,9.875893,72.772259,9.892127,72.781613,9.976035,72.813208,10.112781,72.869807,10.21091,72.899068,10.317729,72.904742,10.670185,72.905941,75.301158,72.905941,75.301158,13.082393,75.148403,11.922097,74.848145,11.19721,74.370497,10.574728,73.748015,10.09708,73.023128,9.796822,71.86284,9.644068,41.138159,9.644068,41.138159,8.374064]}],"Index":-1,"Centroid":{"X":160.17152952788368,"Y":156.12024168438765},"Coordinates":[90.779284,55.144605,90.779284,75.034256,90.748876,75.884801,90.674315,76.580253,90.603572,77.100681,90.540901,77.38664,90.499753,77.612303,90.45422,77.781506,90.369477,78.425196,90.116933,79.034894,90.086048,79.149665,89.884963,79.752839,89.669071,80.27405,89.55074,80.507094,89.432914,80.756229,89.313647,80.974195,89.020386,81.682195,88.692237,82.109848,88.684975,82.12312,88.330882,82.67363,87.994648,83.111815,87.827484,83.304117,87.646907,83.521129,87.407626,83.783986,86.874277,84.479057,86.484731,84.777968,86.109904,85.126741,85.689169,85.449582,85.411886,85.644606,85.253336,85.759914,84.847024,86.034625,84.077439,86.625147,83.656232,86.799621,83.356555,86.963182,82.873372,87.163321,82.539638,87.291118,82.373303,87.356533,81.759751,87.585171,80.820381,87.974271,80.518245,88.014044,80.409252,88.048807,79.727874,88.138516,77.672471,88.384066,10.081508,88.384066,9.477016,88.367797,9.034865,88.345159,8.5695,88.303836,7.960613,88.231855,7.346696,88.140439,6.815553,88.001139,5.938275,87.799008,4.78012,87.455783,3.653874,86.993536,2.473388,86.388359,2.089275,86.167305,0.562781,85.196582,-0.566944,84.210227,-0.926679,83.870838,-2.139972,82.63979,-3.011915,81.390349,-3.185038,81.126333,-4.129896,79.613494,-4.648635,78.363538,-8.1143,69.603941,-6.685664,69.603941,-6.943105,68.295037,-5.834063,68.295037,-5.834063,13.871505,-5.793821,12.680067,-5.242157,6.944613,-5.239095,6.944615,-5.204471,6.584646,-4.557059,6.585069,-4.08797,4.793623,-3.56568,4.795681,-3.465206,4.587932,-3.245797,4.177449,-3.096247,3.943944,-2.537538,3.024366,-2.237558,2.608325,-2.070288,2.394282,-1.966401,2.256058,-1.843501,2.098674,-1.769536,1.993853,-1.690847,1.891387,-1.645235,1.835808,-1.612085,1.788829,-1.5665,1.733283,-1.533336,1.686284,-1.487768,1.630759,-1.454626,1.583791,-1.409042,1.528247,-1.375891,1.481265,-1.330304,1.425718,-1.297175,1.378767,-1.251568,1.323195,-1.218404,1.276195,-0.861045,0.840755,-0.62542,0.596389,-0.05088,-0.020634,0.278112,-0.323335,1.831853,-1.66279,2.169591,-1.939967,2.473959,-2.149127,3.012419,-2.531422,3.399864,-2.759101,5.331858,-3.832277,5.688355,-4.022825,6.542575,-4.392928,7.018788,-4.547231,9.56914,-5.342338,10.33914,-5.501969,10.838121,-5.553825,13.683389,-5.834063,72.572858,-5.834063,76.377654,-5.405359,80.302865,-4.031871,83.824036,-1.819371,86.764596,1.121189,88.977095,4.642359,90.350585,8.56757,90.779284,12.372371,90.779284,26.897402,91.668284,26.912738,91.668284,55.129269]}