{"Index":-1,"Centroid":{"X":27.415997339103804,"Y":98.37377901826851},"Coordinates":[48.171338,36.049651,48.171338,76.618478,48.159752,77.042923,48.049412,79.062475,47.95689,79.906701,47.592586,82.111756,47.408623,82.940968,46.806251,85.093211,46.533076,85.897361,45.699832,87.971173,45.340642,88.740855,44.286424,90.71154,43.84557,91.437429,42.582931,93.281572,42.065518,93.955243,40.856225,95.363402,40.098993,96.23876,39.896057,96.528323,39.723621,96.837029,39.583473,97.16168,39.477065,97.498915,39.405513,97.845196,39.36955,98.196966,39.36955,98.550592,39.405513,98.902367,39.477064,99.248641,39.583471,99.585874,39.723621,99.910529,39.896058,100.219237,40.09899,100.508793,40.876997,101.408247,42.065588,102.792403,42.58295,103.466014,43.845569,105.310126,44.286425,106.03602,45.340644,108.006707,45.699833,108.776387,46.533076,110.850197,46.80625,111.654346,47.408623,113.806588,47.592586,114.635802,47.95689,116.840859,48.049412,117.685085,48.159752,119.704636,48.171338,120.129081,48.171338,160.697907,39.057965,169.81128,16.64471,169.81128,7.531337,160.697907,7.531337,36.049651,16.64471,26.936278,39.057965,26.936278]}