{"Index":-1,"Centroid":{"X":16.678811458690532,"Y":65.86827857672237},"Coordinates":[3.048001,47.863709,3.048001,68.812058,3.810002,68.812058,3.810002,72.390003,3.81043,72.398635,4.020904,73.996281,4.034314,74.054126,4.657088,75.556566,5.677526,76.886118,6.975598,77.882164,7.460107,78.086018,8.517084,78.523747,8.525687,78.525363,10.139453,78.737819,10.385695,78.739706,11.233018,78.740003,57.787172,78.740003,57.787172,82.550003,10.16,82.550003,10.07103,82.546981,8.014041,82.31525,7.952267,82.305659,7.871703,82.287125,5.771844,81.552352,5.723122,81.527375,3.839409,80.343761,3.798157,80.307761,2.225056,78.734658,2.193714,78.689765,1.010097,76.806055,0.941068,76.632309,0.277592,74.736201,0.252044,74.638805,0.237589,74.565145,0.223491,74.470369,0.012131,72.59451,0.002332,72.466518,0.0,72.3683,0.0,23.221053,3.810002,23.221053,3.810002,47.863709]}