{"Inners":[{"Index":-1,"Centroid":{"X":42.517193958702485,"Y":41.319912231505434},"Coordinates":[34.946909,4.484689,34.946909,5.754693,14.082766,5.754693,12.086511,5.986998,10.303687,6.632835,8.716807,7.670807,7.410688,9.045442,6.424854,10.735166,6.131541,11.520114,5.914524,12.370911,5.793401,13.198383,5.75469,14.016012,5.75469,72.287587,5.885168,73.402974,6.233963,74.360403,6.584433,74.892707,6.881701,75.294948,7.433072,75.814435,7.637664,75.971423,8.267599,76.334387,8.774542,76.525274,8.809928,76.53992,9.448378,76.730295,9.719887,76.767843,10.207897,76.793766,10.663421,76.795316,77.197758,76.795316,77.803654,76.715548,78.249489,76.530877,78.632332,76.237112,78.926097,75.85427,79.110764,75.408442,79.190533,74.802536,79.190533,12.827472,78.937669,10.906767,78.245506,9.23574,77.144431,7.800794,75.709485,6.699719,74.038458,6.007556,72.11776,5.754693,45.027534,5.754693,45.027534,4.484689]}],"Index":-1,"Centroid":{"X":274.65183528363093,"Y":267.3683397842906},"Coordinates":[75.506709,-1.589506,78.60465,-0.505492,81.383705,1.240706,83.704519,3.56152,85.450716,6.340574,86.534732,9.438513,86.889909,12.590794,86.889909,30.72026,87.778909,30.735596,87.778909,38.09312,87.397909,38.102708,87.397909,43.939299,87.778909,43.948887,87.778909,51.306411,86.889909,51.321747,86.889909,75.057463,86.580211,77.409869,85.623017,79.720738,84.100342,81.705125,82.115954,83.227798,79.805086,84.184991,77.452684,84.494691,10.133836,84.494691,9.628792,84.481098,9.306404,84.464592,8.969897,84.434711,8.475453,84.37626,8.128755,84.324634,7.484664,84.155707,6.801485,83.998248,6.076169,83.783298,5.376726,83.497775,4.199559,82.8943,4.1078,82.841497,2.967108,82.12367,1.922103,81.211375,1.796824,81.093182,0.902649,80.193669,0.093305,79.034027,-0.641624,77.864124,-1.110585,76.73411,-2.39278,73.493316,-1.956793,73.493316,-2.214234,72.184412,-1.944688,72.184412,-1.944688,13.937169,-1.910742,12.932146,-1.709154,10.8363,-1.706095,10.836302,-1.671471,10.476333,-1.555503,10.476409,-1.089001,8.694847,-1.026225,8.695094,-0.768771,7.971633,-0.677639,7.757275,0.001962,6.352063,0.11208,6.146049,0.203795,6.002847,0.701707,5.183334,0.854338,4.967027,0.899923,4.911482,0.933068,4.864509,0.978656,4.80896,1.011798,4.761991,1.05739,4.706436,1.090539,4.659459,1.13612,4.603917,1.169276,4.55693,1.214869,4.501375,1.248004,4.454416,1.293592,4.398866,1.326748,4.351879,1.372323,4.296346,1.405467,4.249374,1.451059,4.193819,1.48421,4.146839,1.529799,4.091288,1.562949,4.044309,1.608527,3.988772,1.641675,3.941795,1.687262,3.886248,1.72041,3.83927,1.765997,3.783723,1.799138,3.736756,1.84473,3.681202,1.877884,3.634216,2.046772,3.428426,2.197916,3.271675,2.693163,2.739809,2.865293,2.581435,4.335701,1.31382,4.508923,1.171659,4.701321,1.039444,5.127395,0.73694,5.329726,0.618042,7.193005,-0.416964,7.386733,-0.520512,7.643492,-0.629736,7.907312,-0.746113,8.132846,-0.820544,10.545042,-1.572579,10.933856,-1.653185,11.163259,-1.677654,13.874463,-1.944688,72.354433,-1.944688]}