{"Index":-1,"Centroid":{"X":1.9049652101627448,"Y":0.7621189907123777},"Coordinates":[3.810002,1.5245184,3.7606995,1.5241406,0.0152564,1.5243365,-0.0,1.5232673,-0.0,-0.0,3.810002,-0.0]}