{"Index":-1,"Centroid":{"X":13.317220999999934,"Y":80.64500299999952},"Coordinates":[13.9486247,78.740003,13.9486247,82.550003,12.6858173,82.550003,12.6858173,78.740003]}