{"Inners":[{"Index":-1,"Centroid":{"X":42.48079633905146,"Y":41.28966236343965},"Coordinates":[13.43524,11.703479,12.929062,11.886844,12.478522,12.181541,12.107689,12.571827,11.715352,13.244293,11.706712,13.267418,11.642978,13.517285,11.607379,13.760598,11.588752,14.154043,11.588752,70.961253,73.35647,70.961253,73.35647,13.209845,73.253771,12.429763,73.149465,12.177946,72.98353,11.961695,72.767279,11.79576,72.515462,11.691454,71.73538,11.588755,14.42109,11.588755]}],"Index":-1,"Centroid":{"X":138.0491789031296,"Y":134.73129318656285},"Coordinates":[92.72397,57.05603,92.72397,75.06901,92.68985,76.02337,92.60499,76.81492,92.51997,77.44036,92.43334,77.83563,92.36113,78.19593,92.26412,78.93282,91.9778,79.62408,91.70802,80.43332,91.43701,81.08758,91.28414,81.38865,91.0191,81.93857,90.71907,82.66293,90.29205,83.21944,89.9228,83.7935,89.5013,84.3428,89.29439,84.58083,88.81248,85.1533,88.78484,85.18367,88.26125,85.86602,87.74187,86.26455,87.36702,86.61335,86.84098,87.017,86.51763,87.24442,85.93061,87.66416,85.82338,87.73666,85.05813,88.32386,84.49653,88.55648,84.19688,88.72002,83.59332,88.97002,83.22607,89.11066,82.51824,89.38517,82.29552,89.46816,81.65047,89.73535,81.14844,89.84737,80.73978,89.96676,79.97015,90.06809,77.78822,90.32875,10.05534,90.32875,9.40113,90.31115,8.8991,90.28544,8.3693,90.2384,7.70319,90.15965,6.95567,90.04834,6.39527,89.90137,5.46984,89.68847,4.132,89.292,2.8223,88.75405,1.56096,88.10699,1.07956,87.82995,-0.61735,86.74912,-1.84843,85.67478,-2.28881,85.25931,-3.64801,83.87837,-4.6012,82.51307,-4.82411,82.17315,-5.86821,80.49959,-6.43988,79.1221,-10.97506,67.65925,-9.0501,67.65925,-9.30754,66.35035,-7.77875,66.35035,-7.77875,13.83867,-7.73536,12.55403,-7.00866,4.99877,-7.0056,4.99877,-6.97097,4.6388,-6.05784,4.6394,-5.58745,2.84301,-4.70779,2.84648,-4.64523,2.74083,-4.59449,2.66468,-4.15974,1.94913,-3.79299,1.44048,-3.61384,1.21124,-3.50933,1.07219,-3.37766,0.9037,-3.27314,0.76463,-3.14147,0.59614,-2.99676,0.40532,-2.92404,0.30226,-2.79972,0.14419,-2.76655,0.09718,-2.33006,-0.43467,-2.01735,-0.76298,-1.42111,-1.4025,-1.01548,-1.77572,0.57993,-3.15109,0.96615,-3.46806,1.55975,-3.88586,1.56933,-3.89183,1.95493,-4.1656,2.43493,-4.44767,4.40128,-5.53993,4.84202,-5.77551,5.85473,-6.21428,6.42965,-6.40056,9.08119,-7.22722,10.04049,-7.42609,10.6423,-7.48864,13.58785,-7.77875,72.68207,-7.77875,76.81313,-7.31328,81.15197,-5.79506,85.0442,-3.34941,88.29463,-0.09898,90.74028,3.79325,92.25851,8.1321,92.72397,12.26316,92.72397,24.98597,93.61297,25.00131,93.61297,57.0407]}