{"Index":-1,"Centroid":{"X":13.325108499999958,"Y":80.6450029999997},"Coordinates":[11.895274,78.740003,14.754943,78.740003,14.754943,82.550003,11.895274,82.550003]}