{"Index":-1,"Coordinates":[67.7399884565691,202.03885570734226,67.68834853767132,202.0274871428832,67.64193927962351,202.00214732739164,67.60445485936593,201.96485331017988,67.57410916863614,201.90994258805023,67.5000603574018,201.58615811230257,67.50006035740176,201.1264186104844,67.50006035740167,198.95149436398026,67.50006035740167,198.87611816965077,67.50006035740167,198.80970706197863,67.50006035740165,198.76641162321872,67.50006035739217,13.766036933988444,67.50006035739216,13.449351391182528,67.50006035739196,9.495497154014144,67.50006035739196,9.439218666966656,67.50006035739194,9.366327585253096,67.50006035739194,9.292320293877301,67.50006035739185,7.136143044586615,67.50006035739182,6.631752513878286,67.58370939386316,6.349903958879522,67.61231380386992,6.305432471274529,67.65220123953763,6.2707205431000075,67.700196660986,6.248531243839749,67.75247963266875,6.240630841714341,67.80488843003889,6.247648208733113,67.86227192134243,6.273011901205683,68.11711591561392,6.486021576520058,68.18993608817308,6.581861966837934,68.27402559197887,6.7119762458117,68.4356772227436,7.101129493160875,68.79892889297227,8.639145440437886,68.83047827553928,8.823311650148733,68.85118880482227,9.33195100916493,68.85118880482227,9.343258897602976,68.85118880482227,9.35905113862839,68.85118880482227,9.388038491525073,68.85118880482227,9.44557221518003,68.85118880482227,9.504709736179134,68.85118880482227,9.555101799145715,68.85118880482227,9.587625111771047,68.85118880481738,195.9033235805311,68.85118880481738,196.07487031899217,68.85118880481737,196.27544818203788,68.8511888048173,199.07729013718136,68.8511888048173,199.1601412029717,68.8240480240473,199.53451699196003,68.43642630491553,201.17570791349925,68.38227159773757,201.34598120008286,68.24071861628563,201.61751361151923,68.06527820975735,201.8538912955198,67.84242896492417,202.017243476866,67.79274849877461,202.03534808303812]}