{"Index":-1,"Tolerance":2.035086329100981E-06,"Coordinates":[213.9436165383449,-41.06107018700496,213.99079466872408,-40.889385182092994,214.22454633480942,-39.739317824242555,216.12667991445264,-38.882117136060316,217.40279400538023,-38.59740493662437,218.5140817695404,-38.405238036171085,220.88429586616485,-38.99160675892326,220.89340097638672,-38.99384501584133,221.95108348044795,-39.25219351585412,221.98325452604627,-39.2598742418407,226.3120889352304,-40.269565152356506,226.230924393317,-40.29554518125098,224.70957497821158,-40.820990364191644,223.35312729911547,-41.206758267814116,223.26464117060897,-41.233320721675334,220.69877895870957,-42.04443695107932,220.535180791576,-42.10110320803387,219.54287004861402,-42.475410694373046,217.18687555647242,-42.13958131747354,217.13766092395068,-42.13295839690582,217.0911477173294,-42.12706895924105,214.861325181305,-41.50742664077021]}