{"Index":-1,"Tolerance":2.135144261573691E-05,"Coordinates":[-6.345283061463155,-35.249987202828834,-6.344109270252817,-35.29131520368235,-6.211369941999947,-37.323238297435715,-6.197131221178663,-37.54233326726461,-6.196626990729287,-37.54878258283488,-6.147003556893439,-37.93750399676238,-5.969817158474969,-38.86549576216551,-5.965143368237497,-38.889473074287196,-5.963393775434827,-38.89826845717089,-5.954473684604679,-38.94504674200836,-5.949660867762025,-38.969753208222556,-5.6949260481917205,-40.25035910761137,-5.597532808018545,-40.62133720786048,-5.596125933027202,-40.626418882189455,-5.286229366339533,-41.571622440953895,-5.275485179547652,-41.60381079827403,-5.27391029934484,-41.608446328515576,-5.270258876547731,-41.61958342981193,-5.259780028909995,-41.65099055243013,-4.840076405936221,-42.88741243322405,-4.6983321947244185,-43.2357524226658,-4.695691348236333,-43.24198922532678,-4.2798800978458855,-44.113426717873914,-4.261672858028705,-44.150949333523215,-4.246163089341402,-44.18340992193235,-4.228214990820394,-44.22040673360231,-3.6508729093143413,-45.391128505721944,-3.6480323142413225,-45.39614110399668,-3.611241833700528,-45.4610345710171,-3.4704430916104805,-45.70938464041181,-3.4671442757442215,-45.7151954187015,-2.941338839456853,-46.52922874621439,-2.9161835590834704,-46.567531445739164,-2.8996908583801577,-46.59306475630239,-2.8725707829079394,-46.63434292230734,-2.1472081719699845,-47.71988920820451,-2.007518683228874,-47.905399372164624,-1.9276804913104149,-48.01145066427725,-1.2840839704750515,-48.77272300403845,-1.2541701119912072,-48.80748667294566,-1.2154978333621793,-48.85242325502839,-0.3544873605942464,-49.83422929711215,-0.1092994022334176,-50.08451732916063,-0.10353913941036146,-50.090392897130755,0.6320739279044312,-50.76280731117217,0.6656825198398224,-50.792919006805064,0.7155057916388239,-50.837548991587255,1.6971688734949582,-51.69843380153608,1.9661819198857349,-51.90984680493709,1.9735601919360184,-51.91564006504059,2.7888592696352523,-52.48816088066848,2.825294310090456,-52.51313895349969,2.8870094314401658,-52.555436735564875,3.9921271397196025,-53.293873362857134,4.13665469590358,-53.37838012181728,4.304940389646678,-53.47745338874477,4.314550774091789,-53.482397801188185,4.320910214801825,-53.48611623203552,4.379665853087898,-53.51589862612201,5.099892653438438,-53.88644554587052,5.148094412143871,-53.910728797741946,5.5598987964018,-54.11382756456764,6.693924485633322,-54.67308516405442,7.089616641920564,-54.83610032285489,9.44890944752349,-55.62690335639371,9.8903781828959,-55.74041184112272,10.260868231010667,-55.80779579009788,11.869827531422505,-56.11254798896998,11.879007512533141,-56.11427278076762,12.044123101595568,-56.14504433859005,12.25004538699785,-56.18600209844546,12.288203174441549,-56.19053201251308,12.293527991440712,-56.19152436529524,12.353437866275414,-56.19827637003568,12.743243161219779,-56.24455223159626,13.875020145064001,-56.289833638453146,14.639480344976059,-56.3399276979396,14.744982401148516,-56.34508041594372,14.77342447190671,-56.3459956357417,14.883031154511983,-56.353173703991814,14.988602829606071,-56.35291972698452,15.035231103212702,-56.354420149352265,15.133606450666095,-56.35257088733893,15.313735535458694,-56.35213754529106,17.35953030860291,-56.20827116394719,17.748125215186324,-56.18099868672657,17.7600265468085,-56.180099619803144,18.157012693423855,-56.12686593660345,19.100432743168568,-55.93920211637144,19.146572675690827,-55.929667605437174,20.349160317846245,-55.67184264167473,20.525012629125573,-55.62333564279172,20.65923440638825,-55.58708871613047,20.674458984954896,-55.5821124472446,20.70400423746993,-55.57396270203898,20.82528908116939,-55.53281248721226,22.38167913480235,-55.02409460288686,22.737993586978448,-54.911137333440756,22.783430757564936,-54.89289038771689,22.8010760813619,-54.88575260641223,23.18346947576651,-54.731875496298805,23.321637056005525,-54.66373640301397,24.024235803711846,-54.31810352801228,24.87441347387826,-53.92360604381717,25.005055170808923,-53.85425343260306,25.02569723314001,-53.84385259835922,25.064913260972457,-53.822477093557694,25.175004475643775,-53.76403393652153,25.202666315585457,-53.74739194998103,25.39767370166256,-53.64109915216799,25.51486711760785,-53.57394877740545,26.114685404018026,-53.213101962998365,26.200966741573087,-53.15929556394223,26.544798527710647,-52.93715196835161,26.586162688740647,-52.91091073171378,27.368843320184396,-52.38792527792506,27.463458039185028,-52.320094769563944,27.568709055000355,-52.24660603413233,27.680302078585648,-52.16501927199884,28.31233634408685,-51.681475055767464,28.396452144674697,-51.61483816385858,28.539423551279697,-51.49762576844951,28.617906308478165,-51.43322692004233,28.62807331380784,-51.42488428435926,28.699715844131784,-51.366059759069906,29.41932749252194,-50.734984884654104,29.552258970442757,-50.611515482412294,29.56095973103291,-50.602958269907916,29.64744636456539,-50.522005466586755,29.704110641634077,-50.46763669208285,30.328103375709347,-49.853922715421234,30.40162539730889,-49.77918414239464,30.446881036803195,-49.73163433919667,30.45560658445127,-49.72305276758403,30.527632086401685,-49.64678974172011,30.54344645729942,-49.63017368607954,30.547054374373523,-49.62622476945581,30.616454101808415,-49.55274200203324,31.21494724094275,-48.87028349792971,31.246259671610964,-48.834030012440245,31.7182490978405,-48.279154113594174,31.89274107768853,-48.054345239427526,31.895943962167387,-48.049813352866465,31.903945248532615,-48.03949460567131,32.65710327528238,-46.97377223170479,32.682092710171474,-46.937413784159475,32.69521816392523,-46.91884090125993,32.74220569791589,-46.85047448514868,33.31267274478737,-45.996769478425385,33.436802798322695,-45.78179153109125,33.484899943493325,-45.70012622545062,33.492706247487035,-45.68497365010302,33.52052945428706,-45.636787286561166,33.58785687602795,-45.500279706656784,33.64597113013039,-45.38747592464077,33.67065780381648,-45.33852384874492,33.99325867487935,-44.684850618042965,34.543294675702455,-43.62502996002364,34.66720323108005,-43.3343794044701,34.70749960164827,-43.241922005084824,34.71206417145241,-43.22914972761569,34.73199647221582,-43.1823948100663,34.793002123875574,-43.00267449983099,34.84484826621321,-42.85760205181197,34.8615178126787,-42.809757230573,35.071096057409406,-42.19241713289238,35.310631720649255,-41.55085684572831,35.37779285101248,-41.35096005297138,35.40410668875741,-41.26307709016336,35.609420763212086,-40.57889964778553,35.67571345597874,-40.318426466310164,35.940153102808054,-39.058593060659234,35.97769907352562,-38.90075951985676,36.027871647845544,-38.64291230246628,36.04309620728351,-38.54273333527085,36.080356922923215,-38.32613187607878,36.09180195049812,-38.25474516799393,36.17677083685576,-37.6832069769918,36.203941728758174,-37.43221488159813,36.22816999270114,-37.076896249320235,36.35081816948685,-35.29075939274141,36.351046388473556,-35.140544251822995,36.35213372398536,-35.10014275168633,36.35120472670749,-35.03632505224124,36.351465173377754,-34.86489745176231,36.346449526071,-34.78845627564666,36.34411728993517,-34.72061421195198,36.28036116910772,-33.54484082918992,36.27993396089245,-33.522093303791166,36.27118343014992,-33.33872758081219,36.2185469371899,-32.652847791486586,36.20814766133032,-32.55526677959242,36.20597732515632,-32.5331450806528,36.20424847048875,-32.51867894472519,36.198642681596745,-32.46607734438937,36.19319847553937,-32.426218466735826,36.16422680164331,-32.18379891551861,36.13223225802869,-31.975183280670347,35.913766983579535,-30.810460857171424,35.87497835690092,-30.590621724165754,35.631892948120544,-29.46229319171495,35.51337565185739,-29.04976754829976,35.18285605145161,-28.136741411732608,34.80447153729157,-27.022045644054042,34.645407530939174,-26.638013505051443,34.17102267132687,-25.675984561950315,34.01664083391844,-25.322114965765763,33.90368824981995,-25.089526971742078,33.51327162870247,-24.36248406568277,33.43745602247883,