{"Index":-1,"Tolerance":1.1396916635320765E-06,"Coordinates":[14.050260107161634,-35.61468749244621,13.997220196376237,-35.54511311725994,13.967663821338352,-35.462817844706144,13.925828723206084,-35.38589572220161,13.909154344646469,-35.299907023431,13.879487910719947,-35.21730530848616,13.876127303109591,-35.12958869247519,13.859488195546035,-35.04378188396481,13.86951262711636,-34.95693628511067,13.866148878983497,-34.869137697016406,13.889426819913227,-34.78441178963102,13.899471428795241,-34.69739138677882,13.935282698124482,-34.617507813796976,13.958438448210531,-34.53322665064977,14.005970595331931,-34.459825587590636,14.04189837837274,-34.37968221102357,14.100304029692342,-34.31415208484757,14.14796846755868,-34.240546733072286,14.215677472267123,-34.184705086509794,14.273898555514346,-34.11938204250474,14.34904635641686,-34.07471176843943,14.416647487364688,-34.01895908860211,14.498011540345887,-33.98616206355942,14.573412476269887,-33.94134131788151,14.658726664436339,-33.92137942606285,14.739911755852962,-33.88865453861287,14.827243157800197,-33.88194978273522,14.912604207891775,-33.861976926120434,14.9999997877079,-33.868686615032075,15.08739495312784,-33.86197696379595,15.172755634882787,-33.88194973422699,15.260081589173176,-33.88865407772392,15.341259229967005,-33.92137635960335,15.426597508005408,-33.941343887992296,15.502021425925964,-33.98617875888821,15.58335976628929,-34.01896581792252,15.650942019867841,-34.07470287414512,15.726102844370766,-34.11938135221846,15.784331122221426,-34.18471275845183,15.852018491602575,-34.24053650674356,15.89966875420551,-34.31412049026794,15.957948187644883,-34.37950963475232,15.993798192075468,-34.45948000408845,16.04152771941252,-34.53318639228744,16.064786425446403,-34.617832989851244,16.100558359634423,-34.697629208410234,16.11058947093906,-34.784526354192586,16.13384486833882,-34.869160910475124,16.13048427591016,-34.95687034633682,16.140512695839536,-35.043744177371536,16.12386666192496,-35.12958608075378,16.120507765280703,-35.21725125766525,16.090854925664075,-35.29982424614081,16.074158543450007,-35.38592579058127,16.032288927527578,-35.462910464921464,16.00272448825421,-35.545237288759196,15.949627254524573,-35.61489853159831,15.907727626070669,-35.691938389271584,15.844591709865963,-35.75270056136992,15.791475639867429,-35.82238651656804,15.719799201123154,-35.87280120057231,15.656662212916915,-35.93356440436775,15.578120854212408,-35.97245276271587,15.506455847936916,-36.022859405524024,15.422944537963602,-36.049285558747926,15.344442582003818,-36.08815440752704,15.257833034932256,-36.10153311515111,15.17419300583244,-36.128,15.08649474325503,-36.128,15.000004664422837,-36.14136025318459,14.913511924821576,-36.128,14.825984466265663,-36.128,14.742511578471142,-36.10158613066916,14.655494203417025,-36.08814483874638,14.576623691748443,-36.04909314666879,14.493401072273299,-36.02275847137161,14.421980705487929,-35.97252371465113,14.343355214868424,-35.93359334150958,14.280205093956809,-35.872803373315364,14.20868384930542,-35.82249766239392,14.15557015099312,-35.75282649743171,14.092225593440595,-35.69184935941033]}