{"Index":-1,"Tolerance":2.1351753506222752E-05,"Coordinates":[-6.345655895050433,-35.25031027649386,-6.344992641512407,-35.27779452199357,-6.21127230493127,-37.32470891544986,-6.196810168331344,-37.54698080507439,-6.196341991535431,-37.553130651584155,-6.146678252226709,-37.942063256034984,-5.999517532179691,-38.712516849599005,-5.994885004680463,-38.736278311981025,-5.993161885250611,-38.744940687003876,-5.984234405834729,-38.79175735094407,-5.979422507741748,-38.81645901195743,-5.691882661780536,-40.261983450115366,-5.5938665886666135,-40.63520697276955,-5.343675474713884,-41.39865226761717,-5.333418889946015,-41.429404324047134,-5.331312726547988,-41.43561338819647,-5.318562134984731,-41.47450366535191,-5.308081992449746,-41.50591464877478,-4.83448419638549,-42.901101727498194,-4.832536821136788,-42.90591261056027,-4.775959421428577,-43.04506455906552,-4.693569874499358,-43.247701355188,-4.691367723113586,-43.253086731552806,-4.332940268331916,-44.00426096553561,-4.314372660740494,-44.04251297461491,-4.311423035548606,-44.048679370970405,-4.2934585816261155,-44.085710398854445,-3.641741602836081,-45.40724583297314,-3.4600876926358124,-45.72739688120137,-3.4560540548069443,-45.73429286069855,-3.006738566373474,-46.429909091007936,-2.981095322846242,-46.468967042041555,-2.9528724929078853,-46.51195243260063,-2.1341853320466257,-47.73716211549615,-2.12837376510796,-47.74487978182572,-1.9187524780408278,-48.02324420828417,-1.9143741434756734,-48.029050811641305,-1.3774147086976762,-48.664189878292056,-1.34741292581279,-48.699056635520165,-1.308776422059003,-48.743950822113405,-0.3370814913832872,-49.851969217676114,-0.09189466323617002,-50.10225609057993,-0.086136671648975,-50.108129405484085,0.5279321806565395,-50.669442661171345,0.5615640034080005,-50.69957467548521,0.6113639044931873,-50.74418332409651,1.719164147810945,-51.715686657054206,1.7269347787456395,-51.72180047452138,1.8073551729284623,-51.78500228322625,1.9880669831051838,-51.92702236787884,1.9957600537603248,-51.933053482241235,2.6767808853766333,-52.41128172858031,2.7126501001888634,-52.43586229633782,2.7743962868826806,-52.478181946713136,4.0192318844186055,-53.30997885163291,4.3189603544242745,-53.48521530378848,4.348522589585243,-53.50255520412747,5.112158565768271,-53.892653760262746,5.15222625701598,-53.91276665209555,5.38622611311765,-54.02817542939374,6.682961474465617,-54.66767368447545,7.076472446591623,-54.82995646138445,9.41959136892252,-55.617220893667145,9.863229029141115,-55.7314588439239,10.190028940179747,-55.790897960644436,11.860415951800578,-56.110768379398145,11.875882361933927,-56.11369039215496,12.004494576668902,-56.137658609963054,12.210396282706997,-56.178612276601065,12.248562290988783,-56.1831431554924,12.253952481543102,-56.18414767330977,12.314385794773075,-56.19095739484507,12.703595887510525,-56.237162483427014,13.647622734574641,-56.27493162847085,14.639475564117278,-56.339927438543015,14.744980969220885,-56.345080371906434,14.756744645095324,-56.34545890749971,14.864688404062473,-56.35254371173873,14.970717477408051,-56.35234419861866,15.0182677867765,-56.3538742887673,15.115347908442548,-56.3520720499745,15.292978929557002,-56.35173780467625,17.298538987598977,-56.21252236708471,17.713052730319077,-56.18380768170664,17.72521029700564,-56.182895828484924,18.125039585812026,-56.12946277822739,19.304186623337383,-55.89490772783989,19.350322791835353,-55.885373994730536,20.357955382703338,-55.66934643916683,20.597642448305482,-55.60321785740607,20.68670275055249,-55.578962674031956,20.692419687089735,-55.5770692441371,20.713117181234992,-55.57135889873157,20.85259930615844,-55.52401830027669,22.264848147645658,-55.0562862976519,22.767212802591764,-54.89702841872673,23.212565580638802,-54.71782686838234,23.3338420896772,-54.65802419345137,24.266333623145684,-54.19900035180372,24.962720558845916,-53.87586416565032,25.097299148515273,-53.804425440743586,25.12378374303063,-53.79104187651179,25.163058292173545,-53.76951833267055,25.263188334257165,-53.71636602553993,25.295350036766852,-53.697018782027016,25.407117213281,-53.635767264792264,25.517964855427824,-53.572085198302354,26.11468710100748,-53.213100942100446,26.20097176585139,-53.159292393348956,26.423602563727414,-53.01545420482568,26.46497092482823,-52.989210286093694,27.44253028198949,-52.33600654494799,27.506258527204952,-52.29031841398278,27.585225375685187,-52.234677929426304,27.685695960470326,-52.16089262803231,28.312338867746334,-51.68147312501622,28.396459582990357,-51.614832202683004,28.44968357788132,-51.57121941957243,28.529446083309445,-51.5057715198568,28.53848009012973,-51.49835870313645,28.610055948131336,-51.439591737065676,29.505663403226155,-50.654173232311855,29.638592906390393,-50.53070556190629,29.642388256432117,-50.526972828830935,29.667434673132103,-50.50370851351298,30.374242434409187,-49.808543685109186,30.39344761851587,-49.78828981452152,30.555381975929393,-49.61691005338587,31.30773230391451,-48.759008556581236,31.339040664247218,-48.72275983619191,31.73998995485842,-48.251401119276224,31.91460123057736,-48.02642429265513,31.917845669220966,-48.021832994923976,31.92573901423875,-48.01165217157073,32.54290333288876,-47.13836058665495,32.56781597830081,-47.10211241922806,32.58093449249106,-47.083550064268195,32.62795526681384,-47.01513658983213,33.32687614224624,-45.96919982348689,33.451005648753494,-45.75422278363223,33.49910298316608,-45.67255715509002,33.50690939320276,-45.65740437327471,33.534732567300075,-45.6092180574252,33.60205989540167,-45.4727106673762,33.64597080925663,-45.38747654646418,33.67065676745526,-45.338525918229806,34.09912661438029,-44.470335695381706,34.55537419486682,-43.591229013391875,34.679279810535206,-43.300585451336886,34.71957709765369,-43.20812612409853,34.72414220359434,-43.195352402369075,34.744076348071374,-43.148593175791085,34.805081042185606,-42.968875686448165,34.844846324737254,-42.857607588749794,34.861517829417565,-42.809757217998644,35.14916300242254,-41.962459487612286,35.342643160226075,-41.44425129069568,35.4097919825635,-41.24439529310695,35.434664914002035,-41.161328597120544,35.61041152853166,-40.57557422516099,35.677981950145075,-40.308917819026355,35.976519833871954,-38.872093755909894,35.997604229245255,-38.783462963631095,36.047780862009695,-38.52560034932332,36.05927320459368,-38.449980451709,36.08209017656298,-38.31552751091314,36.09232864846484,-38.25120236525745,36.17686722039102,-37.68255865883976,36.20412713327473,-37.43025765999002,36.22443378362273,-37.130629371739346,36.350672419296124,-35.27424463164275,36.35083919187185,-35.13185383127368,36.35221602535912,-35.077890286237064,36.350987699289945,-35.0050578635767,36.351168869890905,-34.85037399686856,36.34568429489392,-34.76683057880557,36.343272639774725,-34.70186259416677,36.26811002257441,-33.392562263365605,36.2675208101629,-33.361215815455274,36.254380806352295,-33.12621394501827,36.24496210635244,-33.02514015362195,36.18283216297858,-32.323516392588346,36.138926171909425,-32.00835502432946,35.8749464767493,-30.624726489189488,35.84503720662071,-30.455211223041307,35.635674733901084,-29.483421001881535,35.51716003088828,-29.070904311795832,35.241046324772675,-28.308165212622892,34.80447092065097,-27.0220439897069,34.645406665981675,-26.63801158234142,34.08908962730243,-25.50982926839404,33.96633433231371,-25.228454535107474,33.853384621810115,-24.995872898851154,33.51384412462073,-24.363572156956582,33.49354211158114,-24.329734130701794,33.48892870869005,-24.32138606832754,33.43410899094183,-24.230675013131766,33.358306004479225,-24.10433170712013,33.284488721422804,-23.993605782535973,33.028986839092106,-23.605608861591254,32.81990194047798,-22.87023741239834,31.176557167018757,-20.84620755928368,30.76966148895935,-20.6323621577208,30.743971150510458,-20.60306751086121,30.705775155864696,-20.560298032630328,30.196230641623536,-20.000009020429847,29.940383517843287,-19.74875586901461,29.89623932408349,-19.710047516135337,29.00155680504912,