{"Index":-1,"Tolerance":1.1296566924839624E-06,"Coordinates":[13.967664009439204,-35.46282221676804,13.909157368667607,-35.29991817321057,13.876129596535199,-35.129594492950396,13.86951352237092,-34.956912412676736,13.88942445448835,-34.78442039918845,13.935282541736175,-34.61750838301146,14.005967823000484,-34.4598320388216,14.100301779833755,-34.31415632941297,14.215680846508647,-34.18470250540486,14.349048396613245,-34.07471023477212,14.498006934741076,-33.98616436635964,14.658728611850908,-33.921378970405,14.827243157800197,-33.88194978273522,14.9999997877079,-33.868686615032075,15.172755634882787,-33.88194973422699,15.341260690388461,-33.921376701314095,15.502017971727078,-33.98617703177817,15.650942458893514,-34.0747033758191,15.784325584714056,-34.18470837282707,15.899672540317713,-34.31412633697691,15.993801332489838,-34.45948485367765,16.064769167007746,-34.617791568628746,16.110589487222597,-34.784542201021104,16.13048420782449,-34.95689105193016,16.123867329208377,-35.1295826396411,16.090856700560828,-35.29981509317883,16.032305659656284,-35.46285816484207,15.949594190593093,-35.614943571677195,15.844603071931529,-35.75268748465194,15.719794962771106,-35.872803669642074,15.57811984979975,-35.97245309138614,15.422953295713604,-36.0492809606513,15.257863500281871,-36.101521502701445,15.086461898114383,-36.128,14.913511924821576,-36.128,14.743933994923392,-36.10180584672884,14.609722012535753,-36.05925301793892,14.252796750446125,-35.8464165955441,14.15556390454674,-35.752818303741385,14.050254466840492,-35.61468009383235]}