{"Index":-1,"Tolerance":2.7352467693144438E-05,"Coordinates":[-0.6933127414660454,-49.44809140595375,-0.7391105056630123,-50.28783256481021,-0.7334735698188728,-50.717278225575846,-0.6764473765145532,-51.4220841627242,-0.593132056767356,-51.931792265046084,0.16067692228592584,-54.968509651441906,0.19394230914633778,-55.09185245391055,0.5050751925581707,-56.15956989831508,1.375521244297342,-57.592104328213686,3.3296756769538804,-59.4581105745295,3.365428762482482,-59.491726514104975,4.76809795408203,-60.79027475560355,4.834341821786133,-60.84989677862144,5.519680599506563,-61.449533486036174,6.125486113846923,-61.86674360440134,7.871353231141125,-62.79210993051374,7.87690857122789,-62.795047402807434,11.651798951499773,-64.78630154656032,12.039644499304211,-64.95884267170696,12.57725371140948,-65.15615572539295,12.704108666893717,-65.1996967801245,16.09367908820893,-66.28365711479428,16.431186936842614,-66.37149541052673,17.412754135413152,-66.57016221770704,17.500416661294793,-66.58662667637407,18.40172036457663,-66.74283337344824,18.434626121875556,-66.74835839664843,20.93157453082545,-67.15412873427628,21.179774516740494,-67.1844910694886,21.89858505753768,-67.24382105483657,22.250137200636424,-67.25330960019862,23.201222348222515,-67.22630610933774,23.236929866129316,-67.22509118743515,25.26275157778758,-67.1447503749399,25.46074818783472,-67.13069000892536,28.418453501166525,-66.82750304583358,28.6894325133989,-66.78785805551519,29.742052034617707,-66.58717133681745,30.143573484581378,-66.48306509278989,33.18074056712967,-65.47997555399755,33.51197606025872,-65.34957823282201,34.03109558110971,-65.11081890137775,34.194947038693655,-65.0296644024348,34.89824830879769,-64.65573433250924,35.8482494000286,-64.20423813352016,35.975907461881086,-64.14000716227105,37.53834326527489,-63.309295265580076,38.1032221559966,-62.92610096078112,39.54550024143503,-61.702758875278384,39.560147902166214,-61.6928118595856,39.9291953815001,-61.379165605507254,41.665509274879454,-60.240690975649585,42.03482923855607,-59.957836183818664,43.83345207123862,-58.35851063677891,43.93339578885987,-58.26572237521951,45.58621690089316,-56.66378928840017,45.80058539532441,-56.43441787354262,46.63096478964878,-55.45288712137514,46.735121815974665,-55.3230141175156,48.41030956746321,-53.118214222689346,48.508478071677565,-52.9816474903268,49.02555359875657,-52.22057416116763,49.24267754414121,-51.849192053881225,49.79278458557914,-50.74256174850265,50.37140469855202,-49.7118001085012,50.5770438836622,-49.26886137180899,51.41885819788991,-47.01726027701925,51.546517170113816,-46.58430263264418,51.837899492589315,-45.2542837115583,51.84146520951807,-45.23779860928971,52.22237479857299,-43.453850559205684,52.28999225868891,-42.91578427391572,52.32493439348091,-42.03526493245618,52.41212423753642,-40.91115001407675,52.406741486488016,-40.35754466230349,52.36059910956823,-39.882622016377475,52.3429574249897,-38.81644986581157,52.31409631535502,-38.438517086435866,52.159424896627264,-37.3073242573326,52.149334247573606,-37.23906113046414,52.00623235288689,-36.33872341973297,51.946556747733325,-36.05026998468513,51.572081681206896,-34.586044293659604,51.54630688162678,-34.49138035042723,51.356390638507165,-33.83410286163699,51.27415336647088,-33.58774254710439,50.6753212924349,-32.0115229990667,50.60574544741012,-31.84310883735522,50.30883368385012,-31.1790657366696,50.248264090432976,-31.051312992737135,49.41914077834011,-29.39862036219054,49.239387952592935,-29.08596072798041,49.140603153991975,-28.93470515677181,48.465810908997874,-27.697638494506062,48.208602410481745,-27.29981074737167,46.834206870478944,-25.48625193079052,46.46088323683124,-24.875670546161885,45.95250449281604,-24.24246099370606,45.02604366595091,-23.35017889268081,44.510280720662735,-22.661816445840593,43.90079270506417,-22.044947981527603,43.00823938605668,-21.359265354845526,42.64870052807733,-20.97951161057808,42.20337620065362,-20.589281006275254,40.176909940977,-19.12296478173301,39.809843728775796,-18.89372536512744,39.70878998872777,-18.839808084049395,39.64028163205752,-18.79448926057002,39.12898753284028,-18.486112968081688,39.097951464305225,-18.46763415648498,38.63762039080723,-18.197088790488706,36.54019798477091,-16.712038738789676,36.524432028191804,-16.700947576775953,33.46309432010113,-14.561195813837431,32.75559607460883,-14.18899030723497,31.512386612323706,-13.723071608251447,31.170068451238013,-13.616384901697844,31.003212048405196,-13.57454854523104,30.69656165101598,-13.449325859297888,30.265488602256504,-13.341241931856441,29.958844883948995,-13.216021291668842,29.527755713657072,-13.107932959839365,29.221115260374024,-12.98271433861731,28.131706893896137,-12.709563069235797,27.613674923286897,-12.624346842247267,26.675658494159386,-12.548757427255524,26.16959244840571,-12.548374213909735,23.565741222882167,-12.75423518551579,22.080389124850363,-13.253801830151106,20.382873305337046,-14.341836829287239,20.36102152534998,-14.33521181508975,20.059078103898205,-14.259602696958307,18.818648487364054,-14.01285967016554,18.694324705977365,-13.990689939903534,17.36069706569732,-13.780145846616307,17.007573916637458,-13.744464831408148,14.97946403144288,-13.653496400786157,14.740381033241562,-13.651780624255455,14.246991497891456,-13.666819362487335,14.073604208738153,-13.676855821409651,12.159067732156208,-13.840310766285151,11.807856257905607,-13.890168874881331,10.549941934040758,-14.141060342812803,10.480989320405806,-14.155610419613643,9.425608195321548,-14.390575326898484,9.09478189562975,-14.48325844085228,7.894364073674393,-14.890739875531505,7.80030061494949,-14.924328674545785,6.572558738866299,-15.384637032490465,6.244089554235151,-15.529442707146695,4.349713212446071,-16.495859281247302,4.028288640633725,-16.68435945116676,2.9759052723646198,-17.38755981400892,2.920684955960217,-17.425305273853397,1.9146809207579956,-18.12861340247274,1.6161433918640218,-18.36517746516756,-0.05767076704897317,-19.86329112741818,-0.3386926809089839,-20.148685098574816,-1.8740355656086742,-21.918323047447366,-2.1251502680629906,-22.249171080913953,-3.447600962270334,-24.250800361331912,-3.6530101463020572,-24.61071034295796,-4.675639867607645,-26.709583922074255,-4.8298633827744215,-27.085383818768616,-5.570653810555085,-29.28043515079146,-5.676003957724486,-29.674433470953208,-6.136440488912054,-31.980515296424826,-6.190954047898254,-32.39191559665466,-6.349866082497356,-34.781312489098575,-6.350111725798553,-35.19943232606637,-6.196558709482325,-37.54995862795025,-6.144789553656516,-37.94990991597382,-5.703104228854379,-40.21945398775064,-5.5988808243040475,-40.616333065244,-4.856201772550847,-42.84693027829898,-4.7055252626097985,-43.21916754320966,-3.7354401071798606,-45.23849570600908,-3.5510831015982034,-45.56997829802728,-2.8891134917961465,-46.608966310966835,-2.851305776445248,-46.66690435235018,-2.151491456897664,-47.714216690309144,-1.9360573439350326,-48.00030084414086,-1.2214508532075103,-48.84556733002202,-1.1829996859644623,-48.89020239765456]}