{"Index":-1,"Tolerance":2.5220478093057926E-05,"Coordinates":[-6.3470200176508165,-35.188345852448,-6.343800810281009,-35.296036798224584,-6.2132274501505504,-37.294807525241254,-6.199474207738951,-37.51128338019252,-6.198669504206359,-37.51763775737436,-6.196869711512644,-37.54518666087465,-6.146923347652208,-37.93568164798963,-5.894165801254308,-39.255695468304474,-5.889616106434653,-39.27898451817841,-5.828714747467906,-39.584652783307355,-5.72104182827323,-40.148081774563224,-5.70107646149336,-40.22528027269893,-5.699554058942059,-40.23292142087896,-5.669089201914839,-40.34896286897503,-5.618848762213767,-40.54322358721592,-5.61506255825962,-40.55475178700344,-5.60265181145185,-40.60202465062596,-5.198661614755145,-41.83421927174214,-5.188182455924609,-41.86562720123072,-5.075806346083022,-42.19667907284639,-4.890536852540821,-42.76078829445197,-4.850155481474322,-42.861427650140875,-4.847458600270253,-42.86937232172672,-4.811531582221302,-42.95768699528831,-4.738548762046249,-43.13957641124402,-4.731754583777567,-43.153792320970574,-4.705983172874315,-43.21714279826433,-4.135738848865112,-44.411425298446815,-4.115801838128078,-44.45242057022664,-3.981000093536674,-44.7246193808907,-3.7321086237362273,-45.245383870309254,-3.6536293440544094,-45.38566796450719,-3.6499587260695874,-45.39307992226538,-3.618921002132132,-45.4477101790563,-3.5329589782977098,-45.601369905520734,-3.5219785845498146,-45.61834089853584,-3.471612086293105,-45.70699220360474,-2.8781635977348343,-46.62574851204176,-2.861704958640592,-46.650966010814514,-2.445987301191902,-47.28136586847164,-2.2654437772542213,-47.56040896619303,-2.0223830427059992,-47.88790655416442,-2.009672715512215,-47.90291498856902,-1.9996262571151644,-47.9163483566774,-1.8816336965103084,-48.06467541364791,-1.2318600261480834,-48.83325492431822,-1.214557587551212,-48.85354750541625,-0.6697991501755567,-49.487041039612166,-0.6349904917959583,-49.52603039315738,-0.513873028444126,-49.66903572325212,-0.23051582356961686,-49.96301859183019,-0.20791134398101513,-49.98363869749944,-0.0798487488825639,-50.110829071214205,0.6908203412294683,-50.81528722980522,0.7178912964758936,-50.83974840530319,1.2462438370125364,-51.31167903876781,1.2595340865258662,-51.698180875686454,1.2940951149917321,-52.06882248144086,1.4922338260516703,-53.365927371055975,1.7986625664414457,-54.32377205737013,2.7260090966323705,-56.15996954952607,2.9130000404834426,-56.481854833628866,4.059340981441443,-58.21304887994703,4.2099698737978315,-58.42165114507973,5.595198811171659,-60.1848839574643,5.950888291502088,-60.56807195428695,7.087051082048657,-61.606134505749445,7.447677209283747,-61.89067022224043,9.691926344052769,-63.411891216091036,10.357273072105514,-63.75644754031165,13.126541453706794,-64.79872748153907,13.247543257014668,-64.84149821107482,14.886363011121245,-65.38377522395874,15.263087054107075,-65.48327130644903,18.453033629575632,-66.11952080273531,18.531015618069752,-66.13406421201906,20.425890472991945,-66.46301393089271,20.925166852371003,-66.50956107059852,22.215991735399033,-66.52767813013529,22.600567823200194,-66.50975314462211,24.783224929805318,-66.27490197302642,26.166856855044973,-66.16929554675625,26.76923549875639,-66.06440818142059,28.68136860133786,-65.53807135235208,28.948748362878476,-65.45157905775058,30.50006698213182,-64.87277913135509,30.6975679146007,-64.7914244450495,33.11093850436668,-63.700990454104144,33.66182826435901,-63.38225726192658,34.72167269253598,-62.61813646315083,35.0703809451164,-62.32667888421997,36.98767899403837,-60.47590857317255,37.29637087483576,-60.131110994050196,39.395541063253276,-57.41154153821177,39.532052313630565,-57.2204785262669,39.849346090913535,-56.739763544854675,40.072213786723694,-56.34297663817735,41.18846167230126,-53.972715762838995,41.214016462206054,-53.91706623850294,42.34317184034724,-51.394285212205524,42.44842342561673,-51.12742393885264,43.09271710686375,-49.24951176043136,43.1846567958847,-48.92699720962235,43.60856694250703,-47.07403858365225,43.66790748626086,-46.7273711170352,44.07270114120861,-43.196881581410736,44.09044750883098,-42.69768084574229,43.92352204396691,-38.82609349217519,43.91846179267004,-38.73750927432203,43.846238726691524,-37.72248620774856,43.800939868033765,-37.36839041957726,43.40103544678169,-35.212868903837105,43.3786322399548,-35.1029725012083,42.65295621452078,-31.83889474790752,42.54679119448752,-31.468824112976776,42.089215739822485,-30.175218862479877,40.9229885037272,-26.61650153987681,40.606560853678545,-25.935257355830373,39.87449187106331,-24.74918799757525,39.23090809620791,-23.50345186096779,38.827468101761426,-22.901942314497283,34.8211037093191,-18.190866993707903,34.48045374113102,-17.84714335311807,32.17046251645443,-15.846663145799775,31.568370161069836,-15.43560238057423,28.98993300844506,-14.078943490410044,28.511190538793787,-13.87514543312825,26.115301094639403,-13.079669987011483,24.39207106054132,-12.992577078299844,22.48509180451992,-13.418153955976168,21.05103099380022,-14.149774477408355,20.71863403053152,-14.443632635976178,20.433582271635686,-14.357210754059835,20.370840925376932,-14.339898212717426,20.332370767938627,-14.327961168702412,20.279711155870668,-14.314752308203442,20.13984468644629,-14.279811153390382,19.83603857002558,-14.203637546458086,19.543564911801553,-14.145459626828828,19.448919117096956,-14.128119502654384,19.30990471484553,-14.104821853160466,18.777643767494823,-14.00551624424766,18.720101814387498,-13.995327505694084,17.693139168392644,-13.823218534485791,17.467645159971244,-13.793683727058982,17.427760833659704,-13.789906355539195,17.120407840632417,-13.75417333134775,16.82265532220736,-13.734659963756382,16.800481449882138,-13.733508991310664,16.777072644355368,-13.732308789103005,16.73345642082697,-13.730073038323415,16.014102921716,-13.693433019891168,15.972011873743881,-13.691568253364101,14.966500635832142,-13.65370371033239,14.79277678621514,-13.651917523794015,14.698566474288679,-13.653443378127868,14.3696988105218,-13.657932284794335,14.07209073768925,-13.677433030096902,13.992228407589506,-13.683678680888823,13.816691682547235,-13.699636822450472,13.271198241821013,-13.740491908103715,13.220872492803283,-13.744663794448854,12.21242526475581,-13.836341942347687,12.035690991971176,-13.857417327865797,11.963002691234768,-13.868159053030489,11.927136501194843,-13.871420201666645,11.527712971973935,-13.933550127967376,11.222814050481299,-14.00107501494738,10.511002811162339,-14.149239921826656,10.468043164028154,-14.158492688739619,9.504314570789758,-14.37305252326379,9.32758434678173,-14.417759335124556,9.278705550248212,-14.431628281770188,9.25122343270762,-14.437714719011513,8.859856553860523,-14.55114348016123,8.560679597346287,-14.659080216034543,7.87705084449869,-14.896972357014773,7.839600843874774,-14.910267702124319,6.8263809787955125,-15.277133018582449,6.525082482877381,-15.404120204778094,6.453930264970637,-15.4385216370521,6.447329029948176,-15.441128927846695,6.15936211727801,-15.571788115487315,5.848099070771235,-15.732153346202974,5.339957009638448,-15.986690879591817,5.307808051325434,-16.003023901317974,4.379114558586396,-16.48149348411663,4.2356137775394345,-16.562915199619663,4.2104222422354365,-16.575893907250947,4.168572864460582,-16.600953920468044,4.156171891258555,-16.60799017842183,4.139390232772995,-16.61842890276611,3.8626561629383014,-16.784141269745316,3.6238860535138913,-16.948673255511217,2.958708192783566,-17.399311932632127,2.936026763573606,-17.414821554236287,2.054002076945518,-18.023570251517,1.9660422517171747,-18.09106401966197,1.9427570112288852,-18.107109045813313,1.8560645363068486,-18.175452664202233,1.8000547241155207,-18.218430390318346,1.7811702893452366,-18.234495203228523,1.6222723633277314,-18.359761660649394,1.3429400001705256,-18.61066783898612,0.9178115011474636,-18.98676006487817,0.8984309183964247,-19.004047010017604,-0.05912308535031463,-19.86521649605797,-0.10148920673241217,-19.908100795983913,