{"Index":-1,"Tolerance":8.194222778439705E-06,"Coordinates":[207.80886211704208,-39.42369807904895,208.00177818037017,-38.47454107778036,208.08324343387778,-38.12472740441848,208.18435692516334,-37.78007938762448,208.30479515576738,-37.44169968047737,208.4441728004324,-37.110670881477006,208.6020439398972,-36.78805207092176,208.777903487553,-36.47487542252937,208.97118880539742,-36.17214290114164,209.18128150411596,-35.88082305707819,209.40750942153204,-35.601847927395326,209.64914877309582,-35.33611005396395,209.90542646753144,-35.0844596279068,210.17552258023449,-34.84770176953099,210.45857297650576,-34.62659395245829,210.75367207622952,-34.421843580194334,211.05987575115003,-34.234105722890135,211.37620434547787,-34.06398102153682,211.61559156142258,-33.95002989718225,213.51772656142256,-33.09282889718225,213.8492279093861,-32.95457894275791,214.1880156496696,-32.83529331649239,214.53300587832837,-32.735353656046925,214.74393606457124,-32.684495162266906,215.83921706457124,-32.4401281622669,216.19184416533884,-32.37186161552385,216.54776698390194,-32.32364190144255,216.90584679503175,-32.295623292247456,217.2649379725037,-32.28789542955607,217.62389165436826,-32.30048303758318,217.98155941857385,-32.33334584403916,218.33679695718234,-32.38637870897555,218.68846773742223,-32.45941196116559,218.8538053941345,-32.501009241501265,221.37229036254342,-33.17070887170208,222.96138592903569,-33.512117299321446,225.82372207003328,-34.042485982178476,226.1093284092719,-34.10222464605737,226.1229094092719,-34.105392646057375,226.47024581121002,-34.19684546169839,226.81185582006,-34.30779047264306,227.14664650242392,-34.43787272586118,227.47354674238426,-34.586676041395094,227.79151066838926,-34.7537243438692,228.09952099937266,-34.93848318562651,228.39659229940187,-35.14036145661905,228.68177413044248,-35.358713275581735,228.95415409315152,-35.59284005643906,229.2128607459715,-35.84199274333341,229.45706639318564,-36.10537420712444,229.68598973301448,-36.38214179569218,229.8988983572815,-36.67141002988444,230.09511109465058,-36.9722534364835,230.27400018993828,-37.283709509128,230.43499331252872,-37.604781787717386,230.57757538746517,-37.93444304644641,230.7012902433604,-38.27163858027036,230.80574207185302,-38.61528957928614,230.89059669394106,-38.96429658023353,230.95558262914076,-39.31754298407398,231.0004919640505,-39.67389862839291,231.02518101754052,-40.032223403196106,231.02957080044067,-40.39137089853205,231.0136472682551,-40.75019207227007,230.9774613660958,-41.107538926299746,230.9211288656907,-41.46226817939018,230.84482999498823,-41.813244924958205,230.7488088615434,-42.159346262043115,230.6333726715297,-42.4994648878711,230.49889074687601,-42.832512640515425,230.3457933436728,-43.15742398031819,230.17457027562799,-43.47315939893529,229.98576934697655,-43.77870874509781,229.77999459985756,-44.07309445644962,229.55790438176598,-44.35537468712124,229.32020923926197,-44.62464632103388,229.0676696446766,-44.88004786129285,228.80109356308728,-45.120762186426326,228.52133386734636,-45.34601916465104,228.229285609434,-45.55509811780114,227.92588315686461,-45.747330127037074,227.61209720330888,-45.92210017295778,227.28893166299517,-46.07884910326913,226.95742045882653,-46.217075421713446,226.6186242144892,-46.33633689253655,226.4174209668342,-46.397175211226546,224.62541601220636,-46.906813379492945,223.0051696935538,-47.41900310895969,220.75139161206042,-48.26914568300703,220.41188010362004,-48.386355448967585,220.06628463428368,-48.48418164778037,219.7157108883721,-48.56231129821794,219.36128047750498,-48.620494435401895,219.00412735216167,-48.658544910530445,218.64539417376528,-48.676340986435484,218.28622865889747,-48.673825727063594,217.92777990733984,-48.651007179635016,217.6162661089455,-48.61453264133013,216.31536529651677,-48.42954050590828,216.2934970766934,-48.42677161238958,215.93858623801222,-48.37159471335915,215.5873628593299,-48.296439328542434,215.3909803047514,-48.24523292458007,213.16115830475138,-47.625590924580074,212.81795544874572,-47.51967589623399,212.48129007074692,-47.39452551925926,212.15223928449873,-47.25054019476595,212.0839018651041,-47.21780484869774,211.1661928651041,-46.77144784869775,210.84776960551764,-46.60527678817781,210.5392510762512,-46.421367814228056,210.24162433914654,-46.220309317863375,209.95584160928132,-46.002744557594696,209.68281720849015,-45.76936960141343,209.42342464011992,-45.520931099819386,209.1784937943782,-45.258223897017025,208.94880829321562,-44.9820884879227,208.73510298323717,-44.69340832911886,208.53806158466338,-44.39310701235838,208.35831450386323,-44.08214530966203,208.1964368164571,-43.76151809946297,208.05294642744298,-43.4322511836324,207.92830241423187,-43.09539800557017,207.82290355789388,-42.752036279860036,207.73708706731404,-42.40326454427277,207.67112750033962,-42.050198645148335,207.62523588537084,-41.69396816740176,207.59955904620494,-41.33571282057433,207.59417913229413,-40.97657879249246,207.60911335591973,-40.61771508220024,207.64431393712405,-40.260269823897836,207.6996682565756,-39.90538661364685,207.77499921587892,-39.55420085059482]}