{"Index":-1,"Tolerance":2.4958165035183433E-05,"Coordinates":[-6.346902409973048,-35.19215527336258,-6.343681912961365,-35.29785692555528,-6.21313296306031,-37.29625236999366,-6.199379260146586,-37.51254593524183,-6.198596768015788,-37.51873013265242,-6.1968656418794765,-37.5452247067305,-6.146920947999674,-37.935694180056636,-5.894165540488329,-39.255696830141936,-5.889615303790467,-39.27898859973542,-5.824082719747658,-39.60789981477005,-5.719700970979319,-40.15341285082376,-5.701003980025283,-40.22562910308922,-5.699536235714531,-40.23299530091872,-5.667844489182229,-40.35370608411805,-5.617361558300936,-40.548694041302475,-5.613837278225463,-40.55941430301844,-5.602643915860365,-40.60204873265923,-5.19866182558336,-41.83421862870329,-5.188183101803533,-41.86562527656282,-5.068164172422518,-42.21919283555302,-4.887952057184888,-42.76734237062274,-4.850105244372564,-42.86157280451578,-4.847449918135876,-42.86939492979796,-4.809170815848106,-42.96349073827022,-4.735753154230974,-43.146284944585574,-4.729438358494186,-43.15948514743362,-4.705979693187211,-43.21715008589393,-4.139386167063719,-44.403786593222065,-4.126922028982952,-44.42959053689601,-3.8830738423233813,-44.92865534539093,-3.7288088181155765,-45.25111629228221,-3.53157419346521,-45.603856948652954,-3.518897946615661,-45.62348373364702,-3.4287259426869583,-45.77338703945377,-2.8781640412305878,-46.62574782543706,-2.861706302120789,-46.65096395946036,-2.5459908331999666,-47.129719687236594,-2.4447085162049316,-47.28652043862839,-2.417585756561258,-47.32780254343248,-2.220811602455463,-47.62228470733607,-2.0127489979482354,-47.89858875785004,-1.9940178505168535,-47.92353494903138,-1.8796716971162888,-48.066996148702245,-1.2274475210820843,-48.83847422011173,-1.201210300804768,-48.86911183184663,-0.8837704708046525,-49.235060307166506,-0.7243097833344486,-49.42367805208797,-0.6867812559155115,-49.4672617296117,-0.4531196600498586,-49.73370500262178,-0.207745968850395,-49.98416289554551,-0.1917033931499616,-50.00069126049475,-0.05371747768358866,-50.13471531165989,0.6895907348388544,-50.81416326328725,0.7141779360922348,-50.836403576439196,1.2156306778101365,-51.28525392711228,1.256916137231523,-51.32299239362878,1.3056584531036728,-51.366633836528344,1.506604483478664,-51.54285482475909,1.520641544278389,-51.69339150113888,1.7924371456846244,-53.4726757426408,2.0988661701063926,-54.430518823510816,2.8910748321697635,-55.99913378724123,3.0780638153869,-56.32101575318894,4.491616357668616,-58.455753586926754,4.642246998950457,-58.66435836269713,5.743437096511951,-60.066042475061046,6.0991269941802635,-60.44923065571262,7.60378458695532,-61.823969752648054,7.964409732781702,-62.108504575762296,9.538321410163284,-63.17535026305768,10.203668346298192,-63.51990666957434,14.286379965166727,-65.05653187137388,14.65969481293089,-65.17139201746873,14.980242564666776,-65.2488149646485,15.182671770853469,-65.29078606892861,20.017555319508716,-66.13012092954311,20.516832656647985,-66.17666813262109,23.305941285146176,-66.21581342579304,23.6552001719634,-66.20148591109533,25.457876133017688,-66.02783465814205,25.997058929306924,-65.92842606801338,29.150538002965845,-65.06039319191532,29.417914464188428,-64.9739020259394,30.441898728521792,-64.5918524314134,30.63940208444141,-64.51049682717871,32.24313790099467,-63.785880253924915,32.79402774383441,-63.46714695521083,34.81162442759571,-62.01251090536133,35.16033307199849,-61.72105288575964,36.6063337582796,-60.32522574449369,36.9150247198683,-59.980429142192456,38.57868879193755,-57.825078079999116,38.76498242955642,-57.5561619496128,39.34383521612375,-56.62116358036708,39.3834242515962,-56.55545646270275,39.94384534425868,-55.599367348956456,40.077202317390864,-55.34640484576457,40.847036004962575,-53.71172503811081,40.87259010740383,-53.6560770114464,41.62909548753614,-51.96587909304234,41.73434761511261,-51.69901647209515,42.71701173442351,-48.8348597459501,42.808950341283975,-48.51234963316067,43.00576483641337,-47.65205639873301,43.06510626284784,-47.305385068918184,43.54817612590833,-43.092193710109946,43.56592250476834,-42.59299326171681,43.374510190375624,-38.153460853787436,43.36605326667968,-38.02136375768405,43.31889341356386,-37.4664210354343,43.25455257630046,-37.04574723842051,42.09345919274057,-31.823173785648184,41.98729478648338,-31.453105062897727,41.265021169266866,-29.411172182764364,40.44586465756157,-26.91153405926474,40.12943782916314,-26.230291267779254,39.611575294853274,-25.391269897623346,38.73712740205832,-23.698668284876785,38.33374634574646,-23.097228316842443,34.67388829818889,-18.793362302128386,34.33318012918571,-18.449570169150185,31.0810285944644,-15.633167159792656,30.47893514993531,-15.22210572951819,28.84634456492838,-14.363109815857355,28.367602500364548,-14.159312051130414,26.59284971829307,-13.570064653474377,24.86961856080499,-13.482972215938387,22.01903926881088,-14.119131913954005,21.135344077511274,-14.569970626707883,20.436247947149365,-14.358018932530168,20.287783123915272,-14.316912091426149,20.15178278025862,-14.282745090463415,20.000615677390368,-14.24485314480451,19.92116252269618,-14.224937495188158,19.84915427876899,-14.206928351509704,19.730378286704227,-14.183291813309367,19.501792665328647,-14.137832155410297,19.407147520086586,-14.120492102014346,19.276873982266643,-14.098659268440766,18.77764437936134,-14.005516354525428,18.720102018780455,-13.99532753994836,17.718529554896598,-13.827473716810893,17.544279402263154,-13.803212398960861,17.452223666073067,-13.7928660834439,17.132736824540203,-13.755613797235677,16.779141016003198,-13.732443131224839,16.69099816168651,-13.72789656362596,16.49285860262651,-13.720435634716102,16.042290584985814,-13.694800094302853,15.981412218325234,-13.691922242199325,14.96936839351553,-13.653811701501573,14.801385450551917,-13.651932716652142,14.709278368660076,-13.653276971413721,14.380899868451278,-13.657787753919663,14.027536772179891,-13.68094552403522,13.947711911535954,-13.687188602665906,13.78313203522538,-13.70215040960323,13.271199362611094,-13.740491818183713,13.220872866063239,-13.744663760515714,12.215347342623383,-13.8360762956391,12.044421283597371,-13.856298900557098,11.97244570959538,-13.866755456911454,11.63936222859338,-13.914839159028869,11.291782561055737,-13.983978729836606,11.221228841328546,-13.998847818304805,11.044686697530835,-14.038152545447268,10.511002569585495,-14.149239973275312,10.46804308366383,-14.158492706631542,9.507211460332082,-14.372407573902322,9.336195259258357,-14.415498917811291,9.284535006758585,-14.430032245273406,8.953507819023159,-14.522759719676907,8.618140029810434,-14.63659981639346,8.557777512324726,-14.657770259700794,8.393147830485978,-14.71737851593685,7.877049705680895,-14.89697275864018,7.839600465397562,-14.91026783916285,6.894990627018454,-15.252290927369184,6.726602056191368,-15.31874844108131,6.693742020931124,-15.33269830177763,6.368427283325238,-15.471195098099555,6.050715301744527,-15.627875688950818,6.000861953204325,-15.653008313799559,5.8172704154562425,-15.747595976289684,5.339957009638448,-15.986690879591817,5.307808051325434,-16.003023901317974,4.413974690791368,-16.46353329268337,4.25817391472249,-16.549408467497763,4.2379995868955564,-16.561276887171413,4.216422396924391,-16.57239773961126,4.0641629638639625,-16.663543788675536,4.004181257002322,-16.698830618347518,3.9855402959700523,-16.710609152058165,3.870245187524173,-16.779627493976648,3.6746404896446045,-16.914288861152322,2.958709194618277,-17.399311249693607,2.9360270962001906,-17.41482132466675,2.060692491449215,-18.018952715097512,1.9746265509570275,-18.084644048551375,1.949522706927665,-18.101926217690497,1.8726146481448758,-18.162506416470357,1.8191712513687313,-18.203298023213414,1.7950884086900358,-18.22357355392202,1.6287789434564797,-18.354574916097544,1.3791664566042081,-18.578619381679452,0.9178091731797797,-18.986762135670354,0.8984301461805746,-19.00404770450452,-0.05914969694202671,-19.865240429006572,-0.09729883468775781,