{"Index":-1,"Tolerance":2.735257987152464E-05,"Coordinates":[-0.6931044004952169,-49.44427129614384,-0.7391105056630123,-50.28783256481021,-0.7334735698188728,-50.717278225575846,-0.6764473765145532,-51.4220841627242,-0.593132056767356,-51.931792265046084,0.16067692228592584,-54.968509651441906,0.19394230914633778,-55.09185245391055,0.5050751925581707,-56.15956989831508,1.375521244297342,-57.592104328213686,3.3296756769538804,-59.4581105745295,3.365428762482482,-59.491726514104975,4.76809795408203,-60.79027475560355,4.834341821786133,-60.84989677862144,5.521380168825832,-61.451020523080864,6.131202864211214,-61.87036021267294,11.649379156602198,-64.78515928278705,12.038806746693586,-64.95853520017911,12.57725371140948,-65.15615572539295,12.704108666893717,-65.1996967801245,16.09367908820893,-66.28365711479428,16.431186936842614,-66.37149541052673,17.412754135413152,-66.57016221770704,17.500416661294793,-66.58662667637407,18.40172036457663,-66.74283337344824,18.434626121875556,-66.74835839664843,20.93157453082545,-67.15412873427628,21.179774516740494,-67.1844910694886,21.91134267855953,-67.2448740575756,22.288525456706466,-67.25353395695902,25.247555531096914,-67.14565424172815,25.455699760565114,-67.13120751055925,28.418453501166525,-66.82750304583358,28.6894325133989,-66.78785805551519,29.742052034617707,-66.58717133681745,30.143573484581378,-66.48306509278989,33.244828246505044,-65.45880922399341,33.697745129747304,-65.2693068059878,34.8548787123489,-64.67634610667358,35.8482494000286,-64.20423813352016,35.975907461881086,-64.14000716227105,37.53774726011876,-63.309612148086615,38.10158999733246,-62.92729524272384,39.26067101886867,-61.94500594125187,39.62904916453796,-61.80434549698107,39.82418704832633,-61.71585635758062,40.212026990514204,-61.56776500938403,40.40715110890297,-61.47928243000914,40.79501055893684,-61.331183488682406,40.99014999760659,-61.242694149977275,41.37799670049697,-61.09460003251894,41.57313350783672,-61.00611181900354,41.96099216042078,-60.8580129509285,42.15610754866782,-60.76953371839271,42.54396832493871,-60.621434574064246,42.739111222661705,-60.53294329101304,43.126950990514175,-60.38485200938403,43.322075108902915,-60.29636943000917,43.70994102781119,-60.148268018629295,43.905075569780124,-60.059780387809994,44.292925607154196,-59.9116853005241,44.488048196952974,-59.82320298884017,44.835671805921855,-59.690468005289986,44.89623624382793,-59.67542287913746,45.1434437959162,-59.60325572145277,45.88518079763936,-59.353671018915904,46.26843786255866,-59.19621492162283,49.38600959118791,-57.67082666427105,50.38687844966061,-57.20001248576253,50.95861480476414,-56.853493694438534,52.90236753842015,-55.37564383362994,53.27687697063098,-55.10250629033925,53.59998750763468,-54.832314522639045,55.30397378485432,-53.20383095585406,55.68239937475415,-52.77015791947595,56.811616218973946,-51.211258315044766,57.03211517116924,-50.99610212096599,57.66014089852034,-50.13517164916937,58.40889578595581,-48.634508652982106,59.09543806956349,-47.40366039877553,59.34013521750938,-46.84497498031213,59.59918606608532,-46.05491743244539,59.71112146163512,-45.60505775067348,59.82846013182705,-44.92515741883587,60.52475574998451,-42.333904226909645,60.627168090500994,-41.2914829342825,60.46457911880455,-38.855588484906306,60.46260643396576,-37.114797619733245,60.05887118843259,-35.55577848736832,59.653291308484135,-34.82326858756383,59.40953752472868,-34.06145620854115,59.207193517845056,-33.57317590516533,58.50284702640297,-32.20709538613439,58.31425220095165,-31.888400614074406,57.254576503196986,-30.314778397283554,56.99552034224693,-29.980456851408174,56.723429262758906,-29.673840969600175,54.668568102256835,-27.28975456436851,54.39905265021261,-27.013018740366668,52.48401454141125,-25.272124732195252,52.20332586505777,-25.044712337395605,49.85314108761234,-23.35247754746041,49.715562796264116,-23.25879063893224,49.047636383134616,-22.829133271953083,48.66365131682973,-22.618037221269514,48.07481265307288,-22.345360838885576,44.376012498248144,-20.307257729326412,43.66854341544166,-20.021709253972293,42.056590886074424,-19.586637613639397,40.81925757876567,-19.177182165447313,40.615910146713084,-19.131793519574064,40.57673687823653,-19.118830269447173,39.95667582603912,-18.980426032840676,39.94470459003283,-18.978986877295664,39.93644706847182,-18.976889870942053,38.65855907999574,-18.211914131045965,36.54019798477091,-16.712038738789676,36.524432028191804,-16.700947576775953,33.46309432010113,-14.561195813837431,32.75559607460883,-14.18899030723497,31.512386612323706,-13.723071608251447,31.170068451238013,-13.616384901697844,31.003212048405196,-13.57454854523104,30.69656165101598,-13.449325859297888,30.265488602256504,-13.341241931856441,29.958844883948995,-13.216021291668842,29.527755713657072,-13.107932959839365,29.221115260374024,-12.98271433861731,28.131706893896137,-12.709563069235797,27.613674923286897,-12.624346842247267,26.675658494159386,-12.548757427255524,26.16959244840571,-12.548374213909735,23.565741222882167,-12.75423518551579,22.080389124850363,-13.253801830151106,20.382873305337046,-14.341836829287239,20.36102152534998,-14.33521181508975,20.059078103898205,-14.259602696958307,18.818648487364054,-14.01285967016554,18.694324705977365,-13.990689939903534,17.36069706569732,-13.780145846616307,17.007573916637458,-13.744464831408148,14.97946403144288,-13.653496400786157,14.740381033241562,-13.651780624255455,14.246991497891456,-13.666819362487335,14.073604208738153,-13.676855821409651,12.159067732156208,-13.840310766285151,11.807856257905607,-13.890168874881331,10.549941934040758,-14.141060342812803,10.480989320405806,-14.155610419613643,9.425608195321548,-14.390575326898484,9.09478189562975,-14.48325844085228,7.894364073674393,-14.890739875531505,7.80030061494949,-14.924328674545785,6.572558738866299,-15.384637032490465,6.244089554235151,-15.529442707146695,4.349713212446071,-16.495859281247302,4.028288640633725,-16.68435945116676,2.9759052723646198,-17.38755981400892,2.920684955960217,-17.425305273853397,1.9146809207579956,-18.12861340247274,1.6161433918640218,-18.36517746516756,-0.05767076704897317,-19.86329112741818,-0.3386926809089839,-20.148685098574816,-1.8740355656086742,-21.918323047447366,-2.1251502680629906,-22.249171080913953,-3.447600962270334,-24.250800361331912,-3.6530101463020572,-24.61071034295796,-4.675639867607645,-26.709583922074255,-4.8298633827744215,-27.085383818768616,-5.570653810555085,-29.28043515079146,-5.676003957724486,-29.674433470953208,-6.136440488912054,-31.980515296424826,-6.190954047898254,-32.39191559665466,-6.349866082497356,-34.781312489098575,-6.350111725798553,-35.19943232606637,-6.196558709482325,-37.54995862795025,-6.144789553656516,-37.94990991597382,-5.703104228854379,-40.21945398775064,-5.5988808243040475,-40.616333065244,-4.856201772550847,-42.84693027829898,-4.7055252626097985,-43.21916754320966,-3.7354401071798606,-45.23849570600908,-3.5510831015982034,-45.56997829802728,-2.8891134917961465,-46.608966310966835,-2.851305776445248,-46.66690435235018,-2.1426634566770395,-47.72742829986372,-1.906557866579669,-48.03772200108837]}