{"Index":-1,"Tolerance":4.633820704947475E-05,"Coordinates":[-0.6809297367686393,-49.33142072735021,-0.7283312081937109,-50.8999348496727,-0.6336541831313595,-51.77355504274292,0.4320690439835684,-56.015949565152034,1.3655459746141023,-57.5971808777462,5.401752999950629,-61.35976279286815,6.086778517200849,-61.846894480790695,11.703936985886784,-64.8139777006193,12.210342901996833,-65.02775820308759,16.134232546289756,-66.29744755091303,16.598777180811435,-66.41000178897258,21.530403605935096,-67.21837221008671,22.16121711753642,-67.25817533843569,25.276271608377964,-67.14460731683663,25.541570650668884,-67.12378024859389,29.424296320124974,-66.65463771817987,30.040668853171514,-66.51705155334835,33.23939574828657,-65.46060342299015,33.68208940086124,-65.27631372913089,37.408501199333415,-63.38365407586523,37.93231937894706,-63.049591846977265,39.43772571442907,-61.86798216875522,41.292650998822296,-61.117284536900975,42.684002971599455,-61.48112573665192,42.94677685854606,-61.538079200011246,47.59287022133292,-62.34088437687502,52.18320060108685,-63.76446428515178,52.62176480299108,-63.86706791220616,53.734879911136645,-64.04546804605721,53.85721950126157,-67.98745740568995,53.98264332769463,-68.77923684860845,55.204862622935934,-72.97930804685326,55.42436822590815,-73.53368742997503,56.54042436559569,-75.7262428145024,56.75202026185604,-76.08241566519709,58.0977297049484,-78.04406089624538,58.366395395994346,-78.38357330213016,60.0930233157239,-80.28373740833601,60.405390698113244,-80.5836400893525,62.296531729550516,-82.1664517840316,62.79344383956391,-82.50787001400892,66.58173467723594,-84.6126236918978,67.13435120730067,-84.85426617340963,69.4707144779711,-85.62153307315347,69.87116492052868,-85.72472626775212,72.21094355053793,-86.16769291636265,72.63764986860383,-86.21890729578094,75.26231734736544,-86.35497851284882,75.8856255248099,-86.3260433154976,80.22045861669602,-85.69493509395018,80.81156119401263,-85.55006764491887,83.1602396397745,-84.7295153391944,83.54339068942409,-84.56677883592447,85.65455407083654,-83.5018698228107,86.00968153657342,-83.29281581267348,87.96316144434601,-81.96517458342117,88.29603737090059,-81.70499206692729,89.40331570309941,-80.71418339983381,93.41422743473048,-82.146690778642,93.64071558199981,-82.21815290457629,96.45452371869787,-82.99156753147072,97.10369473921779,-83.09946226178383,99.08035735916471,-83.22049976297744,99.2271811785666,-83.2260846006938,109.23149581267238,-83.37497782625208,109.69357889835244,-83.34815738633316,112.9994026622733,-82.91314952562921,113.34923476185901,-82.84699744384125,115.79565037597644,-82.24068155104248,116.24355071898677,-82.09366899105179,117.43903506564106,-81.60037063427419,117.84615041475601,-81.5731673440095,121.8169481189429,-81.73607297145888,122.01230357426562,-81.73807330554386,124.8137923335081,-81.68056544594032,125.29441896969004,-81.6340252506825,128.73937093727338,-81.03367083896966,136.48024307450842,-80.70842800797183,142.29513757841985,-80.7809863289801,142.7323037613723,-80.7562819465684,150.98288574172523,-79.716387148904,153.71213998455244,-79.72220101932487,154.40331778732207,-79.6477961589248,165.61392018946174,-77.18084385368397,165.65760884693833,-77.1709062392865,173.32362858423676,-75.3701785750748,173.46061754251346,-75.33476201753685,176.90472786212396,-74.36197879493426,186.4687867389369,-72.19568771972268,190.72431116151944,-71.47361592383537,190.83063328319494,-71.45370648158544,200.3604120913341,-69.5006205014317,200.43543227772815,-69.4842979261533,227.08223475770532,-63.34826924161346,227.81166997773448,-63.1865937796118,231.62031420365219,-62.354439545986445,235.21880924893307,-61.77974732229998,238.56575404782467,-61.48042763320225,250.86044803896937,-61.35920406127744,277.6248963942352,-61.34899668668281,281.34292800000003,-57.62954683467744,281.34292800000003,-17.601340878930873,277.62318412106913,-13.881597000000001,235.308457365559,-13.881597000000001,232.81557925471387,-13.66491473020614,227.0784929159695,-12.676728798901506,212.72076336190236,-9.94767904896981,212.69180393952598,-9.942313627172656,201.2993908674769,-7.886205044058919,201.11315244892256,-7.858266710311885,196.7947336171572,-7.340846534644197,188.7248468264141,-5.665682378992324,188.6483221105734,-5.650774793195586,176.71612191962728,-3.477995373354971,176.38758515879798,-3.4357223488053936,175.71392882079766,-3.3845512150255916,166.824918198724,-1.5583904616071103,166.36920885981237,-1.498685202262264,160.92660647220123,-1.1830579438649744,149.21178429734695,-0.2533238488690363,148.7801287429798,-0.2484707466980569,141.62433550579092,-0.6547319149226764,137.2417740893388,-0.6571631116192155,131.65629256691983,0.09745786117275045,131.32279807167546,0.12473455258221756,126.05372769830875,0.27719478760132793,121.4508069616985,0.7552269291433263,114.04038251787763,1.7255344311326437,113.59467504678959,1.752268815870199,103.69631439575801,1.6495476022002504,103.61375172218808,1.647616720826476,95.77115150078727,1.3621144648031875,95.30559651419266,1.3106407008984116,91.32319186133786,0.5701291595148127,90.45651605925262,0.275442872864461,90.05365981520096,0.06996107833099385,88.4445316960742,1.585216164545656,87.95596226057407,1.9629761265707921,84.65371960362054,4.037928990802635,84.15160857701338,4.294418932611544,81.7936709252783,5.245887921313367,81.21241988691004,5.418161392988296,76.88109677307625,6.26346077705976,76.19177324511885,6.321435586100696,72.87412932494435,6.2387290281644185,72.33281298872195,6.178590700276159,69.35539215561968,5.586308316657381,68.83768981061253,5.436784319185101,65.90910358333,4.3144159778478866,65.47260984674789,4.107860704525227,63.433477025459396,2.9457367242587646,63.09254825820078,2.7212676079527522,61.219003084205255,1.3072490603203353,60.899541746479386,1.0309880740008575,59.11558569825855,-0.7320254075328527,58.730713265689985,-1.1918036471080602,56.26947039071887,-4.769461991477768,55.97545080357359,-5.298362245812817,54.9645184739234,-7.610747200534792,54.78227209671863,-8.158246286330916,53.8499244811639,-12.130802512110451,53.7681171597446,-12.73497993245492,53.65478489100275,-15.666270455557383,53.69252442022983,-16.292967364540967,53.887916318837426,-17.51195817254153,53.350885161537875,-17.688519342088085,50.543647242339645,-18.32924345532147,42.57169942009295,-19.46084730989115,41.77569200674871,-19.405846888278106,39.72346978980752,-18.84939634036934,38.64961027276782,-18.206557151019467,33.41177700001754,-14.523719463281164,32.55051856232753,-14.095270846689267,28.242833660139684,-12.713397790208834,27.12107376455253,-12.563694651496245,23.697560151809025,-12.718137648657887,22.0540522371331,-13.25493566081836,20.406482049738493,-14.349282766918552,20.051570898031322,-14.253680842496571,17.351011542641913,-13.773744964376961,16.731643896925725,-13.725259906016042,12.453922629114182,-13.809269975652771,11.862905981279829,-13.87648515355739,9.457113425854855,-14.381335802204497,9.0401834245866,-14.49899121350416,6.537862076513315,-15.393283376823556,5.97153719280618,-15.661156530587547,2.095938958834841,-17.9863920966254,1.4615781609464444,-18.486305269917395,-1.686365635296294,-21.691680059082152,-2.071037860534154,-22.167267853959586,-3.5034395222577053,-24.33531625076104,-3.7920489680853198,-24.880646304814608,-5.479039086776716,-28.988485018404813,-5.656017459987905,-29.574331728230316,-6.136440488912054,-31.980515296424826,-6.190954047898254,-32.39191559665466,-6.356496841052924,-34.881012388651115,-6.337447836755552,-35.498678934893384,-5.755466416925148,-40.018038270077106,-5.550557273733814,-40.80233041616202,-3.867638027873142,-44.97894202672205,-3.580633257076159,-45.52927980045986,-2.120981635298138,-47.76511655544538,-1.7383552397840525,-48.243388303213706]}