{"Index":-1,"Tolerance":1.156765039637115E-06,"Coordinates":[13.92582881457993,-35.385896541656734,13.882924860532825,-35.30700919384825,13.8794882233233,-35.21730625273263,13.84919470865106,-35.132958415064834,13.85948814839402,-35.04378229246129,13.842390657185419,-34.95561170714392,13.866149362354744,-34.869135937665455,13.862711163593733,-34.779392237007144,13.899471354873652,-34.697392027190645,13.909740179761483,-34.608429152771734,13.935094180232083,-34.56927636184726,13.958438202770518,-34.53322754399029,13.982230680687712,-34.44662885012101,14.04189865444697,-34.3796823515343,14.078640037909272,-34.29772409593342,14.147968633395239,-34.24054671056948,14.196723521490679,-34.165257369253275,14.273898903687765,-34.119381835539244,14.333549303416076,-34.05245505473016,14.416647844842757,-34.01895885487258,14.485945611554992,-33.9618068949289,14.573412476269887,-33.94134131788151,14.650498066465493,-33.895519159426186,14.73991125197976,-33.88865457729708,14.823134849858697,-33.855108025418716,14.912604207891775,-33.861976926120434,14.9999995,-33.84152809569704,15.08739495312784,-33.86197696379595,15.176861170174133,-33.855108310239295,15.26008179618696,-33.888654093617156,15.349509191598079,-33.895519772689816,15.42659716631117,-33.94134380804236,15.51405365331434,-33.96180695690327,15.583359615869457,-34.01896563090676,15.666459331609511,-34.05246267600887,15.726101488359216,-34.11938061200369,15.803265725479527,-34.16524998064275,15.852018537166146,-34.24053657710517,15.921240366563982,-34.297625864009305,15.957948748013292,-34.37951104536836,16.017731793889975,-34.446587057631625,16.041526699535765,-34.53318481734136,16.090263228122364,-34.60844626860419,16.100558135625104,-34.69762900936038,16.137279218007123,-34.77954252261905,16.133845312401768,-34.8691636681388,16.157601321876207,-34.95561987144356,16.140512460055014,-35.04374539328833,16.150802874184258,-35.1328892088416,16.12050812512018,-35.21724953291126,16.117068354415412,-35.30702375105093,16.07415980849353,-35.38591926688053,16.05709893371146,-35.473900462411855,16.00272344120806,-35.54523885159656,15.972389933781017,-35.62970710420702,15.907725538905295,-35.69194029995848,15.864847843516241,-35.77077909122078,15.791476760585683,-35.822385728294265,15.737086029206298,-35.89374411025174,15.65666185305724,-35.9335646983232,15.592008633517151,-35.99578713890017,15.50645622413925,-36.022859140916545,15.433094242220546,-36.074459376658645,15.344445032485073,-36.08815325609646,15.263968030364623,-36.128,15.174192145065527,-36.128,15.088683431644148,-36.15505817497127,15.000003445953768,-36.14136006497162,14.911397486756009,-36.15504726338373,14.82595797442739,-36.128,14.735987354716526,-36.128,14.655493806074265,-36.08814477737013,14.566907478752045,-36.07446113447509,14.49330978075153,-36.02269481902159,14.47745556829825,-36.017675910927686,14.354597034339973,-35.94441444726474,14.343357475428217,-35.93359496364461,14.263074685146151,-35.89384409498483,14.208684164676296,-35.82249807607734,14.135151573728058,-35.77077755488504,14.092224858606457,-35.69184835636979,14.027565480422915,-35.62960560390619,13.997219853607625,-35.54511266763791,13.942881242871145,-35.473834740610904]}