{"Index":-1,"Tolerance":3.0048627744590376E-05,"Coordinates":[191.24221063281556,-45.96889076140182,191.1054233768,-52.456318773007176,191.10508096082464,-52.571277029936795,191.14069478168275,-54.92578540606853,191.15047548224095,-55.13138356991385,191.4121402835514,-58.39736412129792,191.44307672143935,-61.02764603321575,192.24207701593843,-63.13293116164319,192.79228397180148,-63.76829189120514,193.87925340957852,-65.46299773424276,195.42258865738853,-66.73249593796407,197.12212810406677,-67.40384754866653,198.4797603674127,-68.00192179625118,200.82788400954303,-68.38442546830957,201.09579557683986,-68.41645675924637,201.7797732128716,-68.46888987609563,202.26874663346774,-68.46866680230369,204.45150906001348,-68.2993347437506,204.56200225500598,-68.2888172807073,205.67588766857457,-68.1631099742588,205.90014874126132,-68.12965582747292,208.39641576602867,-67.66563886016894,208.5225067059396,-67.63954508151743,208.9803818660848,-67.53506648476287,209.09202118599902,-67.5118143543648,209.93260043166498,-67.31778937109702,210.9500120502416,-67.08563526164887,210.97286683357495,-67.08033131537638,211.4898144969224,-66.95834780459138,212.71725860576277,-66.67502427464768,212.7321585489846,-66.67154717529269,216.64981561075345,-65.74735069935309,219.13895357892466,-65.17359623453547,223.94785704926588,-64.06279810330808,228.3950629017433,-63.045936331820904,231.73267817526593,-62.32961484142281,234.2419739474335,-61.900494023443486,235.10628910381647,-61.78353454040623,238.6766784013687,-61.47027931313746,239.3794237659267,-61.43751701636515,240.8264223519764,-61.41403676400145,240.86787770509255,-61.41309326337468,241.70000247180548,-61.388717036939106,241.861019236772,-61.38615390195325,245.2941920610936,-61.39001939085443,245.46540031807794,-61.38559380569839,245.4936022457933,-61.384103,245.54428382540232,-61.384103,245.55921743491422,-61.38406787974518,250.82091244855977,-61.359319262666176,256.58820087976596,-61.39919879652585,256.71794349886994,-61.39744477779387,258.11483623808897,-61.35,277.62318412106913,-61.35,281.34292800000003,-57.630256121069124,281.34292800000003,-17.601340878930873,277.62318412106913,-13.881597000000001,234.67723173615278,-13.881597000000001,232.8391392621317,-13.67246532466431,232.43503813218217,-13.610710197083696,227.87434602176697,-12.830412668871606,226.33913308544396,-12.549962567477158,221.13077189774583,-11.556236361851738,221.1169934599852,-11.55363903064342,219.82265322315172,-11.312605202673044,215.17600858610462,-10.417334837444708,215.14388205002032,-10.411316343570995,214.84660073335326,-10.357206893808984,212.74274164627008,-9.951855807353368,212.72653087438349,-9.948776139885643,211.0881650445724,-9.64193379393277,211.0343594989373,-9.632335379550108,210.48702346313704,-9.539549188309465,210.4444503490605,-9.531058912499454,210.35099762594433,-9.513871590950727,207.82444235671522,-9.088181706311165,207.37882548645894,-9.012639437377729,205.16189774914466,-8.61633117662612,204.92786118972225,-8.58342626468323,202.8681800593819,-8.371634386914877,201.87709956372314,-8.424722766402198,200.1635172597559,-8.789059630059421,198.55015983499908,-9.042635432570854,197.23220075015513,-9.566482750035119,195.0009054878605,-11.095442313878392,193.8926249041067,-12.408252214677237,193.88315893830557,-12.428773502574813,192.87419522198917,-13.516256264027708,192.03336007005416,-15.308182215420258,191.5869556945192,-18.735850067928784,191.46202048120773,-19.110165426387233,191.299191255155,-20.02712019275067,191.25170072743973,-21.645021551950215,191.25063699049733,-21.694301116242027,191.15470911860982,-28.635054248534292,191.1544078029257,-28.67547091302288,191.150134459977,-32.59556732584909,191.15024289641505,-32.625496209219186,191.22306953021618,-41.36132418891181,191.2231918579956,-41.373291899139964,191.25837498689953,-44.27942786551058,191.24893172567528,-44.420958986609975]}