{"Index":-1,"Tolerance":2.735257987152464E-05,"Coordinates":[-0.6931044004952169,-49.44427129614384,-0.7391105056630123,-50.28783256481021,-0.7334735698188728,-50.717278225575846,-0.6764473765145532,-51.4220841627242,-0.593132056767356,-51.931792265046084,0.16067692228592584,-54.968509651441906,0.19394230914633778,-55.09185245391055,0.5050751925581707,-56.15956989831508,1.375521244297342,-57.592104328213686,3.3296756769538804,-59.4581105745295,3.365428762482482,-59.491726514104975,4.76809795408203,-60.79027475560355,4.834341821786133,-60.84989677862144,5.521380168825832,-61.451020523080864,6.131202864211214,-61.87036021267294,11.649379156602198,-64.78515928278705,12.038806746693586,-64.95853520017911,12.57725371140948,-65.15615572539295,12.704108666893717,-65.1996967801245,16.09367908820893,-66.28365711479428,16.431186936842614,-66.37149541052673,17.412754135413152,-66.57016221770704,17.500416661294793,-66.58662667637407,18.40172036457663,-66.74283337344824,18.434626121875556,-66.74835839664843,20.93157453082545,-67.15412873427628,21.179774516740494,-67.1844910694886,21.91134267855953,-67.2448740575756,22.288525456706466,-67.25353395695902,25.247555531096914,-67.14565424172815,25.455699760565114,-67.13120751055925,28.418453501166525,-66.82750304583358,28.6894325133989,-66.78785805551519,29.742052034617707,-66.58717133681745,30.143573484581378,-66.48306509278989,33.244828246505044,-65.45880922399341,33.697745129747304,-65.2693068059878,34.8548787123489,-64.67634610667358,35.8482494000286,-64.20423813352016,35.975907461881086,-64.14000716227105,37.53774726011876,-63.309612148086615,38.10158999733246,-62.92729524272384,39.26067101886867,-61.94500594125187,39.62904916453796,-61.80434549698107,39.82418704832633,-61.71585635758061,40.21202972331784,-61.56776396590055,40.564823701988786,-61.4077827299924,43.72481517779789,-59.735571487347805,43.83235654767679,-59.67596924804966,45.00935969026041,-58.99352694733944,45.362699575019356,-58.755666479075884,47.75677059651449,-56.8993458805442,48.1235985231138,-56.62331788820288,48.49744388129762,-56.2930420817037,48.5453386761255,-56.243518477899755,49.49163410857045,-55.41860729715657,49.830944209674,-55.07403494821435,51.98162821523231,-52.52884693729947,52.026529392199365,-52.474496831033065,52.55772233642508,-51.81678404873435,52.87152909456291,-51.348821634662585,54.24266542913227,-48.85106976106282,54.42923602195592,-48.44626129387653,54.83970045533737,-47.361380887442074,54.94435094608114,-47.03153023489579,55.620439304492734,-44.41367607926412,55.64012858162881,-44.33310580949422,55.840678728619764,-43.46332615587797,55.9177452590017,-42.91328347250328,56.022056632787525,-40.901065052216026,56.10293947505931,-39.85824876283063,56.097556111562234,-39.30464378274197,55.990138509884915,-38.19905504385652,55.954586523953154,-37.94241243731256,55.78854235469216,-37.021817733156745,55.739948154269555,-36.48587744357819,55.62083289306642,-35.86578180275919,55.16777129979258,-34.34274517171892,55.074567213932525,-34.074070682576654,54.79490018751256,-33.3712045069986,54.755341074178666,-33.276287463441705,54.05944309396767,-31.679871877386354,53.868951892712396,-31.31079041095102,53.307599301876216,-30.37822253740826,53.265868568333865,-30.310814991140866,52.014495448428505,-28.344750163439365,51.63724322111658,-27.861901793642904,50.18330150956291,-26.331118269142788,49.91532761290252,-25.984998757051724,49.54637201161589,-25.584573735833306,48.800746395464316,-24.90295213265531,46.48982210802483,-22.73477135693833,46.02262785594695,-22.371847847299723,44.945654957189234,-21.68556808082896,44.47029200496813,-21.309373166823324,44.25377674344563,-21.152384097720095,43.57665840632651,-20.70366428849923,43.2857144100823,-20.532377928622545,41.62667912239962,-19.670915540834123,41.16476003587797,-19.475621321715717,40.27560572677517,-19.179918805428983,38.65855915459242,-18.211914183863076,36.54019798477091,-16.712038738789676,36.524432028191804,-16.700947576775953,33.46309432010113,-14.561195813837431,32.75559607460883,-14.18899030723497,31.512386612323706,-13.723071608251447,31.170068451238013,-13.616384901697844,31.003212048405196,-13.57454854523104,30.69656165101598,-13.449325859297888,30.265488602256504,-13.341241931856441,29.958844883948995,-13.216021291668842,29.527755713657072,-13.107932959839365,29.221115260374024,-12.98271433861731,28.131706893896137,-12.709563069235797,27.613674923286897,-12.624346842247267,26.675658494159386,-12.548757427255524,26.16959244840571,-12.548374213909735,23.565741222882167,-12.75423518551579,22.080389124850363,-13.253801830151106,20.382873305337046,-14.341836829287239,20.36102152534998,-14.33521181508975,20.059078103898205,-14.259602696958307,18.818648487364054,-14.01285967016554,18.694324705977365,-13.990689939903534,17.36069706569732,-13.780145846616307,17.007573916637458,-13.744464831408148,14.97946403144288,-13.653496400786157,14.740381033241562,-13.651780624255455,14.246991497891456,-13.666819362487335,14.073604208738153,-13.676855821409651,12.159067732156208,-13.840310766285151,11.807856257905607,-13.890168874881331,10.549941934040758,-14.141060342812803,10.480989320405806,-14.155610419613643,9.425608195321548,-14.390575326898484,9.09478189562975,-14.48325844085228,7.894364073674393,-14.890739875531505,7.80030061494949,-14.924328674545785,6.572558738866299,-15.384637032490465,6.244089554235151,-15.529442707146695,4.349713212446071,-16.495859281247302,4.028288640633725,-16.68435945116676,2.9759052723646198,-17.38755981400892,2.920684955960217,-17.425305273853397,1.9146809207579956,-18.12861340247274,1.6161433918640218,-18.36517746516756,-0.05767076704897317,-19.86329112741818,-0.3386926809089839,-20.148685098574816,-1.8740355656086742,-21.918323047447366,-2.1251502680629906,-22.249171080913953,-3.447600962270334,-24.250800361331912,-3.6530101463020572,-24.61071034295796,-4.675639867607645,-26.709583922074255,-4.8298633827744215,-27.085383818768616,-5.570653810555085,-29.28043515079146,-5.676003957724486,-29.674433470953208,-6.136440488912054,-31.980515296424826,-6.190954047898254,-32.39191559665466,-6.349866082497356,-34.781312489098575,-6.350111725798553,-35.19943232606637,-6.196558709482325,-37.54995862795025,-6.144789553656516,-37.94990991597382,-5.703104228854379,-40.21945398775064,-5.5988808243040475,-40.616333065244,-4.856201772550847,-42.84693027829898,-4.7055252626097985,-43.21916754320966,-3.7354401071798606,-45.23849570600908,-3.5510831015982034,-45.56997829802728,-2.8891134917961465,-46.608966310966835,-2.851305776445248,-46.66690435235018,-2.1426634566770395,-47.72742829986372,-1.906557866579669,-48.03772200108837]}