{"Index":-1,"Tolerance":2.70246670170224E-05,"Coordinates":[-0.19622052738571336,-49.99545078654239,-0.16207926131568315,-50.47900557216629,-0.07437813880135291,-52.460329252015214,0.1408315943183945,-53.480061438114205,0.6436351034621929,-54.769700250680735,0.7369533699115045,-54.98515900593509,1.478838454564975,-56.53800894176978,1.6341620932541836,-56.82437390980564,2.546680178908168,-58.31849065033506,2.806970597327222,-58.68393410271349,3.3599600207485594,-59.35458944233316,3.6831293248111856,-59.692481476604954,4.377180167630646,-60.31870303282298,4.477879891352204,-60.40580187657557,6.0809192152406215,-61.73461289183914,6.601375526974554,-62.08562263122898,8.21848902287876,-62.95770118317529,8.23234302242903,-62.96512817165343,11.633619868400164,-64.77769298591883,12.033347034534025,-64.95653137945916,12.62969964278124,-65.17540440387418,12.8636041122191,-65.25111617518115,13.181025236081679,-65.34044705857434,13.419596590528723,-65.42800769619781,13.653504400724904,-65.50372069352044,13.97092723608185,-65.59305205857439,14.209500868114132,-65.68061353211891,14.443413352608674,-65.75632784505777,14.760827973863861,-65.8456563751198,14.99939437261846,-65.93321562040411,15.23330871485039,-66.00893085833212,15.550731225843085,-66.09826192713963,15.9006164588131,-66.22667743072591,16.36538817616314,-66.35817790183283,17.412752650335626,-66.57016191713096,17.500412190054725,-66.58662585825464,17.837939717825456,-66.64512374210608,17.864515935790614,-66.64961363701265,17.941451738443167,-66.66227584758828,17.983841388702658,-66.67169863054849,20.229416667972817,-67.0412820966196,20.288772634970826,-67.0486044002642,20.922033690846902,-67.15282775976291,21.176575118719413,-67.18422699400982,21.89858505753768,-67.24382105483657,22.250137200636424,-67.25330960019862,23.201222348222515,-67.22630610933774,23.236929866129316,-67.22509118743515,25.26275094200082,-67.14475040015418,25.4607462854886,-67.13069016395167,26.467061902821147,-67.02753567815867,27.561407784213813,-66.91535613677007,27.686006032068107,-66.89508711042478,28.40567882846817,-66.83105699209156,28.81879789143485,-66.76669335137244,29.711039769270478,-66.56681853408728,30.152661087434854,-66.4335955669022,31.169612775295402,-66.0443004275734,31.25667289858526,-66.00949097019722,34.03290985531736,-64.85163053998821,34.1736520004847,-64.78888137311677,35.49822945991822,-64.15936474819512,36.28616707412301,-63.62835030432535,39.38679885702054,-60.78369918265834,39.753879808428856,-60.38411738107591,40.27280006561184,-59.712220185510816,40.3581632201196,-59.596356788232434,42.414870605471734,-56.668080632581315,42.54109070085189,-56.473654785384916,44.52883687869781,-53.15238210911461,44.658192695732936,-52.91364623314778,45.11932579747711,-51.96821824442124,45.19451878808135,-51.80211571122725,46.31319704231116,-49.12923920677812,46.368576411089236,-48.987472991020326,46.72842699793867,-47.996872700840996,46.83593188731203,-47.63539069129993,46.987789710380945,-46.98593689282623,47.008148301284194,-46.89255049424368,47.520785925705425,-44.3583436817816,47.58050824619345,-43.874976648705754,47.69922230824625,-41.311112230294476,47.68932933904486,-40.87365822679903,47.63252117649774,-40.25448171223465,47.60963958191732,-40.066732562018515,46.88055576960481,-35.27700061254226,46.846160920856136,-35.08918630519555,46.71751824152174,-34.48914234790959,46.65526804746754,-34.246063053526,46.455296910058216,-33.576466791716776,46.44626447166059,-33.546752786432926,45.26730258938726,-29.735410836549466,45.19081155361099,-29.516724730446686,44.763035172240606,-28.42341425065955,44.698779937749116,-28.271011718119368,43.51291818755346,-25.651119023231242,43.49202783085929,-25.605913585896786,43.33496071979926,-25.27291311772149,43.19119508842194,-25.002680670514184,42.18022727613745,-23.305059128328967,42.032584078474464,-23.079494824107485,41.025741081867245,-21.675165936120266,40.979538774153944,-21.61236644283092,39.53155871461093,-19.69402466216801,39.294394044313485,-19.414864118211185,38.58946801491798,-18.676020657889747,38.114479203091705,-18.267502431812726,38.03589504203663,-18.212376659166058,36.4643788073804,-16.700920067792907,36.07790173631203,-16.383745093909837,33.50615904686491,-14.59192057012088,32.914883192530056,-14.267068347439194,32.15270405345212,-13.948190731207552,31.786279434700923,-13.826371587565957,31.4342804579779,-13.682631491634547,31.003212048405196,-13.57454854523104,30.69656165101598,-13.449325859297888,30.265488602256504,-13.341241931856441,29.958844883948995,-13.216021291668842,29.527755713657072,-13.107932959839365,29.221115260374024,-12.98271433861731,28.131706893896137,-12.709563069235797,27.613674923286897,-12.624346842247267,26.684168811100413,-12.549443225349236,26.19518132627405,-12.547760015057385,25.373857293873172,-12.608257840140384,25.23444476412751,-12.622911408551314,24.940560725639834,-12.631071226040198,24.605564145882084,-12.676887680154525,23.716019038116453,-12.700258659964552,21.889070104103652,-13.321659662074602,21.15682505477397,-13.854926997874928,20.57202515164515,-14.201501849879689,20.44606978738113,-14.302580535864346,20.3802171829379,-14.341607314967646,20.160217619317315,-14.283957697863375,19.62957803528718,-14.166303077852765,19.524616300456053,-14.144881698983871,18.77764645386186,-14.005516728416676,18.720102711764483,-13.995327656085756,17.727460101908456,-13.828970389805313,17.57120980146195,-13.80676087243331,17.18227642102815,-13.761306154464545,16.980452168994415,-13.744221848273696,16.021926669004436,-13.69380127412772,15.974620842168909,-13.691666499304548,14.945246752741047,-13.6529033527227,14.728977215303052,-13.652128217831187,14.257307977955655,-13.666504911466298,14.10450079839531,-13.674851863833645,13.252625987475206,-13.742006325610545,13.214686667771836,-13.74522614909304,12.133103921968083,-13.8435530621697,11.799300076532587,-13.891875408358086,10.549941934040758,-14.141060342812803,10.480989320405806,-14.155610419613643,9.498981290062527,-14.374239898877976,9.311738867262303,-14.421948864039766,8.99535556566028,-14.512897453996962,8.829021436801515,-14.565701818577347,7.877052460320336,-14.896971787165404,7.83960138088095,-14.910267507685829,6.882822821100981,-15.25669663053625,6.69067079668929,-15.333439236401137,6.337729334478388,-15.487912906973207,6.16789675063224,-15.568312485344782,4.349713212446071,-16.495859281247302,4.028288640633725,-16.68435945116676,2.9759052723646198,-17.38755981400892,2.920684955960217,-17.425305273853397,1.9146809207579956,-18.12861340247274,1.6161433918640218,-18.36517746516756,-0.05096296864211167,-19.857287447509375,-0.3201235604967095,-20.12909122707762,-1.0004574875984384,-20.904328384378893,-1.021014776204684,-20.92798785365038,-1.8805117027513603,-21.9271045912225,-2.112719508111399,-22.232550527541633,-2.6893458309185303,-23.094488247306877,-2.7066801518326398,-23.12067886488755,-3.4577151936692596,-24.26771260398666,-3.6558885537761263,-24.616618066224152,-4.675639867607645,-26.709583922074255,-4.8298633827744215,-27.085383818768616,-5.570653810555085,-29.28043515079146,-5.676003957724486,-29.674433470953208,-6.136440488912054,-31.980515296424826,-6.190954047898254,-32.39191559665466,-6.349866082497356,-34.781312489098575,-6.350111725798553,-35.19943232606637,-6.196871603952327,-37.545168968332355,-6.146924463567115,-37.935675820179064,-5.894165759621655,-39.25569568572895,-5.8896159782884805,-39.27898516982032,-5.699551067847769,-40.23293381966885,-5.602650486389219,-40.60202869214741,-5.198661724145572,-41.8342189380947,-5.1881827910459775,-41.86562620259589,-4.846254806108153,-42.87292198623988,-4.701506531537455,-43.22753292926642,-3.7354401071798606,-45.23849570600908,-3.5510831015982034,-45.56997829802728,-2.8891134917961465,-46.608966310966835,-2.851305776445248,-46.66690435235018,-2.151491456897664,-47.714216690309144,-1.9360573439350326,-48.00030084414086,-1.2214508532075103,-48.84556733002202,-1.1829996859644623,-48.89020239765456,-0.35571788086731837,