{"Index":-1,"Tolerance":4.634631658530266E-05,"Coordinates":[-0.6846367688592763,-49.45408637487673,-0.7283312081937109,-50.8999348496727,-0.6336541831313595,-51.77355504274292,0.4320690439835684,-56.015949565152034,1.3655459746141023,-57.5971808777462,5.401752999950629,-61.35976279286815,6.086778517200849,-61.846894480790695,11.703936985886784,-64.8139777006193,12.210342901996833,-65.02775820308759,16.100096215747914,-66.2864017419857,16.49379599736699,-66.38650857244168,18.35706001299619,-66.73528485383272,18.468912486741967,-66.75416065965527,21.592860248942713,-67.22412009410077,22.182131656373226,-67.25741284044237,25.247555531096914,-67.14565424172815,25.455699760565114,-67.13120751055925,28.418453501166525,-66.82750304583358,28.6894325133989,-66.78785805551519,29.742052034617707,-66.58717133681745,30.143573484581378,-66.48306509278989,33.23939574828657,-65.46060342299015,33.68208940086124,-65.27631372913089,37.408501199333415,-63.38365407586523,37.93231937894706,-63.049591846977265,39.43772571442907,-61.86798216875522,41.292650998822296,-61.117284536900975,42.684002971599455,-61.48112573665192,42.94677685854606,-61.538079200011246,47.57032211192462,-62.33698825651152,50.68229351486234,-63.32662205333044,50.7638167443114,-63.35134790154834,52.274028592289255,-63.78735660253858,52.6526093515187,-63.872011400571054,53.69609370164025,-64.03925173930233,53.650179189059685,-65.13944904719877,53.659156668975754,-65.54491238822023,53.884149529883075,-68.15513995414912,53.95253362687133,-68.59137657109207,54.47852766386324,-70.8895086576893,54.58898831544225,-71.26440833318777,55.31592867587469,-73.26791658601702,55.47116445714858,-73.62562127195052,56.54042436559569,-75.7262428145024,56.75202026185604,-76.08241566519709,58.0977297049484,-78.04406089624538,58.366395395994346,-78.38357330213016,60.0930233157239,-80.28373740833601,60.405390698113244,-80.5836400893525,62.223692102776255,-82.10548784153454,62.55689456546635,-82.34938640419452,64.54172419622837,-83.61283824749165,64.88863575811042,-83.80437953626542,66.8644926476304,-84.73963308045082,67.23259379765304,-84.88652925880767,69.4707144779711,-85.62153307315347,69.87116492052868,-85.72472626775212,72.21094355053793,-86.16769291636265,72.63764986860383,-86.21890729578094,75.15944338127723,-86.3496451950539,75.57735761500399,-86.34379438201874,77.80305678119214,-86.16581662153625,78.19753463398091,-86.10920646596698,80.50224464400166,-85.62935587301305,80.9026764461841,-85.51823492197168,83.1602396397745,-84.7295153391944,83.54339068942409,-84.56677883592447,85.65455407083654,-83.5018698228107,86.00968153657342,-83.29281581267348,87.96316144434601,-81.96517458342117,88.29603737090059,-81.70499206692729,89.40331570309941,-80.71418339983381,93.41422743473048,-82.146690778642,93.64071558199981,-82.21815290457629,96.45452371869787,-82.99156753147072,97.10369473921779,-83.09946226178383,99.0743179988133,-83.22012995323936,99.2090392091002,-83.22551153589946,106.88869231377097,-83.36908232568962,106.94419037188379,-83.36963469119587,109.29659249502933,-83.37248656227911,109.71511970640267,-83.34532286716428,112.9994026622733,-82.91314952562921,113.34923476185901,-82.84699744384125,115.79565037597644,-82.24068155104248,116.24355071898677,-82.09366899105179,117.43903506564106,-81.60037063427419,117.84615041475601,-81.5731673440095,121.8169481189429,-81.73607297145888,122.01230357426562,-81.73807330554386,124.8137923335081,-81.68056544594032,125.29441896969004,-81.6340252506825,128.73937093727338,-81.03367083896966,136.38546918057494,-80.71241005663782,137.31003646749477,-80.75155856585889,137.42792631690722,-80.75435864718094,142.3397198601199,-80.77978809674231,142.7731445203137,-80.75236412135037,147.87044891846773,-80.07789676307317,150.9551666416017,-79.71632810154456,153.69321236260228,-79.72216069961421,154.34715896077873,-79.6556937935181,156.8065370383374,-79.14507211088991,156.85234517507698,-79.13520817506497,165.62724856764052,-77.17783167864425,165.66204301599495,-77.16986466475869,173.32362858423676,-75.3701785750748,173.46061754251346,-75.33476201753685,176.91575960159778,-74.35886289849647,182.5742158497704,-73.05572196817172,182.64537269130696,-73.03846824644198,183.91274601581196,-72.71564594915294,185.0025969201052,-72.5033224737996,185.23205522180766,-72.47710660380234,185.53605353697452,-72.42734254830336,189.66997981369252,-71.54293911275663,192.98919691544666,-71.08064960193005,193.16884199765482,-71.05035305836553,194.10522817397006,-70.86466551964253,194.20293237701065,-70.84368739854136,199.15708944428403,-69.69813756905295,203.843040022393,-68.69609247461645,203.891134309434,-68.68541713408256,204.52548547398766,-68.53943925150587,210.0592338078571,-67.27116749083282,228.20990724560374,-63.08860323240028,231.69700750677836,-62.33740555367649,235.2148523485039,-61.78010119076135,238.62144512862477,-61.47544713965001,241.12761851964117,-61.406640415310164,242.15536378226375,-61.40776558684276,242.3040163032722,-61.40444713935278,242.43562853940585,-61.39842372975992,250.82078574874978,-61.359318386564794,256.58820087976596,-61.39919879652585,256.71794349886994,-61.39744477779387,258.11483623808897,-61.35,277.62318412106913,-61.35,281.34292800000003,-57.630256121069124,281.34292800000003,-17.601340878930873,277.62318412106913,-13.881597000000001,235.308457365559,-13.881597000000001,232.81557932264494,-13.664914736110745,226.3084709001789,-12.544096006712493,212.72533346987638,-9.948534619658364,212.69332913710912,-9.942588895618574,201.27829241945426,-7.882397185285249,201.0494235134968,-7.849641908721202,198.11532442369335,-7.538207477934029,197.75483792095127,-7.473606022033746,197.60965287841617,-7.451041306105566,196.84383332172135,-7.350102493276971,190.7670477711841,-6.063805632597693,190.71644932574995,-6.053524385668605,188.6341629056407,-5.6480199990479,188.52980680384542,-5.629499808136391,186.03562163759642,-5.22967139966936,183.32126168499664,-4.699135115120937,183.07888863541027,-4.661412911618816,182.20247078817167,-4.559490236233872,180.08768563562296,-4.10470976551336,179.9998089976305,-4.087105831013005,176.73249945704572,-3.4804121325272646,176.3930893251312,-3.4361404469006622,175.73109902267868,-3.3858554686159126,168.55838779478975,-1.8718730953486686,168.45785597596603,-1.8523412668477994,166.69830128612452,-1.5398449650294679,166.32660341714828,-1.4962144285214742,160.92660647220123,-1.1830579438649744,149.21178429734695,-0.2533238488690363,148.7801287429798,-0.2484707466980569,141.55820511042126,-0.6584863850125072,138.28492817885103,-0.7285637405022861,137.45172770005715,-0.6827392222786024,133.1878752032472,-0.05899901955293907,133.03984916372252,-0.04088407004978094,131.49944764536073,0.11100723841397861,131.3078126198829,0.12406640835331802,127.08915016354288,0.2835842895385218,126.9711910849835,0.2858511872157834,125.96420777207244,0.2864917980210511,121.46431735571193,0.753823819476034,115.39473783858173,1.5749846073094733,115.30914207645807,1.5853835195343773,113.9454659951696,1.7322944158561127,113.59991709784366,1.7505695030704884,108.47842875459736,1.7421609127261337,108.42175250842143,1.741561955340037,103.65290814746142,1.6485887657120477,103.59928881336552,1.6470902126555975,95.93228626174728,1.3679804195221752,95.7866343625094,1.3593236614968394,95.07798701509412,1.3008403360749268,94.70932268030333,1.2485250628540208,91.27257949057069,0.5533440786771457,90.49528337142792,0.2881938969468132,90.05325051667151,0.07034649927490802,88.52107259302944,1.5131404969612612,88.20726014819756,1.7727965966879533,86.77691614134677,2.80938533422027,86.47372496041778,3.003895685985431,84.45435757932833,4.1432627880174,84.08186059949342,4.3225634586494,81.88603035923454,5.208619278031496,81.49957162903765,5.3364535217686875,79.26281004184408,5.920412554733359,78.86780237007831,5.997209662775182,76.64970312750341,6.284207689023255,76.30907741677916,6.30976652374559,74.73594827963387,6.342987975551424,74.4611693520696,6.336897544133986,72.75596190008805,