{"Index":-1,"Tolerance":2.9579933512778955E-05,"Coordinates":[194.8333977101901,-22.87758880345801,194.7717485553342,-25.80007755893119,194.77105557493414,-25.87620612964083,194.78474339679894,-30.618055382890805,194.7849204458079,-30.643649976201694,194.8274129534391,-34.524775743060204,194.83832384618958,-34.755321394795224,195.1649808271136,-38.65199579495791,195.16608851136013,-38.66489339740706,195.35769905014882,-40.8438470211617,195.67356235850264,-41.968540778844584,195.82746706820834,-43.700260012171455,195.83404045049923,-43.76637118012985,195.96780151709532,-44.982309044864685,195.86441646849957,-45.77992646948796,195.6822890239819,-46.70869111233754,195.59342607065838,-47.066049072860984,195.51258261217293,-47.54472526203517,195.2382208473292,-50.55474198202207,194.87870975339814,-53.93576622505188,194.86107218052513,-54.30518750191822,194.86724855577344,-54.892339302859206,194.86755470184136,-54.914252359684035,194.9678419081261,-60.670274642792826,195.2167206970665,-61.320488678368555,195.22018530555573,-61.783567184904456,196.4082786301549,-64.3076386289942,198.6163117930341,-66.16141327110887,199.139798882635,-66.51854284463555,200.44261411634207,-67.22854119772221,201.4586761926993,-67.57682601833402,202.93343168354838,-67.81706118491206,203.20134741062682,-67.84909298379591,204.4442490133614,-67.94437193860031,204.93322014621037,-67.94414873828705,206.1180456009269,-67.85223370729048,206.22854112215646,-67.84171599276522,206.58287261990978,-67.80172775642002,207.19449240215494,-67.76346497917756,207.51078810776207,-67.72770020902429,209.2287756726675,-67.44566814322394,209.2948653874429,-67.43410018436438,210.069942149241,-67.28997897771657,210.19584808649387,-67.26391974939125,210.95562109318365,-67.09055462435802,210.97829144079856,-67.08529421490243,211.4079983969948,-66.98392427172008,211.66508480444983,-66.92524715710597,211.69329089305444,-66.91867394174824,212.74531211692567,-66.66844417788457,216.7465387283324,-65.72453344911435,223.22859634440385,-64.22725826463102,228.39506283517719,-63.04593634610737,231.73267817526593,-62.32961484142281,234.1592927175083,-61.91463354314881,235.05182818209906,-61.81777318431144,235.40031717558216,-61.75773740099975,238.67667794799334,-61.470279352915256,239.82908399445836,-61.4165538436337,242.21507794488392,-61.3806738535204,246.02683661719837,-61.38449448901769,246.19375211037809,-61.38027221755125,246.22507925723735,-61.37865482615016,246.27745275736515,-61.37865157341747,246.2907954888635,-61.37862270866563,250.81951873849627,-61.35930962546694,256.58820087976596,-61.39919879652585,256.71794349886994,-61.39744477779387,258.11483623808897,-61.35,277.62318412106913,-61.35,281.34292800000003,-57.630256121069124,281.34292800000003,-17.601340878930873,277.62318412106913,-13.881597000000001,234.67723173615278,-13.881597000000001,232.8391392621317,-13.67246532466431,232.43503813218217,-13.610710197083696,227.87434698968323,-12.830412834474252,226.27305879707887,-12.537891705305846,223.04791007179006,-11.922553321806005,220.3943050500219,-11.42024391821215,220.35048653810162,-11.412267334990732,219.6761276298495,-11.294389662421608,212.08717645233924,-9.832224477642175,211.85808231993977,-9.796701584137878,211.24354036536408,-9.72426585209774,211.1888546968957,-9.718299925046773,210.8429011591314,-9.683588024185752,207.84167195626912,-9.101937704619171,207.76509170333102,-9.088067698888835,206.88272299559284,-8.939400312930323,206.82134797045953,-8.929676097069017,205.8432571497941,-8.784504913042397,204.70780754609754,-8.819800578787127,202.13463851366038,-9.366900956353415,201.03014883082173,-9.540496963597027,199.7121896469869,-10.06434485155057,197.92231118134404,-11.290831620597382,196.81403172855244,-12.603640663540311,196.54408363556084,-13.188861671640925,196.43522273350112,-13.288706729005805,195.38520264036035,-15.40188727309613,195.28124834256104,-16.507550313000014,194.92678651134725,-17.881626554997023,194.82573944912377,-18.683733722718866]}