{"Index":-1,"Tolerance":2.4931693851053395E-06,"Coordinates":[213.9436165383449,-41.06107018700496,213.99079466872408,-40.889385182092994,214.22454633480942,-39.739317824242555,216.12667991445264,-38.882117136060316,217.41955840018755,-38.5936646537204,218.53384168855078,-38.39476865144332,218.82893560391867,-38.35434524426995,218.955955740622,-38.33431738306367,219.65432534736453,-38.209660461601054,222.7065122917389,-37.965959098286156,222.81161013703533,-37.95580642196468,222.96680573991762,-37.93820516703823,223.74434687593487,-37.881865997014096,223.79324655076806,-37.877323340304905,224.00377918181084,-37.87285420917657,224.04367990467307,-37.871756243948376,224.3065896458127,-37.86286745116381,224.48412593166282,-37.86032996557968,224.54603855670987,-37.858841016802124,227.89500311758232,-37.74561186929973,228.683004,-37.76432648824225,228.683004,-42.721547071413674,228.6798766153556,-42.7215371324395,227.42702029448517,-42.73195063951041,227.36882127158538,-42.72943458097045,227.29147314386998,-42.727034584445256,225.40547295591085,-42.69151317128708,225.25114792669345,-42.6856688633009,225.1907827077004,-42.683957536775736,223.2618995097839,-42.64762875865896,221.9284511559703,-42.618725583711395,221.71540211400907,-42.62125632739119,221.69890139841468,-42.62200644428632,220.05858764354144,-42.54892237665341,217.16621181605308,-42.13663585597412,217.11662179917624,-42.130294031171815,216.648942893384,-41.99627003342658,216.52174589321163,-41.96774078096748,215.82695108984458,-41.76863130879202,215.69976591254726,-41.740104703186326,215.16257466969697,-41.58615996650985,215.12080686721262,-41.57449848901993,214.84515831558633,-41.499563377297605]}