{"Index":-1,"Tolerance":2.735257987152464E-05,"Coordinates":[-0.6931044004952169,-49.44427129614384,-0.7391105056630123,-50.28783256481021,-0.7334735698188728,-50.717278225575846,-0.6764473765145532,-51.4220841627242,-0.593132056767356,-51.931792265046084,0.16067692228592584,-54.968509651441906,0.19394230914633778,-55.09185245391055,0.5050751925581707,-56.15956989831508,1.375521244297342,-57.592104328213686,3.3296756769538804,-59.4581105745295,3.365428762482482,-59.491726514104975,4.76809795408203,-60.79027475560355,4.834341821786133,-60.84989677862144,5.521380168825832,-61.451020523080864,6.131202864211214,-61.87036021267294,11.649379156602198,-64.78515928278705,12.038806746693586,-64.95853520017911,12.57725371140948,-65.15615572539295,12.704108666893717,-65.1996967801245,16.09367908820893,-66.28365711479428,16.431186936842614,-66.37149541052673,17.412754135413152,-66.57016221770704,17.500416661294793,-66.58662667637407,18.40172036457663,-66.74283337344824,18.434626121875556,-66.74835839664843,20.93157453082545,-67.15412873427628,21.179774516740494,-67.1844910694886,21.91134267855953,-67.2448740575756,22.288525456706466,-67.25353395695902,25.247555531096914,-67.14565424172815,25.455699760565114,-67.13120751055925,28.418453501166525,-66.82750304583358,28.6894325133989,-66.78785805551519,29.742052034617707,-66.58717133681745,30.143573484581378,-66.48306509278989,33.244828246505044,-65.45880922399341,33.697745129747304,-65.2693068059878,34.8548787123489,-64.67634610667358,35.8482494000286,-64.20423813352016,35.975907461881086,-64.14000716227105,37.53774726011876,-63.309612148086615,38.10158999733246,-62.92729524272384,39.26067101886867,-61.94500594125187,39.62904916453796,-61.80434549698107,39.82418704832633,-61.71585635758062,40.212026990514204,-61.56776500938403,40.40715110890297,-61.47928243000914,40.79501055893684,-61.331183488682406,40.99014999760659,-61.242694149977275,41.37799670049697,-61.09460003251894,41.57313350783672,-61.00611181900354,41.96099216042078,-60.8580129509285,42.15610754866782,-60.76953371839271,42.54396832493871,-60.621434574064246,42.739111222661705,-60.53294329101304,43.126950990514175,-60.38485200938403,43.322075108902915,-60.29636943000917,43.70994102781119,-60.148268018629295,43.90507556978011,-60.05978038781,44.292922043316196,-59.91168666132557,44.64571577053381,-59.75170567225137,45.54737201821615,-59.274565655498535,45.654913164389555,-59.214963597674505,46.27164202830855,-58.85737625606928,49.02514410621616,-57.41577879027792,49.389725562750584,-57.19244504365279,49.869030826492164,-56.85248840210022,50.111355901173084,-56.66230470677222,50.1172832687214,-56.65716939626602,51.97189416077639,-55.30276808945725,52.36341847109597,-54.96475686786094,53.864435348051096,-53.43895021099167,54.01761286148471,-53.271695970391086,54.545459454006654,-52.65232014570022,54.668210044207854,-52.49891482403847,55.98885231454867,-50.739549346810584,56.28013119918157,-50.272071985403635,56.82742567500181,-49.196078883281245,57.5307647124639,-47.935118044986154,57.775461543006,-47.37643425576369,58.43731829753379,-45.35789840835155,58.54925486971316,-44.908034223482005,59.025624873526425,-42.14777359930328,59.071959506995086,-41.60949651545083,59.07299185174573,-40.377001262061654,59.06997652162719,-40.23596638136359,58.97808690138322,-38.12931394161442,58.96813044233793,-37.98094861383653,58.87757125517039,-36.98217746574499,58.7584550719753,-36.36207803139606,58.56225146791239,-35.70251146897344,58.46904699628836,-35.433836711990736,57.70028228666153,-33.50176379662516,57.624532611121325,-33.265024438819935,57.31713475315476,-32.58860868357685,55.58191385790806,-29.716158707876904,55.26849088555217,-29.283976806334557,53.17325190060216,-26.853555894524348,52.903953748482756,-26.577071978421305,51.53662262501804,-25.334078666119094,51.255934158165275,-25.10666632907286,49.359620678111924,-23.741237739641402,48.86209953519818,-23.27444769162588,48.39490052903273,-22.911520929607672,47.501893481227576,-22.342471651114288,47.23616525398683,-22.190623426397295,45.48893409900625,-21.300961086473045,43.207987095734175,-20.044118951499087,42.50051627444831,-19.75856981242936,41.833814496185994,-19.578624906372415,40.09165012121488,-19.00211280355194,39.91135426888559,-18.961868692949423,38.65855907999574,-18.211914131045965,36.54019798477091,-16.712038738789676,36.524432028191804,-16.700947576775953,33.46309432010113,-14.561195813837431,32.75559607460883,-14.18899030723497,31.512386612323706,-13.723071608251447,31.170068451238013,-13.616384901697844,31.003212048405196,-13.57454854523104,30.69656165101598,-13.449325859297888,30.265488602256504,-13.341241931856441,29.958844883948995,-13.216021291668842,29.527755713657072,-13.107932959839365,29.221115260374024,-12.98271433861731,28.131706893896137,-12.709563069235797,27.613674923286897,-12.624346842247267,26.675658494159386,-12.548757427255524,26.16959244840571,-12.548374213909735,23.565741222882167,-12.75423518551579,22.080389124850363,-13.253801830151106,20.382873305337046,-14.341836829287239,20.36102152534998,-14.33521181508975,20.059078103898205,-14.259602696958307,18.818648487364054,-14.01285967016554,18.694324705977365,-13.990689939903534,17.36069706569732,-13.780145846616307,17.007573916637458,-13.744464831408148,14.97946403144288,-13.653496400786157,14.740381033241562,-13.651780624255455,14.246991497891456,-13.666819362487335,14.073604208738153,-13.676855821409651,12.159067732156208,-13.840310766285151,11.807856257905607,-13.890168874881331,10.549941934040758,-14.141060342812803,10.480989320405806,-14.155610419613643,9.425608195321548,-14.390575326898484,9.09478189562975,-14.48325844085228,7.894364073674393,-14.890739875531505,7.80030061494949,-14.924328674545785,6.572558738866299,-15.384637032490465,6.244089554235151,-15.529442707146695,4.349713212446071,-16.495859281247302,4.028288640633725,-16.68435945116676,2.9759052723646198,-17.38755981400892,2.920684955960217,-17.425305273853397,1.9146809207579956,-18.12861340247274,1.6161433918640218,-18.36517746516756,-0.05767076704897317,-19.86329112741818,-0.3386926809089839,-20.148685098574816,-1.8740355656086742,-21.918323047447366,-2.1251502680629906,-22.249171080913953,-3.447600962270334,-24.250800361331912,-3.6530101463020572,-24.61071034295796,-4.675639867607645,-26.709583922074255,-4.8298633827744215,-27.085383818768616,-5.570653810555085,-29.28043515079146,-5.676003957724486,-29.674433470953208,-6.136440488912054,-31.980515296424826,-6.190954047898254,-32.39191559665466,-6.349866082497356,-34.781312489098575,-6.350111725798553,-35.19943232606637,-6.196558709482325,-37.54995862795025,-6.144789553656516,-37.94990991597382,-5.703104228854379,-40.21945398775064,-5.5988808243040475,-40.616333065244,-4.856201772550847,-42.84693027829898,-4.7055252626097985,-43.21916754320966,-3.7354401071798606,-45.23849570600908,-3.5510831015982034,-45.56997829802728,-2.8891134917961465,-46.608966310966835,-2.851305776445248,-46.66690435235018,-2.1426634566770395,-47.72742829986372,-1.906557866579669,-48.03772200108837]}