{"Index":-1,"Tolerance":2.7352467693144438E-05,"Coordinates":[-0.75155151007925,-49.38174132406731,-0.5436154342954591,-51.95169790527201,-0.4602998760734486,-52.46140727445772,0.007853737294303553,-54.34736069242323,0.2250518117017376,-54.952684069956234,0.9548638521343502,-56.48026377648753,1.1101884987408195,-56.76663039932042,1.7194775559164508,-57.764251993647,2.2374391762868955,-58.40723464041209,3.3155965439141752,-59.43779756311227,3.3482825136874723,-59.468601184921425,4.650735367546607,-60.67876817344469,4.785678771324004,-60.79722083798604,5.71133741769975,-61.56453036844861,6.241911193969465,-61.920979804967516,7.908318310966773,-62.811933046895426,8.029524544947844,-62.87343799445079,8.089996587816492,-62.90251359486764,8.83379751683239,-63.30019080962971,8.84845452527648,-63.30797806691186,9.836077454879447,-63.82939534133524,11.653635510997384,-64.78716775503943,12.040280230010328,-64.9590759972604,12.62969964278124,-65.17540440387418,12.8636041122191,-65.25111617518115,13.181025236081679,-65.34044705857434,13.419596590528723,-65.42800769619781,13.653504400724904,-65.50372069352044,13.97092723608185,-65.59305205857439,14.209500868114132,-65.68061353211891,14.443413352608674,-65.75632784505777,14.760827973863861,-65.8456563751198,14.99939437261846,-65.93321562040411,15.23330871485039,-66.00893085833212,15.550731225843085,-66.09826192713963,15.9006164588131,-66.22667743072591,16.36538817616314,-66.35817790183283,17.412754135413152,-66.57016221770704,17.500416661294793,-66.58662667637407,18.40172036457663,-66.74283337344824,18.434626121875556,-66.74835839664843,20.93157453082545,-67.15412873427628,21.179774516740494,-67.1844910694886,21.89858505753768,-67.24382105483657,22.250137200636424,-67.25330960019862,23.201222348222515,-67.22630610933774,23.236929866129316,-67.22509118743515,25.26275157778758,-67.1447503749399,25.46074818783472,-67.13069000892536,28.418453501166525,-66.82750304583358,28.6894325133989,-66.78785805551519,29.860991312624957,-66.56449502030765,30.490189090560612,-66.37552771553332,30.612642049956303,-66.32445746028108,31.058840856509335,-66.18473131330978,31.146872153383242,-66.14801705922085,31.59309514064471,-66.00828268465514,31.681129638909105,-65.97156687906008,32.12733416921946,-65.83183900091272,33.74960202907961,-65.15525448033583,33.890346276761846,-65.09250434043129,37.141171298497184,-63.547519997203686,37.92910142441001,-63.01651166732329,38.63011320171906,-62.3733768760501,38.87198614980678,-62.125900734975616,41.724414116798435,-58.870167674626394,41.85621902028195,-58.70940155961043,42.816674614609994,-57.456406478651246,42.896254223545746,-57.347901754608294,44.16253648275869,-55.54234984691012,44.203737296203805,-55.482143225101204,44.732983425807625,-54.68936673883916,44.81457049787364,-54.560561917743264,45.88044266553786,-52.78491019730364,46.01194046074882,-52.54260048649162,46.78931566787082,-50.94880519787109,47.10247206294516,-50.36972480588947,47.32202879852711,-49.86292654529479,47.55318826638785,-49.169773592373055,48.11194625292057,-47.631620976556995,48.219451376930245,-47.27013863682627,48.58393651294958,-45.711338797309985,48.60429548486375,-45.617950653299275,48.82629520541917,-44.52050095978132,48.88601739140587,-44.03713393153077,48.927963704277154,-43.1312152516061,49.023427133276115,-42.25629217780289,49.02933114905691,-42.19703282734095,49.10650601097654,-41.34112513438088,49.11070416699494,-40.82109558639711,49.03430420044776,-39.787445187146616,49.017171722840864,-39.617772992657045,48.91124385855196,-38.79138908287242,48.900880100046585,-38.71744300623829,48.43484788559731,-35.65472537573339,48.37835597161171,-35.37102114303875,48.11698435731366,-34.31258941791556,48.063781741660286,-34.12268619731836,47.2497653272822,-31.529895700337107,47.17717620808585,-31.323783664932762,46.293266261863685,-29.065167045415524,46.229093683174675,-28.912975995997197,45.9592223706925,-28.316757420588097,45.94099905291977,-28.277220964783815,45.09037859698911,-26.464548359121004,44.91745029867937,-26.144948733365688,44.03001950797075,-24.70778116207233,43.67506576286921,-24.097566248578392,43.466251338367236,-23.783162364321747,41.55401574755631,-21.24508344994515,41.31515173207433,-20.963670298272806,39.67113189045627,-19.240550757865947,39.19614689080538,-18.83203567632509,38.53818493629543,-18.37048295331122,37.73627917633884,-17.599223116240157,37.349800533126064,-17.282046643557546,37.063595473263696,-17.082637415182596,37.05582209503046,-17.076216279704678,36.53561081264686,-16.708807470363986,36.522899043153494,-16.699876081974967,33.51228503808401,-14.595578144557074,32.917079955564745,-14.267987420822356,32.15270405345212,-13.948190731207552,31.786279434700923,-13.826371587565957,31.4342804579779,-13.682631491634547,31.003212048405196,-13.57454854523104,30.69656165101598,-13.449325859297888,30.265488602256504,-13.341241931856441,29.958844883948995,-13.216021291668842,29.527755713657072,-13.107932959839365,29.221115260374024,-12.98271433861731,28.131706893896137,-12.709563069235797,27.613674923286897,-12.624346842247267,26.675658494159386,-12.548757427255524,26.16959244840571,-12.548374213909735,23.574584271084742,-12.753536052448165,22.104693951835763,-13.243403135165293,20.458981984071876,-14.2854974684132,20.418747727506396,-14.31877263645617,20.3802171829379,-14.341607314967646,20.160217619317315,-14.283957697863375,19.62957803528718,-14.166303077852765,19.524616300456053,-14.144881698983871,18.77764645386186,-14.005516728416676,18.720102711764483,-13.995327656085756,17.727460101908456,-13.828970389805313,17.57120980146195,-13.80676087243331,17.18227642102815,-13.761306154464545,16.980452168994415,-13.744221848273696,16.021926669004436,-13.69380127412772,15.974620842168909,-13.691666499304548,14.945246752741047,-13.6529033527227,14.728977215303052,-13.652128217831187,14.257307977955655,-13.666504911466298,14.10450079839531,-13.674851863833645,13.252625987475206,-13.742006325610545,13.214686667771836,-13.74522614909304,12.133103921968083,-13.8435530621697,11.799300076532587,-13.891875408358086,10.549941934040758,-14.141060342812803,10.480989320405806,-14.155610419613643,9.425608195321548,-14.390575326898484,9.09478189562975,-14.48325844085228,7.911364163423719,-14.884969200659778,7.850994471908574,-14.9061423122674,6.882822821100981,-15.25669663053625,6.69067079668929,-15.333439236401137,6.337729334478388,-15.487912906973207,6.16789675063224,-15.568312485344782,4.349713212446071,-16.495859281247302,4.028288640633725,-16.68435945116676,2.9759052723646198,-17.38755981400892,2.920684955960217,-17.425305273853397,1.9146809207579956,-18.12861340247274,1.6161433918640218,-18.36517746516756,-0.05096296864211167,-19.857287447509375,-0.3201235604967095,-20.12909122707762,-1.0004574875984384,-20.904328384378893,-1.021014776204684,-20.92798785365038,-1.8805117027513603,-21.9271045912225,-2.112719508111399,-22.232550527541633,-2.6893458309185303,-23.094488247306877,-2.7066801518326398,-23.12067886488755,-3.4577151936692596,-24.26771260398666,-3.6558885537761263,-24.616618066224152,-4.675639867607645,-26.709583922074255,-4.8298633827744215,-27.085383818768616,-5.570653810555085,-29.28043515079146,-5.676003957724486,-29.674433470953208,-6.136440488912054,-31.980515296424826,-6.190954047898254,-32.39191559665466,-6.349866082497356,-34.781312489098575,-6.350111725798553,-35.19943232606637,-6.196558709482325,-37.54995862795025,-6.144789553656516,-37.94990991597382,-5.704496870503028,-40.21229807511257,-5.604855082458195,-40.59530454032358,-5.198661724145572,-41.8342189380947,-5.1881827910459775,-41.86562620259589,-4.846254806108153,-42.87292198623988,-4.701506531537455,-43.22753292926642,-3.7354401071798606,-45.23849570600908,-3.5510831015982034,-45.56997829802728,-2.8891134917961465,-46.608966310966835,-2.851305776445248,-46.66690435235018,-2.151491456897664,-47.714216690309144,-1.9360573439350326,-48.00030084414086,-1.2214508532075103,-48.84556733002202,-1.1829996859644623,-48.89020239765456]}