{"Index":-1,"Tolerance":1.1396909871056912E-06,"Coordinates":[14.050256078366857,-35.61468220772994,13.99721791958168,-35.545110130705915,13.967663697416697,-35.46282049272395,13.92583036744381,-35.38590200265248,13.909156435651122,-35.299915126339116,13.879489880916315,-35.21731271387597,13.876129187464251,-35.12959477597878,13.859487833066789,-35.04377590013997,13.869513583084121,-34.95691994489226,13.866150236458866,-34.86913275614415,13.889425637215048,-34.78441609435783,13.8994705930617,-34.697393753488214,13.935282263527117,-34.617509395623145,13.958437523211165,-34.53323001741708,14.00596967940022,-34.45982842869876,14.041898136173224,-34.37968355801573,14.100302823581362,-34.314154358619774,14.14796800838966,-34.240547340298,14.21567886224887,-34.18470414188418,14.273899428768578,-34.11938152341429,14.349047003163811,-34.0747113839922,14.416647880900364,-34.018958886228106,14.49801174217618,-33.986161943584996,14.573412476269887,-33.94134131788151,14.658726495933557,-33.92137946548928,14.739911684200035,-33.88865454411393,14.827243157800197,-33.88194978273522,14.912604207891775,-33.861976926120434,14.9999997877079,-33.868686615032075,15.08739495312784,-33.86197696379595,15.172755634882787,-33.88194973422699,15.26008200320122,-33.88865410951042,15.341260203579441,-33.92137658741008,15.426596824617548,-33.941343728092576,15.50201912312659,-33.986177607481295,15.583359186929432,-34.018965331620834,15.650942597149168,-34.07470337777026,15.726099774611807,-34.119379659137536,15.784325369095644,-34.18470811227713,15.852018678762382,-34.24053679576535,15.899672507770529,-34.314126286715876,15.957950326970387,-34.3795133353914,15.993800095245883,-34.45948294306197,16.041521227916984,-34.53317636778654,16.064776645783656,-34.617809402990474,16.10055685649523,-34.69762384951595,16.11058937599924,-34.784534870206464,16.133845106194464,-34.86916904206224,16.13048427576361,-34.9568830071193,16.140511658389855,-35.043749527394,16.12386710811016,-35.129583779822106,16.120508209446175,-35.217247327895926,16.09085630999442,-35.29981710729006,16.074163645310247,-35.385899480807076,16.03229993751033,-35.462875354738905,16.00272109963933,-35.54524168414445,15.949606725591977,-35.61492548575138,15.90771857911011,-35.69194629571491,15.84459422102206,-35.75269742914607,15.791476659218036,-35.822385412954276,15.719798404774897,-35.87280141933487,15.656661468897747,-35.933564657680314,15.578120421984382,-35.97245281486408,15.506458292197948,-36.022857479718546,15.422949688172476,-36.049282754417256,15.344456762077746,-36.08814708546129,15.25785342876506,-36.10152544314955,15.174189084307667,-36.128,15.086473284456542,-36.128,14.99999590620987,-36.14135890033182,14.913511924821576,-36.128,14.82632219132587,-36.128,14.74339230813308,-36.10172217412581,14.655488590094652,-36.08814397167467,14.575407539700224,-36.04849317723777,14.558796802781755,-36.04322976632267,14.529529677011997,-36.025777519866956,14.421994987982758,-35.97253351484289,14.3203669690016,-35.90105194352378,14.2919466785543,-35.88410467247533,14.28021105311155,-35.87280768574571,14.20868435212326,-35.82249832195833,14.1555671412803,-35.75282254948222,14.09222262393539,-35.69184563987219]}