{"Index":-1,"Tolerance":2.1351438759015213E-05,"Coordinates":[-6.345202281109222,-35.245774778029606,-6.343429314512892,-35.30172360582047,-6.211697900605615,-37.31821985410046,-6.197478359972187,-37.537284489526115,-6.196900303844065,-37.544549168404316,-6.150744954124075,-37.90614323672167,-6.1484179812948305,-37.924440749703514,-6.147306381736813,-37.933081985669666,-5.940092748214613,-39.018595683093515,-5.9353803100189975,-39.04277277738972,-5.93365584286194,-39.05144093137128,-5.924720152547658,-39.09830313608404,-5.919902319225565,-39.12303589258532,-5.6978734100153225,-40.23922149455079,-5.5998577053938625,-40.61244355912936,-5.238066773728171,-41.716276271981904,-5.227607885758159,-41.74762455240198,-5.22569962643861,-41.75324652494324,-5.221930463343172,-41.76474207001272,-5.211467838078895,-41.79609961990338,-4.845689329141669,-42.87365816579505,-4.7519608692605555,-43.104131935488404,-4.702725439912174,-43.22521326584862,-4.202670540230573,-44.27320407007318,-4.184281334424639,-44.31109499114338,-4.180903488523972,-44.31814284028592,-4.162970825299209,-44.355107295425974,-3.659796859293272,-45.37543234971856,-3.610830240025739,-45.46183337795749,-3.5682155977541057,-45.53694764610457,-3.479157685844196,-45.69401269189996,-3.435653410553984,-45.7613699411645,-3.4229466557622747,-45.78233433045324,-2.8801777693874224,-46.6226302415469,-2.8677992266796344,-46.64164485866821,-2.8274976352001038,-46.70307079066542,-2.823009268390982,-46.70984951702673,-2.819376618561552,-46.715473321785424,-2.7922730195197016,-46.75672602305221,-2.1602463777369305,-47.702590707780494,-2.1006943070974695,-47.78172530704768,-2.0519124722230395,-47.84646760414059,-1.9450265033888583,-47.98842151402093,-1.8957922684320572,-48.04667017347498,-1.877615004624839,-48.069428890718086,-1.2318622052661585,-48.833252346766095,-1.21456416808331,-48.85353980949728,-1.1635519939770353,-48.912848209719805,-1.1596759110428683,-48.91739614336892,-1.1221703469965485,-48.960952612618904,-0.3718922332570656,-49.81649049105249,-0.28329391330175924,-49.90693336301175,-0.2418489429397844,-49.95079497857786,-0.20128643360517073,-49.99064817825477,-0.12674852932339264,-50.06673790700437,-0.06123782534794468,-50.12662076092779,-0.024950717981292767,-50.16101061638732,0.6886637992125971,-50.81331596400824,0.7113801747745138,-50.83388036753738,0.7701472533395841,-50.886579844617586,0.8196471848369464,-50.9309142304063,1.6750733189554363,-51.68109298010462,1.751648623787069,-51.7413104574092,1.8128939118988212,-51.78940655804535,1.9440236928759251,-51.8924618087077,1.9996404510841699,-51.931518279282315,2.0297819468577414,-51.95390259084689,2.8234930370164215,-52.51126440292826,2.842136522211266,-52.52425691063679,2.929531542712604,-52.58469836953956,2.9384882508236925,-52.59079952020582,2.999648123143907,-52.632707500248195,3.9629878997559396,-53.27641058424462,4.070620419077664,-53.33946174709091,4.112363310351507,-53.36518145623695,4.177683686353546,-53.40217944191406,4.287170739826254,-53.46631699143506,4.357949580222243,-53.50233821513579,4.387332702800309,-53.51824504017811,5.092046404351258,-53.88245872410737,5.145456601841228,-53.90942784500324,5.735280010351438,-54.20031345966673,5.739476698157994,-54.2024004550851,6.707554684246114,-54.6798113493096,7.111079978567398,-54.84544195393262,7.535064608613801,-54.98633427427916,9.245794036026549,-55.5588430881835,9.457159760322348,-55.63060136565087,9.471103480724246,-55.634244633792264,9.488720744311525,-55.63878137243258,9.91031656223968,-55.74805098997613,10.543032060295099,-55.863128985055745,11.876264817276223,-56.11375767980847,11.88115964323067,-56.11467386338439,12.083791769959632,-56.15243685281195,12.289695512886535,-56.193390924585344,12.327855196361321,-56.197921074586866,12.333244593953564,-56.19892545512406,12.393674024362275,-56.20573479673071,12.782891500652742,-56.251940985835375,14.10241207367006,-56.30473459026911,14.639483414587188,-56.33992787064869,14.744984798757637,-56.34508051025237,14.789328873382972,-56.34650741638058,14.903080264667091,-56.35396834953398,15.00897515786685,-56.353575206880585,15.053487258975732,-56.35500751977443,15.155077286590494,-56.35303279188003,15.342727103337742,-56.3523361280029,15.817268862355409,-56.31767054551521,17.586433432093813,-56.19219967081153,17.767624192473416,-56.180334728917835,17.784728215712914,-56.17808463385523,18.18003564623802,-56.1260508203333,18.896684599292204,-55.983495122255476,18.942819664805093,-55.97396159831585,20.340774245928205,-55.67425213311374,20.69610782722996,-55.5762062195438,20.79169038853256,-55.54375914951565,22.12231907820819,-55.11116115303646,22.708674005298928,-54.92527816061741,23.154087903195443,-54.74604746935141,23.312418279443442,-54.66796933590315,23.778323943845468,-54.438977094046045,24.786057519843784,-53.97137046200587,24.915073021227848,-53.902880384136616,24.93314215950964,-53.893787227409284,24.97175997815263,-53.87278714687211,25.0866713575501,-53.811784482552206,25.112349667340315,-53.79633552688468,25.39358230530976,-53.64340332474146,25.513525842186727,-53.574755680052334,26.114687101007306,-53.21310094210055,26.200971765851552,-53.159292393348856,26.66590470645533,-52.85890667583242,26.707361535737025,-52.83260663979988,27.29515662723291,-52.43984189206081,27.358946787841823,-52.394110596175466,27.585159262884297,-52.23472581916897,27.6856743473468,-52.160909163371365,28.312338867746337,-51.68147312501622,28.396459582990413,-51.614832202682955,28.6289209708594,-51.42422888571886,28.708683398241448,-51.3587810816731,28.717717965133367,-51.35136780915281,28.789290431127,-51.292603688907676,29.332999658639434,-50.81578937070131,29.465942182828506,-50.69230913954007,29.474655277789992,-50.68373971504723,29.647435714130605,-50.52201560155609,29.704107147617634,-50.4676401285439,30.33189626667843,-49.85019230307416,30.41274182237435,-49.76773311953829,30.501976256349504,-49.67334374368912,30.516672038014786,-49.65889050210891,30.677522575411032,-49.48857693295158,31.122157660023323,-48.9815624593837,31.153469197233562,-48.94531006179471,31.696601548858908,-48.30679899715526,31.812048079692584,-48.15805678139927,31.84696064517885,-48.11347768159198,31.854245890295886,-48.10368879126685,31.871160193659758,-48.081896270156484,31.88425178648952,-48.06337107755535,31.940175243174032,-47.988228982088074,32.641074670628356,-46.99645278744019,32.65678157311381,-46.97402284566963,32.7946788469491,-46.77528278765844,32.79793838037079,-46.770496096306715,32.809419808321884,-46.75424997582647,32.85642915279373,-46.685852740274946,33.298471412593095,-46.0243360935939,33.42257889770636,-45.80939663060177,33.470704510821825,-45.727682554163515,33.47851419252185,-45.71252332582909,33.5063324806776,-45.664345345974766,33.573649231492496,-45.52785846575468,33.64597716837063,-45.387464048644155,33.670660921715964,-45.338517568673,33.88740520884547,-44.899336624406715,34.53119338654533,-43.658873112019975,34.65615357541486,-43.36576739007719,34.69559822361469,-43.27522271399983,34.69996564324967,-43.26300211828383,34.71986643596106,-43.21632296176466,34.780897961367785,-43.03654319682857,34.844846386963674,-42.857607367163176,34.8615154345665,-42.80976413465303,34.99303650766549,-42.42235326316064,35.27861199117617,-41.6574848105773,35.345774348273224,-41.45758473202016,35.372755768948835,-41.367472175549736,35.60777639782826,-40.58439363662055,35.6717836252443,-40.33475330345446,35.910809521391336,-39.21557476860321,35.95779490996166,-39.018058722377425,36.00797263605791,-38.760174354188855,36.02345132014501,-38.658313859745654,36.08095221227626,-38.32250106607096,36.09198230043849,-38.25353205478179,36.17657550439522,-37.684520869240195,36.20356433240403,-37.4361812732526,36.326180674591285,-35.659848100736156,36.35066381107734,-35.31939552596455,36.351141374350405,-35.166066125271485,36.35269868792948,-35.10649236634923,36.351540752881775,-35.037839198457625,36.35202258880676,-34.88313799386779,36.34715137423382,-34.80894363427005,