{"Index":-1,"Tolerance":1.1396902695471666E-06,"Coordinates":[13.967664009181773,-35.46282336661718,13.925831920287274,-35.38590746355121,13.909158291401548,-35.299921591568626,13.8794913683103,-35.217317794620996,13.876130435393748,-35.12959700188216,13.859486904715824,-35.04376634629914,13.869513816692427,-34.956902380435814,13.866150917825722,-34.8691302761385,13.889423356216598,-34.78442439662409,13.89946917772246,-34.69739661594838,13.93528251843699,-34.617508467814694,13.958436440351832,-34.53323395875535,14.00596618887696,-34.459835728492436,14.041896377489284,-34.379686929942395,14.100302731652198,-34.31415569643495,14.147969169213427,-34.24054638293137,14.215681925692959,-34.184701615368766,14.273901344223137,-34.11938012141407,14.349048396613245,-34.07471023477212,14.416646578131429,-34.01895996066123,14.498006934741076,-33.98616436635964,14.573411109558224,-33.94134163766596,14.658728611850908,-33.921378970405,14.739912583960367,-33.88865447503599,14.827243157800197,-33.88194978273522,14.912604207891775,-33.861976926120434,14.9999997877079,-33.868686615032075,15.08739495312784,-33.86197696379595,15.172755634882787,-33.88194973422699,15.260082210215973,-33.888654125403725,15.341260690388461,-33.921376701314095,15.42659648292453,-33.94134364814293,15.502017971727078,-33.98617703177817,15.583358495165598,-34.018964926391995,15.650942070674532,-34.07470314504706,15.726098211591413,-34.11937879586975,15.784323641842711,-34.18470696065378,15.852019108409051,-34.24053745924781,15.899673881619384,-34.314128408283864,15.957950805101662,-34.37951434779389,15.993800191438348,-34.45948309160732,16.041512074464478,-34.53316223255492,16.06476456494737,-34.617782364898275,16.100555415210362,-34.69762053307962,16.11058963864417,-34.784548320730856,16.13384565240731,-34.869181274945525,16.130484512452764,-34.95690020996169,16.140510416935076,-35.043755929449986,16.123867932357218,-35.12957952926389,16.12050887691474,-35.21724406274327,16.09085703301184,-35.299813378762785,16.07416866911343,-35.38587357356516,16.03231305889621,-35.46283649178136,16.00271920439454,-35.54524432896632,15.949585352421371,-35.61495387042174,15.907710169088162,-35.691952779132826,15.844600334844444,-35.75269011884343,15.791477962069337,-35.82238460003872,15.71979395124583,-35.872804643140974,15.656659741354721,-35.933565442142736,15.578121057214736,-35.97245243546466,15.506460732415489,-36.022855818640245,15.42295455562564,-36.049280291407946,15.34447239128182,-36.08813929998631,15.257876599805124,-36.10151712125474,15.17418584942205,-36.128,15.08645064041222,-36.128,14.999986615427467,-36.14135746521477,14.913511924821576,-36.128,14.826776862459662,-36.128,14.744469844716352,-36.1018886177098,14.691569395157607,-36.09371725670376,14.660712827152924,-36.075317232121435,14.406958881030018,-35.99481539307381,14.213642837442162,-35.8087257304532,14.185300622136372,-35.791825035007584,14.155562623041899,-35.75281662274499,14.092219559140663,-35.691841397037045,14.050252855309303,-35.614677979928416,13.997216314769306,-35.545108025615306]}