{"Index":-1,"Tolerance":2.7352467693144438E-05,"Coordinates":[-0.70136632497608,-49.438916144558384,-0.7159440695142392,-49.787172189533685,-0.7394234403302388,-50.348120823526465,-0.731852106487952,-50.73731843720987,-0.6764473765145532,-51.4220841627242,-0.593132056767356,-51.931792265046084,0.16067692228592584,-54.968509651441906,0.19394230914633778,-55.09185245391055,0.5048479299034,-56.15878999906978,1.3740903924656898,-57.590154616318166,1.9480942374394599,-58.138818443961284,1.9561193930730325,-58.15056696147693,3.147733094746077,-59.289577080178674,3.180417350703644,-59.32037909095618,4.188498844756836,-60.25703335101247,4.226053140817286,-60.28764247432701,4.765018980858602,-60.78747574093663,4.833297928882154,-60.848983425219906,5.519680599506563,-61.449533486036174,6.125486113846923,-61.86674360440134,7.871353231141125,-62.79210993051374,7.87690857122789,-62.795047402807434,11.651798951499773,-64.78630154656032,12.039644499304211,-64.95884267170696,12.62969964278124,-65.17540440387418,12.8636041122191,-65.25111617518115,13.181025236081679,-65.34044705857434,13.419596590528723,-65.42800769619781,13.653504400724904,-65.50372069352044,13.97092723608185,-65.59305205857439,14.209500868114132,-65.68061353211891,14.443413352608674,-65.75632784505777,14.760827973863861,-65.8456563751198,14.99939437261846,-65.93321562040411,15.23330871485039,-66.00893085833212,15.550731225843085,-66.09826192713963,15.9006164588131,-66.22667743072591,16.36538817616314,-66.35817790183283,17.412754135413152,-66.57016221770704,17.500416661294793,-66.58662667637407,18.40172036457663,-66.74283337344824,18.434626121875556,-66.74835839664843,20.93157453082545,-67.15412873427628,21.179774516740494,-67.1844910694886,21.89858505753768,-67.24382105483657,22.250137200636424,-67.25330960019862,23.201222348222515,-67.22630610933774,23.236929866129316,-67.22509118743515,25.26275157778758,-67.1447503749399,25.46074818783472,-67.13069000892536,28.418453501166525,-66.82750304583358,28.6894325133989,-66.78785805551519,29.860991312624957,-66.56449502030765,30.490189090560612,-66.37552771553332,30.612642049956303,-66.32445746028108,31.058840856509335,-66.18473131330978,31.146872153383242,-66.14801705922085,31.59309514064471,-66.00828268465514,31.68112852348587,-65.97156734426024,32.12733981919419,-65.83183704026587,32.215370152174486,-65.79512289928543,32.66158011525614,-65.6553935097934,32.69700734196915,-65.64061815590198,33.357131718784686,-65.4207959966766,34.03109558110971,-65.11081890137775,34.194947038693655,-65.0296644024348,34.89824830879769,-64.65573433250924,35.8482494000286,-64.20423813352016,35.975907461881086,-64.14000716227105,37.539047654718665,-63.30892075759096,38.105150678934315,-62.92468891042234,38.46408684981334,-62.61992941843178,38.470190137131965,-62.61578511449227,39.68237125669114,-61.58557154781585,39.945911439372,-61.33420254077924,41.62320562779431,-59.53985187875603,41.691864618304315,-59.46398699842287,43.11968865989483,-57.83428321791386,43.25149378908676,-57.67351685561617,44.82402951623209,-55.62201191520721,44.90360729096527,-55.51350981415602,45.21266918180455,-55.072829193870064,45.25387288533606,-55.01261837962067,46.61382096214768,-52.97550159701284,46.76530716564906,-52.72417316224219,48.17835356738962,-50.11426198448562,48.39769263095007,-49.60896352583144,49.184978360801374,-47.25566360766145,49.258987379193385,-46.9990518848201,49.700397446596604,-45.18537119672785,49.74967012662542,-44.94181215179772,49.8742230638357,-44.17236399726043,49.896291794591335,-44.009373557481425,50.041496403159194,-42.67856248867875,50.04739996187347,-42.619307686398365,50.165873853539864,-41.30538277452495,50.17007227394416,-40.7853521999905,50.05253726673081,-39.19515970135687,50.0354044427568,-39.02548436106143,49.85653546049951,-37.63006617304121,49.84617204130655,-37.55612265682915,49.638984041342695,-36.19450225738706,49.58249214904629,-35.91079793462638,49.15062747847672,-34.161948858758834,49.097424698852905,-33.97204503616052,48.71490382711761,-32.75364673106383,48.68362257904343,-32.6592128652211,48.2782106480655,-31.49666545192937,48.22529978675938,-31.355771176700998,47.682046763423074,-30.007167174336022,47.647548010708846,-29.924880616122415,47.295355166713776,-29.11686022257219,47.16526651200851,-28.852582200333238,46.7575656554656,-28.112986154941126,46.407430908638794,-27.36684936705903,46.23835980864778,-27.053513993518546,44.55568869286895,-24.314337035763796,44.050824362651,-23.686849265654402,43.96698298037692,-23.606100976771767,42.868077396113506,-22.139445453896244,42.34661283172505,-21.611664176943854,40.607552743852345,-19.774828407996758,40.15984879151199,-19.38287655801965,39.186968612513084,-18.68027925196344,39.151442243817925,-18.654992101575075,38.9149017301118,-18.489061493278978,38.69020109488617,-18.272947981688205,38.30371711570608,-17.955767623916586,38.01753628760434,-17.756376043835438,38.009756552524685,-17.74994960196202,36.53560996985052,-16.708806877181583,36.5228987615773,-16.699875885164552,33.51228503808401,-14.595578144557074,32.917079955564745,-14.267987420822356,32.15270405345212,-13.948190731207552,31.786279434700923,-13.826371587565957,31.4342804579779,-13.682631491634547,31.003212048405196,-13.57454854523104,30.69656165101598,-13.449325859297888,30.265488602256504,-13.341241931856441,29.958844883948995,-13.216021291668842,29.527755713657072,-13.107932959839365,29.221115260374024,-12.98271433861731,28.131706893896137,-12.709563069235797,27.613674923286897,-12.624346842247267,26.675658494159386,-12.548757427255524,26.16959244840571,-12.548374213909735,23.574584271084742,-12.753536052448165,22.104693951835763,-13.243403135165293,20.788329035550305,-14.076949008694626,20.76738697047503,-14.090324997466162,20.37886903039669,-14.340622814760906,20.36102152534998,-14.33521181508975,20.059078103898205,-14.259602696958307,18.833388640370824,-14.015791742989181,18.738736964784643,-13.998450576017696,17.727460101908456,-13.828970389805313,17.57120980146195,-13.80676087243331,17.18227642102815,-13.761306154464545,16.980452168994415,-13.744221848273696,16.021926669004436,-13.69380127412772,15.974620842168909,-13.691666499304548,14.945246752741047,-13.6529033527227,14.728977215303052,-13.652128217831187,14.246991497891456,-13.666819362487335,14.073604208738153,-13.676855821409651,12.159067732156208,-13.840310766285151,11.807856257905607,-13.890168874881331,10.549941934040758,-14.141060342812803,10.480989320405806,-14.155610419613643,9.425608195321548,-14.390575326898484,9.09478189562975,-14.48325844085228,7.911364163423719,-14.884969200659778,7.850994471908574,-14.9061423122674,6.882822821100981,-15.25669663053625,6.69067079668929,-15.333439236401137,6.337729334478388,-15.487912906973207,6.16789675063224,-15.568312485344782,4.349713212446071,-16.495859281247302,4.028288640633725,-16.68435945116676,2.9759052723646198,-17.38755981400892,2.920684955960217,-17.425305273853397,1.9146809207579956,-18.12861340247274,1.6161433918640218,-18.36517746516756,-0.05767076704897317,-19.86329112741818,-0.3386926809089839,-20.148685098574816,-1.8680404563832278,-21.911413077760002,-2.109002918476959,-22.226994990674676,-2.6893458309185303,-23.094488247306877,-2.7066801518326398,-23.12067886488755,-3.4577151936692596,-24.26771260398666,-3.6558885537761263,-24.616618066224152,-4.675639867607645,-26.709583922074255,-4.8298633827744215,-27.085383818768616,-5.570653810555085,-29.28043515079146,-5.676003957724486,-29.674433470953208,-6.136440488912054,-31.980515296424826,-6.190954047898254,-32.39191559665466,-6.349866082497356,-34.781312489098575,-6.350111725798553,-35.19943232606637,-6.196558709482325,-37.54995862795025,-6.144789553656516,-37.94990991597382,-5.704496870503028,-40.21229807511257,-5.604855082458195,-40.59530454032358,-5.198661724145572,-41.8342189380947,-5.1881827910459775,-41.86562620259589,-4.846254806108153,-42.87292198623988,-4.701506531537455,-43.22753292926642,-3.7354401071798606,-45.23849570600908,-3.5510831015982034,