{"Index":-1,"Tolerance":1.939231165396954E-05,"Coordinates":[9.955606401633628E-06,-34.99410252943269,0.12678932499866757,-36.93479356434602,0.3402901432451351,-38.04979450435903,0.4907616782498378,-38.80502096299486,0.8301534201084673,-39.84018824532479,1.0768527545554172,-40.58086824304827,1.1051993483243991,-40.650452300748626,1.5847182308133005,-41.65472637059265,1.9062129406901587,-42.31784189963251,1.9603617585443316,-42.413248452345535,2.4477065480423725,-43.167738634650064,2.8434264521833614,-43.7678138870828,3.028808113737796,-44.03738890824738,3.6087757771644666,-44.72339808245711,4.100467216752013,-45.29282218322372,4.301547136738672,-45.51265713610064,4.96161970468114,-46.11602075249227,5.002713032798201,-46.152725414414455,5.263714752926252,-46.39947284741059,5.510347789756463,-46.66058266864275,5.7418230754161215,-46.93521949379329,5.957400037135297,-47.22250466078928,6.156388966605746,-47.52151904095885,6.338153226606078,-47.83130597965466,6.502111287833417,-48.15087435693652,6.6477385894249945,-48.47920175852089,6.774569217217191,-48.81523774685223,6.882197394372675,-49.15790722183093,6.970278779606579,-49.5061138604455,7.038531568858243,-49.858743624304644,7.086737396883848,-50.21466832384705,7.106834805939337,-50.441395099120264,7.182438805939337,-51.51221309912026,7.191995298856623,-51.67863254401041,7.195654202290621,-51.76129032348112,7.432133897734728,-52.367834778181106,7.980120447040456,-53.45288005666785,8.418241482140349,-54.114528076220154,10.130584468203306,-56.29413538210835,10.167200400915103,-56.32759049767756,13.235458208190783,-58.406810967579545,13.299036596839223,-58.43305138524043,17.388513567825242,-59.786236685703486,19.94988420051698,-60.2971149649395,21.637482225070844,-60.48330069226078,22.59434651518439,-60.508635525902235,24.332410445379036,-60.32162304322692,24.528477848115283,-60.303596709666316,25.957912944375646,-60.19449459041827,27.22117257337198,-59.923818664876016,28.296604943041192,-59.52257427117869,29.406200360758337,-59.02122550277707,30.97557283718372,-58.206794758184174,32.88843985284569,-56.5381284657251,33.14247669111792,-56.299112950091754,33.34613097810951,-56.04935693972812,34.79121160185181,-53.97190098134195,36.08667115167947,-51.85055367054895,36.121494389925466,-51.7907697331855,37.702434514575984,-48.19393552637438,37.84517318976843,-47.85387584209502,37.96820247686347,-47.36884642071689,38.58487210122037,-44.673312647895415,38.78463326354549,-42.93105846554924,38.69815160504217,-40.92525827276221,38.52601337201135,-38.506021592102684,37.79700113594447,-34.576572486452775,37.5864329514517,-33.59438557884445,37.41953961248102,-33.03554860716861,36.05258936638584,-29.105153865544978,35.168006771365086,-27.07773488431866,34.996740554112606,-26.80025715581854,34.816809838969554,-26.489401672759133,34.75873131362224,-26.37962884942071,34.74313910158427,-26.349448059419224,30.703103493693092,-21.599184508141594,30.456047247128627,-21.318686631528923,30.33581921833035,-21.24298717246933,26.550555644249442,-19.251350354656896,25.8881609911746,-19.031424392571054,24.805901605150694,-19.179442677319184,23.706807222083167,-19.830807356749872,23.392763443688107,-20.005113692983933,23.06936670923865,-20.16138507791225,22.737651681311128,-20.29912154311674,22.398679635697285,-20.41788242006009,22.05353506600098,-20.517287749943037,21.70332221395271,-20.597019499329363,21.34916153654281,-20.656822577649358,20.99218612127616,-20.69650565332637,20.63353806101734,-20.715941765915396,20.27436480002443,-20.715068732295265,19.91581546286171,-20.69388934561482,19.559037177936528,-20.652471366356636,19.20517140742254,-20.590947305546827,18.855350295311304,-20.50951400080458,18.70709255176754,-20.467573512291636,18.667584544336744,-20.457220717835174,18.30732734272976,-20.377343473271875,17.64171978011535,-20.253158575210726,16.75573154034309,-20.104674943367126,16.54575855109872,-20.08013524710477,15.711993175040686,-20.03627693978235,14.814356295341872,-20.00247474702465,14.527252471274306,-20.011226038091266,13.770652827236656,-20.070869359493045,12.875955622248362,-20.152206871086722,12.506926010033137,-20.219890167832823,11.826567226272731,-20.361507875857097,10.973231499526646,-20.55149022601964,10.83356575353796,-20.591638725262264,9.982791552118337,-20.887694552399783,9.141943656204507,-21.192147723076296,8.969845643057393,-21.2674709067108,8.200072961703942,-21.656132026861478,7.401319903569248,-22.06765538957051,7.161249076991137,-22.222231760175553,6.531679380764237,-22.64874678366659,5.792659654417938,-23.15879715883567,5.709151147234611,-23.22378468301249,5.135017725952841,-23.73416340219484,4.326458656502455,-24.461335986470225,4.277425804503126,-24.510745953236942,3.782542784999693,-25.08112946533119,3.058463893496266,-25.92283037709663,2.5972697011673116,-26.61222059080296,1.96470903249296,-27.57831217645771,1.1218005749054663,-29.30832159702762,0.511160962453372,-31.117718577588832,0.1312793094110132,-33.020344527054725,0.0003910990281976432,-34.944246947020794]}