{"Index":-1,"Tolerance":8.604120103426617E-06,"Coordinates":[207.80886211704208,-39.42369807904895,208.00177818037017,-38.47454107778036,208.08324343387778,-38.12472740441848,208.18435692516334,-37.78007938762448,208.30479515576738,-37.44169968047737,208.4441728004324,-37.110670881477006,208.6020439398972,-36.78805207092176,208.777903487553,-36.47487542252937,208.97118880539742,-36.17214290114164,209.18128150411596,-35.88082305707819,209.40750942153204,-35.601847927395326,209.64914877309582,-35.33611005396395,209.90542646753144,-35.0844596279068,210.17552258023449,-34.84770176953099,210.45857297650576,-34.62659395245829,210.75367207622952,-34.421843580194334,211.05987575115003,-34.234105722890135,211.37620434547787,-34.06398102153682,211.61559156142258,-33.95002989718225,213.51772656142256,-33.09282889718225,213.8492279093861,-32.95457894275791,214.1880156496696,-32.83529331649239,214.53300587832837,-32.735353656046925,214.74393766632798,-32.68449480490085,216.020046666328,-32.39978380490085,216.32078701791147,-32.34026851175895,218.55915901791147,-31.953202511758953,218.91467005815704,-31.90203519930772,219.12770399302931,-31.881133029527504,220.41863499302931,-31.7764060295275,220.7773113705272,-31.757499686016253,221.1364829501792,-31.758903242317224,221.49500061280017,-31.780612207948536,221.85171733132103,-31.822557128113907,222.20549184054124,-31.88460380591355,222.47226827324857,-31.94522663811703,228.54005027324857,-33.46224963811704,228.7470601611407,-33.51773272372365,230.4301891611407,-33.99943372372365,230.77256704374096,-34.107985919031506,231.1082596619216,-34.23572260013377,231.4361930141477,-34.382235091402386,231.7553179235695,-34.547054646633285,232.0646133947168,-34.72965394873425,232.36308988003103,-34.92944879680212,232.64979244578413,-35.145799975191764,232.9238038272553,-35.378015298597106,233.18424736339117,-35.62535182660105,233.43028980155992,-35.88701824060935,233.6611439634266,-36.1621773755637,233.8760712634199,-36.449948898334085,234.0743840717333,-36.74941212422141,234.25544791430042,-37.0596089625593,234.41868350270585,-37.37954698199106,234.56356858753753,-37.70820258561484,234.68963962925042,-38.04452428583863,234.79649328119652,-38.38743606846759,234.88378768007593,-38.735840835260866,234.95124353968066,-39.08862391394376,234.99864504443173,-39.44465662444566,235.02584053985086,-39.80279988995389,235.033004,-40.104337,235.033004,-40.249132,235.02284603200002,-40.608162652293224,234.99240462699655,-40.96604463627873,234.94177717800306,-41.32163295865223,234.87112566045482,-41.673789964358654,234.78067611399095,-42.021388976360235,234.67071791927248,-42.36331790028192,234.54160287214924,-42.69848278240168,234.39374405813842,-43.025811309602254,234.2276145308152,-43.34425624008686,234.0437457983441,-43.652798753882706,233.84272612299307,-43.95045171241285,233.62519863907062,-44.23626281670789,233.3918592953077,-44.509317654153186,233.14345462826722,-44.768742624024014,232.8807793739047,-45.013707732448765,232.60467392492188,-45.24342924785815,232.31602164204807,-45.457172208424645,232.015746027851,-45.654252773469906,231.70480777211972,-45.83404041131736,231.38420167827206,-45.99595991658999,231.05495348062044,-46.1394932504994,230.75601373141566,-46.251225855768666,229.03444873141567,-46.84582185576866,228.9503702975679,-46.8742049540688,226.21845459064087,-47.775226995640296,224.0704310744556,-48.49397793832512,223.8179759745997,-48.572646296566006,223.3209469745997,-48.71624429656601,222.97320387306456,-48.80613828376599,222.62093441978706,-48.8762269839077,222.26526565156522,-48.926286158007464,221.90733548082935,-48.95615564874602,221.5482890550505,-48.965739892869486,221.27579175846026,-48.95945450587844,219.77593975846025,-48.892628505878434,219.41771708230257,-48.86649982649339,219.1624956526125,-48.83537773226093,216.31535593502878,-48.42953884966134,216.293441846758,-48.42676387233387,215.93853147431219,-48.37158397445098,215.5873087306753,-48.29642562194007,215.39097943623185,-48.24523223900542,213.16115943623183,-47.625591239005416,212.81795656063846,-47.51967627413055,212.48129115949462,-47.39452595941801,212.15224034661807,-47.25054069577867,212.0839018651041,-47.21780484869774,211.1661928651041,-46.77144784869775,210.84776960551764,-46.60527678817781,210.5392510762512,-46.421367814228056,210.24162433914654,-46.220309317863375,209.95584160928132,-46.002744557594696,209.68281720849015,-45.76936960141343,209.42342464011992,-45.520931099819386,209.1784937943782,-45.258223897017025,208.94880829321562,-44.9820884879227,208.73510298323717,-44.69340832911886,208.53806158466338,-44.39310701235838,208.35831450386323,-44.08214530966203,208.1964368164571,-43.76151809946297,208.05294642744298,-43.4322511836324,207.92830241423187,-43.09539800557017,207.82290355789388,-42.752036279860036,207.73708706731404,-42.40326454427277,207.67112750033962,-42.050198645148335,207.62523588537084,-41.69396816740176,207.59955904620494,-41.33571282057433,207.59417913229413,-40.97657879249246,207.60911335591973,-40.61771508220024,207.64431393712405,-40.260269823897836,207.6996682565756,-39.90538661364685,207.77499921587892,-39.55420085059482]}