{"Index":-1,"Tolerance":2.7352467693144438E-05,"Coordinates":[-0.7198713541489663,-49.41783379288495,-0.7723294574332346,-49.68099144997138,-0.7556669024895744,-49.88693142128695,-0.7876681542504503,-50.047469096552845,-0.6764473765145532,-51.4220841627242,-0.593132056767356,-51.931792265046084,0.16067692228592584,-54.968509651441906,0.19394230914633778,-55.09185245391055,0.5048476757349958,-56.15878912683784,1.3740887925680243,-57.59015243549469,3.2036883502062317,-59.33898432159235,3.236372294479142,-59.369786037304436,4.865865046358256,-60.88382183468553,4.888506123740019,-60.90227580245691,4.964931452979271,-60.97328589382908,5.099877409191059,-61.091740530451396,5.622262347432027,-61.524761507654716,6.16300201664466,-61.88662825243603,7.871353231141125,-62.79210993051374,7.87690857122789,-62.795047402807434,11.651798951499773,-64.78630154656032,12.039644499304211,-64.95884267170696,12.62969964278124,-65.17540440387418,12.8636041122191,-65.25111617518115,13.181025236081679,-65.34044705857434,13.419596590528723,-65.42800769619781,13.653504400724904,-65.50372069352044,13.97092723608185,-65.59305205857439,14.209500868114132,-65.68061353211891,14.443413352608674,-65.75632784505777,14.760827973863861,-65.8456563751198,14.99939437261846,-65.93321562040411,15.23330871485039,-66.00893085833212,15.550731225843085,-66.09826192713963,15.9006164588131,-66.22667743072591,16.36538817616314,-66.35817790183283,17.412754135413152,-66.57016221770704,17.500416661294793,-66.58662667637407,18.40172036457663,-66.74283337344824,18.434626121875556,-66.74835839664843,20.93157453082545,-67.15412873427628,21.179774516740494,-67.1844910694886,21.89858505753768,-67.24382105483657,22.250137200636424,-67.25330960019862,23.201222348222515,-67.22630610933774,23.236929866129316,-67.22509118743515,25.26275157778758,-67.1447503749399,25.46074818783472,-67.13069000892536,28.418453501166525,-66.82750304583358,28.6894325133989,-66.78785805551519,29.860991312624957,-66.56449502030765,30.490189090560612,-66.37552771553332,30.612642049956303,-66.32445746028108,31.058840856509335,-66.18473131330978,31.146872153383242,-66.14801705922085,31.59309514064471,-66.00828268465514,31.68112852348587,-65.97156734426024,32.12733981919419,-65.83183704026587,32.215370152174486,-65.79512289928543,32.66158011525614,-65.6553935097934,32.69700734196915,-65.64061815590198,33.357131718784686,-65.4207959966766,34.03109558110971,-65.11081890137775,34.194947038693655,-65.0296644024348,34.89824830879769,-64.65573433250924,35.8482494000286,-64.20423813352016,35.975907461881086,-64.14000716227105,37.539717955786465,-63.30856437362294,38.106985423818216,-62.9233446050569,38.28705238485949,-62.77058918263588,39.19028632026861,-62.0032254806809,39.45382613865215,-61.751856834104515,40.55083037947003,-60.578294152384316,40.61948978189403,-60.502428818422196,42.65459703457563,-58.179577776605726,42.78640218549984,-58.01881135639966,44.15491107291342,-56.23347617735946,44.23448913216354,-56.124973646033084,44.86262482430116,-55.22933626077781,44.90382788525612,-55.16912637395184,45.960782573951604,-53.585874953760985,46.04236866358382,-53.45707162858609,46.557773517711084,-52.59845146725428,46.68927155725738,-52.35614131110456,47.02006713753979,-51.677935306885544,47.820864455115355,-50.197124045177404,48.04042097598481,-49.690327224256315,48.61067723069223,-47.98036645801439,48.80370639456172,-47.44899461923887,48.91121188626815,-47.087510805248606,49.41027329427569,-44.95316228229219,49.470330197506584,-44.61459761551958,49.51711934373649,-44.231157040145106,49.52176440442091,-44.19096181498855,49.702140470652054,-42.53780390942545,49.70804430598407,-42.478546134326095,49.81275095011331,-41.3172953955722,49.816949204692605,-40.79726819470619,49.71312643418885,-39.39259066147121,49.695993728803785,-39.222915892253425,49.541438656000196,-38.017174567019595,49.53107483971876,-37.94322821941911,49.23760464530528,-36.014575090882204,49.18111295037786,-35.73087211449886,48.80607948547553,-34.212162897745564,48.75287682312264,-34.02225946572823,48.23246708649765,-32.36465954021416,48.20118597901156,-32.27022604655447,47.91652888541735,-31.453951080515324,47.86361747746332,-31.31305535653762,47.18072197424662,-29.617795728731082,47.14622499321475,-29.535513293268544,46.92446334607939,-29.026733797500825,46.794372813291275,-28.762451664900286,46.59322888279658,-28.397563638280133,45.967372290119414,-27.0638648048313,45.79444440551165,-26.74426622163013,44.518336343085366,-24.677648329184922,44.46480871530736,-24.5939218061123,44.259338892058516,-24.28334980916512,44.149151091655966,-24.12721901727519,42.56836350629327,-22.02458300008927,42.33067776833786,-21.74385993810971,40.259090431159656,-19.566371501712002,39.8167120817865,-19.180025198254114,39.36120054785734,-18.851061494895443,39.32566935877081,-18.825770876945214,38.789327483181964,-18.449533063581775,38.37222472386383,-18.048371054511797,37.98574605375317,-17.73119501643989,37.699547330994164,-17.531790486490454,37.6917741200164,-17.525369476476612,36.53561161275756,-16.708808033503274,36.52289931046824,-16.69987626881721,33.51228503808401,-14.595578144557074,32.917079955564745,-14.267987420822356,32.15270405345212,-13.948190731207552,31.786279434700923,-13.826371587565957,31.4342804579779,-13.682631491634547,31.003212048405196,-13.57454854523104,30.69656165101598,-13.449325859297888,30.265488602256504,-13.341241931856441,29.958844883948995,-13.216021291668842,29.527755713657072,-13.107932959839365,29.221115260374024,-12.98271433861731,28.131706893896137,-12.709563069235797,27.613674923286897,-12.624346842247267,26.675658494159386,-12.548757427255524,26.16959244840571,-12.548374213909735,23.574584271084742,-12.753536052448165,22.104693951835763,-13.243403135165293,20.788329035550305,-14.076949008694626,20.76738697047503,-14.090324997466162,20.37886903039669,-14.340622814760906,20.36102152534998,-14.33521181508975,20.059078103898205,-14.259602696958307,18.833388640370824,-14.015791742989181,18.738736964784643,-13.998450576017696,17.727460101908456,-13.828970389805313,17.57120980146195,-13.80676087243331,17.18227642102815,-13.761306154464545,16.980452168994415,-13.744221848273696,16.021926669004436,-13.69380127412772,15.974620842168909,-13.691666499304548,14.945246752741047,-13.6529033527227,14.728977215303052,-13.652128217831187,14.246991497891456,-13.666819362487335,14.073604208738153,-13.676855821409651,12.159067732156208,-13.840310766285151,11.807856257905607,-13.890168874881331,10.549941934040758,-14.141060342812803,10.480989320405806,-14.155610419613643,9.425608195321548,-14.390575326898484,9.09478189562975,-14.48325844085228,7.911364163423719,-14.884969200659778,7.850994471908574,-14.9061423122674,6.882822821100981,-15.25669663053625,6.69067079668929,-15.333439236401137,6.337729334478388,-15.487912906973207,6.16789675063224,-15.568312485344782,4.349713212446071,-16.495859281247302,4.028288640633725,-16.68435945116676,2.9759052723646198,-17.38755981400892,2.920684955960217,-17.425305273853397,1.9146809207579956,-18.12861340247274,1.6161433918640218,-18.36517746516756,-0.05767076704897317,-19.86329112741818,-0.3386926809089839,-20.148685098574816,-1.8680404563832278,-21.911413077760002,-2.109002918476959,-22.226994990674676,-2.6893458309185303,-23.094488247306877,-2.7066801518326398,-23.12067886488755,-3.4577151936692596,-24.26771260398666,-3.6558885537761263,-24.616618066224152,-4.675639867607645,-26.709583922074255,-4.8298633827744215,-27.085383818768616,-5.570653810555085,-29.28043515079146,-5.676003957724486,-29.674433470953208,-6.136440488912054,-31.980515296424826,-6.190954047898254,-32.39191559665466,-6.349866082497356,-34.781312489098575,-6.350111725798553,-35.19943232606637,-6.196558709482325,-37.54995862795025,-6.144789553656516,-37.94990991597382,-5.704496870503028,-40.21229807511257,-5.604855082458195,-40.59530454032358,-5.198661724145572,-41.8342189380947,-5.1881827910459775,-41.86562620259589,-4.846254806108153,-42.87292198623988,