{"Index":-1,"Tolerance":4.634587605131301E-05,"Coordinates":[-0.6931044004952169,-49.44427129614384,-0.7391105056630123,-50.28783256481021,-0.7334735698188728,-50.717278225575846,-0.6760880783159321,-51.42652485022097,-0.590609105194499,-51.94490741473764,0.4273324283846277,-55.99709420800072,1.3317391499315667,-57.55029716077694,3.336536209840101,-59.464661641837594,3.3862502441661064,-59.51112496609372,5.437345137423939,-61.3873310944435,6.100072718049294,-61.853916714626244,11.649379156602198,-64.78515928278705,12.038806746693586,-64.95853520017911,12.57725371140948,-65.15615572539295,12.704108666893717,-65.1996967801245,16.115858314541065,-66.29074987246248,16.499155602701435,-66.38751181363702,18.338677061482507,-66.73184382914907,18.41357074984037,-66.7449367619086,20.93157453082545,-67.15412873427628,21.179774516740494,-67.1844910694886,21.91134267855953,-67.2448740575756,22.288525456706466,-67.25353395695902,25.247555531096914,-67.14565424172815,25.455699760565114,-67.13120751055925,28.418453501166525,-66.82750304583358,28.6894325133989,-66.78785805551519,29.742052034617707,-66.58717133681745,30.143573484581378,-66.48306509278989,33.244828246505044,-65.45880922399341,33.697745129747304,-65.2693068059878,34.8548787123489,-64.67634610667358,35.8482494000286,-64.20423813352016,35.975907461881086,-64.14000716227105,37.53774726011876,-63.309612148086615,38.10158999733246,-62.92729524272384,39.26586619535335,-61.94060317200163,40.71863374645356,-61.359295079968,40.73995773218044,-61.35067279632234,41.29188369044703,-61.125173855932005,42.71150615821359,-61.48743717843427,42.95604725924847,-61.53968104592659,47.97379383650459,-62.4067047180457,48.16330575553554,-62.50683382860089,48.62558385592633,-62.62145087874904,48.87062461422123,-62.75091949946225,49.33290591178618,-62.86553753307441,49.577949027196276,-62.99500754744975,50.0905752705255,-63.122108319394705,50.52508180225235,-63.33691291103909,50.76075633012292,-63.382031084998886,51.774371730621475,-63.67958426670161,51.92291909979431,-63.75067836616671,52.136913250474734,-63.78601061211687,52.446404143432794,-63.876863612044055,52.69594076353305,-63.87831078724539,53.69591992246797,-64.04341581220135,53.65154056878516,-65.10682785131084,53.65557709346783,-65.4470674417773,53.74303474181103,-66.78171269159607,53.75428560877044,-66.91213765544282,53.89782528464246,-68.25273530287463,53.95986613245646,-68.62341318210902,54.47852766386324,-70.8895086576893,54.58898831544225,-71.26440833318777,55.31592867587469,-73.26791658601702,55.47116445714858,-73.62562127195052,56.54042436559569,-75.7262428145024,56.75202026185604,-76.08241566519709,58.08186850670293,-78.02093997362971,58.313119941802285,-78.31852993485273,59.16321940443117,-79.28789458851814,59.23705660256034,-79.36920959391679,60.15032110426618,-80.34065989207214,60.426045464471144,-80.60092732769098,62.223692102776255,-82.10548784153454,62.55689456546635,-82.34938640419452,64.54172419622837,-83.61283824749165,64.88863575811042,-83.80437953626542,66.8644926476304,-84.73963308045082,67.23259379765304,-84.88652925880767,69.4707144779711,-85.62153307315347,69.87116492052868,-85.72472626775212,72.18962374967082,-86.16365665386414,72.57291900926704,-86.21231744494838,73.8524695067718,-86.29618521491844,73.9386648069997,-86.30065922539983,75.22391437960971,-86.34986568310515,75.59878904894069,-86.34208062003603,77.80305678119214,-86.16581662153625,78.19753463398091,-86.10920646596698,80.50224464400166,-85.62935587301305,80.9026764461841,-85.51823492197168,83.1602396397745,-84.7295153391944,83.54339068942409,-84.56677883592447,85.65455407083654,-83.5018698228107,86.00968153657342,-83.29281581267348,87.96316144434601,-81.96517458342117,88.29603737090059,-81.70499206692729,89.40331570309941,-80.71418339983381,93.41422743473048,-82.146690778642,93.64071558199981,-82.21815290457629,96.45452371869787,-82.99156753147072,97.10369473921779,-83.09946226178383,99.09524425276473,-83.22141133604191,99.271905677337,-83.22730032504654,101.17944391809603,-83.23776937635205,101.46229801079505,-83.27090211349582,105.65160054500551,-83.34668694456667,105.76999545727034,-83.34662109086122,106.32572406908643,-83.33594948357435,106.71162419745961,-83.3745937914185,108.37177482709812,-83.34884417820689,109.16649806162859,-83.37988937666842,109.80532822215234,-83.34044575394881,110.57813505034181,-83.2138468315237,110.6983775399974,-83.21593826158862,112.95961449474866,-82.91838514204747,113.23120369864857,-82.87057369101474,115.03022393637002,-82.47266068881781,115.32390289619549,-82.3927725458814,116.14878380609963,-82.12533648060287,116.44568096404853,-82.01238436038588,117.37472678763736,-81.60466768855316,117.87638103479092,-81.57114734566387,119.7193368070304,-81.68231614214986,119.83340940726595,-81.68714065440219,121.89654967679344,-81.73726087552939,122.03883703001493,-81.73752863719815,124.84429066885673,-81.67993938810532,125.38511507535225,-81.6223287866533,127.66208077262782,-81.18035527400345,127.97935236484084,-81.10082940797666,129.47178261417974,-81.01309010348156,129.51274319013174,-80.9960264088751,131.22409174652628,-80.91661564503148,135.6419856352288,-80.75067791933178,135.67826995386267,-80.7491072026381,136.40768512195467,-80.71335073558922,137.2988676402391,-80.7510856495628,137.39439754230216,-80.75369119067274,141.7628579207445,-80.80706971909281,142.00123170020169,-80.80103081374986,142.6632695291639,-80.75935014090014,142.88031733999563,-80.73818318120559,148.07378857483707,-80.05099117726706,148.38438853816612,-79.99406313737805,148.4126628257046,-79.98741336517217,148.6445785134808,-79.98228834080825,148.8809496073864,-79.96823604521686,150.37912429907738,-79.82296154012636,150.57114174897745,-79.79841445298601,151.08582104180778,-79.71660642217178,153.72889607930753,-79.72223671323793,154.4529733047819,-79.64043452606758,155.84877109821613,-79.31784780515403,156.67654781127644,-79.17162119899645,156.83418642645566,-79.13963747481503,158.82251422924094,-78.68350162630047,159.2974249665165,-78.62807009954363,159.6355626787376,-78.52161944206048,159.85504428827707,-78.48826251139893,160.61866605634475,-78.27228250789537,160.8540474499599,-78.17264066219114,162.26258611047632,-77.72706903679814,163.40193721895386,-77.08766144045497,164.71976879237897,-75.94012700602013,164.98195177288747,-75.68377084259937,165.59425562192445,-75.01170965457517,166.06725648115108,-74.33328340936671,166.37594981148993,-73.73857998294707,166.42709259274588,-73.63552872503216,167.14349216683058,-72.12383376293873,167.40913238715916,-71.27188217270178,167.47532472605073,-70.86672381035056,167.7499891147529,-69.96799746682632,167.88934714897653,-69.01235787307544,167.87176092195352,-66.49568192673433,167.92284634015613,-65.67800896686423,167.92559165218069,-65.33212203030843,167.85135756012744,-63.73758872464746,167.84839219894513,-61.19712929237123,167.848367388941,-61.187748017998885,167.78053031418327,-44.73050187556653,167.78017216474063,-44.492400581918304,167.797423400601,-31.127939732836385,167.79742446357355,-31.120671675704262,167.78786443616505,-21.544589938465094,167.79043567930736,-19.707415881454224,167.81998040314815,-11.663348767155144,167.81988122620947,-11.624015167234313,167.81328121275723,-10.866778017907368,167.7984715919084,-10.586842771479091,167.56816646134257,-8.219848201491555,167.54161163769803,-8.015777423490796,167.3678243222493,-6.951104343477223,166.9237544739858,-5.770560518945177,165.6695713215478,-3.7601400955557884,164.4421753103653,-2.615999761431558,162.46206762741443,-1.565975976202918,161.20125708985614,-1.201214722127479,160.41503230749572,-1.141619894376853,150.95320578793434,-0.3877988040614458,150.82883956898542,-0.3803425879376123,150.57117699499125,-0.36996290091082407,150.23492745770653,-0.29168426539230047,148.6473512972741,-0.2372635366753648,147.9829270324447,-0.31828375924730185,147.6047248728342,-0.3136520420600126,147.37432889584613,-0.319192584599561,144.02193839096125,-0.521696844169504,142.27295222528446,