{"Index":-1,"Tolerance":2.439314146285966E-06,"Coordinates":[213.9436165383449,-41.06107018700496,213.99079466872408,-40.889385182092994,214.22454633480942,-39.739317824242555,216.12667991445264,-38.882117136060316,217.40279404233905,-38.59740492837853,219.63717333319158,-38.21102996134459,222.6628175706012,-37.969447896090806,222.68067615551712,-37.96797125105719,223.74119548338453,-37.87726781148378,226.61596555236665,-37.7998481142178,226.63379382340005,-37.80033341883618,227.66194480672033,-38.008703295189385,228.683004,-38.25963559720108,228.683004,-42.22911802365997,226.87277294758374,-42.54114004220351,226.69345195806397,-42.57739642617651,226.565715944638,-42.60707688635364,226.0963641581484,-42.62245701157021,226.050451889869,-42.62429416859528,224.90408618141828,-42.678476406789734,221.92058717312526,-42.61873537823335,221.71278316908666,-42.62137538373287,221.6989013984147,-42.62200644428632,220.05858764354144,-42.54892237665341,217.18687555647242,-42.13958131747354,217.13766092395068,-42.13295839690582,217.0911477173294,-42.12706895924105,214.861325181305,-41.50742664077021]}