{"Index":-1,"Tolerance":2.1351437572724985E-05,"Coordinates":[-6.345417293601102,-35.240741482275624,-6.343663168038429,-35.29814380002643,-6.21178480105716,-37.31689068466076,-6.197544840112961,-37.53643427922275,-6.196907102462525,-37.544584119121474,-6.147207922547054,-37.93376496692288,-5.924393537821577,-39.09999053673935,-5.919794910720839,-39.123575527014076,-5.918077532659811,-39.132209386284416,-5.914787466694054,-39.14946255517662,-5.9099771525173415,-39.17415585254973,-5.698850448535772,-40.23553267349289,-5.645943742490386,-40.43711831485201,-5.60089016819273,-40.60889517163513,-5.221801493387509,-41.76513626798786,-5.210267816064318,-41.79964799758398,-5.205845081009313,-41.81305800876869,-5.195372473959602,-41.84444597585293,-4.8476140507888985,-42.86891773172778,-4.705837155698605,-43.217325123787845,-4.703255933312382,-43.22342086433253,-4.18091815383459,-44.31811247863148,-4.162530959947214,-44.355999342164964,-4.159176749225669,-44.36299899500888,-4.141231634426859,-44.399989525482184,-3.6628043866377045,-45.37013322195635,-3.613900031872285,-45.45642071333805,-3.5715148983421052,-45.53113389975473,-3.4821655063625108,-45.68871296978969,-3.442002218680021,-45.7508974002087,-3.422981552771061,-45.78228030411803,-2.880170388574462,-46.622641668264805,-2.8677769211143618,-46.64167903283277,-2.800707617883928,-46.74390123650841,-2.7963152474314024,-46.7505348897363,-2.792625253988941,-46.75624753099372,-2.7655109797218214,-46.797516642782426,-2.1645032848782395,-47.696957180646585,-2.1049951323455875,-47.77602771496347,-2.0552689306083995,-47.84201769876454,-1.949121529785138,-47.98297881913022,-1.9045655673098216,-48.035684106941275,-1.877572106796813,-48.06947963206569,-1.2318622052661585,-48.833252346766095,-1.21456416808331,-48.85353980949728,-1.132429234575923,-48.9490407053146,-1.1286491642048426,-48.95347536702765,-1.0910971135015,-48.997086908624865,-0.3776973812445832,-49.81057415708059,-0.29724065276806494,-49.89270601466085,-0.27174891369203047,-49.91988191379257,-0.22344172985383537,-49.96804144951062,-0.13255165784737355,-50.06082387542884,-0.07859476431611519,-50.11014547598294,-0.03349322885065073,-50.15320202310911,0.6886647673958721,-50.813316849011436,0.7113830963416556,-50.833883003798555,0.8049643049178805,-50.91779390217992,0.8543907744640865,-50.96206115395642,1.6676044883452912,-51.67522193472778,1.7441612125894497,-51.73542761041898,1.8038599238771817,-51.78231480414682,1.9363368297835113,-51.88643785751261,1.984264241009961,-51.92010057065009,2.029684520114162,-51.95383417559224,2.825439571472554,-52.51263130328432,2.847997648235252,-52.52832676773837,2.974662966500743,-52.6156313122505,3.037202762850792,-52.65847063310203,3.9539877457324666,-53.27106540403108,4.050495533581743,-53.327599893786896,4.069140418270548,-53.339196062431455,4.150758053661249,-53.386333914539506,4.278160153799471,-53.460966365304856,4.332609810265578,-53.488677466964376,4.375496885086269,-53.51212799326607,5.092045628044836,-53.88245832289278,5.145454258007858,-53.90942667072364,5.794956568265684,-54.22975323032201,6.710860742590131,-54.68144419028627,7.114389408119018,-54.84707644000175,7.567932571709417,-54.997791198963654,9.254776429966508,-55.561864630072925,9.46617121768496,-55.63361496169354,9.919098221662725,-55.750986897405554,10.762307032569773,-55.904349787825105,11.876266761160293,-56.113758044694876,11.881162836016632,-56.11467445994736,12.097010006636943,-56.15490009878597,12.302914263532772,-56.19585427278732,12.341076004086831,-56.20038464527315,12.346464481408155,-56.20138885089695,12.406886136293178,-56.20819729762882,12.796113829149666,-56.25440447803616,14.178173553093565,-56.309698700232815,14.641795694897608,-56.34007944364975,14.751942253951174,-56.34537827193327,14.795082079402986,-56.34670327391826,14.908523233779789,-56.354142948302886,15.023406331792991,-56.35371605351271,15.061861019969648,-56.35489715560648,15.142197379905316,-56.353274637147415,15.348140446276057,-56.35250937207686,16.091051462283627,-56.29824023319262,17.59703832621119,-56.19139746674651,17.778047563971885,-56.1795355847826,18.190303433726775,-56.12526205726958,18.828765954537797,-55.99825945909003,18.874902735788748,-55.988725586691125,20.337936414140326,-55.67506349327014,20.443641177332044,-55.64589530531901,20.46894050379607,-55.63958447970837,20.54180858791872,-55.618806975557796,20.693346129406706,-55.57699168400128,20.780927869881097,-55.547258141794586,21.922676183189925,-55.17606615344277,22.69891131893001,-54.92998785489417,23.14431298284784,-54.75076285984947,23.307855713980985,-54.67011507029827,23.695307629868022,-54.47975309035632,24.756586018813707,-53.98730127507305,24.881602264523817,-53.9209350063671,24.893263291967067,-53.91508461695637,24.928164223024687,-53.89621707125561,25.057177329797973,-53.82772902426563,25.0812339202002,-53.81325603712782,25.39358230530976,-53.64340332474146,25.513525842186727,-53.574755680052334,26.114686021105353,-53.21310159176261,26.200968568584763,-53.159294410999024,26.706444602819804,-52.83271501955964,26.747753553054817,-52.8065087910232,27.270562771193468,-52.45716909812245,27.334383009998547,-52.41141736541114,27.585154406830885,-52.234729336674555,27.685672759847485,-52.1609103779038,28.312337465714094,-51.681474197655184,28.396455450596918,-51.61483551444589,28.658791553213455,-51.399732204696555,28.737374678348864,-51.335252253269445,28.747611406000853,-51.326852578941,28.81915862583312,-51.26810888296209,29.304215496448904,-50.84273079231235,29.43714765015299,-50.71926079741784,29.44584680736688,-50.71070516183667,29.647440473327038,-50.522011072702966,29.70410870893417,-50.467638592946244,30.32810727851967,-49.85391887690019,30.40163684907164,-49.779172372247224,30.52831122806946,-49.64607551520852,30.537052346422968,-49.63747855548101,30.60921674001967,-49.5610680382201,30.624878991328025,-49.54461170001039,30.62845270626129,-49.54070023552297,30.697892736048377,-49.467174382533784,31.091233955704134,-49.01864835606744,31.122541247874842,-48.982400817353884,31.689397067579424,-48.31600057923275,31.74075367215755,-48.24990830549309,31.835434013896673,-48.12784108959969,31.863997724272142,-48.091038531741496,31.867285096684004,-48.08638652877986,31.944751188335534,-47.981753996802844,32.64107720046049,-46.996449207715074,32.65678910071277,-46.97401206305149,32.83275056793911,-46.720411702453916,32.8359716598274,-46.71568152626905,32.8475188126001,-46.699342159890634,32.89451660980603,-46.63096114568137,33.29382181322777,-46.03339948045523,33.416354913230585,-45.82116360423509,33.46551711058228,-45.73774773935728,33.47382615317244,-45.72161940788132,33.501812889869264,-45.6731444277718,33.56907915639114,-45.5367278282169,33.64596623957977,-45.38748555987711,33.670656833525506,-45.33852583516325,33.85211958171927,-44.97083482834504,34.527188275956355,-43.67009764504477,34.651093293819216,-43.37945526522119,34.69139107143014,-43.286994744482215,34.695956210438474,-43.274220908478036,34.71588962719227,-43.22746335351161,34.776894462849754,-43.047745447187694,34.84484607323231,-42.85760825187724,34.86151489341155,-42.80976570361913,34.96700989178854,-42.49901803723173,35.26794446901642,-41.69301092125653,35.335113155186356,-41.493089175141534,35.36229105827939,-41.40231782195806,35.6077655509198,-40.584433743424384,35.67178111092664,-40.33476530750923,35.88737864664272,-39.32528231401034,35.9511504126894,-39.05720036786891,36.00131884726242,-38.79937752164714,36.01281041257015,-38.723765117056104,36.08208838352844,-38.31553853303782,36.09232810108542,-38.25120604717278,36.17657566462858,-37.684519791439975,36.20356464289333,-37.436178019658236,36.31675487415321,-35.796383787593065,36.350734324710395,-35.323908214354,36.35123950967031,-35.16271884946154,36.35248391154875,-35.11676695566098,36.351572931608764,-35.05633391173519,36.35210130200962,-34.887746768213376,36.34734018615226,-34.815190946183186,36.34455328223755,-34.731708377597016,36.29841558210252,-33.83954329931116,