{"Index":-1,"Tolerance":4.634631658530266E-05,"Coordinates":[-0.6846367688592763,-49.45408637487673,-0.7283312081937109,-50.8999348496727,-0.6336541831313595,-51.77355504274292,0.4320690439835684,-56.015949565152034,1.3655459746141023,-57.5971808777462,5.401752999950629,-61.35976279286815,6.086778517200849,-61.846894480790695,11.703936985886784,-64.8139777006193,12.210342901996833,-65.02775820308759,16.100096215747914,-66.2864017419857,16.49379599736699,-66.38650857244168,18.35706001299619,-66.73528485383272,18.468912486741967,-66.75416065965527,21.592860248942713,-67.22412009410077,22.182131656373226,-67.25741284044237,25.247555531096914,-67.14565424172815,25.455699760565114,-67.13120751055925,28.418453501166525,-66.82750304583358,28.6894325133989,-66.78785805551519,29.742052034617707,-66.58717133681745,30.143573484581378,-66.48306509278989,33.23939574828657,-65.46060342299015,33.68208940086124,-65.27631372913089,37.46180646323562,-63.35658011631632,38.07885166751137,-62.946565352148106,39.27279666812316,-61.93472978685474,41.292650998822296,-61.117284536900975,42.684002971599455,-61.48112573665192,42.94677685854606,-61.538079200011246,47.69184987087669,-62.35798721335574,48.56214348116815,-62.59808633936585,50.57154419112287,-63.29150183379793,50.72660619915801,-63.340604957452655,52.274028592289255,-63.78735660253858,52.6526093515187,-63.872011400571054,53.69609370164025,-64.03925173930233,53.650179189059685,-65.13944904719877,53.659156668975754,-65.54491238822023,53.884149529883075,-68.15513995414912,53.95253362687133,-68.59137657109207,54.47852766386324,-70.8895086576893,54.58898831544225,-71.26440833318777,55.31592867587469,-73.26791658601702,55.47116445714858,-73.62562127195052,56.54042436559569,-75.7262428145024,56.75202026185604,-76.08241566519709,58.0977297049484,-78.04406089624538,58.366395395994346,-78.38357330213016,60.0930233157239,-80.28373740833601,60.405390698113244,-80.5836400893525,62.223692102776255,-82.10548784153454,62.55689456546635,-82.34938640419452,64.54172419622837,-83.61283824749165,64.88863575811042,-83.80437953626542,66.8644926476304,-84.73963308045082,67.23259379765304,-84.88652925880767,69.4707144779711,-85.62153307315347,69.87116492052868,-85.72472626775212,72.21094355053793,-86.16769291636265,72.63764986860383,-86.21890729578094,75.15944338127723,-86.3496451950539,75.57735761500399,-86.34379438201874,77.80305678119214,-86.16581662153625,78.19753463398091,-86.10920646596698,80.50224464400166,-85.62935587301305,80.9026764461841,-85.51823492197168,83.1602396397745,-84.7295153391944,83.54339068942409,-84.56677883592447,85.65455407083654,-83.5018698228107,86.00968153657342,-83.29281581267348,87.96316144434601,-81.96517458342117,88.29603737090059,-81.70499206692729,89.40331570309941,-80.71418339983381,93.41422743473048,-82.146690778642,93.64071558199981,-82.21815290457629,96.45452371869787,-82.99156753147072,97.10369473921779,-83.09946226178383,99.0743179988133,-83.22012995323936,99.2090392091002,-83.22551153589946,106.88869231377097,-83.36908232568962,106.94419037188379,-83.36963469119587,109.29659249502933,-83.37248656227911,109.71511970640267,-83.34532286716428,112.9994026622733,-82.91314952562921,113.34923476185901,-82.84699744384125,115.79565037597644,-82.24068155104248,116.24355071898677,-82.09366899105179,117.43903506564106,-81.60037063427419,117.80112687573606,-81.57617579948376,119.74350297047272,-81.68344233030696,119.84147141335954,-81.68733650610172,121.89654967679344,-81.73726087552939,122.03883703001493,-81.73752863719815,124.84429066885673,-81.67993938810532,125.38511507535225,-81.6223287866533,127.66208077262782,-81.18035527400345,127.99399099067107,-81.09716015606391,128.05462012309778,-81.07844065161775,128.45191569673653,-81.04574864552167,136.38546918057497,-80.71241005663782,137.2988676402391,-80.7510856495628,137.39439754230216,-80.75369119067274,141.7628579207445,-80.80706971909281,142.00123170020169,-80.80103081374986,142.6632695291639,-80.75935014090014,142.88031733999563,-80.73818318120559,147.87044891846773,-80.07789676307317,150.9551666416017,-79.71632810154456,153.69321236260228,-79.72216069961421,154.34715896077873,-79.6556937935181,156.8065370383374,-79.14507211088991,156.85234517507698,-79.13520817506497,165.62724856764052,-77.17783167864425,165.66204301599495,-77.16986466475869,173.32346864056177,-75.37021614541902,173.46014129303654,-75.33488890837496,175.65820619065883,-74.71429473713975,176.25943621063294,-74.59075894163908,177.83677811881367,-74.09440536711224,177.9250164795109,-74.06521272911634,181.19776287937077,-72.92905636935053,181.8193980727428,-72.76088273796819,182.5697429080973,-72.45078743830221,183.7012084351299,-71.80358765747984,186.20925545120366,-71.20111775342185,187.44426041349936,-70.60300313446857,187.63985202434617,-70.44922820274843,188.46391568253844,-70.26511808239734,192.64145854411575,-70.40477386321075,193.28110893942886,-70.36155832483419,197.01206122552284,-69.72750808989304,197.11475908489766,-69.71991384832407,199.92392929181216,-69.25734206997312,201.22368848922483,-69.14461966549767,201.59212897665972,-69.09076892932914,204.2758838870087,-68.53625153255845,205.5970806163592,-68.29375418829704,205.73023955905975,-68.26635486635101,206.70379551746757,-68.04420786113077,206.7252490217441,-68.03997057598038,206.8158860910509,-68.02069053168762,212.704892870698,-66.67788793492166,212.72804041783596,-66.67251866420413,216.6251496438026,-65.75316969729032,228.39906211431202,-63.045078017823364,231.70141573237314,-62.336324410336914,235.18481558150708,-61.77664486324065,238.61610620181642,-61.4755937358952,241.5005676997101,-61.396401402491094,244.0330280550106,-61.39917356656551,244.21269183309556,-61.394284168188804,244.4094254378806,-61.38335234654756,250.81789596477864,-61.35929840434281,256.58820087976596,-61.39919879652585,256.71794349886994,-61.39744477779387,258.11483623808897,-61.35,277.62318412106913,-61.35,281.34292800000003,-57.630256121069124,281.34292800000003,-17.601340878930873,277.62318412106913,-13.881597000000001,234.67723173615278,-13.881597000000001,232.89887196454987,-13.679261500757512,226.3084709001789,-12.544096006712493,212.72267955572045,-9.948027491084941,212.6853563788027,-9.94112649187861,205.9483710658654,-8.736992839726765,205.77953921362592,-8.702057621507818,202.7184288696218,-8.1548400449847,202.48439322792794,-8.121935278037748,198.39737092390072,-7.701676631924146,197.66644731851142,-7.710828844216836,197.01322076058543,-7.794575478030925,195.15764699182827,-7.847031195099159,192.78638991244338,-7.745100888557239,191.8582216143566,-7.568115015535114,191.60571675050886,-7.530411967830189,189.40647187731753,-7.291918804177251,188.74377144195518,-7.008835848173529,188.2960214963449,-6.855858258314141,183.84559587123184,-5.696955535308295,182.08926527606093,-5.004460300043439,181.90845903525437,-4.93941963008721,179.38084174005408,-4.115641856539671,179.14896649674876,-4.049693550442481,177.01597154019117,-3.5296654350117995,176.54973986876536,-3.4521555141585116,176.2108721511515,-3.4214568516445216,176.02588815125955,-3.352092862984558,174.97875014765427,-3.1494296966491713,174.4981788985253,-3.1380832370127263,168.56785664207112,-1.8737722868121167,168.4610256194946,-1.8529041944376488,166.69830128612452,-1.5398449650294679,166.32660341714828,-1.4962144285214742,160.92660647220123,-1.1830579438649744,149.21178429734695,-0.2533238488690363,148.7801287429798,-0.2484707466980569,141.55820511042126,-0.6584863850125072,138.28492817885103,-0.7285637405022861,137.45172770005715,-0.6827392222786024,133.1878752032472,-0.05899901955293907,133.03984916372252,-0.04088407004978094,131.49944764536073,0.11100723841397861,131.3078126198829,0.12406640835331802,127.08915016354288,0.2835842895385218,126.9711910849835,0.2858511872157834,125.96420777207244,0.2864917980210511,121.46431735571193,0.753823819476034,115.39473783858173,1.5749846073094733,115.30914207645807,1.5853835195343773,113.9454659951696,1.7322944158561127,113.59991709784366,