{"Index":-1,"Tolerance":1.1396894998108316E-06,"Coordinates":[14.149211452841886,-35.74448556238263,14.143163014377649,-35.740878834341984,14.092216329461355,-35.69183685104068,14.050249632232433,-35.61467375210156,13.997214545413813,-35.545105704687515,13.967664008658366,-35.46282566627214,13.925833473110321,-35.38591292435292,13.909160315785446,-35.2999289264646,13.879493146884604,-35.217324139382804,13.876132052277635,-35.12960113045243,13.859486165008176,-35.04375776509949,13.869514417581899,-34.95688393697972,13.866151997924488,-34.86912634484799,13.889421413060173,-34.78443146922951,13.899467941324987,-34.69739932048158,13.935282564691448,-34.61750829945999,13.958435131831646,-34.533238721442935,14.005962469696827,-34.45984393653172,14.041896290873131,-34.37968702315006,14.100307272937222,-34.3141505976588,14.147971442943847,-34.24054450771681,14.215681916987817,-34.18470162254816,14.273901340198854,-34.11938012380623,14.349048396613245,-34.07471023477212,14.416646578131429,-34.01895996066123,14.498006934741076,-33.98616436635964,14.573411109558224,-33.94134163766596,14.658728611850908,-33.921378970405,14.739912583960367,-33.88865447503599,14.827243157800197,-33.88194978273522,14.912604207891775,-33.861976926120434,14.9999997877079,-33.868686615032075,15.08739495312784,-33.86197696379595,15.172755634882787,-33.88194973422699,15.260082210215973,-33.888654125403725,15.341260690388461,-33.921376701314095,15.42659648292453,-33.94134364814293,15.502017971727078,-33.98617703177817,15.58335824804134,-34.01896482677764,15.650941519167077,-34.07470281721018,15.726096373006147,-34.11937770294518,15.784321339004787,-34.18470523346164,15.852019379253353,-34.24053787749949,15.899675378148691,-34.3141307193013,15.957952336011317,-34.37951658390218,15.99380228526564,-34.45948632500299,16.0415049992669,-34.533151306671336,16.05196413912828,-34.57121307611672,16.06475402544855,-34.617756905885216,16.10055379028731,-34.697614701647105,16.110589532970526,-34.7845574548529,16.133845595123645,-34.869188871492234,16.13048427539238,-34.95691178228794,16.14050930057103,-35.043761686425796,16.12386812223089,-35.12957855010469,16.12050909983101,-35.217241505700436,16.090858028368253,-35.29980824581102,16.074172899607724,-35.385851757336475,16.03232277861115,-35.462806225835905,16.00271683212203,-35.54524731038711,15.949568299414237,-35.614976083673746,15.907702456462951,-35.69195946187856,15.844601622756418,-35.75268821280374,15.791479000014125,-35.82238299324019,15.719794926707777,-35.87280318297009,15.656658797234593,-35.933565902825556,15.578118354183637,-35.972453765553766,15.506461157782569,-36.02285505096362,15.422957911740898,-36.04927861848523,15.344489268256385,-36.088130930972376,15.257904511936966,-36.10150772167738,15.174184127353417,-36.128,15.08642635148012,-36.128,14.999976649058807,-36.1413559257421,14.913511924821576,-36.128,14.827181890413256,-36.128,14.75268579866244,-36.10434172323325,14.750006067808403,-36.1027437801493,14.745426838865791,-36.10203644149468,14.406546930843083,-35.994415833939726,14.155557599982284,-35.752810033815464]}