{"Index":-1,"Tolerance":2.1351476399614415E-05,"Coordinates":[-6.34589551006053,-35.223970973017096,-6.343459709631403,-35.301028366373714,-6.256716884778576,-36.631725446768726,-6.253383189454345,-36.68260174287711,-6.197670587582451,-37.532478753566465,-6.196733601613791,-37.5464580709639,-6.146843155789828,-37.93610044603592,-5.895628114369912,-39.24805861017804,-5.894079762761893,-39.256088795429626,-5.88199710020392,-39.31832163224546,-5.87880821098396,-39.334524306066754,-5.875096216381882,-39.353904382092836,-5.87029177172286,-39.378566865338215,-5.702936366016601,-40.21989532939468,-5.677067772396876,-40.31864912104919,-5.65415602648313,-40.40587119450448,-5.605984353023744,-40.58952650996716,-5.579466319960888,-40.67044707784838,-5.572669561342781,-40.69347233330597,-5.202053375804556,-41.823874194670054,-5.198502421927446,-41.83463986072167,-5.152186446148745,-41.97422097247938,-5.145238492440863,-41.99492141509148,-5.141436577265292,-42.00651359183148,-5.130968242948769,-42.037888577799734,-4.855287274320023,-42.85002651444334,-4.81716988820887,-42.94387980433585,-4.784099406531647,-43.02514709253358,-4.714500653829122,-43.19635848270835,-4.68218210190398,-43.26413273537172,-4.665199088593853,-43.30255832296377,-4.141732135141635,-44.398873350768824,-4.1340316769700625,-44.41488531193321,-4.081780393572558,-44.52276028572039,-4.0763023866638886,-44.53396879795781,-4.072147639405838,-44.542675644829636,-4.054232768507094,-44.57960274786164,-3.6748353073662625,-45.34893521364099,-3.625973103641954,-45.435145831964626,-3.583765413582703,-45.509548519471565,-3.4941970965299465,-45.667513604329514,-3.4672967794919125,-45.70916310539439,-3.4230048146825167,-45.78224429083583,-2.8801744630345616,-46.62263536032739,-2.8677892345678133,-46.64166016754946,-2.693659867740491,-46.90705835003101,-2.6892001524265376,-46.913793686444066,-2.6855886067168924,-46.91938495792426,-2.6584646473845535,-46.96066913357366,-2.181830430224888,-47.67397921742565,-2.1223119217310344,-47.75306392282821,-2.07255862150913,-47.81908959004998,-1.9664473173272259,-47.96000288754598,-1.9404802052777221,-47.99071940758411,-1.8775674431647156,-48.06948514840506,-1.23185948994742,-48.83325555855882,-1.2145559683239449,-48.85354939909588,-1.0080237230498788,-49.093709927991384,-1.0042480527609738,-49.098139498851985,-0.9666957744182393,-49.14175130002578,-0.4010089291135098,-49.78680191264735,-0.32799555115266743,-49.86134290544408,-0.3171185178290416,-49.87301624339213,-0.2623098089231231,-49.92840295081011,-0.1560986301154282,-50.036836322002486,-0.13256303358754812,-50.0583543649769,-0.04143368096529073,-50.14594376356967,0.6886678863305531,-50.81331969998731,0.7113925079691207,-50.83389149631263,0.9436632631277893,-51.04214053240602,0.9932062189117271,-51.086514248532936,1.6381439926934163,-51.65210197678663,1.7147257513696537,-51.71232785111363,1.7745346146215164,-51.75930102401632,1.9068747115033373,-51.86331647680525,1.9240509164843531,-51.87538050543249,2.029698800062929,-51.95384420329403,2.827251350593406,-52.51390357540753,2.8534566647860933,-52.53210961056482,3.1263514521389584,-52.71968089205217,3.187327563297398,-52.761459796596725,3.918015706051821,-53.24970469955672,4.046752554914063,-53.32511816167,4.213966190216785,-53.42338148688859,4.2230702753934395,-53.428404282549806,4.24221644415693,-53.439620021364455,4.257468776231375,-53.447382207009944,4.364854032132522,-53.5066275004088,5.092039417990262,-53.882455113381106,5.145435508555859,-53.90941727705682,6.025897427468596,-54.343650623160244,6.724104702543058,-54.68798229922601,7.127639696224808,-54.85361689563629,8.470443612012637,-55.29983526597713,9.289900946333237,-55.573676829319545,9.50049204944022,-55.64517212430767,9.51613101768836,-55.649277100157704,9.54523257234469,-55.656768028184715,9.953647370181532,-55.762621478932054,11.638683662984523,-56.069095903795365,11.876264181213429,-56.11375755936543,11.881153432867395,-56.114672702353346,12.149823769163355,-56.164743125208325,12.355707178100351,-56.2056965171265,12.393911616313389,-56.210232262152346,12.399381734312556,-56.21125169408912,12.46044699741744,-56.218131541346104,12.848956059968405,-56.26425649777486,14.481367613343501,-56.32956686616452,14.639484656880462,-56.33992793794771,14.74498514603779,-56.345080520587295,14.816605834659276,-56.34738513627489,14.929898164993613,-56.354807356650014,15.035552307779776,-56.35443041168914,15.083466149447895,-56.35597218674445,15.185430096860214,-56.353895688905425,15.36814365826423,-56.35324381710524,17.522339031019406,-56.196669570090414,17.638259633812332,-56.18831167452949,17.65000190104776,-56.18744316606468,17.666709810242924,-56.18617622337213,17.85257407395584,-56.172664946851654,18.242170202981384,-56.119962067881126,18.557076616530274,-56.05732240401558,18.603225640046034,-56.047786104102656,20.326390062751294,-55.67835445929766,20.432221613256168,-55.64915245350909,20.457544034488055,-55.64283503367219,20.530209747163195,-55.622114674700086,20.681738941159455,-55.58030335870682,20.745824670881795,-55.55854804346049,20.751921088006778,-55.556688536494775,21.12432667294462,-55.43561603724658,22.65987029903435,-54.948824759284655,23.10526728488011,-54.76960185387703,23.28875288168374,-54.679119918542305,23.353819400078702,-54.647229790329014,24.638755805254632,-54.05099790814663,24.763742199507465,-53.98464754702627,24.77535058249657,-53.978823716593766,24.81020027966241,-53.95998477942132,24.93934929987036,-53.89142464389326,24.961395762106605,-53.87816099517812,25.391311583575796,-53.644680610893246,25.51278164807726,-53.57520338243118,26.11468733238346,-53.21310080290615,26.200972450887562,-53.15929196105336,26.867911049985253,-52.72839346605289,26.909374004461508,-52.70208915708587,27.172341779716206,-52.52637322370186,27.23431267274797,-52.48194735534066,27.27600613726264,-52.4527927761086,27.319816101465552,-52.420757748444785,27.573604393732236,-52.243078084765,27.68189964097654,-52.16379704071115,28.3123378971091,-51.68147386761206,28.39645672210355,-51.6148344954417,28.778407774774088,-51.30163759680984,28.856955918948486,-51.23718505071241,28.867060185868606,-51.228893890706914,28.938695574709225,-51.17007534250558,29.189107394477514,-50.95047323486839,29.322051195697167,-50.82699201054425,29.330851259455688,-50.818341648130904,29.647435850436324,-50.52201547184763,29.704107192334636,-50.4676400845635,30.328105940513428,-49.85392019286604,30.401632923050062,-49.779176407427094,30.609744723238062,-49.56051371358994,30.618464609942457,-49.55193770951251,30.6905070519604,-49.475656880181006,30.706313790705767,-49.45904876823483,30.709916596983845,-49.45510543647832,30.779308472705612,-49.381631111057665,30.9675104355382,-49.16702618114443,30.998825808224616,-49.1307693659281,31.660491621699055,-48.35290838803379,31.733592461795155,-48.258722435137386,31.85449566810599,-48.10350641703435,31.942579761268213,-47.984826576961176,32.641076223048486,-46.99645059075793,32.6567861923943,-46.974016228964864,32.98507540842604,-46.50087813089468,32.98833099969751,-46.49609721996479,32.99981172001392,-46.47985210078144,33.04682089444583,-46.41145511969418,33.274796772656195,-46.07028908031657,33.398928307904804,-45.85530866444326,33.44702498316603,-45.7736441550901,33.45483099018296,-45.758492155564,33.48265417787254,-45.71030584699666,33.549981895401636,-45.573797667376276,33.64597528081294,-45.387467866864114,33.670669881340054,-45.33849972692574,33.71098821078615,-45.256803145120344,34.51108104049055,-43.71516716088082,34.63498500960946,-43.42452728900578,34.67528309765237,-43.33206612410224,34.67984843206295,-43.31929176308614,34.699782566398554,-43.27253253260757,34.76078704218548,-43.09281568644853,34.84484658799117,-42.85760685213332,34.86221600586795,-42.807700680418364,35.225248636483194,-41.835187958076915,35.29241053585677,-41.635289105528514,35.320046609411094,-41.54299013918703,35.60773254496277,-40.584555510592,35.67177183264397,-40.33480844940256,35.79367981051328,-39.76400537502513,