{"Index":-1,"Tolerance":8.384363797737777E-06,"Coordinates":[207.80886211704208,-39.42369807904895,208.00177818037017,-38.47454107778036,208.08324343387778,-38.12472740441848,208.18435692516334,-37.78007938762448,208.30479515576738,-37.44169968047737,208.4441728004324,-37.110670881477006,208.6020439398972,-36.78805207092176,208.777903487553,-36.47487542252937,208.97118880539742,-36.17214290114164,209.18128150411596,-35.88082305707819,209.40750942153204,-35.601847927395326,209.64914877309582,-35.33611005396395,209.90542646753144,-35.0844596279068,210.17552258023449,-34.84770176953099,210.45857297650576,-34.62659395245829,210.75367207622952,-34.421843580194334,211.05987575115003,-34.234105722890135,211.37620434547787,-34.06398102153682,211.61559156142258,-33.95002989718225,213.51772656142256,-33.09282889718225,213.8492279093861,-32.95457894275791,214.1880156496696,-32.83529331649239,214.53300587832837,-32.735353656046925,214.74393766632798,-32.68449480490085,216.020046666328,-32.39978380490085,216.32078672183232,-32.34026856295785,217.4320787218323,-32.14810056295785,217.78758975965675,-32.096933233684325,218.14542510769525,-32.06594844234796,218.50443992184873,-32.055245320450766,218.86348558448137,-32.06485811113281,219.22141337926195,-32.094756059616095,219.57707816632097,-32.14484351160017,219.9293420459653,-32.21496021929465,220.03904076954586,-32.24106727303395,222.4046307304223,-32.82629232762414,223.44168029791922,-33.079601658476996,227.75449541676178,-34.08555628971471,228.10183348964625,-34.17700275889151,228.4434455256003,-34.28794152800003,228.77823858474062,-34.418017663979924,229.1051415435455,-34.566815006444784,229.42310852176468,-34.733857499129016,229.73112222856668,-34.918610712963236,230.02819721721855,-35.12048355590523,230.3133830378846,-35.338830164056205,230.58576727845758,-35.57295196801191,230.8444784836936,-35.82209992783763,231.08868894331107,-36.08547692951662,231.31761734013392,-36.36224033520479,231.53053124980647,-36.651504679132515,231.7267494840827,-36.95234450052841,231.90564427019257,-37.2637973045015,232.06664325931317,-37.584866641408865,232.20923135771872,-37.914525294856766,232.33295237475068,-38.251718568135715,232.437410482336,-38.59536765857491,232.5222714813836,-38.94437310902037,232.58726387100756,-39.29761832539415,232.63217971715622,-39.6539731490808,232.656875317868,-40.01229747271161,232.6612716630259,-40.37144488777852,232.645354687139,-40.73026635240767,232.6091753143433,-41.087613867557984,232.55284929547696,-41.44234414988339,232.47655683775167,-41.79332228950782,232.380542028205,-42.1394253810105,232.26511205277802,-42.479546116004585,232.13063621351688,-42.81259632581538,231.9775447470427,-43.13751046292361,231.80632744806968,-43.45324901003558,231.61753210237543,-43.7588018058732,231.4117627342372,-44.05319127704358,231.1896776739406,-44.33547556564825,230.9519874515441,-44.60475154262561,230.69945252363772,-44.860157697185954,230.43288084036834,-45.100876893094636,230.15312526051656,-45.32613898298503,229.86108082289434,-45.53522327233722,229.55768188279362,-45.72746082523923,229.2438991226474,-45.90223660455379,228.9207364464672,-46.05899143964362,228.58922776799267,-46.19722381535951,228.24916760723414,-46.31689703172482,228.23559471304594,-46.321241854145285,226.7825872270185,-46.82308302997787,226.44661073177656,-46.92878870928458,225.1346092676173,-47.30191645103669,222.69531233836557,-48.07302290858962,221.7840027121049,-48.416776513645274,221.44449126482147,-48.53398645675375,221.09889584652822,-48.631812835888915,220.7483221413826,-48.70994266924641,220.39389176087394,-48.76812599136258,220.0367386553844,-48.80617665284399,219.67800548627358,-48.82397291592632,219.3188399700934,-48.82145784395731,218.9603912066297,-48.79863948355763,218.64678096261912,-48.76186663390738,216.31535576234057,-48.42953882642222,216.293441846758,-48.42676387233387,215.93853147431219,-48.37158397445098,215.5873087306753,-48.29642562194007,215.39097943623185,-48.24523223900542,213.16115943623183,-47.625591239005416,212.81795656063846,-47.51967627413055,212.48129115949462,-47.39452595941801,212.15224034661807,-47.25054069577867,212.0839018651041,-47.21780484869774,211.1661928651041,-46.77144784869775,210.84776960551764,-46.60527678817781,210.5392510762512,-46.421367814228056,210.24162433914654,-46.220309317863375,209.95584160928132,-46.002744557594696,209.68281720849015,-45.76936960141343,209.42342464011992,-45.520931099819386,209.1784937943782,-45.258223897017025,208.94880829321562,-44.9820884879227,208.73510298323717,-44.69340832911886,208.53806158466338,-44.39310701235838,208.35831450386323,-44.08214530966203,208.1964368164571,-43.76151809946297,208.05294642744298,-43.4322511836324,207.92830241423187,-43.09539800557017,207.82290355789388,-42.752036279860036,207.73708706731404,-42.40326454427277,207.67112750033962,-42.050198645148335,207.62523588537084,-41.69396816740176,207.59955904620494,-41.33571282057433,207.59417913229413,-40.97657879249246,207.60911335591973,-40.61771508220024,207.64431393712405,-40.260269823897836,207.6996682565756,-39.90538661364685,207.77499921587892,-39.55420085059482]}