{"Index":-1,"Tolerance":2.6847364580740562E-05,"Coordinates":[-0.03416562340429946,-50.15258739637088,0.006301766746437648,-50.725746252240256,0.083837175226052,-52.477388383142,0.2990459094565624,-53.497116549855285,0.9170590340900215,-55.082259762806785,1.0103791172960395,-55.2977227503848,1.6098334539085575,-56.5524467836428,1.7651550835754735,-56.83880804887808,2.5146849829039164,-58.06605697813199,2.7749779260821037,-58.43150396129625,3.699811044136901,-59.55312285154205,4.022980740031087,-59.89101479932515,5.386718851859318,-61.12147348374874,5.487414571439723,-61.208568875823794,6.174410569593815,-61.778043065136934,6.69487099324305,-62.129055662526625,8.554631815715222,-63.13198768327426,8.568483855059702,-63.13941361512982,11.4379404910751,-64.66856772566953,11.837662908883681,-64.84740438806169,13.419594365164938,-65.42800694401689,13.65350364686379,-65.50372048136353,13.970927236081787,-65.59305205857437,14.209500868114132,-65.68061353211891,14.443413352608674,-65.75632784505777,14.760827973863861,-65.8456563751198,14.99939437261846,-65.93321562040411,15.23330871485039,-66.00893085833212,15.550731225843085,-66.09826192713963,15.9006164588131,-66.22667743072591,16.36538817616314,-66.35817790183283,17.425959269808974,-66.57283490470455,17.540194477627796,-66.59378872928032,17.661156764534546,-66.61369710955356,17.70357208087988,-66.62312506479698,20.92203085943501,-67.1528273717319,21.176574169150143,-67.18422691563322,21.91647207213191,-67.24529743317768,22.30395971104619,-67.25356605014059,22.915672388552448,-67.22928004120081,22.940013324293602,-67.22992443198324,23.149911164652313,-67.2285422083906,25.26275094200082,-67.14475040015418,25.4607462854886,-67.13069016395167,26.653824258765532,-67.00839121248497,26.778439658452175,-66.98811918372968,27.4980913058081,-66.9240912010612,27.91121173799766,-66.85972740353738,29.763423389169173,-66.44480559960523,30.20504298705057,-66.3115832496668,32.792507281647495,-65.32108802400141,32.87957020987143,-65.28627744668333,34.103738457994616,-64.77572383316091,34.24447845907414,-64.71297560678366,35.0874920629746,-64.31232655788912,35.875430049167385,-63.78131212682042,37.49556079850113,-62.294935999293195,37.524803008517424,-62.26776746966502,39.184428928870176,-60.70628047632258,39.46973232365592,-60.40000575064514,40.0136767858031,-59.732929370773164,40.151250380665054,-59.5512784450891,41.89013795479628,-57.07550333824385,42.01703144887743,-56.879951781654555,44.19113335370965,-53.243895918022304,44.31981543033842,-53.0062863456176,44.56755115044692,-52.49837149780455,44.64274421933263,-52.332268725486564,46.113424266187195,-48.81834663459146,46.168803207450814,-48.67658151140047,46.38254720558024,-48.08818522884856,46.49005291761982,-47.72670000072169,46.58875354640604,-47.30458313597045,46.60911140639966,-47.21119993401286,47.194408761660966,-44.31780469959804,47.254131167234355,-43.83443759765535,47.34461743568257,-41.880214157557795,47.33472398289385,-41.44275418625315,47.17881623314253,-39.74348122788436,47.155935063089615,-39.55573704884348,46.581940045703014,-35.78486853209755,46.54754642283338,-35.59706009490647,46.226108025985276,-34.09772264133564,46.16385628965173,-33.85463667391872,45.59007641361079,-31.933358152964747,45.581044581399155,-31.903646153029367,44.77001211492115,-29.281742447210213,44.69352132082207,-29.063056815715797,44.3804455949341,-28.262897242148117,44.316189258498994,-28.11049211812197,43.49869201760946,-26.30441967769014,43.477803994159544,-26.2592192449394,42.85013098288148,-24.9284754695256,42.70636261826207,-24.65823768881991,41.85381772787658,-23.22664269775939,41.70617578453143,-23.001080440220825,39.66999348945834,-20.161044497073775,39.62379116104705,-20.09824496176308,38.962037041730824,-19.221526510590426,38.571372701551695,-18.79191447653525,38.207911541931985,-18.459066016563675,37.05946941949813,-17.354514395771318,36.94457347205368,-17.249311319087266,35.936001303613175,-16.370319516787102,35.58121106442607,-16.10235618561991,33.5000976008498,-14.748143975682307,33.372676147012776,-14.669442617169759,32.27059355932228,-14.024143890484542,31.43428567603637,-13.682632799972438,31.003212048405196,-13.57454854523104,30.69656165101598,-13.449325859297888,30.265488602256504,-13.341241931856441,29.958844883948995,-13.216021291668842,29.527755713657072,-13.107932959839365,29.221115260374024,-12.98271433861731,28.131706893896137,-12.709563069235797,27.613674923286897,-12.624346842247267,26.684168811100413,-12.549443225349236,26.19518132627405,-12.547760015057385,25.373857293873172,-12.608257840140384,25.23444476412751,-12.622911408551314,24.940560725639834,-12.631071226040198,24.739013163320568,-12.658636267592362,24.461852763608853,-12.666332181897308,23.357096877303352,-12.817429791101775,22.156722339166887,-13.235919708737532,21.084301224287028,-13.871473062244965,20.95833653622958,-13.972558906791324,20.57202515164515,-14.201501849879689,20.44606978738113,-14.302580535864346,20.3802171829379,-14.341607314967646,20.160217619317315,-14.283957697863375,19.62957803528718,-14.166303077852765,19.524616300456053,-14.144881698983871,18.77764645386186,-14.005516728416676,18.720102711764483,-13.995327656085756,17.727460101908456,-13.828970389805313,17.57120980146195,-13.80676087243331,17.18227642102815,-13.761306154464545,16.980452168994415,-13.744221848273696,16.021926669004436,-13.69380127412772,15.974620842168909,-13.691666499304548,14.945246752741047,-13.6529033527227,14.728977215303052,-13.652128217831187,14.257307977955655,-13.666504911466298,14.10450079839531,-13.674851863833645,13.252625987475206,-13.742006325610545,13.214686667771836,-13.74522614909304,12.133103921968083,-13.8435530621697,11.799300076532587,-13.891875408358086,10.549941934040758,-14.141060342812803,10.480989320405806,-14.155610419613643,9.498981290062527,-14.374239898877976,9.311738867262303,-14.421948864039766,8.99535556566028,-14.512897453996962,8.829021436801515,-14.565701818577347,7.877052460320336,-14.896971787165404,7.83960138088095,-14.910267507685829,6.882822821100981,-15.25669663053625,6.69067079668929,-15.333439236401137,6.343798385187713,-15.485256634927172,6.185785866055057,-15.559657419745351,5.326446083852726,-15.993540849715654,5.303319359543215,-16.00533650768503,4.333081683937844,-16.505209953005796,4.022998611158587,-16.687894237783997,2.9759052723646198,-17.38755981400892,2.920684955960217,-17.425305273853397,1.9146809207579956,-18.12861340247274,1.6161433918640218,-18.36517746516756,-0.05096296864211167,-19.857287447509375,-0.3201235604967095,-20.12909122707762,-1.0004574875984384,-20.904328384378893,-1.021014776204684,-20.92798785365038,-1.8805117027513603,-21.9271045912225,-2.112719508111399,-22.232550527541633,-2.6893458309185303,-23.094488247306877,-2.7066801518326398,-23.12067886488755,-3.4577151936692596,-24.26771260398666,-3.6558885537761263,-24.616618066224152,-4.675639867607645,-26.709583922074255,-4.8298633827744215,-27.085383818768616,-5.570653810555085,-29.28043515079146,-5.676003957724486,-29.674433470953208,-6.136440488912054,-31.980515296424826,-6.190954047898254,-32.39191559665466,-6.349866082497356,-34.781312489098575,-6.350111725798553,-35.19943232606637,-6.196871603952327,-37.545168968332355,-6.146924463567115,-37.935675820179064,-5.894165759621655,-39.25569568572895,-5.8896159782884805,-39.27898516982032,-5.699551067847769,-40.23293381966885,-5.602650486389219,-40.60202869214741,-5.198661724145572,-41.8342189380947,-5.1881827910459775,-41.86562620259589,-4.846254806108153,-42.87292198623988,-4.701506531537455,-43.22753292926642,-3.7354401071798606,-45.23849570600908,-3.5510831015982034,-45.56997829802728,-2.8891134917961465,-46.608966310966835,-2.851305776445248,-46.66690435235018,-2.151491456897664,-47.714216690309144,-1.9360573439350326,-48.00030084414086,-1.2297647425456573,-48.835733313516364,-1.2082251773550077,-48.86094302667395,-0.6760359363486412,-49.47726679695658,-0.6157198850334135,-49.545132000210245,-0.288214265639865,