{"Index":-1,"Tolerance":1.1396892276141593E-06,"Coordinates":[14.131340656375382,-35.7210437903316,14.108196002339511,-35.707218799331365,14.092215204163553,-35.69183547815272,14.050248020686759,-35.614671638178635,13.99721366075198,-35.545104544244495,13.967664008392386,-35.46282681607795,13.925834301987935,-35.38591575119935,13.909161417434222,-35.29993284300108,13.879494027756635,-35.21732728833672,13.876132830303876,-35.12960275008897,13.859485889474247,-35.043753634986864,13.869514724148551,-34.956875525726275,13.8661525109577,-34.86912447753488,13.889420568185539,-34.78443454436275,13.89946742514271,-34.69740031109467,13.93528270380035,-34.61750779313823,13.958434848320982,-34.53323975335114,14.005961318542745,-34.45984623893339,14.041895055439262,-34.37968947824784,14.10030595486986,-34.31415302009761,14.147971884080539,-34.24054414389798,14.215684258174438,-34.18469969170042,14.273902422506035,-34.119379480447144,14.349048396613245,-34.07471023477212,14.416646708830202,-34.01895985286998,14.4980072859911,-33.986164157565035,14.573411109558224,-33.94134163766596,14.658728073064895,-33.92137909647065,14.73991226773734,-33.8886544993136,14.827243157800197,-33.88194978273522,14.912604207891775,-33.861976926120434,14.9999997877079,-33.868686615032075,15.08739495312784,-33.86197696379595,15.172755634882787,-33.88194973422699,15.260082210215973,-33.888654125403725,15.341260690388461,-33.921376701314095,15.42659648292453,-33.94134364814293,15.502017971727078,-33.98617703177817,15.58335824804134,-34.01896482677764,15.650941519167077,-34.07470281721018,15.726095940016494,-34.11937744555976,15.784320660390192,-34.18470467378744,15.852019379253353,-34.24053787749949,15.899675730580876,-34.314131263545185,15.957952977813033,-34.37951742608888,15.993803332250293,-34.45948794181049,16.041500509134924,-34.53314437277886,16.06474730483697,-34.61774093997887,16.100553077292,-34.697612007754515,16.110589935423402,-34.78456518658629,16.133845409389775,-34.8691933345418,16.130484100054503,-34.95691601911072,16.140508829010827,-35.04376411821379,16.1238681102752,-35.12957861175895,16.120509133313885,-35.21724042656425,16.090858535163147,-35.299805632321316,16.074175362813,-35.385839054837476,16.032328685640284,-35.46278814768974,16.002715578975074,-35.54524895446636,15.949558194940115,-35.61498934034424,15.90769728249276,-35.69196460950354,15.844601210576842,-35.75268875356704,15.791479317663937,-35.822382576496196,15.719795957952634,-35.87280228694728,15.656658959353736,-35.93356581916471,15.578117769273364,-35.9724540510277,15.506461258601814,-36.02285487674994,15.422958401331268,-36.04927837047168,15.344495231056278,-36.088127972256885,15.257915647314789,-36.101504202223104,15.174184296595914,-36.128,15.086417762767617,-36.128,14.999973124719038,-36.14135538134875,14.913511924821576,-36.128,14.827361330231204,-36.128,14.795896692595873,-36.11800289828194,14.777447326220079,-36.1069825424058,14.745849954121736,-36.10210179873705,14.40636321055251,-35.99423837609958,14.155556587518497,-35.75280870572998]}