{"Index":-1,"Tolerance":2.7352467693144438E-05,"Coordinates":[-0.7013663012672421,-49.43891617156932,-0.7394234340080748,-50.348114333634705,-0.7318522810241688,-50.73731628005796,-0.6764473765145532,-51.4220841627242,-0.593132056767356,-51.931792265046084,0.16067692228592584,-54.968509651441906,0.19394230914633778,-55.09185245391055,0.5040134347558307,-56.15592625475397,1.368841807149316,-57.58299103764481,2.409227737106573,-58.581131714917035,2.4365943689168548,-58.62086386942324,3.4878104716751945,-59.610296981131185,3.5378675585419437,-59.651365078015964,4.76809795408203,-60.79027475560355,4.834341821786133,-60.84989677862144,5.519680599506563,-61.449533486036174,6.125486113846923,-61.86674360440134,7.871353231141125,-62.79210993051374,7.87690857122789,-62.795047402807434,11.651798951499773,-64.78630154656032,12.039644499304211,-64.95884267170696,12.57725371140948,-65.15615572539295,12.704108666893717,-65.1996967801245,14.40098918601595,-65.74234701209363,14.507978169988473,-65.77449802325388,14.760827973863826,-65.84565637511979,14.99939437261846,-65.93321562040411,15.23330871485039,-66.00893085833212,15.550731225843085,-66.09826192713963,15.9006164588131,-66.22667743072591,16.36538817616314,-66.35817790183283,17.412754135413152,-66.57016221770704,17.500416661294793,-66.58662667637407,18.40172036457663,-66.74283337344824,18.434626121875556,-66.74835839664843,20.93157453082545,-67.15412873427628,21.179774516740494,-67.1844910694886,21.89858505753768,-67.24382105483657,22.250137200636424,-67.25330960019862,23.201222348222515,-67.22630610933774,23.236929866129316,-67.22509118743515,25.26275157778758,-67.1447503749399,25.46074818783472,-67.13069000892536,28.418453501166525,-66.82750304583358,28.6894325133989,-66.78785805551519,29.860991312624957,-66.56449502030765,30.490189090560612,-66.37552771553332,30.612642049956303,-66.32445746028108,31.058840856509335,-66.18473131330978,31.146872153383242,-66.14801705922085,31.59309514064471,-66.00828268465514,31.68112852348587,-65.97156734426024,32.12733981919419,-65.83183704026587,32.215370152174486,-65.79512289928543,32.66158011525614,-65.6553935097934,32.69700734196915,-65.64061815590198,33.357131718784686,-65.4207959966766,34.03109558110971,-65.11081890137775,34.194947038693655,-65.0296644024348,34.89824830879769,-64.65573433250924,35.8482494000286,-64.20423813352016,35.975907461881086,-64.14000716227105,37.538939382709565,-63.308978323377566,38.10485427625427,-62.92490599863612,38.64344169855745,-62.4676826232271,38.651749686613755,-62.46204169154654,40.17445495574013,-61.16791882800012,40.43799548951953,-60.916549499815474,42.69557943556098,-58.501411080841734,42.7642376567141,-58.42554707125648,43.58477991903161,-57.488989113743145,43.71658614578974,-57.328221428357715,45.08633398061138,-55.54126950148237,45.387513972540475,-55.17573852058519,45.56345758561319,-54.94088844316641,47.11588347913773,-52.65590443229275,47.33300866425715,-52.28452007144422,47.514174105675565,-51.9200756368367,48.53925815264256,-50.024520717517305,48.758815090594524,-49.51772298555601,49.306821292170724,-47.87448019412627,49.515881390713965,-47.30659419642946,49.62140246553252,-46.96025264165211,49.983384019594716,-45.47293316519002,50.03265698197208,-45.22937300907418,50.281008107091914,-43.69513975409444,50.303076963477466,-43.532148233851785,50.38085356434919,-42.81931793017925,50.38675704965695,-42.76006374591544,50.51899689828493,-41.29346698944689,50.523195244342524,-40.773436109335336,50.39194815276518,-38.99773038578112,50.37481527574364,-38.828054893960115,50.17163251489826,-37.242959669302685,50.16126969550026,-37.16902021641788,50.04036381788803,-36.37443235239582,49.98387102605365,-36.09072312178499,49.49517445412013,-34.11173597472484,49.44197362506993,-33.92183870876751,49.19734358941399,-33.142643258499504,49.16606157351191,-33.048206697845195,48.639894411184265,-31.539381468761903,48.5869817056146,-31.39848231300944,48.183370428593,-30.396535967266487,48.14887335697867,-30.31425346527491,47.66625062165089,-29.206992085660715,47.53616002902386,-28.94271024874354,46.92190601375856,-27.82841550861019,46.847034509912696,-27.66886264880232,46.68065954279765,-27.359922225097137,44.876834000444546,-24.412797768856436,44.36923754275544,-23.780863826156953,44.14349481401671,-23.563449068013735,43.14177541626573,-22.226503124113528,42.53228346163513,-21.60963074879489,42.39476283397172,-21.503984036838325,40.94757619297593,-19.975431895855625,40.49987362997033,-19.583481072873024,39.044390864494495,-18.53235536301611,39.00817198586651,-18.497520767611874,38.62170102491336,-18.180350777421374,38.33549402236448,-17.980939640491354,38.32771294436172,-17.974512178585016,36.535610138410654,-16.70880699581866,36.522898817891644,-16.699875924526005,33.51228503808401,-14.595578144557074,32.917079955564745,-14.267987420822356,32.15270405345212,-13.948190731207552,31.786279434700923,-13.826371587565957,31.4342804579779,-13.682631491634547,31.003212048405196,-13.57454854523104,30.69656165101598,-13.449325859297888,30.265488602256504,-13.341241931856441,29.958844883948995,-13.216021291668842,29.527755713657072,-13.107932959839365,29.221115260374024,-12.98271433861731,28.131706893896137,-12.709563069235797,27.613674923286897,-12.624346842247267,26.675658494159386,-12.548757427255524,26.16959244840571,-12.548374213909735,23.574584271084742,-12.753536052448165,22.104693951835763,-13.243403135165293,20.788329035550305,-14.076949008694626,20.76738697047503,-14.090324997466162,20.37886903039669,-14.340622814760906,20.36102152534998,-14.33521181508975,20.059078103898205,-14.259602696958307,18.818648487364054,-14.01285967016554,18.694324705977365,-13.990689939903534,17.372827196926007,-13.782060869523647,17.044271170149475,-13.747578869740204,16.021926669004436,-13.69380127412772,15.974620842168909,-13.691666499304548,14.945246752741047,-13.6529033527227,14.728977215303052,-13.652128217831187,14.246991497891456,-13.666819362487335,14.073604208738153,-13.676855821409651,12.159067732156208,-13.840310766285151,11.807856257905607,-13.890168874881331,10.549941934040758,-14.141060342812803,10.480989320405806,-14.155610419613643,9.425608195321548,-14.390575326898484,9.09478189562975,-14.48325844085228,7.911364163423719,-14.884969200659778,7.850994471908574,-14.9061423122674,6.882822821100981,-15.25669663053625,6.69067079668929,-15.333439236401137,6.337729334478388,-15.487912906973207,6.16789675063224,-15.568312485344782,4.349713212446071,-16.495859281247302,4.028288640633725,-16.68435945116676,2.9759052723646198,-17.38755981400892,2.920684955960217,-17.425305273853397,1.9146809207579956,-18.12861340247274,1.6161433918640218,-18.36517746516756,-0.05767076704897317,-19.86329112741818,-0.3386926809089839,-20.148685098574816,-1.8680404563832278,-21.911413077760002,-2.109002918476959,-22.226994990674676,-2.6893458309185303,-23.094488247306877,-2.7066801518326398,-23.12067886488755,-3.4577151936692596,-24.26771260398666,-3.6558885537761263,-24.616618066224152,-4.675639867607645,-26.709583922074255,-4.8298633827744215,-27.085383818768616,-5.570653810555085,-29.28043515079146,-5.676003957724486,-29.674433470953208,-6.136440488912054,-31.980515296424826,-6.190954047898254,-32.39191559665466,-6.349866082497356,-34.781312489098575,-6.350111725798553,-35.19943232606637,-6.196558709482325,-37.54995862795025,-6.144789553656516,-37.94990991597382,-5.704496870503028,-40.21229807511257,-5.604855082458195,-40.59530454032358,-5.198661724145572,-41.8342189380947,-5.1881827910459775,-41.86562620259589,-4.846254806108153,-42.87292198623988,-4.701506531537455,-43.22753292926642,-3.7354401071798606,-45.23849570600908,-3.5510831015982034,-45.56997829802728,-2.8891134917961465,-46.608966310966835,-2.851305776445248,-46.66690435235018,-2.151491456897664,-47.714216690309144,-1.9360573439350326,-48.00030084414086,-1.2214508532075103,-48.84556733002202,-1.1829996859644623,-48.89020239765456]}