{"Index":-1,"Tolerance":1.1396917832597139E-06,"Coordinates":[13.967664010317796,-35.462818192182326,13.925828723206084,-35.38589572220161,13.909154242591844,-35.29990649714186,13.87948789895638,-35.21730500144044,13.876127303109591,-35.12958869247519,13.859488195546035,-35.04378188396481,13.86951262711636,-34.95693628511067,13.866148878983497,-34.869137697016406,13.889426819913227,-34.78441178963102,13.899471450751056,-34.69739119656695,13.935282820286009,-34.61750736915944,13.958438744543917,-34.53322557207005,14.005970993889402,-34.45982443401301,14.041898464695613,-34.37968162142746,14.10030417484685,-34.314151487031474,14.147968063711163,-34.240547066137445,14.21567639304016,-34.18470597658063,14.273898324642039,-34.11938203834265,14.349047104484155,-34.0747111514859,14.416648410526715,-34.0189583272427,14.498012116020389,-33.98616148787286,14.57341174255536,-33.941341489556706,14.658725165055282,-33.9213797768894,14.739911118268104,-33.88865458756263,14.827243157800197,-33.88194978273522,14.912604207891775,-33.861976926120434,14.9999997877079,-33.868686615032075,15.08739495312784,-33.86197696379595,15.172755634882787,-33.88194973422699,15.260081589173176,-33.88865407772392,15.341259229967005,-33.92137635960335,15.426597508005408,-33.941343887992296,15.502021425925964,-33.98617875888821,15.583360715346007,-34.01896620048231,15.650943973448225,-34.074704035428255,15.726102749893894,-34.11938129605778,15.784328247993198,-34.18470983993871,15.852017660678953,-34.240535223588616,15.899669882744956,-34.314122233016526,15.957948685125787,-34.37951058387565,15.993798477325662,-34.45948044458645,16.041528739285642,-34.53318796722791,16.064787575824138,-34.617835290473906,16.1005584753439,-34.697629165879,16.110589447278773,-34.784524875822456,16.13384484097375,-34.86915966931496,16.130484275929348,-34.95686861988028,16.140512837310393,-35.04374344782072,16.12386660108285,-35.129586394510376,16.120507743888524,-35.21725077110185,16.090855206412503,-35.29982279834974,16.074158463163208,-35.38592620461213,16.032287704610418,-35.462912967565536,16.002723636990073,-35.54523863696497,15.949627441510797,-35.61489841757579,15.907727420827992,-35.69193898410822,15.844590180530464,-35.752702501085054,15.791474294900725,-35.82238811427293,15.719799324538673,-35.872801689153434,15.656663663731807,-35.93356368602253,15.578122892982359,-35.97245175325515,15.506456371734505,-36.02285938533513,15.422943545010542,-36.04928605039099,15.344440152468446,-36.08815561046832,15.257829950942916,-36.101534331496566,15.174193866586874,-36.128,15.086498410525072,-36.128,15.000006214628664,-36.14136049263986,14.913511924821576,-36.128,14.825819514701589,-36.128,14.742196953614501,-36.10153753158718,14.65549529221384,-36.088145006929295,14.576897269685011,-36.04922823122889,14.493523140366626,-36.02284437937296,14.421978443856835,-35.97252221493802,14.343353106718691,-35.93359191476854,14.280203712432968,-35.87280257539135,14.2086842035953,-35.82249812712881,14.155571275358488,-35.752827972302555,14.092225960597393,-35.691850034500895,14.050260107161634,-35.61468749244621,13.997220295974351,-35.5451132479064]}