{"Index":-1,"Tolerance":2.135140555255775E-05,"Coordinates":[-6.345242274640334,-35.25843311815969,-6.3445618720048405,-35.28438903982809,-6.211222491663808,-37.3254629826644,-6.196917635309745,-37.54494218781616,-6.196287801524502,-37.553441864174566,-6.167102453068788,-37.782125855238625,-6.148873572378235,-37.92602387572467,-6.146840189001815,-37.94089234801703,-6.004074779775521,-38.689568867121594,-5.99925990198701,-38.714285486295935,-5.997436228024294,-38.72345324816641,-5.994159278423535,-38.74063834374031,-5.989344332501643,-38.76535590541001,-5.690862239430726,-40.26588454086924,-5.637965074354375,-40.46743375228479,-5.592902985448154,-40.639243292780215,-5.350753525456492,-41.37781389564293,-5.340259652172601,-41.4092651739785,-5.33840701547997,-41.414722649206496,-5.334678071065513,-41.42609662044844,-5.32418763670608,-41.45753901271896,-4.832611268485177,-42.90569052964508,-4.830299203589857,-42.911432799832454,-4.766111704757212,-43.069277982782054,-4.691649262763697,-43.25239028997921,-4.689311882791552,-43.258072855471966,-4.366850426394694,-43.93387310481007,-4.348634971417436,-43.97141237646801,-4.33311960701376,-44.00388474101763,-4.315188069306784,-44.04084683135404,-3.638592965398555,-45.412831219404985,-3.5425077302215606,-45.58224832648337,-3.455363648556674,-45.73600633797935,-3.0480789527357333,-46.366549708587996,-3.0230044605508293,-46.40472676629562,-3.006744854475878,-46.42989923620422,-2.979623405247456,-46.47117950111481,-2.1298404681751677,-47.74292701812486,-1.9985532859024293,-47.9172701112627,-1.9103558958098166,-48.03442530155754,-1.4255860219964445,-48.60783049030579,-1.396263612863784,-48.64189456440479,-1.3774412170116266,-48.66415900424698,-1.3398930980756178,-48.70776580975584,-0.3313422608279848,-49.85781062247602,-0.15734956021169513,-50.035436411043904,-0.08062293988032285,-50.113780428984796,0.4936421789403912,-50.63870721927556,0.5267676339417362,-50.668377894067035,0.5766651885006462,-50.71307574581162,1.7266149990815851,-51.72154197377346,1.995528170105348,-51.93288478146257,2.0000861414334463,-51.936085683097765,2.0074438627836653,-51.94186554570604,2.638701518425993,-52.38514959875326,2.6751412662832,-52.41013092273637,2.7368553696532865,-52.45242801415901,4.028112044214629,-53.31524269257499,4.137750146519304,-53.37934924633204,4.357294343135523,-53.50801770686679,5.116647889996985,-53.894918547632614,5.15373341108617,-53.91350995121389,5.328886740706254,-53.9998970635324,6.679302249924779,-54.66586803568198,7.072079607799171,-54.82790425432115,9.40981050258075,-55.61399133213811,9.854186653543682,-55.72847682530161,10.170107328273097,-55.78593684394399,11.857336553708251,-56.11018326161641,11.87485141784698,-56.113498256774626,11.991275731112204,-56.13519524288348,12.197178377927306,-56.17614909664133,12.235341319883366,-56.18067962274111,12.240731172881556,-56.181684082740496,12.301162963398243,-56.18849366061634,12.690376133611407,-56.234699229046036,13.571833135493529,-56.269965557581614,14.639477764271067,-56.33992756204248,14.744982617646924,-56.34508043637284,14.751960763736097,-56.34530498003884,14.859735468858254,-56.35235739616746,14.96514078566074,-56.35216471370286,15.011520899868124,-56.353657138874304,15.108198461492782,-56.35190320217388,15.286434278564126,-56.351577384486916,17.274366810542734,-56.21419289882253,17.704305854247295,-56.184551198222714,17.713105774670296,-56.18388285578075,18.11421764088458,-56.13036073032069,19.372104142971818,-55.8801426196134,19.41823883398143,-55.87060919351215,20.361066052906057,-55.668475608200986,20.564562854775428,-55.61231529932365,20.687136435522643,-55.57897841061994,20.696006341761272,-55.576040002801896,20.716682570948247,-55.570333852106195,20.854575358373797,-55.523509522143044,22.380288626265262,-55.01807376286249,22.77700630645602,-54.89230865641215,23.222445103392346,-54.71306585931236,23.32093310819525,-54.66449702421378,24.346449364924467,-54.15957003935841,24.99224397769203,-53.85990926323862,25.12938405486173,-53.78710684142675,25.159948990621174,-53.77163168677717,25.19892301026777,-53.75019126963833,25.292832598594387,-53.70033826092904,25.32794992195105,-53.67921088748347,25.413781908877198,-53.63199292997641,25.520152655179796,-53.570769032075106,26.114691060638616,-53.21309856001188,26.20098348912656,-53.159284995301064,26.383110308422648,-53.041615026453414,26.424569631652137,-53.01531345116625,27.467081566025147,-52.3187090816887,27.487285227184987,-52.30431611644626,27.65447526402692,-52.18477833805778,28.312326249366222,-51.68148277883572,28.396422391088638,-51.6148620086571,28.41992538470455,-51.59562450426844,28.49798165923125,-51.531576133419996,28.50856168213725,-51.52289465999726,28.58022427723415,-51.464053395555695,29.534438910452096,-50.62723950382075,29.667370104830617,-50.50377035024166,29.67116669353272,-50.500036398941766,29.69621481533226,-50.476770485396536,30.353887486250024,-49.82993056531116,30.37308820968768,-49.80968131699501,30.535022585461206,-49.638301603945536,31.33866106843265,-48.72191683225313,31.369970586627822,-48.685666765230756,31.747212656999775,-48.24217809222374,31.753980785846444,-48.233495800508415,31.9289113929453,-48.00816167216349,32.50479149155837,-47.19328851316959,32.52981565251848,-47.15687948639648,32.542905197527624,-47.1383573872433,32.58988966869692,-47.069995447777785,33.33169306259747,-45.95988766124148,33.45422697906719,-45.74765074265504,33.50338756905717,-45.66423779003429,33.511696758375045,-45.648109250604904,33.539686823571124,-45.59962859023429,33.60695193440626,-45.46321433442246,33.64596140599969,-45.387495058251844,33.67065356560906,-45.338532401462444,34.13439985296572,-44.398863201306405,34.55940168160314,-43.579960947096914,34.683314489671304,-43.28930041486599,34.72360935603624,-43.1968462741644,34.72817319477964,-43.18407598080419,34.74810347373876,-43.13732580557953,34.80911031366555,-42.957601994755294,34.844851147457035,-42.857593874811215,34.86151996442955,-42.80975096187798,35.1751787309256,-41.88582541110478,35.35332224907115,-41.40869519950255,35.420483713929535,-41.20879751080105,35.44496487666733,-41.12703531650475,35.61166489709095,-40.57138517422931,35.680937942904535,-40.29644794442464,35.96697423859177,-38.90101044923239,36.004253194571746,-38.74429732680202,36.054426551158905,-38.48643983837496,36.067716637082356,-38.39898625653263,36.08437293454895,-38.304716004596955,36.17696020075738,-37.68193323190212,36.20430548078183,-37.42836950028811,36.21640841312679,-37.248728407764666,36.350618553225395,-35.26882488846741,36.350776631329005,-35.12200004703402,36.35175420758795,-35.085785262605064,36.350884596370946,-35.021720819224505,36.35107408609861,-34.84572048405364,36.34540627824067,-34.75935169384959,36.34285920072414,-34.69084713060634,36.26547160609922,-33.41864678654667,36.263548957719074,-33.31629852778765,36.25040610607794,-33.08123711701356,36.22965880912264,-32.858611774206004,36.183563461640155,-32.329109876940386,36.13870228668084,-32.0064076684572,35.86292709121138,-30.568036589488045,35.83505356121146,-30.410063255358523,35.63693638555557,-29.490467466145663,35.51842126378043,-29.077948926393752,35.26045207484132,-28.365332513669838,34.80447036223846,-27.022042466338647,34.64540565686068,-26.63800932118005,34.06177662097004,-25.454441046309853,33.94956416580443,-25.197232897254366,33.836615476342146,-24.964653716815125,33.51333867405158,-24.36263988981919,33.42592366621899,-24.217043732214503,33.366432560594696,-24.117851134145262,33.35671809214415,-24.10177673264596,33.282214595409926,-23.990169900885935,33.00508742375687,-23.57002273906957,32.806296125391825,-22.870862947121807,31.162960834789452,-20.846846916511055,30.78000625289037,-20.645582858371945,30.71308314126694,-20.569270479104436,30.674882958218518,-20.52649635377834,30.19525059850011,-19.999099957260274,29.939475821401793,-19.747910963081655,29.91751962496795,-19.72865729248961,28.953979992930957,-18.883248324595005,28.696565588899702,-18.63842397334541,