{"Index":-1,"Tolerance":2.135006747066377E-05,"Coordinates":[-6.212009289053505,-37.31345532935008,-6.195576278324955,-37.56487949402601,-6.19514891355485,-37.571293429682335,-6.143985144759987,-37.96798797358222,-6.080886750243528,-38.29390743903462,-6.077752025508904,-38.3098795926568,-6.076828086312173,-38.3145242482382,-6.073529392491118,-38.33182389644437,-6.068711369268052,-38.35655764355704,-5.682392424195761,-40.2979855551383,-5.640478904058476,-40.45776028564711,-5.5853572810887036,-40.66782652782091,-5.479576616721062,-40.990885024751904,-5.469098128029423,-41.02229148377054,-5.467207244581699,-41.027861988069944,-5.463457052607218,-41.03930007359211,-5.452984282478496,-41.07068857574971,-4.817312391706172,-42.94333525756301,-4.736018034798992,-43.14321562727862,-4.67445726281212,-43.29463169446803,-4.5288512814395725,-43.59978667484183,-4.510473894261605,-43.637653741540504,-4.507098693589629,-43.64469747833156,-4.48915638241452,-43.68168210549788,-3.614675730205038,-45.454932433335614,-3.6115766430053062,-45.46040222648428,-3.5551436097161173,-45.559924899594726,-3.4339957720096628,-45.77357558668513,-3.430911401829093,-45.779005883923986,-3.247621146503157,-46.06277016462702,-3.221929293882198,-46.10190237506587,-3.193734995665557,-46.144843620366736,-2.095207359307354,-47.788852315379245,-2.0907759768643235,-47.79473740087292,-2.0824026427388596,-47.80585667510725,-1.8797717597759087,-48.07493805792038,-1.875387640007343,-48.08075211816053,-1.6572750100210785,-48.33874410253048,-1.6273983336174243,-48.373464225375145,-1.5887102772063677,-48.41841948930133,-0.2848651327106433,-49.90518753845915,-0.03967901663461122,-50.15547385344834,-0.03392719562091123,-50.16134100210739,0.21551325506287006,-50.38935265559635,0.24912709109524192,-50.41946834721142,0.29893620184549546,-50.46408543892329,1.7857042348536083,-51.76793113552464,1.9737232074727604,-51.915676910564386,2.0617834352093403,-51.984890495908495,2.3383475691161935,-52.17910020768784,2.3749600948418967,-52.20420124345502,2.4365987914873775,-52.24644535472352,4.100094159319286,-53.35798985998074,4.108851963095324,-53.36315872429559,4.438268279290892,-53.55578979955388,4.7810349631817965,-53.72950048896555,4.812003362847097,-53.744983322325716,4.870101537380572,-53.77363708462444,6.657880910391898,-54.65529018399851,7.061400570139411,-54.820919245684294,7.330219475959966,-54.91024994019131,9.121246495899854,-55.516981502471,9.32733970282585,-55.58694071351973,9.780376229299762,-55.70434974185707,10.17337744280133,-55.77582878768609,11.828131125408374,-56.10456431072133,11.86511891026864,-56.111684555765365,11.885547252624118,-56.115491540006396,12.0914427122384,-56.15644396423625,12.129616481019978,-56.160975783909066,12.135011396536274,-56.1619811693679,12.195478241078606,-56.16879459848899,12.584639107426026,-56.21499404188409,12.965459150017566,-56.23023048363238,14.794529340708268,-56.35008795905882,14.802763039937236,-56.35008700987369,14.822238318390008,-56.351363259424396,15.17500476097506,-56.350044097654575,15.211976266977615,-56.34997093769268,15.261688699231735,-56.349719945117364,15.675614619630164,-56.31948405038783,17.607038302561335,-56.19246088807746,17.614715548063593,-56.191933705632685,18.027127702351265,-56.13764965780206,19.915447996912803,-55.76202483885558,19.96158306453944,-55.75249130365946,20.38386004827067,-55.66195864260578,20.739013962561458,-55.563973606842175,20.746898981910437,-55.56134109711938,22.4945726752155,-54.968923225522545,22.85508397203205,-54.85463425400431,23.300466345750564,-54.675416844740006,23.35557357636506,-54.64828149439169,24.977802225289025,-53.84856929630436,25.22789532676561,-53.732521610394535,25.528485748988007,-53.572949772071404,25.532476454854674,-53.57054887345222,25.557815368604068,-53.55709824099539,25.933711013559456,-53.330961681401874,26.060988128996854,-53.25021778727869,26.074974144038002,-53.24087236021578,26.101388229952438,-53.22411538021643,27.66344675653822,-52.180351100914976,27.681901266116633,-52.167121712954575,27.68820805079977,-52.16290721500846,27.858020924553283,-52.04116320092475,28.151728639856696,-51.81560578810909,28.181381570811432,-51.79127444924672,28.34123905202291,-51.66004242390759,29.76470779376582,-50.411709429290006,29.89773098667465,-50.28814987892234,29.901473296346783,-50.28446901470575,29.92635762399593,-50.26135651510979,30.19095727286092,-50.001118748610324,30.210320579354907,-49.98070108522698,30.372204211363506,-49.80937115963766,31.586085147350424,-48.42518871993239,31.617380066474905,-48.38895580661491,31.80499815962099,-48.168393652883594,31.829408435560687,-48.13705375021874,31.86296875750049,-48.0937035089869,31.97959431426208,-47.94344148073143,31.986228280127346,-47.934053878219636,31.994509814386277,-47.92332737321258,32.20018483306866,-47.63229679772107,32.22517849652511,-47.595931206491464,32.238249489106536,-47.57743577983492,32.28525428596306,-47.50904502215062,33.36956904321109,-45.88636804525764,33.49206085050706,-45.67420396539194,33.541221694304554,-45.590792246849205,33.54954242490869,-45.574641997850016,33.57756210235798,-45.52611002485202,33.64536538095888,-45.38865296952105,33.67064153906872,-45.3385567773197,34.416666190487305,-43.826918612578446,34.591611699302064,-43.489831671123824,34.71559204035077,-43.199013538729325,34.755861916318345,-43.10661404204249,34.760414422222105,-43.09387460077324,34.78031644557102,-43.047190834522524,34.8413409631693,-42.86741494595581,34.844884625064225,-42.857498589218935,34.86153012647748,-42.809720990631874,35.383369797616815,-41.27257201874116,35.438702068900724,-41.124373157962246,35.50586141231342,-40.92448284451594,35.51647718683935,-40.88908015716006,35.57601836837205,-40.69027401583838,35.61318157368283,-40.56683908391531,35.61477002056704,-40.560849926751445,35.652015373194715,-40.41111987700482,35.687017629290324,-40.270764732059014,35.6880410722035,-40.265913687306174,35.7132369100997,-40.1389543602758,35.77877239792308,-39.80949234803392,36.030617548355046,-38.54379475071188,36.057347125774925,-38.431429347454504,36.107518935608894,-38.17358303127993,36.12723612554237,-38.043840371188566,36.150364238702764,-37.91885794346563,36.16793491764442,-37.77814845521099,36.17003601786628,-37.76457211531486,36.17309560281535,-37.73682066293525,36.19660518643975,-37.5485512459223,36.20810088780885,-37.37323361222241,36.35018883771253,-35.225744057262816,36.3501768345816,-34.8058694630554,36.35003967852699,-34.79399254557592,36.23260678546862,-33.00197116997789,36.23175447762022,-32.956605528567,36.21861143867796,-32.72154759338376,36.20384724674988,-32.56312478322294,36.194442708936265,-32.419653470371316,36.14030095989808,-32.00809912588924,35.78004986402013,-30.1951044522671,35.666544627690946,-29.62270217901808,35.53740942345129,-29.15888407953861,35.41562892716448,-28.82247386880157,34.80447065916886,-27.02204318585448,34.64540538347052,-26.638008658497842,33.71933246895025,-24.759983718243454,33.679040040449294,-24.678217468053916,33.595569426359845,-24.508616080088828,33.48712736879073,-24.3206029098036,33.385836520639835,-24.145080757033263,33.275298944509395,-23.97972107072857,32.81584668544933,-23.292122731521996,32.6975228809852,-22.875964112815254,31.05419578066486,-20.85193972277808,30.862725807754696,-20.751310498959185,30.465967745206253,-20.298888070350632,30.427757372353014,-20.256102789449805,30.187406903233995,-19.9918199260825,30.175084923466514,-19.979625859548072,30.118004674043924,-19.92364827113055,29.93213838381411,-19.74107758496362,29.9258204335879,-19.735490423710473,28.315805354514954,-18.323424602858292,28.168279913065355,-18.193602214400254,28.16255952329964,-18.18902439885966,27.994923883429635,-18.060344531650568,27.834388709966976,-17.936942159893405,27.829526314721477,-17.933564401007462,27.659998164542635,-17.820414909962977,27.520346226403127,-17.727099895325836,25.98705610252122,-16.70250158741347,25.867014670550674,-16.626119549312605,25.820690506526148,-16.598081503042582,