{"Index":-1,"Tolerance":2.735257987152464E-05,"Coordinates":[-0.6931044004952169,-49.44427129614384,-0.7391105056630123,-50.28783256481021,-0.7334735698188728,-50.717278225575846,-0.6764473765145532,-51.4220841627242,-0.593132056767356,-51.931792265046084,0.16067692228592584,-54.968509651441906,0.19394230914633778,-55.09185245391055,0.5050751925581707,-56.15956989831508,1.375521244297342,-57.592104328213686,3.3296756769538804,-59.4581105745295,3.365428762482482,-59.491726514104975,4.76809795408203,-60.79027475560355,4.834341821786133,-60.84989677862144,5.521380168825832,-61.451020523080864,6.131202864211214,-61.87036021267294,11.649379156602198,-64.78515928278705,12.038806746693586,-64.95853520017911,12.57725371140948,-65.15615572539295,12.704108666893717,-65.1996967801245,16.09367908820893,-66.28365711479428,16.431186936842614,-66.37149541052673,17.412754135413152,-66.57016221770704,17.500416661294793,-66.58662667637407,18.40172036457663,-66.74283337344824,18.434626121875556,-66.74835839664843,20.93157453082545,-67.15412873427628,21.179774516740494,-67.1844910694886,21.91134267855953,-67.2448740575756,22.288525456706466,-67.25353395695902,25.247555531096914,-67.14565424172815,25.455699760565114,-67.13120751055925,28.418453501166525,-66.82750304583358,28.6894325133989,-66.78785805551519,29.742052034617707,-66.58717133681745,30.143573484581378,-66.48306509278989,33.244828246505044,-65.45880922399341,33.697745129747304,-65.2693068059878,34.8548787123489,-64.67634610667358,35.8482494000286,-64.20423813352016,35.975907461881086,-64.14000716227105,37.53774726011876,-63.309612148086615,38.10158999733246,-62.92729524272384,39.26067101886867,-61.94500594125187,39.62904916453796,-61.80434549698107,39.82418704832633,-61.71585635758062,40.212026990514204,-61.56776500938403,40.40715110890295,-61.47928243000915,40.79501624852095,-61.33118131619084,41.14780945683668,-61.1712003457687,43.98518114075558,-59.66971350211641,44.092721674222645,-59.610111737901974,45.56148532008946,-58.75850321943504,45.914826885114984,-58.52064157424405,47.831417920726096,-57.034549301951394,48.23796323857496,-56.74619851903976,48.48028399994911,-56.556018188895955,49.49307254424304,-55.6785670947286,49.50038237439094,-55.67221452442372,49.93930307423038,-55.289596224517055,50.27861526099168,-54.94502206564584,51.8403029972579,-53.096871068354,52.86712835033537,-51.89199406708074,53.19315905176243,-51.43251582294566,53.42298886866935,-51.03886366508309,53.464118283061254,-50.96624174383733,54.679128201541246,-48.75358580524304,54.865898875773766,-48.34841306279925,55.216610985284994,-47.42146228771803,55.321261870444985,-47.09161055458955,56.128085025573014,-43.96754302488825,56.147771893252084,-43.88698319041543,56.250400077688816,-43.44189477365867,56.32746900223872,-42.89184160752094,56.4459755340736,-40.60579000973809,56.51303033287814,-39.7412649267721,56.50764733522889,-39.18765999874706,56.41455369228518,-38.22949302549978,56.3790007230835,-37.97284399106949,56.253472665794334,-37.27688728625669,56.18818106795462,-36.55678314255412,56.0690653285005,-35.936683127099755,55.65269692996319,-34.536996991279864,55.5594924866742,-34.268321700500294,55.189173312760346,-33.33762736434937,55.14961434800062,-33.24271076486488,54.539376884658765,-31.842804529294593,54.34888684104348,-31.47372519091693,53.64983346761106,-30.312395434991764,53.60810169636383,-30.244986183372767,52.509027896825344,-28.5182032362125,52.131661993934145,-28.035235189495012,50.02902913544264,-25.82170614700016,49.899429047161284,-25.69290326764342,46.828718967196075,-22.811867172455937,46.36152298626548,-22.44894246998792,44.94092977572225,-21.543698486792298,44.710733364599974,-21.361524714579314,44.49422013508256,-21.2045370946878,43.98379718841412,-20.86628437511517,43.69285172048881,-20.694997073913026,41.80347821503279,-19.713930612537006,41.34156034133271,-19.518636841108865,40.28836384797253,-19.16837908997233,40.18199525563585,-19.12388078727893,38.65855866599891,-18.211913837921404,36.54019798477091,-16.712038738789676,36.524432028191804,-16.700947576775953,33.46309432010113,-14.561195813837431,32.75559607460883,-14.18899030723497,31.512386612323706,-13.723071608251447,31.170068451238013,-13.616384901697844,31.003212048405196,-13.57454854523104,30.69656165101598,-13.449325859297888,30.265488602256504,-13.341241931856441,29.958844883948995,-13.216021291668842,29.527755713657072,-13.107932959839365,29.221115260374024,-12.98271433861731,28.131706893896137,-12.709563069235797,27.613674923286897,-12.624346842247267,26.675658494159386,-12.548757427255524,26.16959244840571,-12.548374213909735,23.565741222882167,-12.75423518551579,22.080389124850363,-13.253801830151106,20.382873305337046,-14.341836829287239,20.36102152534998,-14.33521181508975,20.059078103898205,-14.259602696958307,18.818648487364054,-14.01285967016554,18.694324705977365,-13.990689939903534,17.36069706569732,-13.780145846616307,17.007573916637458,-13.744464831408148,14.97946403144288,-13.653496400786157,14.740381033241562,-13.651780624255455,14.246991497891456,-13.666819362487335,14.073604208738153,-13.676855821409651,12.159067732156208,-13.840310766285151,11.807856257905607,-13.890168874881331,10.549941934040758,-14.141060342812803,10.480989320405806,-14.155610419613643,9.425608195321548,-14.390575326898484,9.09478189562975,-14.48325844085228,7.894364073674393,-14.890739875531505,7.80030061494949,-14.924328674545785,6.572558738866299,-15.384637032490465,6.244089554235151,-15.529442707146695,4.349713212446071,-16.495859281247302,4.028288640633725,-16.68435945116676,2.9759052723646198,-17.38755981400892,2.920684955960217,-17.425305273853397,1.9146809207579956,-18.12861340247274,1.6161433918640218,-18.36517746516756,-0.05767076704897317,-19.86329112741818,-0.3386926809089839,-20.148685098574816,-1.8740355656086742,-21.918323047447366,-2.1251502680629906,-22.249171080913953,-3.447600962270334,-24.250800361331912,-3.6530101463020572,-24.61071034295796,-4.675639867607645,-26.709583922074255,-4.8298633827744215,-27.085383818768616,-5.570653810555085,-29.28043515079146,-5.676003957724486,-29.674433470953208,-6.136440488912054,-31.980515296424826,-6.190954047898254,-32.39191559665466,-6.349866082497356,-34.781312489098575,-6.350111725798553,-35.19943232606637,-6.196558709482325,-37.54995862795025,-6.144789553656516,-37.94990991597382,-5.703104228854379,-40.21945398775064,-5.5988808243040475,-40.616333065244,-4.856201772550847,-42.84693027829898,-4.7055252626097985,-43.21916754320966,-3.7354401071798606,-45.23849570600908,-3.5510831015982034,-45.56997829802728,-2.8891134917961465,-46.608966310966835,-2.851305776445248,-46.66690435235018,-2.1426634566770395,-47.72742829986372,-1.906557866579669,-48.03772200108837]}