{"Index":-1,"Tolerance":2.360554795385404E-06,"Coordinates":[213.9436165383449,-41.06107018700496,213.99079466872408,-40.889385182092994,214.22454633480942,-39.739317824242555,216.12667991445264,-38.882117136060316,217.40279404233905,-38.59740492837853,219.63717333319158,-38.21102996134459,222.6628175706012,-37.969447896090806,222.68067615551712,-37.96797125105719,223.11949988663036,-37.93043980704434,228.683004,-39.522680880376186,228.683004,-41.000457179070345,225.33029475620134,-42.10622409993013,225.31727472799727,-42.110549486918735,224.5927291689354,-42.35299041596254,223.55934019322572,-42.651549397815145,221.92058696924005,-42.61873537859949,221.71278310118714,-42.62137538681956,221.69890139841473,-42.62200644428632,220.05858764354144,-42.54892237665341,217.18687555647242,-42.13958131747354,217.13766092395068,-42.13295839690582,217.0911477173294,-42.12706895924105,214.861325181305,-41.50742664077021]}