{"Index":-1,"Tolerance":1.1396891996157946E-06,"Coordinates":[14.131333816216676,-35.721034817847276,14.108182499496031,-35.70720575775813,14.092214426502078,-35.691834688294875,14.050246539134104,-35.61466969477227,13.997212429145126,-35.545102928701105,13.967663432877552,-35.462826815394294,13.925834662919558,-35.38591761254197,13.909161915668246,-35.29993541241913,13.879494069332475,-35.21732837343251,13.876132830303876,-35.12960275008897,13.859485889474247,-35.043753634986864,13.869514724148551,-34.956875525726275,13.8661525109577,-34.86912447753488,13.889420568185539,-34.78443454436275,13.89946742514271,-34.69740031109467,13.93528270380035,-34.61750779313823,13.958434848320982,-34.53323975335114,14.005961318542745,-34.45984623893339,14.041895055439262,-34.37968947824784,14.10030595486986,-34.31415302009761,14.147971884080539,-34.24054414389798,14.215684258174438,-34.18469969170042,14.273902422506035,-34.119379480447144,14.349048396613245,-34.07471023477212,14.416646578131429,-34.01895996066123,14.498006934741076,-33.98616436635964,14.573411109558224,-33.94134163766596,14.658728611850908,-33.921378970405,14.739912583960367,-33.88865447503599,14.827243157800197,-33.88194978273522,14.912604207891775,-33.861976926120434,14.9999997877079,-33.868686615032075,15.08739495312784,-33.86197696379595,15.172755634882787,-33.88194973422699,15.260082210215973,-33.888654125403725,15.341260690388461,-33.921376701314095,15.42659648292453,-33.94134364814293,15.502017971727078,-33.98617703177817,15.58335824804134,-34.01896482677764,15.650941519167077,-34.07470281721018,15.726096373006147,-34.11937770294518,15.784321339004787,-34.18470523346164,15.852019379253353,-34.24053787749949,15.899675378148691,-34.3141307193013,15.95795318169263,-34.37951753274381,15.993803950595893,-34.45948889669153,16.041500820263842,-34.533144853240124,16.064747304753634,-34.61774036433311,16.10055297598525,-34.697611130094984,16.110589850904105,-34.784564454362986,16.133845653206745,-34.86919387359982,16.130484275311776,-34.956917537432176,16.140508829010827,-35.04376411821379,16.123868325065615,-35.129577504106635,16.12050931142673,-35.21723946669254,16.090858773625474,-35.299804402595356,16.074176082785144,-35.38583534201438,16.032330105198966,-35.46278342811939,16.002714989326204,-35.54524972806236,15.949555241642392,-35.614993214954076,15.907696033099988,-35.69196563067969,15.844601668419527,-35.752688152895544,15.791479317663937,-35.822382576496196,15.719795502089099,-35.87280260758665,15.656658752058512,-35.933565921803144,15.578117769273364,-35.9724540510277,15.506461258601814,-36.02285487674994,15.422958401331268,-36.04927837047168,15.34449584631519,-36.08812766762271,15.257916790060076,-36.10150384061484,15.174184296595914,-36.128,15.086416879338206,-36.128,14.999972762202637,-36.14135532535202,14.913511924821576,-36.128,14.836246244043526,-36.128,14.784493365075463,-36.11118898307066,14.7774527348699,-36.10698337786241,14.766191199928638,-36.10524384505589,14.39714644691903,-35.98536611623704,14.155556443262595,-35.75280851650429]}