{"Index":-1,"Tolerance":2.4408927770389006E-06,"Coordinates":[213.9436165383449,-41.06107018700496,213.99079466872408,-40.889385182092994,214.22454633480942,-39.739317824242555,216.12667991445264,-38.882117136060316,217.40279404233905,-38.59740492837853,219.63717333319158,-38.21102996134459,222.6628175706012,-37.969447896090806,222.68067615551712,-37.96797125105719,223.74119548338453,-37.87726781148378,226.70957168060758,-37.797327231525706,226.99033396651228,-37.79669085271193,227.23794190835403,-37.81277009234669,228.683004,-38.05718840102003,228.683004,-42.46314870090271,227.92174150786695,-42.56614057657645,227.4700224372349,-42.585839068542846,226.12636552010406,-42.621392115245925,226.06044757767478,-42.62382172883752,224.9040861814183,-42.678476406789734,221.92058717312526,-42.61873537823335,221.71278316908666,-42.62137538373287,221.6989013984147,-42.62200644428632,220.05858764354144,-42.54892237665341,217.18687555647242,-42.13958131747354,217.13766092395068,-42.13295839690582,217.0911477173294,-42.12706895924105,214.861325181305,-41.50742664077021]}