{"Index":-1,"Tolerance":2.1350431926410417E-05,"Coordinates":[-6.350009375037321,-35.206967978481586,-6.33330191132022,-35.462002636545655,-6.332181886664514,-35.479668518286,-6.331748391118017,-35.486392930683024,-6.208165264791755,-37.372247615794265,-6.194907631816637,-37.573536872027205,-6.143835909051513,-37.96876951643056,-6.098602418927775,-38.20239936461142,-6.097189583186228,-38.20959783420161,-6.093364394783391,-38.22965790468791,-6.088550302331932,-38.25437103550758,-5.680878612725215,-40.303820992428236,-5.628286805582212,-40.50420686294928,-5.582959309772557,-40.677039241054565,-5.511813953996998,-40.89405962763613,-5.501301729956633,-40.925568163839145,-5.499377937307878,-40.93123547386542,-5.495663170006467,-40.942565639718474,-5.48518756065728,-40.97396284387107,-4.813525830193311,-42.95263576572779,-4.7319449011597055,-43.15321621398383,-4.67069384325351,-43.30387135182338,-4.572343723659023,-43.50999516694145,-4.553915069659471,-43.54796712281824,-4.550615736381109,-43.554852419291315,-4.53265640785906,-43.59187275484105,-3.6086607699868423,-45.465530514524524,-3.605566665595066,-45.47099001513381,-3.5590698116199095,-45.552990523667034,-3.427986927754323,-45.78416450751483,-3.4249359662709042,-45.789537447558956,-3.30119281373403,-45.98111977152757,-3.2754213487879182,-46.02037327781827,-3.2472591037694185,-46.06326492668425,-2.086474467931821,-47.80044656479352,-1.9166161930753232,-48.02599522750032,-1.8668452982068895,-48.09209220450118,-1.7195341180210648,-48.26634286045182,-1.6895394666369379,-48.301200981802644,-1.6508880333618692,-48.34611285886901,-0.2732607559746457,-49.91701393745284,-0.028073279061485712,-50.16730144175149,-0.022313049531813733,-50.173176985568595,0.14609594679767673,-50.327117468139754,0.179678180439929,-50.35720528764596,0.22951095197469465,-50.40184398449058,1.8002881144783927,-51.77936218266523,2.069319954490385,-51.99078846960916,2.076792431513285,-51.99665405599137,2.263440292461993,-52.12771402470965,2.2997442417909815,-52.15260152963687,2.361467600594914,-52.19490514838345,4.118077042438254,-53.36866807964042,4.126856506475743,-53.373852155257936,4.456378170984229,-53.566540946541835,4.666279187587737,-53.672909358675135,4.697168094952584,-53.68835192271336,4.757528313407637,-53.71811983071365,6.651254104930368,-54.65201874398163,7.05476007433468,-54.817643121414356,7.341688881077374,-54.91299323809787,9.30160836063596,-55.57827571526806,9.310001717250461,-55.5811118975757,9.763072427844959,-55.698528832813295,10.041164602544175,-55.749106076476615,12.052482365506656,-56.14911173971218,12.065018243770448,-56.15151966115055,12.558232075128174,-56.21007044051724,12.813884863206939,-56.2202975947409,14.809411048172986,-56.350925413389554,15.250905041733457,-56.34936979906881,15.547688306945235,-56.32769058660985,17.58594545360169,-56.194076477885545,17.59432680002197,-56.193479754616796,18.006737480646528,-56.139195999712584,20.051274737465032,-55.73249749315102,20.097399194262678,-55.72296625552813,20.3899733822722,-55.66024198211362,20.682457532065996,-55.579509888648076,20.747534426225876,-55.56156264140961,22.61943235829415,-54.926109822914576,22.874605277343047,-54.845215389443545,23.319998801471606,-54.665992976772365,23.329084338679564,-54.661564019639584,25.133591011872102,-53.771769189745754,25.28680515521027,-53.7006745930688,25.587361102746524,-53.54112245789281,25.637770592388506,-53.51079565106785,25.67329866803633,-53.49149944404641,25.922076982684107,-53.341252695811264,25.994178897835784,-53.2930734551344,26.02056295152143,-53.27633593336646,27.71263247641958,-52.14569886078381,27.731000930217288,-52.13253041523643,27.737186824374845,-52.12839696720732,27.907038491856255,-52.006630962053066,28.09191835960334,-51.86465419091715,28.121656487187266,-51.8402541708289,28.28150581055029,-51.70902829456723,29.822253692665992,-50.35784435837202,29.95525569182018,-50.234305542900735,29.958980663832833,-50.23064179690234,29.9839261622007,-50.20747224951004,30.150300382140717,-50.043840512163456,30.16950851796375,-50.02358263312569,30.331441740663884,-49.85220419646012,31.647951232227417,-48.350996519963424,31.679266385859055,-48.314739857943714,31.819454654608553,-48.14993267684356,31.993986739408317,-47.92506657551628,32.035755513693424,-47.86596342382819,32.045680072521684,-47.85273585414906,32.145932705661856,-47.71122766043076,32.16117552110194,-47.68849198445298,32.20910010807196,-47.61879976971001,33.37903707797298,-45.86799063590371,33.587030827942336,-45.50773158136942,33.590771512031566,-45.50033877335608,34.475352649166325,-43.70682278770624,34.59965153724097,-43.467319704246634,34.78831894937875,-43.02478212060827,34.79199454914328,-43.01425147384076,35.43540512274333,-41.11929110726738,35.4600388718884,-41.05331413326254,35.527197237718184,-40.8534295729877,35.53913843376601,-40.81354952581994,35.569353285009285,-40.72439848184729,35.67646316811768,-40.3242778217446,36.057929648520755,-38.406566933173686,36.07061978126642,-38.35322115531632,36.120795429390476,-38.09535559552671,36.130444393594985,-38.03186250325121,36.149575796659555,-37.928698291513726,36.16340863728485,-37.818094472097194,36.16789994619281,-37.789462377813436,36.17506749338597,-37.72487327120712,36.19603795663065,-37.55719886559343,36.19946314536654,-37.505036090642946,36.21310671290348,-37.29692895813665,36.33101153635733,-35.499561622826754,36.349380416145756,-35.24417550866039,36.349461742133784,-35.21847242096633,36.35001432390167,-35.21005578200184,36.35002464177703,-35.040567925184554,36.35076001292423,-34.80815379111425,36.35003955598394,-34.795577859339076,36.22381700945989,-32.86734482251475,36.21065988879505,-32.63159356740525,36.20283667884209,-32.54765297668421,36.194445028770595,-32.4195448314635,36.14016724526339,-32.007209283462295,35.72871897224174,-29.938767172919995,35.67390610357649,-29.656152373612237,35.542201687525164,-29.179242789888246,35.45442366129994,-28.936759943511664,34.804470484978744,-27.022042738347135,34.64540531645124,-26.638008523648494,33.78864118292317,-24.900537969634687,33.78188612462477,-24.885054465220364,33.66895286503895,-24.65250563357795,33.64693006420998,-24.611493480859423,33.60889212375792,-24.533040228683372,33.54366401599525,-24.419185382860803,33.50906641322192,-24.3547556956628,33.463949486550035,-24.280044669277252,33.3916123856703,-24.153781164932163,33.35097334423368,-24.092962698669655,33.343334293918495,-24.08031287227947,33.26254540316157,-23.960625626715238,32.76788084668912,-23.22033406038989,32.67033684042538,-22.87725618005328,31.027024858966293,-20.853231273753725,30.8834165362183,-20.777755184190834,30.4042028829989,-20.231308915210697,30.366018100379215,-20.18855178114836,30.18525753259486,-19.989787612793993,29.929093881182823,-19.738225911264273,28.4794019634898,-18.46685525692698,28.4492572215919,-18.438184279684034,28.25786200307183,-18.27023260597067,28.222616576050658,-18.24172188034946,28.160599690523675,-18.18737492766161,27.83167745083735,-17.935076683647097,26.02776639076157,-16.72970630732173,25.99098662947267,-16.705497344137704,25.7940411057846,-16.577813445851127,25.470511589974155,-16.394024556526816,25.458866434312686,-16.387432280929346,23.552028558481847,-15.44712438622681,23.452242788802817,-15.400054685265971,23.414606429279406,-15.382312751494108,23.205998087149293,-15.288241950724546,23.14048888003499,-15.262422874950857,22.90780103933368,-15.170703242211017,20.928005353149835,-14.49862312276102,20.827797036168285,-14.4664474271938,20.789262338313648,-14.454081056214081,20.570864586078336,-14.387865794630951,20.557928097311432,-14.384625881676948,20.255885281731203,-14.308986396088084,18.206733886830246,-13.901372987622283,18.11117787922384,-13.883880210608346,18.070438860411272,-13.876428887306014,17.845309901655995,-13.838695196155845,17.787812626256333,-13.83201223561815,17.515739814728637,-13.800371148276206,15.430758847874984,-13.663739576250217,15.341630362909351,-13.65915565474897,15.299247761267607,