{"Index":-1,"Tolerance":2.5482787378134807E-05,"Coordinates":[-6.347147734144349,-35.18411101432174,-6.343915395220528,-35.29428351813796,-6.21336582751904,-37.292676942406935,-6.199465188719906,-37.51179845356121,-6.198622855145001,-37.518412638466586,-6.196881528615292,-37.54507617518991,-6.146930316268878,-37.935645254732755,-5.894166129109192,-39.25569375609851,-5.88961711557702,-39.2789793865317,-5.833145178984669,-39.56241768901865,-5.722394140333041,-40.142693318773524,-5.70111494763446,-40.225066728419186,-5.699529709735007,-40.2330223512533,-5.670294133419653,-40.344376496928334,-5.620381582686185,-40.537591862110034,-5.616299297267711,-40.55003513644712,-5.602641024974673,-40.60205755003606,-5.198661266693364,-41.8342203333517,-5.188181389625715,-41.86563037871278,-5.083101213954131,-42.17518824153998,-4.893115734764046,-42.7542491299714,-4.850188773900265,-42.8613358113881,-4.847477701763946,-42.869322581086124,-4.813876464645287,-42.951921415736656,-4.74132383712283,-43.13291303389701,-4.734062974622848,-43.14811958671366,-4.705990828614244,-43.217126764582204,-4.135739758538432,-44.41142339328638,-4.115804621711171,-44.45241488116042,-3.9899922100643157,-44.70646280492857,-3.7362678395084847,-45.237851316315805,-3.6534187333827997,-45.38609124474704,-3.6499470416090007,-45.393101426829276,-3.6225702808037266,-45.44128764476129,-3.537393100499355,-45.59369314076193,-3.525730941639815,-45.61173591417253,-3.4716076583477364,-45.70699905879575,-2.878163861590411,-46.62574810354973,-2.8617057579361322,-46.65096479037376,-2.4736999441675045,-47.23934242701932,-2.271431424550829,-47.552272742623735,-2.114382239468794,-47.764084776450495,-2.104324698962648,-47.77860390626421,-2.082456443432108,-47.80714305648255,-2.0285724898950175,-47.8798162752793,-2.0094658045688147,-47.90239943411832,-1.9188754454078103,-48.0206243133191,-1.2297637114155615,-48.83573453318023,-1.2082220585719883,-48.86094666402855,-0.7266182646168178,-49.41868672999556,-0.5219883796476471,-49.660552878421164,-0.23898487182911532,-49.95450127534321,-0.21739403206430424,-49.97422078913996,-0.07984356480124963,-50.11083380991259,0.6908200686203558,-50.81528698061693,0.7178904729502679,-50.839747664029666,0.9991999585022387,-51.09101668555957,1.032986862997989,-52.07361414668344,1.0675481433482246,-52.44425911737247,1.1920323170744551,-53.25918636899278,1.4984611613192933,-54.21703045377437,2.560945165265949,-56.320806604539584,2.7479348849366287,-56.64268990760794,3.6270618976253632,-57.97034136823027,3.777692593372606,-58.1789461523676,5.4469633728594635,-60.30372875967953,5.8026524234215495,-60.68691605392209,6.570319429725088,-61.38829976590159,6.93094437883489,-61.67283458117854,9.845530903758858,-63.64843204513138,10.510880037421314,-63.99298950101873,12.089425212852841,-64.5871114821522,12.210425954842687,-64.62988178587554,15.2325105984229,-65.62987337883003,15.609233452169955,-65.7293691477124,19.914430650236742,-66.58806137469676,20.18742250928749,-66.63026338709113,20.972700032064154,-66.71690018419847,21.236950487067137,-66.73494391450673,21.87429580253782,-66.75181950672706,22.298472524327106,-66.73469158856096,24.897469612050017,-66.4550428944165,26.96948902581515,-66.29689437499755,27.571866622146448,-66.19200712783746,28.212197816594486,-66.01574857737856,28.47957678923496,-65.92925659561739,30.558230111272312,-65.15370786681967,30.75573120889202,-65.07235318284609,33.1024695129386,-64.01202647160748,33.257663896079684,-63.93676494448368,34.082329445099205,-63.50880103165885,34.70922277884216,-63.0817512740274,35.8573967573686,-62.08015738765199,35.975357653773706,-61.97189958887329,37.369025431868515,-60.62659013538089,37.67771768844667,-60.28179203402761,38.55656134721858,-59.14320993564879,38.649647399644394,-59.016224442182555,39.849972057325466,-57.290629829240565,39.953249726969396,-57.13230489031567,40.78826289778596,-55.76495072095017,40.95110059730392,-55.462712135874455,41.5298867555162,-54.233708744879976,41.55544233880154,-54.17805752163571,43.05725008976743,-50.82268838596709,43.16250324801692,-50.5558224411367,43.4684232872518,-49.66415755338732,43.560361128884445,-49.34164859995998,44.21136775883782,-46.49602854808641,44.27070844674863,-46.14936045642668,44.5972261752347,-43.30157029206263,44.61497251766449,-42.80236892945959,44.481934026350984,-39.71675328274971,44.47687390242396,-39.62817109670719,44.34678497755635,-37.79988960728539,44.30148611961843,-37.44579294763321,43.535218650541836,-33.31553694808736,43.51281544035371,-33.2056404395155,43.2124536111324,-31.854617405139123,43.10628917607429,-31.484548259880615,42.913412132015615,-30.939267114189285,41.61541018399195,-26.97844518770791,41.579325081813465,-26.874458555875577,41.300938049782296,-26.11499387667616,41.020985074259876,-25.538640320176626,40.13740928597962,-24.10710599279253,39.72469240752339,-23.30824181361901,39.32120428310844,-22.70667585802757,34.96833564025758,-17.58838927290147,34.62773464748118,-17.244722981580942,33.259897259648504,-16.060158650963675,32.65780336488422,-15.649096839231923,29.13351827341172,-13.794776191043768,28.654777833129426,-13.590978970586475,26.55487239909003,-12.89377425984442,25.10538708420412,-12.75957627364022,23.30738632689303,-13.005486793398882,22.107000118678634,-13.423981764266822,20.66195607401025,-14.280369472619249,20.52033360386562,-14.383511989383209,20.431061350499093,-14.35644646216551,20.370481064215994,-14.339784301206503,20.33235257559614,-14.327970964501326,20.272075237824897,-14.312718504406364,20.13323325203764,-14.2783822199913,20.07983769712171,-14.262154522967975,19.6766326805185,-14.167808176391512,19.410204250689453,-14.123535413024731,18.77764645386186,-14.005516728416676,18.720102711764483,-13.995327656085756,17.727460101908456,-13.828970389805313,17.57120980146195,-13.80676087243331,17.344502836494833,-13.780265586421496,17.336918451233785,-13.779005190031503,17.31258097592207,-13.776534872519402,17.182272203300663,-13.761305661537934,17.063459794201407,-13.7512484198386,16.9354811284753,-13.738258249943435,16.694789693239247,-13.729195732670746,16.021929345365034,-13.693801401571708,15.97462173467276,-13.69166653291357,14.945246301725522,-13.652903335738804,14.728975861512806,-13.652128228346578,14.68433999353497,-13.653488762673723,14.646374843206761,-13.652059100289387,14.240648854603537,-13.662713759994856,14.106838252150226,-13.674724832766172,13.252625987475206,-13.742006325610545,13.214686667771836,-13.74522614909304,12.163452284086826,-13.840794086237764,11.945898935939539,-13.87016000754614,11.91840376219604,-13.872645589299433,11.515284100711787,-13.935378793234634,11.171265599088883,-14.011804788637372,10.511001848928426,-14.149240126753808,10.468042843925915,-14.158492760005622,9.50150295608688,-14.37367848745083,9.319229659822584,-14.419963459082958,9.267563031434875,-14.434724754710073,9.23837295866013,-14.44120924039213,8.846988232173537,-14.554923827469011,8.51327163025105,-14.675576987869967,7.8770478525861165,-14.896973412169194,7.839599849535643,-14.910268062153325,6.815376893508406,-15.281117363313857,6.559277565197518,-15.390054821562039,6.544960906193503,-15.396263430693311,6.493012845621023,-15.418383479667876,6.472745898112624,-15.428367226489675,6.223686312036814,-15.539088782922232,5.693778820812425,-15.812101041219108,5.368280085076046,-15.972447780260548,5.317202207203975,-15.998183964482955,4.3648610117032,-16.48883701423063,4.230152211471989,-16.566171678353943,4.2037312131341755,-16.579784118439694,4.141591907444287,-16.617013058834548,4.114748698202846,-16.632423414855204,4.096588388533084,-16.64397559574259,3.854834266350182,-16.788815479372342,3.5777345430130487,-16.979940093548358,2.958710547026744,-17.399310327773627,2.9360275452234803,-17.41482101476347,2.0358703187736165,-18.036084282398324,1.9532744849850883,-18.10037691588506,1.9359042767854469,-18.112357825967077,1.790739103067011,-18.22689452892885,1.7485103644565658,-18.25976539770705,1.743293174687759,-18.26432981775412,