{"Index":-1,"Tolerance":4.634631658530266E-05,"Coordinates":[-0.6846367688592758,-49.45408637487673,-0.7283312081937109,-50.8999348496727,-0.6336541831313595,-51.77355504274292,0.4273324283846277,-55.99709420800072,1.3317391499315667,-57.55029716077694,3.336536209840101,-59.464661641837594,3.3862502441661064,-59.51112496609372,5.437345137423939,-61.3873310944435,6.100072718049294,-61.853916714626244,11.703936985886784,-64.8139777006193,12.210342901996833,-65.02775820308759,16.100096215747914,-66.2864017419857,16.49379599736699,-66.38650857244168,18.338677061482507,-66.73184382914907,18.41357074984037,-66.7449367619086,20.93157453082545,-67.15412873427628,21.179774516740494,-67.1844910694886,21.91134267855953,-67.2448740575756,22.288525456706466,-67.25353395695902,25.247555531096914,-67.14565424172815,25.455699760565114,-67.13120751055925,28.418453501166525,-66.82750304583358,28.6894325133989,-66.78785805551519,29.742052034617707,-66.58717133681745,30.143573484581378,-66.48306509278989,33.22253071720314,-65.46617346105239,33.63337728116441,-65.29782824133902,35.91264988587718,-64.17203355770536,35.9971005504505,-64.12873927480713,37.53774726011876,-63.309612148086615,38.10158999733246,-62.92729524272384,39.27279666812316,-61.93472978685474,41.292650998822296,-61.117284536900975,42.684002971599455,-61.48112573665192,42.94677685854606,-61.538079200011246,48.04140746000792,-62.418387773623046,50.709557788303194,-63.33912835560268,50.97293022987837,-63.409394775895684,51.500388096695424,-63.624755375406004,52.60457044004787,-63.860115662994595,52.764040987587876,-63.88987066655757,53.69609370164025,-64.03925173930233,53.650179189059685,-65.13944904719877,53.659156668975754,-65.54491238822023,53.884149529883075,-68.15513995414912,53.95253362687133,-68.59137657109207,54.47852766386324,-70.8895086576893,54.58898831544225,-71.26440833318777,55.31592867587469,-73.26791658601702,55.47116445714858,-73.62562127195052,56.54042436559569,-75.7262428145024,56.75202026185604,-76.08241566519709,58.0977297049484,-78.04406089624538,58.366395395994346,-78.38357330213016,60.0930233157239,-80.28373740833601,60.405390698113244,-80.5836400893525,62.223692102776255,-82.10548784153454,62.55689456546635,-82.34938640419452,64.54172419622837,-83.61283824749165,64.88863575811042,-83.80437953626542,66.8644926476304,-84.73963308045082,67.23259379765304,-84.88652925880767,69.4707144779711,-85.62153307315347,69.87116492052868,-85.72472626775212,72.21094355053793,-86.16769291636265,72.63764986860383,-86.21890729578094,75.15944338127723,-86.3496451950539,75.57735761500399,-86.34379438201874,77.80305678119214,-86.16581662153625,78.19753463398091,-86.10920646596698,80.50224464400166,-85.62935587301305,80.9026764461841,-85.51823492197168,83.1602396397745,-84.7295153391944,83.54339068942409,-84.56677883592447,85.65455407083654,-83.5018698228107,86.00968153657342,-83.29281581267348,87.96316144434601,-81.96517458342117,88.29603737090059,-81.70499206692729,89.40331570309941,-80.71418339983381,93.41422743473048,-82.146690778642,93.64071558199981,-82.21815290457629,96.45452371869787,-82.99156753147072,97.10369473921779,-83.09946226178383,99.09524425276473,-83.22141133604191,99.271905677337,-83.22730032504654,101.17944390141098,-83.23776937626047,101.46229738851326,-83.27090206123971,106.89157122955574,-83.36911878749544,106.94515009461,-83.36963585468976,109.29659249502933,-83.37248656227911,109.71511970640267,-83.34532286716428,112.95961305787341,-82.91838537361274,113.23120322485933,-82.87057379580894,115.03022393637002,-82.47266068881781,115.32390289619549,-82.3927725458814,116.14878380609963,-82.12533648060287,116.44568096404853,-82.01238436038588,117.37472678763736,-81.60466768855316,117.80112687573606,-81.57617579948376,119.74350297047272,-81.68344233030696,119.84147141335954,-81.68733650610172,121.89654967679344,-81.73726087552939,122.03883703001493,-81.73752863719815,124.84429066885673,-81.67993938810532,125.38511507535225,-81.6223287866533,127.66208077262782,-81.18035527400345,127.99399099067107,-81.09716015606391,128.05462012309778,-81.07844065161775,128.46577269149324,-81.04460840388013,131.22409174652628,-80.91661564503148,135.6419856352288,-80.75067791933178,135.67826995386267,-80.7491072026381,136.40768512195467,-80.71335073558922,137.2988676402391,-80.7510856495628,137.39439754230216,-80.75369119067274,141.7628579207445,-80.80706971909281,142.00123170020169,-80.80103081374986,142.6632695291639,-80.75935014090014,142.88031733999563,-80.73818318120559,148.07378857483707,-80.05099117726706,148.38438853816612,-79.99406313737805,148.4126628257046,-79.98741336517217,148.6445785134808,-79.98228834080825,148.8809496073864,-79.96823604521686,150.37912429907738,-79.82296154012636,150.57114174897745,-79.79841445298601,151.08582104180778,-79.71660642217178,153.72889607930753,-79.72223671323793,154.4529733047819,-79.64043452606758,155.84877109821613,-79.31784780515403,156.67612625240923,-79.17169566729385,156.83293007968692,-79.13990332356944,160.00216894648136,-78.41375788358825,161.3686615530252,-78.13485339880535,161.4303355163402,-78.12162613319195,165.6350229952589,-77.17606142171535,165.6639237208418,-77.16942018696531,168.71937941914587,-76.45225412417781,169.853855767295,-76.18584385152666,169.90391889623004,-76.16751455850985,170.50823402002607,-76.04051482788955,171.30025920192702,-75.76104705108315,172.1614097118187,-75.32221741558388,174.02252523853429,-74.5091356124616,175.14238532330518,-73.69408622056366,176.25538733592794,-72.43625299085414,176.5415813566515,-72.05973715542642,177.92858860726545,-69.92177295821314,178.33013234840638,-69.02527680033755,178.61238878494652,-67.99224600921941,178.72496889560435,-67.18304199901601,178.72575227949417,-67.10272343705311,179.12906194416303,-65.4925351478134,179.22117844582996,-64.56678599920654,179.06382150687534,-61.226047835980374,179.0866238274689,-57.74630703587836,179.14949733632105,-49.47648489980222,179.14958424447934,-49.44679765192053,179.13839480492564,-43.04449545638278,179.1588666306271,-33.42153291666681,179.17446112720927,-27.04167239408894,179.2056691392535,-23.06300726972235,179.2057125326643,-23.01953879196323,179.16695181127383,-16.390601792014053,179.19134169043798,-14.661197064472267,179.1848756651957,-14.408956056853768,179.10896127196958,-13.249120926263975,178.78729389826287,-12.044901655794618,178.7300459793632,-11.928384943508743,178.22058859818307,-9.305475767882555,177.40817720855358,-7.712490764670889,177.0009579386831,-7.276574503419777,176.58932913273256,-6.2472455564597436,175.49732082683818,-4.838250162302715,173.24853895251965,-3.1897832755702655,172.124776906809,-2.66377670440952,170.2362648795649,-2.1956076971756238,169.6473532491248,-2.1166337042654053,168.6251416048405,-1.8855465336786288,168.48022035720086,-1.8563131731879055,166.67255437419783,-1.5352723224132496,166.24851869624385,-1.489031975971114,164.18006021389257,-1.4032014043275407,163.11496337450342,-1.3074223105148355,162.82725494870752,-1.2946572969312695,162.15035170012536,-1.2953385402539388,161.0586408688556,-1.1938353999237759,161.01706909288527,-1.1902455820419844,151.01145433174918,-0.39243918097016106,151.00292236770684,-0.3917704481066443,148.85072826463565,-0.226000204057846,147.93693637645632,-0.31772052684266555,147.60810934734576,-0.31369349060377905,147.3844752662128,-0.3188329615606066,141.5534792280622,-0.6585875610953746,137.98426398510546,-0.7350006390686556,137.86793831133102,-0.7396256960717993,137.84383118907633,-0.741027210740169,137.7985560350243,-0.7334752108569527,134.6895144991113,-0.278667268363504,134.5622262234886,-0.26266601282166535,133.8845819384428,-0.19135325481338483,133.35948797890316,-0.0724020588954586,131.49944764536073,0.11100723841397861,131.3078126198829,0.12406640835331802,127.08915016354288,0.2835842895385218,126.9711910849835,0.2858511872157834,125.99577290706343,0.2864717172845725,124.95727300946471,0.404740822287455,124.91385715057416,0.40938304701017314,121.45223442083146,