{"Index":-1,"Tolerance":1.965457384358107E-05,"Coordinates":[9.955606401633628E-06,-34.99410252943269,0.12678932499866757,-36.93479356434602,0.3402901432451351,-38.04979450435903,0.4907616844326539,-38.80502098654515,0.8301453344121966,-39.84016364638609,1.1052002488051678,-40.65045476678816,1.5847180463553334,-41.65472598839528,1.9062129406901587,-42.31784189963251,1.9603613390292773,-42.4132477131885,2.447697308803378,-43.16772334116348,3.02880361921131,-44.03738252107391,3.608776556439511,-44.72339899450557,4.100467216752013,-45.29282218322372,4.301546525546059,-45.51265647557756,4.895609880143795,-46.05568131817947,5.153757767474788,-46.30541289781354,5.397372812299795,-46.56934073555503,5.625675602389004,-46.84662043123698,5.837935714927915,-47.136364867292194,6.033474053402875,-47.43764704696175,6.211665020275303,-47.7495030600913,6.371938518493424,-48.070935167026676,6.51378177543798,-48.40091499074223,6.636740983466433,-48.73838680698916,6.740422751806985,-49.08227092193744,6.8244953651572775,-49.431467126505076,6.888689844961062,-49.784858216323016,6.932800809967434,-50.14131356607413,6.94556826084546,-50.29541554223429,7.01405926084546,-51.26550254223429,7.023615244893419,-51.43191432489572,7.0374397145767125,-51.744230423451754,7.601288221372005,-53.19044500345809,7.8150557687776985,-53.61371637270845,7.985964552210267,-53.871822108524356,8.70876508027738,-54.79186164239568,9.809774652344394,-56.1271426982408,10.097635251486754,-56.38687066546281,12.53301418855575,-58.03498461023647,13.448379766470858,-58.52516974534014,15.908055466957055,-59.427922545552825,17.73465915597901,-60.03233556685056,18.878726205110972,-60.26052516798316,21.737556347045377,-60.575928467838445,23.35850862374833,-60.61884558208783,24.44663970860796,-60.501764907305876,24.6427042103267,-60.48373883467126,25.531375967823806,-60.415910436225246,28.307880908121646,-59.820996079972716,28.403146110092905,-59.78164329036412,31.130392709418437,-58.36633127909795,32.59685528182318,-57.08708072230238,33.45011929009243,-56.284273329299026,34.13416155182288,-55.445385913376576,34.99928795012473,-54.201673648520575,35.77483633361706,-52.93169470449773,36.65930484127618,-51.413201427508966,37.87285162738207,-48.65223199002876,38.377596944113485,-47.44972607621921,38.81264272539283,-45.73460119666397,39.18767313728456,-44.09530043720673,39.30915764276855,-43.03575167287287,39.25656451377767,-41.81591778272228,39.02656008523686,-38.58342126863111,38.78902492775831,-37.303083470669556,38.07784260885517,-33.985801595652674,37.51418383641072,-32.09841255263533,36.61840600317589,-29.522781547592984,35.52844901849801,-27.024653046228856,35.23288965282539,-26.39803189588892,35.16132512568271,-26.27786106997654,34.87279995787962,-25.875432106112726,31.205166300091562,-21.711336660117226,30.738616560463964,-21.304728366372203,30.36210228110483,-21.059725183847572,27.623051961824896,-19.455933672221885,26.69414050927458,-18.9671825859391,26.531590202777842,-18.91321317261044,24.814189427591156,-19.14809888502278,23.677300337735474,-19.821861880847486,23.363256531122474,-19.996168166241908,23.0398597713747,-20.152439498816463,22.708144721149424,-20.29017591032057,22.36917265630973,-20.408936732388717,22.024028070520988,-20.508342006397207,21.673815205565184,-20.588073699088596,21.319654518473943,-20.64787672007455,20.96267909678312,-20.68755973796184,20.60403103337785,-20.706995792490375,20.244857772526274,-20.706122700724727,19.886308438792227,-20.68494325599977,19.529530160572087,-20.643525218983783,19.175664400018057,-20.582001100887666,18.825843301089826,-20.500567739513897,18.735815861649417,-20.475100252885607,18.667584544336744,-20.457220717835174,18.30732734272976,-20.377343473271875,17.64171978011535,-20.253158575210726,16.75573154034309,-20.104674943367126,16.54575855109872,-20.08013524710477,15.711993175040686,-20.03627693978235,14.814356295341872,-20.00247474702465,14.527252471274306,-20.011226038091266,13.770652827236656,-20.070869359493045,12.875955622248362,-20.152206871086722,12.506926010033137,-20.219890167832823,11.826567226272731,-20.361507875857097,10.973231499526646,-20.55149022601964,10.83356575353796,-20.591638725262264,9.982791552118337,-20.887694552399783,9.141943656204507,-21.192147723076296,8.969845643057393,-21.2674709067108,8.200072961703942,-21.656132026861478,7.401319903569248,-22.06765538957051,7.161249076991137,-22.222231760175553,6.531679380764237,-22.64874678366659,5.792659654417938,-23.15879715883567,5.709151147234611,-23.22378468301249,5.135017238924026,-23.734163835141555,4.326469313910726,-24.461325793779597,3.782617802678125,-25.081042070743187,3.058463984918024,-25.922830256840605,2.5972697011673116,-26.61222059080296,1.96470903249296,-27.57831217645771,1.1218005749054663,-29.30832159702762,0.511160962453372,-31.117718577588832,0.1312793094110132,-33.020344527054725,0.0003910990281976432,-34.944246947020794]}