{"Index":-1,"Tolerance":1.9916836598022138E-05,"Coordinates":[9.955606401633628E-06,-34.99410252943269,0.12678932499866757,-36.93479356434602,0.3402901432451351,-38.04979450435903,0.4907616844326539,-38.80502098654515,0.8301455722051978,-39.8401643716704,1.1051994872848292,-40.650453989496526,1.9062132905336315,-42.31784272712531,1.9603609056506845,-42.41324704224768,2.447697308803378,-43.16772334116348,3.02880361921131,-44.03738252107391,3.608776556439511,-44.72339899450557,4.100467216752013,-45.29282218322372,4.301547070992534,-45.51265707037612,4.734236259444134,-45.90817249306509,4.99238402000041,-46.157904203746305,5.235998930844058,-46.42183216515742,5.464301580173923,-46.699111976735814,5.6765615456258445,-46.98885652054352,5.872099731156754,-47.29013879947686,6.050290539717392,-47.601994903063904,6.210563874762482,-47.923427091361084,6.352406964194813,-48.25340698708244,6.47536600090778,-48.59087886574881,6.579047594677684,-48.93476303333046,6.663120030760682,-49.283959280576994,6.727314331167667,-49.63735040298282,6.771425115221691,-49.99380577512655,6.784191502721728,-50.147893804515384,6.845676502721728,-51.01872880451538,6.855233646205106,-51.18516039129252,6.879224673990287,-51.727172256744595,7.610940485445482,-53.60394534179193,7.721008482664456,-53.807561655448495,9.46993102399852,-55.92861676905184,10.077411005906137,-56.47672887162198,11.830576173031238,-57.66316277297142,12.570154128577745,-58.062001934179094,13.644063046825483,-58.63429573796751,17.861771256910572,-60.18228363554162,18.068111444261415,-60.240353277454865,18.295290414467942,-60.27774287372182,21.837632959265758,-60.6685555318524,24.122673088179173,-60.729055720112754,24.56087674151405,-60.68190672019687,24.756921052702268,-60.663882533638834,25.1048350653358,-60.63732721754684,26.423942486498653,-60.354685717958006,28.307422959799453,-59.932760115286165,29.324270607043808,-59.54350375199711,31.285221112780494,-58.52586219405275,32.30525505188274,-57.63604825929018,33.75776648160519,-56.269430086956646,34.92217088433479,-54.841440729403985,35.20736283293287,-54.43144825967315,35.46303317013886,-54.012781800256924,37.19711502537752,-51.03563461679347,38.04323561343478,-49.11060606545337,38.91001998801404,-47.04557893995669,39.65708531368033,-44.10034671519671,39.79047439046881,-43.5172874581053,39.83368315165068,-43.14043498470068,39.81497700317132,-42.70658574237386,39.681728297569826,-40.83389469428257,39.50290296099045,-38.88484933555429,39.42277221909579,-38.358430622671385,38.56925376205893,-34.37722569801444,37.6088297949441,-31.161282424270695,37.184217203829206,-29.94039358799694,36.66756660160246,-28.756256026069124,35.71771974721343,-26.742468650787668,35.487732407023245,-26.3562757359116,34.56050241971113,-25.06298698933157,31.95429133605937,-22.10399217501058,31.036843393045093,-21.304416452246983,30.296452337947475,-20.822632686127367,27.238648888555957,-19.03220481971512,26.841970069178238,-18.932744205101706,26.41781850192179,-18.898563997454406,24.82247301341181,-19.11675635903742,23.647794840660488,-19.812914990157633,23.333751082003126,-19.98722136195265,23.010354365249167,-20.14349278350101,22.678639352918324,-20.281229286267468,22.33966732075245,-20.399990201594534,21.994522762312375,-20.499395570560154,21.64430991929259,-20.57912735960307,21.290149248654533,-20.638930478026687,20.933173837881426,-20.67861359412605,20.574525779823475,-20.698049747326827,20.215352518731702,-20.69717675437792,19.856803179170722,-20.675997408298052,19.50002488955555,-20.634579469439892,19.146159112074848,-20.57305544870031,18.796337990742458,-20.491622183570286,18.76454154313638,-20.48262761494195,18.667584544336744,-20.457220717835174,18.30732734272976,-20.377343473271875,17.64171978011535,-20.253158575210726,16.75573154034309,-20.104674943367126,16.54575855109872,-20.08013524710477,15.711993175040686,-20.03627693978235,14.814356295341872,-20.00247474702465,14.527252471274306,-20.011226038091266,13.770652827236656,-20.070869359493045,12.875955622248362,-20.152206871086722,12.506926010033137,-20.219890167832823,11.826567226272731,-20.361507875857097,10.973231499526646,-20.55149022601964,10.83356575353796,-20.591638725262264,9.982791552118337,-20.887694552399783,9.141943656204507,-21.192147723076296,8.969845643057393,-21.2674709067108,8.200072816799008,-21.6561321007707,7.401318826866562,-22.067655830271256,6.531629542816723,-22.648780530143206,5.7926575267485045,-23.158798690772457,5.709154089927462,-23.223781780857166,4.3264693395238,-24.461325191450634,3.78261827119855,-25.08104153152764,3.058463984918024,-25.922830256840605,2.5972697011673116,-26.61222059080296,1.96470903249296,-27.57831217645771,1.1218005749054663,-29.30832159702762,0.511160962453372,-31.117718577588832,0.1312793094110132,-33.020344527054725,0.0003910990281976432,-34.944246947020794]}