{"Index":-1,"Tolerance":2.735257987152464E-05,"Coordinates":[-0.6931044004952169,-49.44427129614384,-0.7391105056630123,-50.28783256481021,-0.7334735698188728,-50.717278225575846,-0.6764473765145532,-51.4220841627242,-0.593132056767356,-51.931792265046084,0.16067692228592584,-54.968509651441906,0.19394230914633778,-55.09185245391055,0.5050751925581707,-56.15956989831508,1.375521244297342,-57.592104328213686,3.3296756769538804,-59.4581105745295,3.365428762482482,-59.491726514104975,4.76809795408203,-60.79027475560355,4.834341821786133,-60.84989677862144,5.521380168825832,-61.451020523080864,6.131202864211214,-61.87036021267294,11.649379156602198,-64.78515928278705,12.038806746693586,-64.95853520017911,12.57725371140948,-65.15615572539295,12.704108666893717,-65.1996967801245,16.09367908820893,-66.28365711479428,16.431186936842614,-66.37149541052673,17.412754135413152,-66.57016221770704,17.500416661294793,-66.58662667637407,18.40172036457663,-66.74283337344824,18.434626121875556,-66.74835839664843,20.93157453082545,-67.15412873427628,21.179774516740494,-67.1844910694886,21.91134267855953,-67.2448740575756,22.288525456706466,-67.25353395695902,25.247555531096914,-67.14565424172815,25.455699760565114,-67.13120751055925,28.418453501166525,-66.82750304583358,28.6894325133989,-66.78785805551519,29.742052034617707,-66.58717133681745,30.143573484581378,-66.48306509278989,33.244828246505044,-65.45880922399341,33.697745129747304,-65.2693068059878,34.8548787123489,-64.67634610667358,35.8482494000286,-64.20423813352016,35.975907461881086,-64.14000716227105,37.53774726011876,-63.309612148086615,38.10158999733246,-62.92729524272384,39.26067101886866,-61.94500594125187,39.62904926888892,-61.80434545713601,39.981841543064846,-61.64436479607633,43.46445088898843,-59.80142909819149,43.571991627327066,-59.7418271989013,44.4572332202208,-59.22855223014994,44.8105726658491,-58.99069212471832,46.502222582658185,-57.67901710311368,47.62695861589682,-56.83268288367003,48.00079340389195,-56.502417561299445,48.28079944314504,-56.212891411741786,49.04396428061584,-55.54761918643385,49.38327249434054,-55.203048564124124,51.16086094643716,-53.09939426228209,51.205762605845536,-53.04504357280491,52.12756635087683,-51.90368382424144,52.44161243485861,-51.43528558546724,53.80625353769493,-48.9484474659193,53.99258486053849,-48.544075512197224,54.46278871505278,-47.301302048045386,54.56743952699215,-46.97145072855082,55.112792358637776,-44.85981390054979,55.13248226700017,-44.77924096204011,55.43095546018718,-43.48476814614429,55.50802159424763,-42.93472586811228,55.59813668679337,-41.19634284880384,55.692848341986256,-39.97524015606085,55.68746531871512,-39.42163600783946,55.56572486965911,-38.168620767322615,55.5301723973568,-37.911974397110974,55.32361130229057,-36.7667457122943,55.29171627509429,-36.41497827610115,55.17260106358916,-35.79488248694663,54.68284591169435,-34.148494178753424,54.589642934679155,-33.8798223997504,54.40062800652961,-33.404783936659996,54.361067637071024,-33.30986374887185,53.57950894646262,-31.516939562695438,53.389017668502476,-31.147858005434884,52.96536636556089,-30.444051649513153,52.9236363244595,-30.37664520327363,51.51991933777985,-28.171227373960402,51.142666466725146,-27.68837803576702,50.03374781647415,-26.520852363652246,49.475129274279546,-25.799333887794937,49.106178910620095,-25.39891487209656,47.79869364491952,-24.203661236530696,46.15092592940455,-22.657674141651874,45.68372998530991,-22.294749470692672,44.950377018304806,-21.827435280043822,44.22985028448448,-21.257221364224783,44.01333413601028,-21.100231662553902,43.16952121372251,-20.541045202048082,42.878579107782755,-20.369759901163587,41.449881127545055,-19.62790044684139,40.98796053372648,-19.432605473946587,40.33650746396478,-19.215954351039702,38.65813220495557,-18.211611888255643,36.54019798477091,-16.712038738789676,36.524432028191804,-16.700947576775953,33.46309432010113,-14.561195813837431,32.75559607460883,-14.18899030723497,31.512386612323706,-13.723071608251447,31.170068451238013,-13.616384901697844,31.003212048405196,-13.57454854523104,30.69656165101598,-13.449325859297888,30.265488602256504,-13.341241931856441,29.958844883948995,-13.216021291668842,29.527755713657072,-13.107932959839365,29.221115260374024,-12.98271433861731,28.131706893896137,-12.709563069235797,27.613674923286897,-12.624346842247267,26.675658494159386,-12.548757427255524,26.16959244840571,-12.548374213909735,23.565741222882167,-12.75423518551579,22.080389124850363,-13.253801830151106,20.382873305337046,-14.341836829287239,20.36102152534998,-14.33521181508975,20.059078103898205,-14.259602696958307,18.818648487364054,-14.01285967016554,18.694324705977365,-13.990689939903534,17.36069706569732,-13.780145846616307,17.007573916637458,-13.744464831408148,14.97946403144288,-13.653496400786157,14.740381033241562,-13.651780624255455,14.246991497891456,-13.666819362487335,14.073604208738153,-13.676855821409651,12.159067732156208,-13.840310766285151,11.807856257905607,-13.890168874881331,10.549941934040758,-14.141060342812803,10.480989320405806,-14.155610419613643,9.425608195321548,-14.390575326898484,9.09478189562975,-14.48325844085228,7.894364073674393,-14.890739875531505,7.80030061494949,-14.924328674545785,6.572558738866299,-15.384637032490465,6.244089554235151,-15.529442707146695,4.349713212446071,-16.495859281247302,4.028288640633725,-16.68435945116676,2.9759052723646198,-17.38755981400892,2.920684955960217,-17.425305273853397,1.9146809207579956,-18.12861340247274,1.6161433918640218,-18.36517746516756,-0.05767076704897317,-19.86329112741818,-0.3386926809089839,-20.148685098574816,-1.8740355656086742,-21.918323047447366,-2.1251502680629906,-22.249171080913953,-3.447600962270334,-24.250800361331912,-3.6530101463020572,-24.61071034295796,-4.675639867607645,-26.709583922074255,-4.8298633827744215,-27.085383818768616,-5.570653810555085,-29.28043515079146,-5.676003957724486,-29.674433470953208,-6.136440488912054,-31.980515296424826,-6.190954047898254,-32.39191559665466,-6.349866082497356,-34.781312489098575,-6.350111725798553,-35.19943232606637,-6.196558709482325,-37.54995862795025,-6.144789553656516,-37.94990991597382,-5.703104228854379,-40.21945398775064,-5.5988808243040475,-40.616333065244,-4.856201772550847,-42.84693027829898,-4.7055252626097985,-43.21916754320966,-3.7354401071798606,-45.23849570600908,-3.5510831015982034,-45.56997829802728,-2.8891134917961465,-46.608966310966835,-2.851305776445248,-46.66690435235018,-2.1426634566770395,-47.72742829986372,-1.906557866579669,-48.03772200108837]}