{"Index":-1,"Tolerance":2.5524012950527855E-06,"Coordinates":[213.830153689023,-41.010975850919166,214.07313262071784,-39.81550967899726,214.08573218345197,-39.80161209727913,214.75767283659758,-39.497834053466164,214.8273523168617,-39.46972846122557,216.12798047745784,-38.880790013174554,217.41738612509093,-38.59405240894843,219.50134902707674,-38.22207187272351,221.5804270236175,-38.05740134335258,221.5869267102893,-38.05687982785831,222.71323080703442,-37.96534444136513,222.81384473561556,-37.95555298862934,222.96680573991767,-37.93820516703823,223.74434687593487,-37.881865997014096,223.83840324951012,-37.873128396653335,225.17035981585067,-37.82959129703261,225.1739214474945,-37.82947287854029,228.23072123108523,-37.72612183434186,228.683004,-37.73686316735269,228.683004,-42.83092442444743,227.51761614757348,-42.77175842808235,227.47677441595545,-42.76994845620655,225.25113675886809,-42.685668511272915,225.19077898386575,-42.68395746664066,223.31325668298555,-42.648596024770235,223.15894542751982,-42.64275256802526,223.09858828660822,-42.64104152247151,221.91492444959457,-42.6187477913586,221.7108973170517,-42.621461113922265,221.69890139841468,-42.62200644428632,220.05858764354144,-42.54892237665341,217.16621183345092,-42.136635858454056,217.07554677087262,-42.12504114637154,217.0674453732458,-42.12412340720091,215.8269505137716,-41.76863116774272,215.69976585591752,-41.74010468695774,215.16257466969697,-41.58615996650985,215.12080686721262,-41.57449848901993,214.84515831558633,-41.499563377297605,213.93413259510834,-41.056457373010815]}