{"Index":-1,"Tolerance":2.7352467693144438E-05,"Coordinates":[-0.6933127414660454,-49.44809140595375,-0.7391105056630123,-50.28783256481021,-0.7334735698188728,-50.717278225575846,-0.6764473765145532,-51.4220841627242,-0.593132056767356,-51.931792265046084,0.16067692228592584,-54.968509651441906,0.19394230914633778,-55.09185245391055,0.5050751925581707,-56.15956989831508,1.375521244297342,-57.592104328213686,3.3296756769538804,-59.4581105745295,3.365428762482482,-59.491726514104975,4.76809795408203,-60.79027475560355,4.834341821786133,-60.84989677862144,5.519680599506563,-61.449533486036174,6.125486113846923,-61.86674360440134,7.871353231141125,-62.79210993051374,7.87690857122789,-62.795047402807434,11.651798951499773,-64.78630154656032,12.039644499304211,-64.95884267170696,12.57725371140948,-65.15615572539295,12.704108666893717,-65.1996967801245,16.09367908820893,-66.28365711479428,16.431186936842614,-66.37149541052673,17.412754135413152,-66.57016221770704,17.500416661294793,-66.58662667637407,18.40172036457663,-66.74283337344824,18.434626121875556,-66.74835839664843,20.93157453082545,-67.15412873427628,21.179774516740494,-67.1844910694886,21.89858505753768,-67.24382105483657,22.250137200636424,-67.25330960019862,23.201222348222515,-67.22630610933774,23.236929866129316,-67.22509118743515,25.26275157778758,-67.1447503749399,25.46074818783472,-67.13069000892536,28.418453501166525,-66.82750304583358,28.6894325133989,-66.78785805551519,29.742051945182975,-66.58717135386858,30.143573221865605,-66.48306516704412,31.523778613763625,-66.02722283568215,31.630313897159766,-65.98747985757444,32.12733981919419,-65.83183704026587,32.215370152174486,-65.79512289928543,32.66158011525614,-65.6553935097934,32.69700734196915,-65.64061815590198,33.357131718784686,-65.4207959966766,34.03109558110971,-65.11081890137775,34.194947038693655,-65.0296644024348,34.89824830879769,-64.65573433250924,35.8482494000286,-64.20423813352016,35.975907461881086,-64.14000716227105,37.53886905504248,-63.30901571501285,38.10466174291742,-62.92504699940681,39.002674013459874,-62.16277415061466,39.01522679283413,-62.154249675412004,41.15862268269501,-60.33261298837578,41.422163795095436,-60.08124321604416,42.675204781352306,-58.74075405048516,44.201320758120325,-57.260375782296656,44.414725090749094,-57.03193950966368,45.78997028718735,-55.40636394434251,45.89412730581621,-55.27649105097114,46.664414572749685,-54.26267758657793,46.76258404238338,-54.126109550982335,47.87975223583615,-52.48177117860396,48.09687651841713,-52.11038828028283,48.786128519621265,-50.72384378449764,49.25765048564811,-49.85192134284675,49.477209140255006,-49.3451200934761,49.73744263885056,-48.564787245674275,50.26317746597535,-47.13669326315971,50.36869994155655,-46.79034591886325,50.54935879803794,-46.0480438621277,50.598630164512834,-45.804490618818086,50.77391681137996,-44.72162849409981,51.05986850335033,-43.3824048578272,51.12748578887677,-42.84434206305084,51.1622556906607,-41.96818568042055,51.225242150307544,-41.26962990836169,51.22944007232896,-40.74960127956803,51.178258919127565,-40.05715058219883,51.161213718097784,-39.02695422927006,51.13235222631704,-38.64901539525465,50.89295506416464,-36.89818867193662,50.88286629363842,-36.82993769091557,50.82723763017507,-36.47993817487805,50.766618182721466,-36.18779888998241,50.1823871938845,-33.914714767748045,50.07526808598243,-33.57720518403368,49.69574710446487,-32.57824848435903,49.36325794743568,-31.624810151148118,49.31034444402158,-31.483909036281865,49.186019358955484,-31.175278397829608,49.1515236547782,-31.09299919372232,48.40920815453278,-29.389933561731056,48.28193432065688,-29.130772968586243,47.375230579371625,-27.478780237426324,47.1219986178523,-27.088217467606267,46.66237424056673,-26.48172960587138,45.511244208807405,-24.599021758302335,45.0028635392119,-23.96580980444885,44.49651408499411,-23.4781409173124,43.689179633487186,-22.400630598418434,43.07968875083415,-21.783758823371564,42.64015401160417,-21.44609707529634,41.62784460873012,-20.37687160532988,41.18066255089446,-19.98529682296631,39.026782369894036,-18.4291402498564,38.66157872584843,-18.2012453491174,38.60172929420038,-18.169312397945117,38.47394654281355,-18.077867782519984,38.45786235898734,-18.066432946292277,36.53561065083904,-16.708807356479337,36.52289898909336,-16.699876044189114,33.51228503808401,-14.595578144557074,32.917079955564745,-14.267987420822356,32.15270405345212,-13.948190731207552,31.786279434700923,-13.826371587565957,31.4342804579779,-13.682631491634547,31.003212048405196,-13.57454854523104,30.69656165101598,-13.449325859297888,30.265488602256504,-13.341241931856441,29.958844883948995,-13.216021291668842,29.527755713657072,-13.107932959839365,29.221115260374024,-12.98271433861731,28.131706893896137,-12.709563069235797,27.613674923286897,-12.624346842247267,26.675658494159386,-12.548757427255524,26.16959244840571,-12.548374213909735,23.574584271084742,-12.753536052448165,22.104693951835763,-13.243403135165293,20.788329035550305,-14.076949008694626,20.76738697047503,-14.090324997466162,20.37886903039669,-14.340622814760906,20.36102152534998,-14.33521181508975,20.059078103898205,-14.259602696958307,18.818648487364054,-14.01285967016554,18.694324705977365,-13.990689939903534,17.372827196926007,-13.782060869523647,17.044271170149475,-13.747578869740204,16.021926669004436,-13.69380127412772,15.974620842168909,-13.691666499304548,14.945246752741047,-13.6529033527227,14.728977215303052,-13.652128217831187,14.246991497891456,-13.666819362487335,14.073604208738153,-13.676855821409651,12.159067732156208,-13.840310766285151,11.807856257905607,-13.890168874881331,10.549941934040758,-14.141060342812803,10.480989320405806,-14.155610419613643,9.425608195321548,-14.390575326898484,9.09478189562975,-14.48325844085228,7.911364163423719,-14.884969200659778,7.850994471908574,-14.9061423122674,6.882822821100981,-15.25669663053625,6.69067079668929,-15.333439236401137,6.337729334478388,-15.487912906973207,6.16789675063224,-15.568312485344782,4.349713212446071,-16.495859281247302,4.028288640633725,-16.68435945116676,2.9759052723646198,-17.38755981400892,2.920684955960217,-17.425305273853397,1.9146809207579956,-18.12861340247274,1.6161433918640218,-18.36517746516756,-0.05767076704897317,-19.86329112741818,-0.3386926809089839,-20.148685098574816,-1.8740355656086742,-21.918323047447366,-2.1251502680629906,-22.249171080913953,-3.447600962270334,-24.250800361331912,-3.6530101463020572,-24.61071034295796,-4.675639867607645,-26.709583922074255,-4.8298633827744215,-27.085383818768616,-5.570653810555085,-29.28043515079146,-5.676003957724486,-29.674433470953208,-6.136440488912054,-31.980515296424826,-6.190954047898254,-32.39191559665466,-6.349866082497356,-34.781312489098575,-6.350111725798553,-35.19943232606637,-6.196558709482325,-37.54995862795025,-6.144789553656516,-37.94990991597382,-5.703104228854379,-40.21945398775064,-5.5988808243040475,-40.616333065244,-4.856201772550847,-42.84693027829898,-4.7055252626097985,-43.21916754320966,-3.7354401071798606,-45.23849570600908,-3.5510831015982034,-45.56997829802728,-2.8891134917961465,-46.608966310966835,-2.851305776445248,-46.66690435235018,-2.151491456897664,-47.714216690309144,-1.9360573439350326,-48.00030084414086,-1.2214508532075103,-48.84556733002202,-1.1829996859644623,-48.89020239765456]}