{"Index":-1,"Tolerance":1.270530478562307E-06,"Coordinates":[213.9436165383449,-41.06107018700496,213.99079466872408,-40.889385182092994,214.22454633480942,-39.739317824242555,215.13622639101084,-39.32846719842874,215.34144651587292,-39.38642609886359,216.50414441730018,-39.853595498908895,216.81539072164003,-39.96029259179791,218.27920177851848,-40.37875910244692,218.5165234090873,-40.436829785945164,219.6707751867635,-40.672617627821346,217.3928326827457,-41.365367636939965,217.0699379929302,-41.482988332587055,216.1643706543524,-41.869528155553354,214.861325181305,-41.50742664077021]}