{"Index":-1,"Tolerance":1.9130069091361045E-05,"Coordinates":[0.00011170728162801513,-34.93984382126863,-9.301376560522101E-06,-34.98892253568855,-2.992736136028535E-05,-34.99348623964296,0.12311542329503933,-36.878539234785855,0.12388262581498832,-36.8904554482317,0.1266961046598082,-36.93406523438091,0.3402956965728663,-38.04982151153624,0.3944562321386904,-38.32165994358882,0.4042678989044539,-38.37196444849995,0.4773447836043905,-38.75409981090468,0.48954533838832404,-38.80131226289645,0.8301467605840325,-39.84016595129681,0.9299210277775138,-40.13409420321477,0.9504692304669451,-40.19565972974684,1.0769610378095913,-40.58119823585249,1.0802176698615735,-40.58926260700919,1.1023775511620708,-40.64454347004556,1.5847447308086111,-41.654781405942465,1.7004393494581995,-41.888397661667135,1.740327059698111,-41.97041673678746,1.906869691592382,-42.31921672787633,1.920469433298146,-42.34335091650897,1.954221143282644,-42.40374199825837,2.4477061160009077,-43.16773796957147,2.8274183717629575,-43.743538547940084,2.859258050738959,-43.79230580139476,2.950839974659754,-43.93399248939598,2.986444832674044,-43.98201257958579,2.996746905123452,-43.99638500433142,3.0123779497403502,-44.01712186398134,3.026510025217793,-44.034669049177495,3.6087766812663413,-44.72339913834335,4.079569420166924,-45.268620334468196,4.121128018713354,-45.31724190829982,4.1939984754599875,-45.40337138030046,4.252583274060781,-45.46422179784415,4.2573621290015335,-45.46877345442107,4.3015515628017456,-45.51266186677838,4.961661859290373,-46.11605929898269,5.22933077346869,-46.35514394011409,5.490331412970428,-46.60189251615794,5.736963306274767,-46.86300341751041,5.968437389167544,-47.13764125639816,6.184013092726916,-47.424927367504964,6.3830007126699435,-47.72394261913838,6.5647636159648854,-48.03373035386294,6.7287202776494555,-48.353299449191695,6.874346141338528,-48.6816274885438,7.001175297468849,-49.01766403232328,7.108801973911461,-49.36033397865342,7.196881834182823,-49.70854100301474,7.265133079101175,-50.06117106578177,7.313337348363577,-50.417095976436904,7.34134041915912,-50.77517700305798,7.345449344152831,-50.87279861892323,7.372840227066748,-51.669382337130145,7.393288755166855,-51.80324756371446,8.145183322935127,-53.29204033433108,8.850521537929781,-54.3572367473388,10.278819515209136,-56.17529096386325,10.683933265064269,-56.54542580400669,13.09829211638178,-58.18195272997813,14.26616814400662,-58.62150918817774,17.042365993809575,-59.540137522433,21.021054415573612,-60.333705618384954,21.537417814907258,-60.39067429714771,21.83018602398613,-60.39842638543208,24.218156415449567,-60.14148426164404,24.4142206142016,-60.123458109148594,26.181394351432832,-59.988576369795226,26.39149492255682,-59.93074411402642,28.238434084847906,-59.241647933876706,30.40926487607719,-58.260801544443275,30.82074496070298,-58.047261797650236,31.6227885825366,-57.347610041686494,32.792371957141896,-56.21860935116586,33.48172727979552,-55.325518237883465,34.583118345502044,-53.74215350690747,35.27941591248232,-52.601950788593065,35.77201048620071,-51.555967974766155,37.202720286678314,-48.35944696683076,37.40767831637401,-47.76205654965983,37.98207069318765,-45.25132703161382,38.260108255360734,-42.82636873176117,38.139738824649285,-40.034602117170934,38.02546705154324,-38.428618005252055,37.30198781296714,-34.52899219393137,37.05557466052624,-33.42062934222802,36.92689729193472,-33.05684740621822,36.879178216259845,-32.91677078471572,35.598305958269506,-29.00822013756673,35.44912250568895,-28.601235011595982,34.73381415184457,-27.442319783133037,34.55388403341745,-27.131463954680708,34.49581950335107,-27.021717701670127,34.24933894173307,-26.54462559214231,30.287839555576475,-21.886526175366456,29.378431699148365,-21.098968262695337,26.40696791322038,-19.535516933280807,25.24472997470774,-19.14963389760173,24.7976178422676,-19.21078519848735,24.11165433590427,-19.617312573247332,23.962465477362908,-19.719637082168468,23.655253267856132,-19.90571999898232,23.338011323040547,-20.074135384412557,23.01175461410472,-20.224344417011643,22.677526953712952,-20.355866524009038,22.336397656472798,-20.4682809188365,21.98945811781267,-20.56122794737579,21.637818322214976,-20.63441023862169,21.28260329197616,-20.687593656078874,20.92494948785537,-20.720608046848866,20.56600117312735,-20.73334778601042,20.206906752672317,-20.725772114551646,19.848815098815294,-20.697905269772782,19.492871875669966,-20.649836407742335,19.140215873746733,-20.581719318054738,18.79197536655191,-20.49377193180205,18.67794067200367,-20.460360428663876,18.667587049333875,-20.45722139277194,18.6087438751664,-20.442668893734268,18.531074545632947,-20.42127857351462,18.431472315471463,-20.397972385324874,18.369285428811462,-20.387638829030436,18.2455392724053,-20.365815702770842,17.64171915446046,-20.25315846442753,16.755732044039476,-20.104675027782093,16.607335849699584,-20.087331904789043,16.59972225826821,-20.086255182336036,16.575368759515946,-20.083596491792665,16.545746014900924,-20.08013441213996,16.527846045639972,-20.078619196765217,16.506008107005076,-20.076586817351526,16.455859325383454,-20.074698601413687,16.361214452191174,-20.070427742223615,15.712066299469043,-20.03628064292937,14.814351843403013,-20.002474714105904,14.725971198368244,-20.002158003513117,14.600472434385603,-20.00545379754711,13.770652545328781,-20.070869377093604,12.875961250150663,-20.152205955211326,12.795318119687533,-20.163091363773397,12.784150971832386,-20.164349165516658,12.69327300082039,-20.178491474892265,12.548353049385442,-20.210686454657008,12.465252055381551,-20.228565119892355,11.826565379697563,-20.361508275558617,10.973231416068055,-20.551489723779714,10.925635724899758,-20.563575806555136,10.814379497567623,-20.595900759966927,10.672367401956707,-20.64724463239306,10.600283082586621,-20.672816595613234,9.982793945371547,-20.887693316441947,9.141942434327598,-21.192147465605885,9.063963731704035,-21.22535143308668,9.052269807634975,-21.230828391581035,8.969855182295124,-21.267466563481957,8.602055659772308,-21.456959930335298,8.499891806028776,-21.508436374632048,8.200040720587545,-21.6561482565673,7.401307825668418,-22.06766124518246,7.391643198708056,-22.073209532686285,7.371000893064708,-22.084445026622554,7.360106182929464,-22.0911722386167,7.29280901516943,-22.131491191431017,7.183111020026529,-22.207153799342777,7.139287995714713,-22.23711055907051,6.531677779807275,-22.64874787842669,5.783537469022161,-23.16509266737738,5.724139761843609,-23.21195796889042,5.709844120973442,-23.22316140472744,5.404387072697563,-23.497732282830164,5.340601382030989,-23.554298765826058,5.135014039069578,-23.734167006229406,4.320665852925758,-24.466544607126103,4.277421625522699,-24.510750986104664,4.022302006550862,-24.807434029010523,3.980355652886904,-24.855720108844483,3.7826295224433366,-25.081028285158744,3.056018925963046,-25.925672598983372,3.029516794592177,-25.96082407355541,3.022743067992989,-25.96977130114341,2.783388026713077,-26.33366489131702,2.7560213297830622,-26.3749195505059,2.5972664403084806,-26.61222549563769,1.9651902230912168,-27.577467071106327,1.1639189356645767,-29.221877959929504,1.16055905279927,-29.22876333115842,1.1221212287801436,-29.307539515699524,0.7320219735822295,-30.465016555620974,0.7294478684766377,-30.472639435333,0.5111612655933363,-31.117718611331433,0.18112322481333276,-32.770703656261276,0.13130301545039286,-33.01967829140736,0.12225322691690987,-33.15242624154497]}