{"Index":-1,"Tolerance":2.9408744054850146E-05,"Coordinates":[195.8758985912011,-33.16844367878715,195.87779859060322,-33.649478283096414,195.88997430483724,-33.91506567078313,196.43293634166108,-40.092084293479324,196.75335697403864,-41.23308733584484,197.38375575845623,-42.505883849211045,197.50455530246984,-43.86510432628593,197.41197974388643,-44.05099206944677,196.82521558769997,-47.043221942452966,196.39979998389936,-48.754010537175844,196.3189566272692,-49.23268622203747,195.87856981692752,-54.06415745221238,195.86655982702132,-54.26881385391484,195.83848578544655,-55.33462497419973,195.8433840696374,-55.6134094535438,196.0850443074386,-59.53973674453568,196.1118538899589,-61.68761387608946,197.29913073791963,-64.19367358102559,199.34018552654408,-65.90726023770496,199.8636705160416,-66.26438871728935,201.3460802511148,-67.07226267724356,202.36214857362427,-67.42054940114092,203.63528602569102,-67.62793972413893,203.9031949324757,-67.65997066742632,205.33240313623344,-67.76953294710228,205.82138039675323,-67.76930972961463,206.6735600901441,-67.70319945891296,206.78404803907904,-67.69268248804372,206.9668834059142,-67.67204878249264,207.7853253575496,-67.62084668136465,208.10161801755356,-67.58508218285927,210.40034472383107,-67.20771413630915,210.59254200600597,-67.17004208577195,211.66508004417688,-66.92524825748522,211.69328819631642,-66.91867457916658,216.47869490505823,-65.78043731923759,217.3695151094515,-65.58002039921529,217.38719236007583,-65.57599030571683,222.98904007751577,-64.28203332554617,228.39506288213408,-63.04593633602945,231.73267817526593,-62.32961484142281,234.1592927175083,-61.91463354314881,235.05182818209906,-61.81777318431144,235.40031717558216,-61.75773740099975,238.67667794799334,-61.470279352915256,239.829084539161,-61.41655381823951,242.3296945305483,-61.37894983083519,246.2718121562414,-61.382651502169324,246.42733876550662,-61.37871220014438,246.48324808039925,-61.37873348076743,246.498700178723,-61.37870176099924,250.82022242926627,-61.35931449133419,256.58820087976596,-61.39919879652585,256.71794349886994,-61.39744477779387,258.11483623808897,-61.35,277.62318412106913,-61.35,281.34292800000003,-57.630256121069124,281.34292800000003,-17.601340878930873,277.62318412106913,-13.881597000000001,234.67723173615278,-13.881597000000001,232.8391392621317,-13.67246532466431,232.43503813218217,-13.610710197083696,227.8743460590205,-12.830412675245384,226.2511144098127,-12.533883444355277,223.68616811427518,-12.044508329880024,220.50013629844548,-11.441413961591408,220.45631627237495,-11.433437106424876,219.638780676392,-11.290532477722557,212.5555617125386,-9.925806718341402,212.3264699058568,-9.890284094869067,211.3948786766437,-9.780477221501895,211.3401901089313,-9.77451096183784,210.58617829892336,-9.69885588980934,206.73274200669235,-8.952044837401989,205.37109032450917,-8.982331564676702,204.33549109601265,-9.23127377445076,202.7916793670935,-9.559514982036145,201.85681255516533,-9.706450860774233,200.53885478511947,-10.230297816628317,198.8961154777018,-11.35595852591086,197.78783527996822,-12.668767200360664,197.64960584619956,-12.968434719156726,197.29028061668387,-13.298001571755908,196.24026339323845,-15.411183250403774,196.07930235370267,-17.123196015240243,195.91444354086627,-17.76227333563861,195.8133964269487,-18.56438088378083,195.82302779350877,-23.83859727668027,195.8006021847375,-25.69053675240318,195.80053375565421,-25.7612856848526]}