{"Index":-1,"Tolerance":2.117906502067889E-06,"Coordinates":[213.9436165383449,-41.06107018700496,213.99079466872408,-40.889385182092994,214.22454633480942,-39.739317824242555,216.12667991445264,-38.882117136060316,217.40279404233905,-38.59740492837853,219.05703424394747,-38.31134919648943,220.2975088990102,-38.618231521630264,220.30661711086145,-38.62047054008986,224.66191350220242,-39.68428824377068,224.69408321504795,-39.69196863859994,227.00622113281668,-40.23126921617511,226.87279037085474,-40.27397919215721,223.47949693081628,-41.44595811877905,220.54748587739735,-42.37022589823278,220.3814519839797,-42.42766093768468,220.10496350427667,-42.53195433544674,220.04623921510458,-42.54716220062521,217.18687555647242,-42.13958131747354,217.13766092395068,-42.13295839690582,217.0911477173294,-42.12706895924105,214.861325181305,-41.50742664077021]}