{"Index":-1,"Tolerance":2.4462538152043895E-06,"Coordinates":[213.9436165383449,-41.06107018700496,213.99079466872408,-40.889385182092994,214.22454633480942,-39.739317824242555,216.12667991445264,-38.882117136060316,217.41955840018755,-38.5936646537204,218.53384168855078,-38.39476865144332,218.82893560391867,-38.35434524426995,218.955955740622,-38.33431738306367,219.65432534736453,-38.209660461601054,222.6628175706012,-37.969447896090806,222.68067615551712,-37.96797125105719,223.73822969895764,-37.87752146725553,225.8675040075218,-37.822174421425785,225.88454225493484,-37.82168576990343,226.18739845096292,-37.81218626322962,226.53753880166835,-37.80718204764026,226.59945261136244,-37.805693104895845,227.22356821286823,-37.784591865897255,228.06564695329328,-37.80459099919808,228.683004,-37.82831857951175,228.683004,-42.60733989458314,226.19595794507563,-42.618837316428014,225.99212580426726,-42.62632975748049,225.63065756423364,-42.65125981236745,225.28180711666306,-42.65287218505339,225.0779770773156,-42.660364284395534,224.83532253335468,-42.677099496306035,221.92058717312526,-42.61873537823335,221.71278316908666,-42.62137538373287,221.6989013984147,-42.62200644428632,220.05858764354144,-42.54892237665341,217.18687555647242,-42.13958131747354,217.13766092395068,-42.13295839690582,217.097280371905,-42.12784546745164,215.13456126079555,-41.57833142011205,215.1114508127511,-41.571955043816914,214.84515831558636,-41.49956337729762]}