{"Index":-1,"Tolerance":2.1350414231653905E-05,"Coordinates":[-6.210537080146654,-37.33600167617055,-6.195928510066096,-37.55926197607988,-6.19514099530411,-37.57112574196662,-6.163129978992315,-37.81960823015248,-6.148292130604278,-37.93738723182889,-6.1472211018298175,-37.94309938529347,-6.1442313161002895,-37.966307314400744,-6.091165393774438,-38.24097743240505,-6.0878042400684445,-38.258121434776555,-6.0867230662731115,-38.263556852301235,-6.083436036737404,-38.28079394193742,-6.078626875918045,-38.30548122621769,-5.681396436664922,-40.30176530187244,-5.637640998619402,-40.468564627039775,-5.584360299310121,-40.67161323626766,-5.495650613883779,-40.94260384992022,-5.485155721681023,-40.974057690974135,-5.483341773489661,-40.97940110817391,-5.47959777713382,-40.99082132413246,-5.46909826254711,-41.02229135798511,-4.815454822474057,-42.947878485451874,-4.719023475189495,-43.18499842432891,-4.672474037081155,-43.29947276236851,-4.550569213533481,-43.55494889809299,-4.532198772281758,-43.59280088191208,-4.528855042070445,-43.59977895076653,-4.510905895234134,-43.63677793792044,-3.611568158878308,-45.460434489565664,-3.5122483381230496,-45.635568544323654,-3.427984200646866,-45.78418724755077,-3.2743455857774557,-46.022038201355684,-3.2487115160978037,-46.061082221077555,-3.220500659322231,-46.104049122844955,-2.090876847253361,-47.7945956414123,-2.086441811216013,-47.8004861381537,-2.0660341128139166,-47.827586209187466,-1.8754372347777863,-48.0806862276438,-1.8710350807848715,-48.08652365437845,-1.6883651375274644,-48.302589452821174,-1.6584628654222153,-48.33733960006967,-1.619795601278729,-48.38227022677747,-0.27906293857954195,-49.91110074405965,-0.03387401169691285,-50.161389600240156,-0.02810715096223322,-50.1672717575074,0.18080535255336025,-50.35823507960254,0.21437564509759713,-50.388312947809894,0.2642295471634643,-50.432970911788125,1.7928231921899012,-51.77349432405202,1.8005898002527858,-51.77960473978882,1.8797885391849973,-51.841846563290005,2.061721985160225,-51.984826964584855,2.0694024851919735,-51.99084845086078,2.3008131789547854,-52.153351604436295,2.3373923108265204,-52.17842899103535,2.3990405077269252,-52.220679799788805,4.109086545110611,-53.36332945204179,4.250778708856967,-53.44617788525415,4.371041989512578,-53.51797736388371,4.398164899481494,-53.53235565717554,4.437886320177745,-53.55558105922067,4.531204085535821,-53.60288188163257,4.588167201342339,-53.63307895070891,4.670973714581547,-53.67543417345229,4.81125887217237,-53.744618175667895,6.654572330020804,-54.65365731141948,7.058093841331212,-54.8192868645817,7.416617781767338,-54.93842692125114,9.281232708906126,-55.571332124312065,9.318540005517452,-55.58398832048509,9.7716535893731,-55.70142480548697,10.093611880645092,-55.75998345472643,12.025325707404104,-56.14360213890187,12.078090529434911,-56.15396102223109,12.571360996172135,-56.212527679184554,12.889681246186285,-56.22526470884046,14.794657538571974,-56.35009637331476,14.79998024232297,-56.35009554421857,14.81659188875622,-56.3511850013179,15.123322397970446,-56.35004517850931,15.211312689409246,-56.35003147261492,15.216355169411209,-56.3496994650193,15.256223492038586,-56.34955131274195,15.596368615150341,-56.32470312552999,17.596678851307033,-56.193250230232664,17.60452080596223,-56.19270675422781,18.016931498289292,-56.13842299699744,19.98337072332022,-55.747259711000495,20.029523020438806,-55.73772250445329,20.386786730995,-55.66112624814562,20.400774344564216,-55.6572914293604,20.447925490678628,-55.644257695117695,20.741973783123097,-55.56312799540611,20.747694315154597,-55.561236052044805,22.568842523648485,-54.94376333878471,22.864876540148995,-54.84991503766132,22.967475341602736,-54.808745483633814,22.990162345952825,-54.79949965821598,23.310325313061572,-54.67066513169023,23.355785228662604,-54.64828961245274,25.055773849723803,-53.81013342549551,25.257307002852357,-53.71661934319084,25.557852535265155,-53.55707598991843,25.61751448865601,-53.52118367326432,25.65239554851666,-53.501994635141344,25.893264521303905,-53.35709141946187,26.020515474265032,-53.276366171990944,26.03453690689484,-53.26699741431488,26.061034205412668,-53.25018704689858,27.688032520381764,-52.16302881023039,27.706407147731753,-52.149856399321905,27.712716461507878,-52.14564035688122,27.882595593576497,-52.023849660514394,28.12189196646324,-51.84007464428571,28.151485872111955,-51.8157916343893,28.31136216852265,-51.684544944210145,29.79344092204881,-50.38481080258257,29.926373308255126,-50.261340350018536,29.930160847749534,-50.25761529079052,29.955203980782574,-50.23435424736958,30.17065496956165,-50.02245172747249,30.189869752781007,-50.0021890488931,30.351810296388916,-49.83080324222619,31.617020672484884,-48.38809028167959,31.64832894330539,-48.35184167686468,31.81225502478511,-48.159129131562764,31.819027968267157,-48.15044105944712,31.99397456233216,-47.925085198176205,32.16213595812011,-47.68713262113457,32.18703164719951,-47.65090888772776,32.20015032688124,-47.63234629860178,32.24717078232357,-47.56393330136986,33.374222097049,-45.87729896573562,33.49842899656939,-45.662187260002504,33.54654992666478,-45.58047732548902,33.55433355266827,-45.565367160095676,33.582082675294146,-45.51730895138345,33.652620136533955,-45.37429197705354,33.67068667545953,-45.33846530096408,34.45194483523338,-43.75543615781865,34.59562742453478,-43.47858450755779,34.64059799418083,-43.37310111940915,34.64351076703356,-43.36719666731837,34.65714736685273,-43.33428275631288,34.78430105133925,-43.03602988647404,34.80056006819123,-42.98813540642315,34.80278050581386,-42.982776058251794,35.40939475842352,-41.19591074865553,35.44938800280509,-41.08879197498642,35.51653523568625,-40.888935127876074,35.53859270227185,-40.81526880524252,35.5693973123373,-40.724470198044656,35.59854385026357,-40.61534986642805,35.61394518791681,-40.5640838753591,35.63752673047571,-40.46940372260538,35.67769775469261,-40.319009343176326,35.71103344047442,-40.15018022485979,35.87809537461314,-39.31032851963624,36.08505852546432,-38.27019060958257,36.093098706315985,-38.22831577967827,36.150353012460805,-37.91891920140975,36.19658647721845,-37.548729698574114,36.19722747139637,-37.53913637400214,36.21814105857804,-37.220176165141574,36.32692332588715,-35.56189312631553,36.34945524772716,-35.24858632024033,36.34955506358293,-35.21705099703801,36.350014313791206,-35.21005593599526,36.350022892596755,-35.0692474337684,36.350835135013085,-34.81263161939082,36.350039266651,-34.80049136511345,36.35003966263824,-34.793991815792246,36.1944453135445,-32.419633680938276,36.14025715308314,-32.00780575002981,35.80712295576661,-30.331879719701305,35.66759949129045,-29.628921010046987,35.538569640965335,-29.16564389157467,35.435018676039185,-28.879595324391353,34.80447085923342,-27.022043707160627,34.645405525992125,-26.63800896430453,33.71770799625178,-24.756689224370493,33.59888341106887,-24.515610548646343,33.56951076625892,-24.464327672747718,33.55117369862548,-24.428799604205125,33.480894695086505,-24.309609328180386,33.40249887403836,-24.17273492726087,33.38041626280907,-24.139202073173728,33.36955119848825,-24.120775374583637,32.624643891800844,-23.00597572734709,32.39473151370086,-22.438674454464145,30.88321796925168,-20.769859535767907,30.873060193698432,-20.764521021187583,30.435087646366277,-20.26510223938933,30.39689918753358,-20.222341092178606,30.186163075990155,-19.990616798614866,30.179996688569315,-19.984546401505227,30.1564407824536,-19.961428616935564,29.928812476211526,-19.73803573225448,28.312590947042906,-18.32056517072597,28.169824891182845,-18.194826259146044,28.164904859666933,-18.19104264075809,28.161061059515724,-18.187671580361535,27.995733674848225,-18.060946074603635,27.834946875086576,-17.93729729508855,27.829620777010504,-17.933618463187464,27.67176029039362,-17.82825632719708,27.03529206452948,-17.402969459952605,26.000603785300125,-16.711554634509906,25.90836155072673,-16.652193963779304,25.848537472545203,-16.615140789632665,