{"Index":-1,"Tolerance":2.1350798787648094E-05,"Coordinates":[-6.214576924312956,-37.27410340333405,-6.195277580560141,-37.569663506863364,-6.143906940337886,-37.96855143277377,-6.070829445719218,-38.345708971275535,-6.06778881991194,-38.36119562206051,-6.066885295914226,-38.36573774725921,-6.06360073468134,-38.38296248917469,-6.058787661506128,-38.40767026279802,-5.683409665441273,-40.294145320958705,-5.645917395866655,-40.43704633995098,-5.586322367139609,-40.6641754499992,-5.463462094274633,-41.039284647354144,-5.453003511135891,-41.07063125936142,-5.451117864467198,-41.07618648507479,-5.447349727799252,-41.08767913270966,-5.436881704104072,-41.11905320360727,-4.819194877510286,-42.938719642496885,-4.737293266768326,-43.1400885487123,-4.676345857383423,-43.289994882657645,-4.507122123428471,-43.644648556710216,-4.488725845606995,-43.68255413429283,-4.48530846303186,-43.68968314638618,-4.467396117404023,-43.726605013198274,-3.617684637187535,-45.44963075959215,-3.614584690258532,-45.45510213067404,-3.55786380309561,-45.55513245813187,-3.437003839333963,-45.76827548244757,-3.4339187904072817,-45.773706915441885,-3.2208557542114185,-46.10356430867072,-3.1951794437583927,-46.14267307397057,-3.1669731400218275,-46.185632908802965,-2.099608820109875,-47.78300385934697,-2.0949514938399982,-47.78920038317035,-2.018134307218822,-47.891209071664726,-1.884255163492413,-48.06899263365202,-1.879645611679055,-48.075093672333125,-1.6261885322055007,-48.37489424095566,-1.596285076405955,-48.40964571380263,-1.5576056435275303,-48.45459077030196,-0.29066733949201,-49.899274319461114,-0.045477990333936506,-50.14956361976759,-0.039710584569176616,-50.15544631481895,0.2502447635274041,-50.42048941686618,0.283817582739871,-50.45056874128471,0.3336502718364369,-50.495207379715374,1.7780887463585415,-51.761931329707565,1.785861200702855,-51.76804672128628,1.866986032852907,-51.83180206496214,2.046993439125793,-51.97326839054216,2.054694486924127,-51.979305625040766,2.3759133081831756,-52.20487156263649,2.4124526702583573,-52.2299219428933,2.474119377306634,-52.27218572715049,4.091094457005118,-53.35264500998044,4.225507931010173,-53.43123752040999,4.413741165687024,-53.5417543543757,4.765147490006413,-53.72149654834596,4.8066882345789725,-53.74236214109472,4.927236611468823,-53.80181462691981,6.661197311443144,-54.65692785471802,7.064728784344235,-54.82256085761878,7.338170481780659,-54.91342656524095,9.136284172908825,-55.52205902156728,9.335826727893416,-55.58980335464148,9.78898346225149,-55.70725296666552,10.253108821084473,-55.791667877410326,11.828133362212188,-56.1045647604265,11.865129101895237,-56.11168649855904,11.898736713640668,-56.117949465600326,12.104733792881925,-56.158918830514224,12.14288178273855,-56.16344726927158,12.147877021879186,-56.164378160116726,12.205049491119922,-56.17082702010899,12.59788652773076,-56.217459581053824,13.041274581436557,-56.235198765734076,14.794484410557002,-56.35008499347882,14.805557617392198,-56.35008387495619,14.827793091006953,-56.351540334992805,15.267157718980089,-56.34989008330254,15.755995699738826,-56.31418062319489,17.616345569719822,-56.19173472725297,17.625171523561605,-56.19113097833311,18.03740547240469,-56.13685887126442,19.847528238576995,-55.77679020255898,19.893667005830913,-55.76725590214936,20.381191604983158,-55.662734386013895,20.73674668386975,-55.56461297167798,20.745362800504033,-55.561796801027626,22.421124630646485,-54.99382195854021,22.84531605133377,-54.859346461161245,23.290715174696146,-54.680122272113415,23.299351518172905,-54.675893923451085,24.89966426344213,-53.88708137642413,25.19840818864751,-53.74845833809498,25.498926623872734,-53.58892925681053,25.53073686958045,-53.56979257682719,25.558773035874108,-53.554724602564946,25.974123874563837,-53.3048516868662,26.101423321654607,-53.22409275908347,26.115343988506652,-53.21479081448632,26.141757359189004,-53.19803470866617,27.638954337754587,-52.19760989649694,27.657301048052968,-52.18445711783749,27.663540502850438,-52.18028788583518,27.833447375313145,-52.058479648754115,28.181623237708624,-51.791089471910496,28.211230031615013,-51.76679604784093,28.371106653845203,-51.63554921551443,29.73588320451047,-50.438686235863884,29.868814199385763,-50.3152172572465,29.872612279021048,-50.311481839611346,29.897666585931567,-50.288210128609464,30.21139192907967,-49.9796508759595,30.230588904015388,-49.95940555023341,30.392522141537405,-49.78802687365831,31.555157141082464,-48.462279582166445,31.58645296654449,-48.426045593967956,31.79772110838461,-48.17768036748715,31.83224587031596,-48.13320474935102,31.972223802676538,-47.95286014882512,31.983197553697593,-47.93733305319637,31.991745523207292,-47.926241123050985,32.238269281373555,-47.57740747706397,32.26323160804424,-47.54108741522602,32.276328394481915,-47.522555480163724,32.32333311148157,-47.45416480341555,33.364749822864155,-45.89568399758323,33.48888108907859,-45.68070404260266,33.536977798025575,-45.599039483441246,33.544783870751935,-45.583887359313024,33.572607192148624,-45.535700818051644,33.639934804991086,-45.39919285068533,33.64597076567279,-45.387476635798755,33.67065708446195,-45.33852528671573,34.38138315265655,-43.898410656369215,34.587574672822946,-43.50111733449794,34.776260052896724,-43.05853163483035,34.83576755382142,-42.88323465884393,34.85805295276295,-42.81996348170338,35.357348458726015,-41.34922103811944,35.42802998793918,-41.15991181986978,35.495192347332036,-40.960011735163455,35.50565983592721,-40.92510494876835,35.61496011675525,-40.56011500040335,35.68736968224235,-40.26885423888406,36.01698174261159,-38.61232556442441,36.05072045069447,-38.47049187008892,36.10089484197331,-38.2126191138297,36.104350729180126,-38.189876649990936,36.107511874724125,-38.17363231733511,36.171613585314184,-37.75182234941797,36.20074082373474,-37.48426572473759,36.20530387820883,-37.4152911050516,36.35024323222467,-35.23108415621241,36.35029821684903,-35.09127484456624,36.35157416363237,-35.03948119878577,36.35034713102312,-34.96690085657934,36.35040778561134,-34.812674537396795,36.342930994997765,-34.69864326634471,36.3414747456,-34.66329225418278,36.236993691311746,-33.06891021686416,36.2357285889683,-33.00157467977635,36.22258773479754,-32.766541500071334,36.21343975995575,-32.66837408951461,36.181554379247665,-32.30980618734443,36.13315750612593,-31.972208558650827,35.76484739374421,-30.117997635183684,35.66548717890267,-29.61646664463121,35.536241558188046,-29.15209540782316,35.39623222003781,-28.765330901691915,34.80447010716215,-27.02204176169407,34.64540511726906,-26.63800810724218,33.87058343673899,-25.06671244750483,33.83218400158766,-24.978695886465253,33.71924168413775,-24.746130462409603,33.62840740675175,-24.576976156388067,33.581011460388666,-24.482184263671257,33.534747843694404,-24.40256051895286,33.51349982888468,-24.362991830756,33.45832373024046,-24.271027912235112,33.3809086896483,-24.13778983294247,32.83983103546656,-23.32802562525158,32.711113076327685,-22.875314010499036,31.06778033664462,-20.851293653965396,30.85237986106658,-20.73808822933282,30.49686026284714,-20.33269023766471,30.458662226491068,-20.289918552807478,30.188212966674822,-19.992536638190217,29.93244491135414,-19.74135349900781,29.927092267380814,-19.736609537882128,28.6218947707165,-18.59188753435034,28.52343173622947,-18.4982401027911,28.332058784117965,-18.33030955445791,28.221416946845295,-18.240809149272057,28.158863748390743,-18.18604467591633,27.831146080586105,-17.934787276010425,25.978978368324817,-16.697103761516306,25.84227866788956,-16.61070853473333,25.7962952019812,-16.583259733456558,25.74646487247775,-16.550954864036605,25.65758276856081,-16.50045844946544,25.605634273028894,-16.469448957198704,25.543879081747253,-16.43586019790995,25.423257598343994,-16.367331752208305,23.666991166154478,-15.501274782448602,23.567218678613784,-15.454211105923546,23.52965393031402,-15.436501772090285,23.165433821271513,-15.27225230110067,23.15168906638057,-15.266829868536622,22.96842753582472,