{"Index":-1,"Tolerance":2.4111491154210716E-06,"Coordinates":[213.9436165383449,-41.06107018700496,213.99079466872408,-40.889385182092994,214.22454633480942,-39.739317824242555,216.12667991445264,-38.882117136060316,217.40279404233905,-38.59740492837853,219.63717333319158,-38.21102996134459,222.6628175706012,-37.969447896090806,222.68067615551712,-37.96797125105719,223.74119565127702,-37.87726779712438,224.64145870533144,-37.853022995359666,226.60592576114,-38.32961967047246,226.75059055802222,-38.37103654492811,228.683004,-38.956653739070056,228.683004,-41.6616313319711,228.05807878473667,-41.875376598813105,227.18017657508602,-42.13664250578965,226.82359374189934,-42.198105263626694,226.64427218253368,-42.23436180751674,224.74651477057193,-42.67532122620181,221.92058717312526,-42.61873537823335,221.71278316908666,-42.62137538373287,221.6989013984147,-42.62200644428632,220.05858764354144,-42.54892237665341,217.18687555647242,-42.13958131747354,217.13766092395068,-42.13295839690582,217.0911477173294,-42.12706895924105,214.861325181305,-41.50742664077021]}