{"Index":-1,"Tolerance":1.139689957251317E-06,"Coordinates":[13.967664008921494,-35.46282451645189,13.92583274917532,-35.385910290446944,13.909159393053853,-35.29992550810617,13.879492249166116,-35.21732094352454,13.876131213403662,-35.129598621446746,13.859486629173182,-35.04376221623929,13.869514123254955,-34.956893968991935,13.866151430848738,-34.869128408862494,13.889422511375432,-34.78442747163551,13.899468661548987,-34.697397606542246,13.935282657544251,-34.61750796149891,13.958435943874365,-34.533235765809685,14.005964478583298,-34.45983927815587,14.041896415789887,-34.3796865437463,14.100304980944824,-34.31415286978589,14.147969884439341,-34.24054579306283,14.2156811739712,-34.18470223533654,14.273900996711738,-34.119380327986306,14.349048396613245,-34.07471023477212,14.416646566716258,-34.01895997007567,14.498006904063079,-33.98616438459565,14.573411109558224,-33.94134163766596,14.6587286388132,-33.92137896409634,14.739912595425693,-33.88865447415576,14.827243157800197,-33.88194978273522,14.912604207891775,-33.861976926120434,14.9999997877079,-33.868686615032075,15.08739495312784,-33.86197696379595,15.172755634882787,-33.88194973422699,15.260082210215973,-33.888654125403725,15.341260690388461,-33.921376701314095,15.42659648292453,-33.94134364814293,15.502017971727078,-33.98617703177817,15.583358495165598,-34.018964926391995,15.650942070674532,-34.07470314504706,15.726097127606476,-34.11937815150813,15.784321942947418,-34.18470555952345,15.852019108409051,-34.24053745924781,15.899674763938789,-34.314129770806815,15.957951684866112,-34.37951564054299,15.9938013809629,-34.45948492853225,16.04150953211318,-34.53315830652544,16.06476044103209,-34.617772058632305,16.100554588209576,-34.69761743462205,16.110589343010858,-34.7845507151092,16.13384567751276,-34.86918421177471,16.130484410368044,-34.956906044673545,16.14050986644484,-35.04375876827212,16.12386804413642,-35.12957895282993,16.12050899859801,-35.21724280658912,16.090857504557267,-35.29981094705099,16.074170344223308,-35.38586493519394,16.032316644228338,-35.4628249918663,16.002718127328343,-35.54524561112764,15.94957878284341,-35.61496232982921,15.90770761021423,-35.691954514961395,15.844601577093407,-35.7526882727118,15.791478682364534,-35.82238340998389,15.719794351327796,-35.872803758352234,15.656658842410565,-35.933565883848004,15.578118939095429,-35.97245348007906,15.506460441386182,-36.02285565815338,15.422955797397972,-36.04927967096527,15.344479234980023,-36.08813590510991,15.25788824609129,-36.10151325801188,15.17418536659787,-36.128,15.086440785745427,-36.128,14.999982571892776,-36.14135684062307,14.913511924821576,-36.128,14.826956658184232,-36.128,14.744894997746629,-36.101954289720574,14.717541560388623,-36.097729092897616,14.701563353245342,-36.08820117465327,14.406776215397423,-35.99463811066522,14.182319479173938,-35.77857236982777,14.169261314946521,-35.77078569388445,14.155560210996262,-35.752813458777226,14.092217976793336,-35.691839183780516,14.050251243773275,-35.614675866018146,13.997215430086252,-35.54510686514445]}