{"Index":-1,"Tolerance":2.735257987152464E-05,"Coordinates":[-0.6931044004952169,-49.44427129614384,-0.7391105056630123,-50.28783256481021,-0.7334735698188728,-50.717278225575846,-0.6764473765145532,-51.4220841627242,-0.593132056767356,-51.931792265046084,0.16067692228592584,-54.968509651441906,0.19394230914633778,-55.09185245391055,0.5050751925581707,-56.15956989831508,1.375521244297342,-57.592104328213686,3.3296756769538804,-59.4581105745295,3.365428762482482,-59.491726514104975,4.76809795408203,-60.79027475560355,4.834341821786133,-60.84989677862144,5.521380168825832,-61.451020523080864,6.131202864211214,-61.87036021267294,11.649379156602198,-64.78515928278705,12.038806746693586,-64.95853520017911,12.57725371140948,-65.15615572539295,12.704108666893717,-65.1996967801245,16.09367908820893,-66.28365711479428,16.431186936842614,-66.37149541052673,17.412754135413152,-66.57016221770704,17.500416661294793,-66.58662667637407,18.40172036457663,-66.74283337344824,18.434626121875556,-66.74835839664843,20.93157453082545,-67.15412873427628,21.179774516740494,-67.1844910694886,21.91134267855953,-67.2448740575756,22.288525456706466,-67.25353395695902,25.247555531096914,-67.14565424172815,25.455699760565114,-67.13120751055925,28.418453501166525,-66.82750304583358,28.6894325133989,-66.78785805551519,29.742052034617707,-66.58717133681745,30.143573484581378,-66.48306509278989,33.244828246505044,-65.45880922399341,33.697745129747304,-65.2693068059878,34.8548787123489,-64.67634610667358,35.8482494000286,-64.20423813352016,35.975907461881086,-64.14000716227105,37.53774726011876,-63.309612148086615,38.10158999733246,-62.92729524272384,39.26067101886867,-61.94500594125187,39.62904916453796,-61.80434549698107,39.82418704832633,-61.71585635758062,40.212026990514204,-61.56776500938403,40.40715110890297,-61.47928243000914,40.79501055893684,-61.331183488682406,40.99014999760659,-61.242694149977275,41.37799670049697,-61.09460003251894,41.57313350783672,-61.00611181900354,41.96099216042078,-60.8580129509285,42.15610754866782,-60.76953371839271,42.54396832493871,-60.621434574064246,42.739111222661705,-60.53294329101304,43.126950990514175,-60.38485200938403,43.29032047837108,-60.310769144610084,43.47053299039202,-60.24346879093626,43.501867052793585,-60.231578273030586,43.573906520618095,-60.20380519927131,43.689738715655814,-60.169480444718936,44.01917227951877,-60.04247591165959,45.65595604979077,-59.6358779652531,45.90316947219888,-59.56370945734349,48.51757865082569,-58.68399649404757,48.900838218036945,-58.52653936076409,50.08435474640801,-57.94745910168918,52.25782819133391,-56.925047293074506,52.82956640899013,-56.57852770788924,53.81025138735719,-55.832905699748814,55.690122917871,-54.4618771467434,56.013234710950975,-54.19168437655735,56.86494662124941,-53.37771109061783,57.24337231758965,-52.94403774572614,57.56119718642022,-52.505275840410405,59.17166232721866,-50.933830473202754,59.799686291050556,-50.07290180320527,60.264381032328565,-49.141555473721276,63.178665816773275,-44.060351663202816,63.60673857833783,-42.39719740546837,63.58416725466703,-41.06188633155531,63.504154447370865,-40.404438132244294,62.87337524312387,-37.652381888769085,62.87250576722929,-36.88483645575275,62.46877039949384,-35.325815753253686,61.92626319148247,-34.34600424093956,61.78903403782663,-34.12076387610879,61.27620703345465,-33.35273059518158,60.1330545502057,-31.39536732694468,59.37454049148389,-30.514856283610083,58.98553484059156,-30.202090785030173,58.04993569389433,-28.958786594506645,57.53631717061227,-28.420680381285514,56.6640705220203,-27.698340203224056,56.2265378709696,-27.209054795434096,55.72442862102109,-26.755425396428603,54.45667075330061,-25.8344708133286,53.747206396555924,-25.18952147960795,53.46651832667737,-24.962109467012798,52.49294748948032,-24.261095801257987,52.355366323601594,-24.167406974982686,50.53385812347413,-22.995686368233358,50.14987460344582,-22.784591391056164,47.911157020992434,-21.747897971952227,45.93338251012192,-20.658109167283133,45.22591224939842,-20.372560157409506,42.35362218893186,-19.597319401372722,41.78942101358859,-19.410615327789735,41.58607306051368,-19.365226089412655,41.546893318144846,-19.352260788448085,40.92685791249292,-19.21386098841072,40.891894792323946,-19.209657584317913,39.92936201355294,-18.972648579703968,38.65855907999574,-18.211914131045965,36.54019798477091,-16.712038738789676,36.524432028191804,-16.700947576775953,33.46309432010113,-14.561195813837431,32.75559607460883,-14.18899030723497,31.512386612323706,-13.723071608251447,31.170068451238013,-13.616384901697844,31.003212048405196,-13.57454854523104,30.69656165101598,-13.449325859297888,30.265488602256504,-13.341241931856441,29.958844883948995,-13.216021291668842,29.527755713657072,-13.107932959839365,29.221115260374024,-12.98271433861731,28.131706893896137,-12.709563069235797,27.613674923286897,-12.624346842247267,26.675658494159386,-12.548757427255524,26.16959244840571,-12.548374213909735,23.565741222882167,-12.75423518551579,22.080389124850363,-13.253801830151106,20.382873305337046,-14.341836829287239,20.36102152534998,-14.33521181508975,20.059078103898205,-14.259602696958307,18.818648487364054,-14.01285967016554,18.694324705977365,-13.990689939903534,17.36069706569732,-13.780145846616307,17.007573916637458,-13.744464831408148,14.97946403144288,-13.653496400786157,14.740381033241562,-13.651780624255455,14.246991497891456,-13.666819362487335,14.073604208738153,-13.676855821409651,12.159067732156208,-13.840310766285151,11.807856257905607,-13.890168874881331,10.549941934040758,-14.141060342812803,10.480989320405806,-14.155610419613643,9.425608195321548,-14.390575326898484,9.09478189562975,-14.48325844085228,7.894364073674393,-14.890739875531505,7.80030061494949,-14.924328674545785,6.572558738866299,-15.384637032490465,6.244089554235151,-15.529442707146695,4.349713212446071,-16.495859281247302,4.028288640633725,-16.68435945116676,2.9759052723646198,-17.38755981400892,2.920684955960217,-17.425305273853397,1.9146809207579956,-18.12861340247274,1.6161433918640218,-18.36517746516756,-0.05767076704897317,-19.86329112741818,-0.3386926809089839,-20.148685098574816,-1.8740355656086742,-21.918323047447366,-2.1251502680629906,-22.249171080913953,-3.447600962270334,-24.250800361331912,-3.6530101463020572,-24.61071034295796,-4.675639867607645,-26.709583922074255,-4.8298633827744215,-27.085383818768616,-5.570653810555085,-29.28043515079146,-5.676003957724486,-29.674433470953208,-6.136440488912054,-31.980515296424826,-6.190954047898254,-32.39191559665466,-6.349866082497356,-34.781312489098575,-6.350111725798553,-35.19943232606637,-6.196558709482325,-37.54995862795025,-6.144789553656516,-37.94990991597382,-5.703104228854379,-40.21945398775064,-5.5988808243040475,-40.616333065244,-4.856201772550847,-42.84693027829898,-4.7055252626097985,-43.21916754320966,-3.7354401071798606,-45.23849570600908,-3.5510831015982034,-45.56997829802728,-2.8891134917961465,-46.608966310966835,-2.851305776445248,-46.66690435235018,-2.1426634566770395,-47.72742829986372,-1.906557866579669,-48.03772200108837]}