{"Index":-1,"Tolerance":1.500000429459731E-05,"Coordinates":[1.0204021910764638E-06,-34.999348972021444,0.12826811886783637,-36.95737798654572,0.1319583594723756,-36.976731085046616,0.1340628242872599,-36.987310281672855,0.5107298209166864,-38.880896300817824,0.517041723562739,-38.90014974665609,1.1411024197305377,-40.73858590286895,1.149832442932713,-40.75688245071093,2.0084868551023822,-42.498042308847246,2.019473402646559,-42.51505194749148,3.0981010155380257,-44.129278744610716,3.1111955777164644,-44.14476797680396,4.391260534313525,-45.60441832186433,4.406226638743138,-45.6180987931825,5.865880259651078,-46.89816590335536,5.882430790477301,-46.90978768718883,7.496673427965226,-47.988423482801416,7.521283673100604,-48.00089476516669,9.260916770121923,-48.85880231856997,9.269359317862177,-48.86160768392921,9.308100438730671,-48.87461951122949,11.122268061072322,-49.49033033505854,11.201572084198357,-49.505521931202466,13.046978450469343,-49.87260918383601,13.057603163799293,-49.87387069015134,13.153270401616142,-49.87891884290321,15.001995103167388,-50.00006385980946,15.009397723410942,-49.999523148326695,15.056768301795184,-49.99624105892612,16.961665237698906,-49.87141413832176,18.857245110612048,-49.49434578927456,18.881236257652034,-49.48920234271067,20.65011507322689,-48.88872196239093,20.731182651918438,-48.86211543871317,20.73659388501912,-48.859938050621615,22.470066735688743,-48.00512016212189,22.51491699333492,-47.98076035960281,24.12233657316587,-46.9066848120733,24.142428963899732,-46.89125502251284,25.5959817197497,-45.616537649977005,25.614111463078228,-45.598706886977624,26.88888184619357,-44.145092813557554,26.91435805823559,-44.1111383856431,27.98849281015745,-42.503695820940536,28.815001508406663,-40.82774322133489,28.854410788453603,-40.749857843914015,28.85671524153476,-40.74445246171289,29.488889085273495,-38.88229412883895,29.866596071349726,-36.98347978054579,29.87189359513011,-36.954915320041245,30.000026961418374,-35.00163719451579,29.871616697198494,-33.04210793436693,29.496534311246265,-31.156487913186474,29.490699730478994,-31.126786431991384,29.488431502786653,-31.11509251835148,29.486745827206782,-31.10898871760672,29.460823245139856,-31.035067600781083,28.85826645611137,-29.259977018847678,27.990416542014685,-27.50002488272739,27.274463235370064,-26.428562694005315,27.083437595999253,-26.12439925323217,26.999599491723465,-25.972458227068675,26.78964005083328,-25.74065345815246,26.7218412918021,-25.664582655911644,25.617986376004186,-24.405858604604735,25.60697220748609,-24.393747116038796,24.13139452156679,-23.099703224840955,22.51810304807345,-22.021704611933956,22.495618965856806,-22.0071278083604,20.75433695243301,-21.148460626247804,20.735181497878656,-21.139822621552554,18.89685624626636,-20.51576615795287,18.877460086136587,-20.50988571175182,16.973306071082526,-20.131116259348378,16.95334297795154,-20.127770239486505,15.016082111177884,-20.00081933939061,14.995811953916363,-20.000055270614837,13.058530559784536,-20.12700810039093,13.03835196330575,-20.128842274432394,11.134227975912609,-20.507605628469513,11.1144406346626,-20.51201105393831,9.275987466872982,-21.136074574866306,9.256954309430984,-21.142965865987158,7.515798796504392,-22.001624193809043,7.497772170883166,-22.010911118497862,5.883540157563478,-23.089539482345092,5.866884145266192,-23.101034497887394,4.407219908758975,-24.381110780805,4.392153698554197,-24.394660194496044,3.112077935465653,-25.85432507423431,3.098871665105625,-25.869688391552682,2.020260185299716,-27.483892084317677,2.009113676492849,-27.500843633732263,1.1504810836498804,-29.241958418561957,1.1415845690460016,-29.260224676425068,0.5175947187009426,-31.09845181470358,0.512696793386028,-31.112991542343437,0.5111131943335876,-31.11768470953234,0.1283360517684829,-33.04185593829585,0.1269562305267093,-33.06202531661919]}