{"Index":-1,"Tolerance":2.1350448897563788E-05,"Coordinates":[-6.212463736460873,-37.306437278824944,-6.195779343832986,-37.56233629175583,-6.180627124259652,-37.68018397541538,-6.146372205622152,-37.948900559503834,-6.14520093774786,-37.9557141709158,-6.1233751037486694,-38.06949954893962,-6.0692903586511795,-38.35312509612956,-6.064577326516463,-38.37732947316254,-6.062646126474535,-38.38704611599645,-6.053673471140619,-38.43409804001,-6.048865178763705,-38.45878074369376,-5.684913882160565,-40.288438440836394,-5.626674008653294,-40.510404905571505,-5.586915143630014,-40.66199666069188,-5.4472828021008315,-41.087883806380226,-5.436634697615331,-41.119789304450244,-5.434958018229684,-41.1247259963195,-5.431251885073091,-41.13602962030763,-5.420781363105675,-41.16741127810191,-4.82119493408712,-42.9337532972168,-4.6794931943505915,-43.282003775799744,-4.676802328886627,-43.288362660037194,-4.485353733322608,-43.68958923849059,-4.466982104911185,-43.727444318054395,-4.463604588319684,-43.73449291425397,-4.445664366009199,-43.77147316560907,-3.6206917756643318,-45.444332349445006,-3.6175928485452253,-45.449801809733316,-3.56142030226177,-45.54886513385561,-3.44001201634692,-45.762975208379714,-3.436928775913877,-45.768403565730736,-3.20860866722727,-46.1218821055247,-3.1836316265721636,-46.15990824038886,-3.1673399064709926,-46.18513072898549,-3.140208845053257,-46.22642586276362,-2.103881641563639,-47.77734681113038,-1.958276888822428,-47.97070943340892,-1.8842857284463599,-48.06898600401748,-1.611871003344931,-48.39120825917933,-1.5826103096786008,-48.4251983719004,-1.5640335736336894,-48.44717209709744,-1.5264924406303484,-48.490770679833005,-0.29633356553789647,-49.89351517458937,-0.15334018596965765,-50.039466659594616,-0.04597045453238857,-50.149114821623364,0.28495832362665263,-50.451610921823,0.31852178754898586,-50.481681895775175,0.36836304221098437,-50.526328323680545,1.7708263011445602,-51.75624015022388,2.039839013569127,-51.96765287072559,2.047217305595182,-51.973446151108256,2.413494290488208,-52.23065383173752,2.449866680891561,-52.25558850842725,2.511606471531304,-52.297903699013645,4.082106718840275,-53.34730926603179,4.090864844312189,-53.35247779449492,4.420282098390237,-53.54510865024026,4.8959949064870765,-53.78619398544453,4.9269602270482,-53.80167522893449,4.984391421759247,-53.83000193259101,6.657315594911548,-54.65501461491425,7.04559877081863,-54.81553496127962,9.111520017726171,-55.51364784650458,9.351054670140728,-55.594587333810274,9.799879491343964,-55.71057182813983,10.145456991985547,-55.773426146445324,11.842219918218612,-56.10731252533302,11.884823036249124,-56.11539410960026,11.907966872803565,-56.119620850228834,12.11777534133054,-56.161356339997155,12.61104390206933,-56.21992016400557,13.117076566345252,-56.240165714864226,14.794686288358763,-56.350098262695205,14.808410424616154,-56.35009600017867,14.823905259155127,-56.35111137498092,15.244999317513024,-56.35075200002831,17.360997596449142,-56.20846322858115,17.62604405663236,-56.191007064967266,17.63183844291171,-56.190244468238696,17.643554305102953,-56.18945627893721,18.050294993819975,-56.13554956087322,19.779609361306733,-55.791554566773044,19.8257396220002,-55.78202207161221,20.378189140744894,-55.663582514130674,20.733531162750154,-55.56553432682349,20.743755063713806,-55.56208421513816,22.346427967348507,-55.019117085492745,22.835569380144133,-54.864052973279044,23.2810272385442,-54.68480139847736,23.30554626527068,-54.672730958861436,24.821298922218805,-53.92569957179842,25.1689183759307,-53.76439775043705,25.469385596133066,-53.604899868005454,25.473509614349144,-53.602419017227916,25.49898013846037,-53.58889752124632,26.014500247002985,-53.27876489935525,26.141781918958266,-53.198018264022025,26.1557702529656,-53.18867128743058,26.182184794433233,-53.17191401581736,27.61436710769171,-52.21493246161988,27.632763206527542,-52.2017445772613,27.639038678347358,-52.197551143227386,27.80890050177425,-52.07577357530669,28.211487097058704,-51.76659878469308,28.24112915358802,-51.74227623370274,28.400986489157305,-51.61104421768298,29.707105114950885,-50.4656223174739,29.84003617058778,-50.34215328556938,29.843832806303478,-50.33841928803154,29.868881368018787,-50.31515296214328,30.23174301562423,-49.95826801840374,30.25094346562332,-49.9380190652828,30.412878645317615,-49.76663845372758,31.524228765584976,-48.4993708671403,31.555525159148686,-48.46313620516599,31.790557660772752,-48.18683357717628,31.79734215363286,-48.17813071924023,31.9722813378752,-47.95278544314993,32.27632559863299,-47.52255911242733,32.301310361692344,-47.48620737609652,32.314439666116655,-47.46762895802208,32.36142232618175,-47.399269508621224,33.36010031336276,-45.90474760006608,33.482617555973434,-45.69253943774083,33.531778623579726,-45.60912628343095,33.540092295477926,-45.59298929614052,33.56809317916172,-45.544489869093326,33.63535062143666,-45.408091165191244,33.645947724986335,-45.387521995828976,33.670649338462695,-45.338540974252865,34.346100073487676,-43.96990371956994,34.58355598852453,-43.51236715723504,34.772243642067124,-43.069771468064026,34.797167207349275,-42.996350423767154,34.80272814787449,-42.98293022826554,35.331327283631225,-41.425869577248356,35.417356922691155,-41.19545307213831,35.484520121982605,-40.995550371449326,35.5099418754904,-40.91066162069765,35.61466718244025,-40.561218431415206,35.68729556456822,-40.26922686293791,36.003341742984944,-38.68087471694205,36.044079505000504,-38.509620403173564,36.094255630692444,-38.25174222448361,36.105624156424184,-38.17692918790725,36.109375728967834,-38.15680058931384,36.1721503933603,-37.74372365987616,36.201279452668906,-37.47614047041552,36.20822426830636,-37.37115043513364,36.350287505369394,-35.236599239222805,36.350360205305414,-35.101393995377606,36.35085881814924,-35.08424134143252,36.350401152327755,-35.02524190441222,36.35051265870696,-34.81786555696656,36.343916713543635,-34.71712420870695,36.34283242395234,-34.68672844084899,36.21991731294352,-32.75541542435333,36.214213529186374,-32.679982649098825,36.18233468809817,-32.316096191211486,36.13361412516892,-31.974568059932558,35.754280105660996,-30.06417402160995,35.664423588993415,-29.61020782943383,35.53507001669958,-29.145297091652946,35.37683521130002,-28.70818897271706,34.80447020621092,-27.022042016403333,34.64540515757699,-26.638008188984433,33.87058343673897,-25.066712447504795,33.832107347569796,-24.978520185364033,33.71898349154096,-24.7456167163036,33.63750690476677,-24.593932510674414,33.59500709676867,-24.507709878621093,33.531343060043945,-24.397282835969758,33.500575648606045,-24.340670798924542,33.459606974625366,-24.272854600317498,33.388709465830914,-24.14988089914661,33.35166155078566,-24.09417055735122,32.86382236599462,-23.36393587617639,32.72471546723993,-22.874681396373003,31.081365144352265,-20.850644964526943,30.842031609579944,-20.724862830919747,30.527751075602463,-20.366489284088324,30.489552679360514,-20.323717163020188,30.18932961903179,-19.993596230785624,29.933806378072852,-19.74262769335795,29.927509344633634,-19.73707699948013,28.6220100213298,-18.591997148318438,28.52343173622947,-18.4982401027911,28.332058784117965,-18.33030955445791,28.22661892387245,-18.245017133007455,28.167488370397344,-18.193004146155772,28.063973799138054,-18.113450223743666,28.011499832348175,-18.0710029777003,27.947557796517717,-18.023981180619415,27.834100224278195,-17.93678577625069,27.77693268732841,-17.898506613583784,27.671507863140192,-17.828141709028127,27.336061620233906,-17.603996835869328,25.973707175493605,-16.69357898147121,25.82585489046344,-16.60055257021802,25.775437243451666,-16.570733970706836,25.73456228402119,-16.544235256395698,25.634858592939114,-16.48759128698584,25.57688194854871,-16.453302056080712,25.52654798272927,-16.4260575280557,25.41137297991235,-16.360623949162704,23.70531131729744,-15.519324906195527,23.605548355066766,-15.472265569466597,23.56798033576513,-15.454554364397817,23.15185077768733,-15.26689604455013,