{"Index":-1,"Tolerance":2.574509314121513E-05,"Coordinates":[0.7726030806814806,-50.88861760222492,0.8482074675627204,-51.95944546764066,0.8749085136486754,-52.56267678060328,1.090119124138691,-53.582412773180764,1.5712097534180267,-54.816357821654506,1.6953296557127207,-55.09451335742961,2.3958789528616693,-56.48164149136957,2.5828706472628276,-56.80352824601539,3.194785478215088,-57.72763662586765,3.3454153376070392,-57.93624011432155,5.298715808262105,-60.42255828247703,5.654378861665137,-60.8057217611649,6.0536888801008155,-61.17056187495597,6.414658312424422,-61.45533633632008,9.941740281012358,-63.84548059878385,10.513051374379494,-64.15278449294189,10.98192886244541,-64.34630248341516,11.195886029533108,-64.42573711928044,15.578657886891378,-65.87597245948064,15.955380435703002,-65.97546813889973,18.843264391833046,-66.55147052653098,19.11625810755117,-66.59367275156787,21.072779686737505,-66.80952751278669,21.337030376810947,-66.8275711010693,22.63846008919418,-66.8620294598034,23.062635362279522,-66.84490142855599,25.011710908681653,-66.63518309521079,26.654783771037692,-66.50977544500847,27.07883890654496,-66.44844743687297,28.778352214841014,-66.08429609163312,29.223605608957524,-65.95428729522767,30.61639350333574,-65.43463690447363,30.81389609522831,-65.35328167819362,32.099411702798555,-64.77244729581284,32.25460331317602,-64.6971872205831,34.23715195775796,-63.6683372909557,34.86404960537736,-63.24128482731364,37.10772231109397,-61.28404543714307,37.19624386964188,-61.20384323584621,37.64621016690915,-60.7804841157512,37.93151026903833,-60.474212840807155,38.34398257805908,-59.96837040805733,38.489826733080484,-59.77488796699231,40.05805301821121,-57.520395897156114,40.16133108508178,-57.3620703333751,41.52326983305169,-55.13186203120115,41.55709340036166,-55.0751579041615,41.69909092843845,-54.83137753344139,41.862328572179514,-54.510640744092484,43.52635201266936,-50.72478309073624,43.5472900175149,-50.67604535697514,43.79188098770325,-50.09333290709617,43.94206926786074,-49.64450748759829,44.132453248958164,-48.89393885663705,44.149953884329314,-48.82137587588736,44.814169013002044,-45.918016210125494,44.87350949451431,-45.57134903051336,45.12175114580012,-43.40625956201238,45.139497511283906,-42.907058666982664,45.04034704435842,-40.60741354311411,45.03528683332541,-40.51882994194583,44.847330834163515,-37.877290330908195,44.80203208486693,-37.52319483147451,44.0324249223023,-33.37493587809911,44.01515200408911,-33.288535140813764,43.769046620267254,-32.14058799089914,43.70679528323869,-31.89750371503066,43.48378983436602,-31.150778673041483,43.4403648469309,-31.016352839960177,42.01020592819011,-26.904213982208866,41.92143202499489,-26.677394039340683,40.89822898660973,-24.332263843437243,40.68969246306484,-23.933844489013254,40.40032615131517,-23.465025448954005,40.21848098154413,-23.113041337448493,39.81495296891732,-22.511427813148522,35.52243885429513,-17.464301310022236,35.48646000696892,-17.422732156130618,34.91981481934774,-16.77938453934895,34.22533509348306,-16.188096544192792,33.61496095466348,-15.803786901232328,33.401590300654995,-15.680728665671616,29.27710474537346,-13.510608880300635,28.7983618086519,-13.30681076904346,27.19830046105017,-12.77556416855183,25.74882054707268,-12.641366506106428,23.315676254727464,-12.974142502809942,22.115287805319305,-13.392637400196572,20.46937997932169,-14.368063889218515,20.394214084269183,-14.345275122253783,20.160217619317315,-14.283957697863375,19.62957803528718,-14.166303077852765,19.524616300456053,-14.144881698983871,18.77764645386186,-14.005516728416676,18.720102711764483,-13.995327656085756,17.727460101908456,-13.828970389805313,17.57120980146195,-13.80676087243331,17.18227642102815,-13.761306154464545,16.980452168994415,-13.744221848273696,16.021926669004436,-13.69380127412772,15.974620842168909,-13.691666499304548,14.945246752741047,-13.6529033527227,14.728977215303052,-13.652128217831187,14.257307977955655,-13.666504911466298,14.10450079839531,-13.674851863833645,13.252625987475206,-13.742006325610545,13.214686667771836,-13.74522614909304,12.157583367601239,-13.84132763065993,11.872122311454943,-13.880399280099164,11.324155138211347,-13.980901229613435,11.249906135648871,-13.995435589617808,10.511001848928426,-14.149240126753808,10.468042843925915,-14.158492760005622,9.498981290062527,-14.374239898877976,9.311738867262303,-14.421948864039766,8.99535556566028,-14.512897453996962,8.829021436801515,-14.565701818577347,7.877052460320336,-14.896971787165404,7.83960138088095,-14.910267507685829,6.882822821100981,-15.25669663053625,6.69067079668929,-15.333439236401137,6.343798385187713,-15.485256634927172,6.185785866055057,-15.559657419745351,5.326446083852726,-15.993540849715654,5.303319359543215,-16.00533650768503,4.357091974528353,-16.492839678193345,4.0922409587997235,-16.6458576926114,3.6923888967116243,-16.903313782061616,3.63043639804111,-16.944236163764494,2.958710547026744,-17.399310327773627,2.9360275452234803,-17.41482101476347,2.1109645622386717,-17.984256342006553,1.9644610895252081,-18.091682759307776,1.7273680813153927,-18.27619158869576,1.5678216675033845,-18.408946680948297,0.90925071605295,-18.99438743346215,0.895589173755957,-19.006602713154884,0.013238613932785068,-19.800138508668425,-0.11732471795790012,-19.924441377801084,-0.3047085466572544,-20.113265562562503,-0.44927100872120374,-20.26903316314015,-1.018094432918413,-20.924636550309728,-1.0268618987789528,-20.93478480411076,-1.8805117027513603,-21.9271045912225,-2.112719508111399,-22.232550527541633,-2.6893458309185303,-23.094488247306877,-2.7066801518326398,-23.12067886488755,-3.4577151936692596,-24.26771260398666,-3.6558885537761263,-24.616618066224152,-4.675639867607645,-26.709583922074255,-4.8298633827744215,-27.085383818768616,-5.570653810555085,-29.28043515079146,-5.676003957724486,-29.674433470953208,-6.135967979348833,-31.978148747199693,-6.1901562506545,-32.3847233244414,-6.341461011797322,-34.60872690970083,-6.348692181204525,-34.8000130626692,-6.350688771146358,-35.06127812340425,-6.344026015644985,-35.29258986946586,-6.196871603952327,-37.545168968332355,-6.146924463567115,-37.935675820179064,-5.894165759621655,-39.25569568572895,-5.8896159782884805,-39.27898516982032,-5.699551067847769,-40.23293381966885,-5.602650486389219,-40.60202869214741,-5.201496795025818,-41.82557179982826,-5.196818653947624,-41.83972805347753,-4.9149820540449065,-42.68590387699455,-4.843035165590115,-42.88047430667053,-4.740446063662235,-43.132305307275296,-4.665199088593821,-43.30255832296384,-4.141479667967479,-44.3994021015433,-4.1332681688388195,-44.41646863220242,-3.762783019532994,-45.180631778962095,-3.667084276135754,-45.362746021399936,-3.5172783622150376,-45.62669372707753,-3.4230086914530835,-45.782238288954474,-2.878163861590411,-46.62574810354973,-2.8617057579361322,-46.65096479037376,-2.440696559730188,-47.289389237266626,-2.4062534479787505,-47.340531744456726,-2.113972315577595,-47.765556127297245,-1.9223685477236,-48.01649252560432,-1.2297647425456573,-48.835733313516364,-1.2082251773550077,-48.86094302667395,-0.6760359363486412,-49.47726679695658,-0.6157198850334135,-49.545132000210245,-0.288214265639865,-49.903184505876546,-0.08747747543733642,-50.10385575577944,0.6908204201699448,-50.81528730196364,0.7178915349491048,-50.83974861995813]}