{"Index":-1,"Tolerance":4.634631658530266E-05,"Coordinates":[-0.6846367688592763,-49.45408637487673,-0.7283312081937109,-50.8999348496727,-0.6336541831313595,-51.77355504274292,0.4273324283846277,-55.99709420800072,1.3317391499315667,-57.55029716077694,3.336536209840101,-59.464661641837594,3.3862502441661064,-59.51112496609372,5.437345137423939,-61.3873310944435,6.100072718049294,-61.853916714626244,11.703936985886784,-64.8139777006193,12.210342901996833,-65.02775820308759,16.100096215747914,-66.2864017419857,16.49379599736699,-66.38650857244168,18.338677061482507,-66.73184382914907,18.41357074984037,-66.7449367619086,20.93157453082545,-67.15412873427628,21.179774516740494,-67.1844910694886,21.91134267855953,-67.2448740575756,22.288525456706466,-67.25353395695902,25.247555531096914,-67.14565424172815,25.455699760565114,-67.13120751055925,28.418453501166525,-66.82750304583358,28.6894325133989,-66.78785805551519,29.742052034617707,-66.58717133681745,30.143573484581378,-66.48306509278989,33.22253071720314,-65.46617346105239,33.63337728116441,-65.29782824133902,35.91264988587718,-64.17203355770536,35.9971005504505,-64.12873927480713,37.53774726011876,-63.309612148086615,38.10158999733246,-62.92729524272384,39.27279666812316,-61.93472978685474,41.292650998822296,-61.117284536900975,42.684002971599455,-61.48112573665192,42.94677685854606,-61.538079200011246,47.69184987087669,-62.35798721335574,48.56214348116815,-62.59808633936585,50.57154419112287,-63.29150183379793,50.72660619915801,-63.340604957452655,52.274028592289255,-63.78735660253858,52.6526093515187,-63.872011400571054,53.69609370164025,-64.03925173930233,53.650179189059685,-65.13944904719877,53.659156668975754,-65.54491238822023,53.884149529883075,-68.15513995414912,53.95253362687133,-68.59137657109207,54.47852766386324,-70.8895086576893,54.58898831544225,-71.26440833318777,55.31592867587469,-73.26791658601702,55.47116445714858,-73.62562127195052,56.54042436559569,-75.7262428145024,56.75202026185604,-76.08241566519709,58.0977297049484,-78.04406089624538,58.366395395994346,-78.38357330213016,60.0930233157239,-80.28373740833601,60.405390698113244,-80.5836400893525,62.223692102776255,-82.10548784153454,62.55689456546635,-82.34938640419452,64.54172419622837,-83.61283824749165,64.88863575811042,-83.80437953626542,66.8644926476304,-84.73963308045082,67.23259379765304,-84.88652925880767,69.4707144779711,-85.62153307315347,69.87116492052868,-85.72472626775212,72.21094355053793,-86.16769291636265,72.63764986860383,-86.21890729578094,75.15944338127723,-86.3496451950539,75.57735761500399,-86.34379438201874,77.80305678119214,-86.16581662153625,78.19753463398091,-86.10920646596698,80.50224464400166,-85.62935587301305,80.9026764461841,-85.51823492197168,83.1602396397745,-84.7295153391944,83.54339068942409,-84.56677883592447,85.65455407083654,-83.5018698228107,86.00968153657342,-83.29281581267348,87.96316144434601,-81.96517458342117,88.29603737090059,-81.70499206692729,89.40331570309941,-80.71418339983381,93.41422743473048,-82.146690778642,93.64071558199981,-82.21815290457629,96.45452371869787,-82.99156753147072,97.10369473921779,-83.09946226178383,99.0743179988133,-83.22012995323936,99.2090392091002,-83.22551153589946,106.88869231377097,-83.36908232568962,106.94419037188379,-83.36963469119587,109.29659249502933,-83.37248656227911,109.71511970640267,-83.34532286716428,112.95961305787341,-82.91838537361274,113.23120322485933,-82.87057379580894,115.03022393637002,-82.47266068881781,115.32390289619549,-82.3927725458814,116.115247523853,-82.13620933662418,116.34720421462694,-82.05089795919625,117.43903506564106,-81.60037063427419,117.80112687573606,-81.57617579948376,119.74350297047272,-81.68344233030696,119.84147141335954,-81.68733650610172,121.89654967679344,-81.73726087552939,122.03883703001493,-81.73752863719815,124.84429066885673,-81.67993938810532,125.38511507535225,-81.6223287866533,127.66208077262782,-81.18035527400345,127.99399099067107,-81.09716015606391,128.05462012309778,-81.07844065161775,128.45191569673653,-81.04574864552167,136.38546918057497,-80.71241005663782,137.2988676402391,-80.7510856495628,137.39439754230216,-80.75369119067274,141.7628579207445,-80.80706971909281,142.00123170020169,-80.80103081374986,142.6632695291639,-80.75935014090014,142.88031733999563,-80.73818318120559,147.87044891846773,-80.07789676307317,150.9551666416017,-79.71632810154456,153.69321236260228,-79.72216069961421,154.34715896077873,-79.6556937935181,156.81549503315122,-79.14321223158687,156.87915143630116,-79.12931294879938,160.00216894648133,-78.41375788358826,161.3686615530252,-78.13485339880535,161.4303355163402,-78.12162613319195,165.63510687585895,-77.17604255835492,165.66417500374848,-77.16936202673695,171.76561421824115,-75.73690453171912,173.52122709023806,-75.32362922827087,173.88097422536478,-75.2058461865574,173.93292284812654,-75.19824772256868,174.43788095142878,-75.08171583226712,175.18059182680057,-74.84513888773375,175.4576090372873,-74.74248313674659,177.0524639833555,-74.06555326852795,178.9795654230668,-73.38563593882736,179.7618759560771,-72.98065119119438,181.49519968620288,-71.75314423775936,181.55836241188223,-71.70723709634753,183.36253630899387,-70.36173851042642,184.04477080947217,-69.29944224006042,185.50480372060372,-68.08366109350753,186.7037993716134,-65.54813012777461,186.71043569793304,-64.60052761785795,186.92767618376757,-63.53006109945601,188.3368031827087,-58.840262168559015,188.46055999342494,-58.18738813017285,188.63664541083844,-56.06520199870489,188.61376056920867,-55.33904051405812,188.45205181492383,-54.237741502255496,188.41130711596873,-46.01090517657934,188.39883511124796,-40.83415178056498,188.41646064871833,-30.55113944499951,188.41646295977898,-30.541831992473945,188.41219947143418,-27.03981740252856,188.4116456440557,-26.98425638755094,188.3319378273137,-22.726340720204217,188.4921333390016,-18.51604396792647,188.46878452931168,-17.992023885971413,187.70141167365242,-11.986322510277738,186.09030320611228,-9.5337934453351,185.143628379577,-8.972184770752797,184.9655488059694,-8.639972474146937,183.66108211370687,-7.325663061341906,181.68437517513047,-6.246859902616161,181.58300770993972,-6.116932776640072,180.13882795633396,-5.066486694733101,176.8515546624056,-3.8685503089282203,175.72924300774238,-3.3414155009729587,174.610428455469,-3.0640584534769486,174.5853142519364,-3.0606906263369225,174.5204224394213,-3.034388764057327,173.2991504604586,-2.868554071380118,168.55459808150087,-1.8711167126965322,168.45658763422685,-1.8521160097954197,166.69889311637394,-1.53995007387622,166.3283974658771,-1.496389607025241,162.96567519959137,-1.3001022360815362,162.77742365562372,-1.2947074477257066,162.15035170012536,-1.295338540253939,161.05805660876075,-1.193781077631922,161.01531494255718,-1.190098194939541,149.21178429734695,-0.2533238488690363,148.7801287429798,-0.2484707466980569,141.55820511042126,-0.6584863850125072,137.98426398510546,-0.7350006390686556,137.86793831133102,-0.7396256960717993,137.8438311897141,-0.74102721070309,137.79855611029987,-0.7334752228972126,133.1878752032472,-0.05899901955293907,133.03984916372252,-0.04088407004978094,131.49944764536073,0.11100723841397861,131.3078126198829,0.12406640835331802,127.08915016354288,0.2835842895385218,126.9711910849835,0.2858511872157834,125.96420777207244,0.2864917980210511,121.46431735571193,0.753823819476034,115.39473783858173,1.5749846073094733,115.30914207645807,1.5853835195343773,113.9454659951696,1.7322944158561127,113.59991709784366,1.7505695030704884,108.47842875459736,1.7421609127261337,108.42175250842143,1.741561955340037,103.66029756170525,1.6487328294221901,103.62145167317396,1.6477376544070377,100.91177518148116,1.5617242706207233,100.88891003327652,1.5609159839727054,95.92015524463133,1.3673422725855822,95.78259859427332,1.3589905971765697,95.07798701509412,1.3008403360749268,94.70932268030333,1.2485250628540208,91.27257949057069,0.5533440786771457,90.49528337142792,0.2881938969468132,90.08301785319198,