{"Index":-1,"Tolerance":4.634587605131301E-05,"Coordinates":[-0.6931044004952169,-49.44427129614384,-0.7391105056630123,-50.28783256481021,-0.7334735698188728,-50.717278225575846,-0.6764473765145532,-51.4220841627242,-0.593132056767356,-51.931792265046084,0.16067692228592584,-54.968509651441906,0.19394230914633778,-55.09185245391055,0.5050751925581707,-56.15956989831508,1.375521244297342,-57.592104328213686,3.3296756769538804,-59.4581105745295,3.365428762482482,-59.491726514104975,4.76809795408203,-60.79027475560355,4.834341821786133,-60.84989677862144,5.521380168825832,-61.451020523080864,6.131202864211214,-61.87036021267294,11.649379156602198,-64.78515928278705,12.038806746693586,-64.95853520017911,12.57725371140948,-65.15615572539295,12.704108666893717,-65.1996967801245,16.09367908820893,-66.28365711479428,16.431186936842614,-66.37149541052673,17.412754135413152,-66.57016221770704,17.500416661294793,-66.58662667637407,18.40172036457663,-66.74283337344824,18.434626121875556,-66.74835839664843,20.93157453082545,-67.15412873427628,21.179774516740494,-67.1844910694886,21.91134267855953,-67.2448740575756,22.288525456706466,-67.25353395695902,25.247555531096914,-67.14565424172815,25.455699760565114,-67.13120751055925,28.418453501166525,-66.82750304583358,28.6894325133989,-66.78785805551519,29.742052034617707,-66.58717133681745,30.143573484581378,-66.48306509278989,33.244828246505044,-65.45880922399341,33.697745129747304,-65.2693068059878,34.8548787123489,-64.67634610667358,35.8482494000286,-64.20423813352016,35.975907461881086,-64.14000716227105,37.53774726011876,-63.309612148086615,38.10158999733246,-62.92729524272384,39.27395378984344,-61.933749158007224,39.63704133742746,-61.78652670384394,40.695095197773476,-61.368716436941064,40.72285400249901,-61.35760350971771,42.131208685060415,-60.7860754148047,42.81918293614951,-60.8348452604457,42.861735507700175,-60.83757473060826,43.32676485304162,-60.86426914422365,43.732992387253006,-60.861583274103346,45.24440511279711,-60.75475446437448,48.55855712684831,-60.565802071683585,49.205725662790606,-60.46129787644024,50.424539805190456,-60.13283225830571,53.33196512480388,-59.49556622883734,53.39959662782465,-59.479965739535224,54.462458348633845,-59.222529676419185,54.35113419570233,-59.579199525788425,54.268683453972386,-59.901985643636976,54.01518284528191,-61.16791607581772,53.99687552774651,-61.26757277693104,53.828074499762465,-62.27681074965581,53.8033810389441,-62.455510049423246,53.74836288788733,-62.95869259330504,53.73230904974451,-63.17146449188418,53.65154056878516,-65.10682785131084,53.65557709346783,-65.4470674417773,53.74303474181103,-66.78171269159607,53.75428560877044,-66.91213765544282,53.895369912327915,-68.2298032018479,53.94743471937826,-68.55537401515573,54.161039970324,-69.55515881664009,54.17865184493378,-69.63281295082007,54.491929139033296,-70.93801736322038,54.59471219365829,-71.28018381886477,55.30905564889429,-73.24897395051805,55.4462103418229,-73.57058425370664,56.00528737363239,-74.70426195720484,56.04464122771996,-74.78139285895159,56.56586442350374,-75.76943935455665,56.73429577951694,-76.05218896032083,57.429989798160605,-77.09333741736374,57.477215844498964,-77.16204391990118,58.12212907909867,-78.07439612905219,58.32783310886992,-78.33530729412165,59.16321940443117,-79.28789458851814,59.23705660256034,-79.36920959391679,60.13639942797355,-80.32585123963898,60.381071801155684,-80.55978499774274,61.19452139821562,-81.25849947888688,61.25055917101529,-81.30552235126225,62.24747785811692,-82.12268016550533,62.52272497958109,-82.32458520655449,63.42622007813456,-82.91541589545103,63.48577097564103,-82.9534195339671,64.58292716224183,-83.6365361181632,64.90296216630944,-83.81116080879313,66.82190866087132,-84.71947634503479,67.10080282357865,-84.83559596200053,67.6306988803475,-85.02720039330269,67.7396224692779,-85.06436798862076,69.48699866486882,-85.6254754118643,69.83860528630282,-85.71657837497666,71.10241632826553,-85.96796049889076,71.16623795832871,-85.97997794547852,72.24251367045996,-86.17126182195642,72.59069887150048,-86.21348282091346,73.8524695067718,-86.29618521491844,73.9386648069997,-86.30065922539983,75.22391437960971,-86.34986568310515,75.59878904894069,-86.34208062003603,77.78727078280704,-86.16707894695841,78.15065221761787,-86.11677816129325,79.1793957576032,-85.91326506833211,79.23377048899525,-85.90201334085637,80.52090358217123,-85.62390913524284,80.86677387855728,-85.52845373616607,81.86345862947282,-85.19176625261923,81.91758908297663,-85.17293459721509,83.19433254515884,-84.7158042935622,83.55433197041718,-84.56125985579857,85.65455407083654,-83.5018698228107,86.00968153657342,-83.29281581267348,87.95001713772557,-81.97410783291599,88.25904928968748,-81.73504177646284,89.1301411158006,-80.97112461111553,89.17373591823072,-80.9321777065723,89.4104646799731,-80.71673667520054,93.40203292418292,-82.14233547802479,93.60356216834701,-82.20682713525197,94.5151840723274,-82.46541254355105,94.55258410344975,-82.47577467863731,96.41485511173686,-82.97950495963103,96.92974022734003,-83.07414278211957,97.65064901872117,-83.14602273412723,97.81040151994299,-83.15789063680998,99.15344967970735,-83.223654748806,99.29132298482236,-83.22740689213073,101.1794439016374,-83.23776937626172,101.46229739695619,-83.2709020619487,105.45374991932569,-83.34310828560157,105.46451444891036,-83.34233432947717,106.12335146795506,-83.36090797600582,106.14610425318183,-83.35726519535768,106.54749304710657,-83.36857994127453,106.57024333585858,-83.36493749143226,106.97162637216759,-83.37625186591208,106.99436683651288,-83.3726109403608,107.39573613846045,-83.38392588728217,107.41849129062905,-83.38028265877941,107.52306616333983,-83.38323055570672,107.59143615209949,-83.39816949085274,108.12175274746683,-83.39393315536486,108.3449397310954,-83.43504614354309,109.31651836220446,-83.36839380407804,109.92293442098725,-83.34923667267668,110.13540836435496,-83.29975973197483,110.36783409003674,-83.29166896795834,110.57798529894832,-83.24130695050106,110.85047093819414,-83.22986320945488,111.02481393618645,-83.18542698745716,111.26473259433021,-83.17535126924359,111.4390806420746,-83.1309139117105,111.67900548049467,-83.1208378358688,111.85335174458062,-83.07640078141516,112.09327348049459,-83.0663248358688,112.26761974458053,-83.02188778141516,112.50754148049467,-83.0118118358688,112.68188759352455,-82.96737481991605,112.92180875432736,-82.95729891684921,113.94905365606044,-82.69547679644015,115.12134885079838,-82.45799078673015,115.6561754483367,-82.28529729443508,116.82919171728355,-82.04766315392348,116.93485506350267,-81.96191622828583,117.10151602840513,-81.92815388560281,117.20718693535858,-81.84240106456933,117.37385202840485,-81.80863788560286,117.47952293535833,-81.72288506456938,117.64681995030683,-81.68860907571678,117.77045792076899,-81.68283279646909,117.85818682781716,-81.70736196952977,118.49236849950556,-81.61845134647355,119.19925521329529,-81.7013301128154,119.29769543907716,-81.67959369736533,119.78387024230027,-81.73659596447223,119.88231600498601,-81.71485841197678,120.36847732332511,-81.77185909802895,120.46692421399796,-81.75012180327074,120.95309929155206,-81.80712420826407,121.19815854136215,-81.75301460260513,121.9913008614244,-81.77755560349932,123.9579577529859,-81.19185303915141,125.25156265371484,-80.2880437453946,125.99263371979707,-79.56596174164953,127.1008303299086,-78.06438501973562,127.50535380241668,-77.33105748710727,127.8769568624029,-76.37973672429894,127.94713394476094,-76.18082974171024,128.28010727232115,-75.12673352987474,128.4084973227227,-74.51914612474776,128.60253064632653,-72.7708131278243,128.65070747200633,-72.3619276382534,128.67246306140208,-72.01165264729144,128.68239095178689,-70.54667073675276,128.70749455216162,-69.72734262913926,128.70898343180443,-69.62841269803101,128.70743625675053,-66.72161944523924,128.71035392671274,-47.51752575284608,128.7116438886814,-40.62840801048262,128.71103899617862,-23.188205700923245,