{"Index":-1,"Tolerance":2.735257987152464E-05,"Coordinates":[-0.6931044004952169,-49.44427129614384,-0.7391105056630123,-50.28783256481021,-0.7334735698188728,-50.717278225575846,-0.6764473765145532,-51.4220841627242,-0.593132056767356,-51.931792265046084,0.16067692228592584,-54.968509651441906,0.19394230914633778,-55.09185245391055,0.5050751925581707,-56.15956989831508,1.375521244297342,-57.592104328213686,3.3296756769538804,-59.4581105745295,3.365428762482482,-59.491726514104975,4.76809795408203,-60.79027475560355,4.834341821786133,-60.84989677862144,5.521380168825832,-61.451020523080864,6.131202864211214,-61.87036021267294,11.649379156602198,-64.78515928278705,12.038806746693586,-64.95853520017911,12.57725371140948,-65.15615572539295,12.704108666893717,-65.1996967801245,16.09367908820893,-66.28365711479428,16.431186936842614,-66.37149541052673,17.412754135413152,-66.57016221770704,17.500416661294793,-66.58662667637407,18.40172036457663,-66.74283337344824,18.434626121875556,-66.74835839664843,20.93157453082545,-67.15412873427628,21.179774516740494,-67.1844910694886,21.91134267855953,-67.2448740575756,22.288525456706466,-67.25353395695902,25.247555531096914,-67.14565424172815,25.455699760565114,-67.13120751055925,28.418453501166525,-66.82750304583358,28.6894325133989,-66.78785805551519,29.742052034617707,-66.58717133681745,30.143573484581378,-66.48306509278989,33.244828246505044,-65.45880922399341,33.697745129747304,-65.2693068059878,34.8548787123489,-64.67634610667358,35.8482494000286,-64.20423813352016,35.975907461881086,-64.14000716227105,37.53774726011876,-63.309612148086615,38.10158999733246,-62.92729524272384,39.420855102977185,-61.80925433358829,40.80869697999792,-61.06487372382776,40.88207540513809,-61.02125300584965,41.57463800183048,-60.6535699597578,41.82690085923895,-60.50433399573432,42.96164518157563,-59.760298963677,43.33096246057695,-59.477446394848904,43.83940179780703,-59.025345685888745,45.640408467298826,-57.6701368861077,46.01424520089326,-57.339869869480786,47.435100407595534,-55.87070498398524,47.483323786939664,-55.81972652938267,47.73823154490373,-55.54421980759574,47.87780624191818,-55.38281051067707,50.40686184965819,-52.251381331624216,50.72174574604826,-51.78145641874584,51.71857326044429,-49.96254766421898,52.05053507576164,-49.37118414348802,52.254597726601226,-48.932448012912,52.97121571722201,-47.02389405518683,53.093777723978924,-46.61647339817001,53.79315687480978,-43.564077487960745,53.86923901888889,-43.01832271818338,53.902460704843534,-42.37745346829395,54.05207094621808,-40.44854829608012,54.0477091358905,-39.905679738391,53.87403657415624,-38.05316532437939,53.84853118598389,-37.85108445105929,53.577833518358716,-36.14796093328109,53.51815656904453,-35.85950157356413,53.351049795273916,-35.206105186781826,53.325275544722075,-35.1114436207069,52.97724676683614,-33.9069601171843,52.8950099324694,-33.66060138012244,52.60662864378027,-32.901536941137266,52.53705395774324,-32.73312540163587,51.86018078471103,-31.219295290607874,51.7996110391647,-31.09154198016489,51.46047657272374,-30.415543682861582,51.280721089768704,-30.102879548878576,50.012878942879446,-28.161611502257653,49.91129412442409,-27.975379215162125,49.65408005295883,-27.577541727369727,49.10969200655885,-26.859205023766147,49.089762195454576,-26.833187085321086,47.71435633117927,-25.05669317696345,47.345403071031065,-24.656270904066268,45.77034616708816,-23.216414956902888,45.73208452772198,-23.17956484249603,45.605086876992644,-23.01006748508414,44.99559682723694,-22.393197199941014,44.02218870026048,-21.64540077079687,43.26808547135964,-21.048613718244397,43.051565644862485,-20.89162126313008,41.44562630476419,-19.82738224438033,40.94752830709752,-19.55778099507003,40.801407504572296,-19.494797203019875,40.669417870507324,-19.415190773776192,40.6599690757881,-19.40951430140891,38.65813220495557,-18.211611888255643,36.54019798477091,-16.712038738789676,36.524432028191804,-16.700947576775953,33.46309432010113,-14.561195813837431,32.75559607460883,-14.18899030723497,31.512386612323706,-13.723071608251447,31.170068451238013,-13.616384901697844,31.003212048405196,-13.57454854523104,30.69656165101598,-13.449325859297888,30.265488602256504,-13.341241931856441,29.958844883948995,-13.216021291668842,29.527755713657072,-13.107932959839365,29.221115260374024,-12.98271433861731,28.131706893896137,-12.709563069235797,27.613674923286897,-12.624346842247267,26.675658494159386,-12.548757427255524,26.16959244840571,-12.548374213909735,23.565741222882167,-12.75423518551579,22.080389124850363,-13.253801830151106,20.382873305337046,-14.341836829287239,20.36102152534998,-14.33521181508975,20.059078103898205,-14.259602696958307,18.818648487364054,-14.01285967016554,18.694324705977365,-13.990689939903534,17.36069706569732,-13.780145846616307,17.007573916637458,-13.744464831408148,14.97946403144288,-13.653496400786157,14.740381033241562,-13.651780624255455,14.246991497891456,-13.666819362487335,14.073604208738153,-13.676855821409651,12.159067732156208,-13.840310766285151,11.807856257905607,-13.890168874881331,10.549941934040758,-14.141060342812803,10.480989320405806,-14.155610419613643,9.425608195321548,-14.390575326898484,9.09478189562975,-14.48325844085228,7.894364073674393,-14.890739875531505,7.80030061494949,-14.924328674545785,6.572558738866299,-15.384637032490465,6.244089554235151,-15.529442707146695,4.349713212446071,-16.495859281247302,4.028288640633725,-16.68435945116676,2.9759052723646198,-17.38755981400892,2.920684955960217,-17.425305273853397,1.9146809207579956,-18.12861340247274,1.6161433918640218,-18.36517746516756,-0.05767076704897317,-19.86329112741818,-0.3386926809089839,-20.148685098574816,-1.8740355656086742,-21.918323047447366,-2.1251502680629906,-22.249171080913953,-3.447600962270334,-24.250800361331912,-3.6530101463020572,-24.61071034295796,-4.675639867607645,-26.709583922074255,-4.8298633827744215,-27.085383818768616,-5.570653810555085,-29.28043515079146,-5.676003957724486,-29.674433470953208,-6.136440488912054,-31.980515296424826,-6.190954047898254,-32.39191559665466,-6.349866082497356,-34.781312489098575,-6.350111725798553,-35.19943232606637,-6.196558709482325,-37.54995862795025,-6.144789553656516,-37.94990991597382,-5.703104228854379,-40.21945398775064,-5.5988808243040475,-40.616333065244,-4.856201772550847,-42.84693027829898,-4.7055252626097985,-43.21916754320966,-3.7354401071798606,-45.23849570600908,-3.5510831015982034,-45.56997829802728,-2.8891134917961465,-46.608966310966835,-2.851305776445248,-46.66690435235018,-2.1426634566770395,-47.72742829986372,-1.906557866579669,-48.03772200108837]}