{"Index":-1,"Tolerance":4.634587605131301E-05,"Coordinates":[-0.6931044004952169,-49.44427129614384,-0.7391105056630123,-50.28783256481021,-0.7334735698188728,-50.717278225575846,-0.6764473765145532,-51.4220841627242,-0.593132056767356,-51.931792265046084,0.16067692228592584,-54.968509651441906,0.19394230914633778,-55.09185245391055,0.5050751925581707,-56.15956989831508,1.375521244297342,-57.592104328213686,3.3296756769538804,-59.4581105745295,3.365428762482482,-59.491726514104975,4.76809795408203,-60.79027475560355,4.834341821786133,-60.84989677862144,5.521380168825832,-61.451020523080864,6.131202864211214,-61.87036021267294,11.649379156602198,-64.78515928278705,12.038806746693586,-64.95853520017911,12.57725371140948,-65.15615572539295,12.704108666893717,-65.1996967801245,16.115858314541065,-66.29074987246248,16.499155602701435,-66.38751181363702,18.338677061482507,-66.73184382914907,18.41357074984037,-66.7449367619086,20.93157453082545,-67.15412873427628,21.179774516740494,-67.1844910694886,21.91134267855953,-67.2448740575756,22.288525456706466,-67.25353395695902,25.247555531096914,-67.14565424172815,25.455699760565114,-67.13120751055925,28.418453501166525,-66.82750304583358,28.6894325133989,-66.78785805551519,29.742052034617707,-66.58717133681745,30.143573484581378,-66.48306509278989,33.244828246505044,-65.45880922399341,33.697745129747304,-65.2693068059878,34.8548787123489,-64.67634610667358,35.8482494000286,-64.20423813352016,35.975907461881086,-64.14000716227105,37.53774726011876,-63.309612148086615,38.10158999733246,-62.92729524272384,39.26586619535335,-61.94060317200163,40.71863374645356,-61.359295079968,40.73995773218044,-61.35067279632234,41.29188369044703,-61.125173855932005,42.693516671574805,-61.48284656977045,42.901481670316436,-61.528549074220535,43.84523189682697,-61.70300756719242,44.08776358853031,-61.73249622400391,44.26814635552641,-61.7774640707232,44.847086032098886,-61.86599999247434,44.98042280293819,-61.899239683676534,45.55935259638716,-61.98777439197184,45.692701325636264,-62.02101706520392,46.27164104185552,-62.109552994906586,46.40497780293819,-62.14279268367653,46.983907596386985,-62.23132739197181,47.11725570460718,-62.26456991038681,47.6961985360748,-62.35310643567783,47.82953837024696,-62.386346731763155,47.97832909402839,-62.40910093304009,48.16330575553554,-62.50683382860089,48.62558385592633,-62.62145087874904,48.87062461422123,-62.75091949946225,49.33290591178618,-62.86553753307441,49.577949027196276,-62.99500754744975,50.0905752705255,-63.122108319394705,50.52508180225235,-63.33691291103909,50.76075633012292,-63.382031084998886,51.85569236055463,-63.703456449546096,52.08377246270833,-63.807692365655626,52.31023092487269,-63.83688910650149,52.446404143432794,-63.876863612044055,52.62847482837519,-63.87791952191425,53.36964343244764,-63.97347659427698,53.69630494295114,-64.03419000373127,53.65154056878516,-65.10682785131084,53.65557709346783,-65.4470674417773,53.74303474181103,-66.78171269159607,53.75428560877044,-66.91213765544282,53.895369912327915,-68.2298032018479,53.94743471937826,-68.55537401515573,54.161039970324,-69.55515881664009,54.17865184493378,-69.63281295082007,54.491929139033296,-70.93801736322038,54.59471219365829,-71.28018381886477,55.30905564889429,-73.24897395051805,55.4462103418229,-73.57058425370664,56.00528737363239,-74.70426195720484,56.04464122771996,-74.78139285895159,56.56586442350374,-75.76943935455665,56.73429577951694,-76.05218896032083,57.429989798160605,-77.09333741736374,57.477215844498964,-77.16204391990118,58.12212907909867,-78.07439612905219,58.32783310886992,-78.33530729412165,59.16321940443117,-79.28789458851814,59.23705660256034,-79.36920959391679,60.13639942797355,-80.32585123963898,60.381071801155684,-80.55978499774274,61.19452139821562,-81.25849947888688,61.25055917101529,-81.30552235126225,62.24747785811692,-82.12268016550533,62.52272497958109,-82.32458520655449,63.42622007813456,-82.91541589545103,63.48577097564103,-82.9534195339671,64.58292716224183,-83.6365361181632,64.90296216630944,-83.81116080879313,66.8644926476304,-84.73963308045082,67.23259379765304,-84.88652925880767,69.4707144779711,-85.62153307315347,69.87116492052868,-85.72472626775212,72.18962374967082,-86.16365665386414,72.57291900926704,-86.21231744494838,73.8524695067718,-86.29618521491844,73.9386648069997,-86.30065922539983,75.22391437960971,-86.34986568310515,75.59878904894069,-86.34208062003603,77.80305678119214,-86.16581662153625,78.19753463398091,-86.10920646596698,80.50224464400166,-85.62935587301305,80.9026764461841,-85.51823492197168,83.1602396397745,-84.7295153391944,83.54339068942409,-84.56677883592447,85.65455407083654,-83.5018698228107,86.00968153657342,-83.29281581267348,87.96316144434601,-81.96517458342117,88.29603737090059,-81.70499206692729,89.40331570309941,-80.71418339983381,93.41422743473048,-82.146690778642,93.64071558199981,-82.21815290457629,96.39588625896634,-82.9754502033385,96.9233013567254,-83.07350077897534,97.65064901872117,-83.14602273412723,97.81040151994299,-83.15789063680998,99.15344967970735,-83.223654748806,99.29132298482236,-83.22740689213073,101.17944391809604,-83.23776937635205,101.46229801079505,-83.27090211349582,105.65160054500551,-83.34668694456667,105.76999545727034,-83.34662109086122,106.32572406908643,-83.33594948357435,106.71162419745961,-83.3745937914185,107.91540779902834,-83.35592261690127,107.93566532346026,-83.35965422951124,108.70198377958046,-83.40676969397428,109.63456388545305,-83.35135093482718,109.95971428003052,-83.31515468786102,110.6215327947183,-83.20673754175898,110.93639537556207,-83.20436410374082,111.52320730440996,-83.09716019164958,111.76493356801568,-83.09533802589077,112.4007478830598,-82.97918176708737,112.92180875432736,-82.95729891684921,113.94905365606046,-82.69547679644015,114.94791841370562,-82.4931246870074,115.29700211871956,-82.40149409343417,116.14878296262823,-82.12533675406618,116.4456784946114,-82.01238534729126,117.13461917427777,-81.71004054600886,117.77045792076899,-81.68283279646909,117.92807847876514,-81.57426578329247,119.7193368070304,-81.68231614214986,119.83340940726595,-81.68714065440219,121.90269649139661,-81.7374102011529,122.05728135259477,-81.7374017800027,123.61901577119089,-81.69929204272077,123.95896283144835,-81.70981168975219,124.22314679256407,-81.70699404658835,125.74182615923722,-81.62754762221505,125.82402214252956,-81.59705579356377,125.95912719587075,-81.59699511283591,126.2358769044746,-81.50241164557072,126.44891487833357,-81.50099344174475,126.70387255267832,-81.41297281719456,126.9094259136618,-81.41160443485579,127.16438105119198,-81.3235848631958,127.3699408783337,-81.32221644174476,127.62489855267832,-81.23419581719459,127.90018202698275,-81.23236323687293,128.3087875637723,-81.08146206049543,129.47178261417974,-81.01309010348156,129.51274319013174,-80.9960264088751,131.36415946382388,-80.91011615994478,131.58779939350256,-80.89180350393524,131.69838666671077,-80.87880146428884,132.42724495398727,-80.86909995855751,132.5027465348702,-80.86719665784008,135.63986499108384,-80.7507653544345,135.67756331775576,-80.74914184245885,136.40768512195467,-80.71335073558922,137.298867828974,-80.75108565755431,137.394398108863,-80.75369120328158,140.52202543638802,-80.79190753209232,140.64920530820862,-80.82199159986867,141.34793360346526,-80.80217709412484,141.58418673672477,-80.82728719053962,142.66326952265155,-80.75935014131015,142.88031732053702,-80.73818318332833,147.46918787955022,-80.13099101588968,148.07300668146797,-80.05109462966473,148.86289010243303,-80.10573895435994,148.99686767625172,-80.0570137095238,149.2335588744634,-80.07624377751871,149.40764269271185,-80.01411242156105,149.66155687446357,-80.03474177751873,149.83564069271205,-79.97261042156106,150.0895548744634,-79.99323977751871,150.26363945689246,-79.93110814882131,150.50772689267447,-79.95093907113402,150.68314585721075,-79.88891774869647,150.94876752916866,-79.9104985861232,151.12241470904587,-79.84833268942438,151.38250862422478,