{"Index":-1,"Tolerance":2.4412514279801233E-06,"Coordinates":[213.9436165383449,-41.06107018700496,213.99079466872408,-40.889385182092994,214.22454633480942,-39.739317824242555,216.12667991445264,-38.882117136060316,217.41955840018755,-38.5936646537204,218.53384168855078,-38.39476865144332,218.82893560391867,-38.35434524426995,218.955955740622,-38.33431738306367,219.65432534736453,-38.209660461601054,222.6628175706012,-37.969447896090806,222.68067615551712,-37.96797125105719,223.74119548338453,-37.87726781148378,226.70957168060758,-37.797327231525706,226.98424733980565,-37.796704648725424,228.683004,-37.910285986115326,228.683004,-42.52743899474883,227.52566554998373,-42.5828815550589,227.11012109044773,-42.58480219755476,226.9062873961657,-42.592294555193064,226.5448138794815,-42.61722481256258,226.19596238461767,-42.61883720081708,225.99212728127725,-42.626329655612786,225.53203728247829,-42.65806154144024,224.9405976024668,-42.67920750468567,221.92058717312526,-42.61873537823335,221.71278316908666,-42.62137538373287,221.6989013984147,-42.62200644428632,220.05858764354144,-42.54892237665341,217.18687555647242,-42.13958131747354,217.13766092395068,-42.13295839690582,217.097280371905,-42.12784546745164,215.13456126079555,-41.57833142011205,215.1114508127511,-41.571955043816914,214.84515831558636,-41.49956337729762]}