{"Index":-1,"Tolerance":2.1776070804916577E-06,"Coordinates":[213.9436165383449,-41.06107018700496,213.99079466872408,-40.889385182092994,214.22454633480942,-39.739317824242555,216.12667991445264,-38.882117136060316,217.40279404233905,-38.59740492837853,219.59998484966738,-38.217460695443556,219.71072498042645,-38.244856788163816,219.71983280536725,-38.247095710120696,227.37274101250114,-40.1163821227748,227.4049087391611,-40.124062051572714,227.70261575773523,-40.193501669880895,227.6523596547747,-40.20833561946935,227.51465681213898,-40.25241305210747,224.51163206314337,-41.289600062521764,220.81225265316513,-42.5233856717884,220.6367645928622,-42.57267485642687,220.051518723117,-42.547914754967785,217.18687555647242,-42.13958131747354,217.13766092395068,-42.13295839690582,217.0911477173294,-42.12706895924105,214.861325181305,-41.50742664077021]}