{"Index":-1,"Tolerance":2.135103763124873E-05,"Coordinates":[-6.344599240719895,-35.26483393577764,-6.34343200894391,-35.301683293723535,-6.211319403659885,-37.32399693584047,-6.196850495755872,-37.54651727042483,-6.196341419158098,-37.553308016578136,-6.146499227565297,-37.94329174846494,-5.99499026320035,-38.73531038039962,-5.990521334701061,-38.75821539655991,-5.9889056131224345,-38.76633767260382,-5.97431623987385,-38.84284689008714,-5.969502366411209,-38.86755878335535,-5.692921246919665,-40.257984494606326,-5.595873992869077,-40.62790605375259,-5.594021513541279,-40.6339449108791,-5.318561112043958,-41.47450675857831,-5.308080919247876,-41.50591783808169,-5.306209101414503,-41.51143207707845,-5.302460562453398,-41.52286539446437,-5.291980556290777,-41.55427594289801,-4.8363197086439165,-42.89662119445092,-4.834244955631982,-42.901746206279995,-4.774556410205897,-43.04852763490798,-4.69526449203204,-43.24351610039261,-4.693183486248216,-43.24860333028881,-4.3235470160668585,-44.02326877776549,-4.305323650408931,-44.06082397106458,-4.28966070290777,-44.09360721521582,-4.27170808414313,-44.130613492580245,-3.6447329557490846,-45.40197982247748,-3.542950521564593,-45.58147907757612,-3.4612550869402843,-45.725598985416404,-2.9945659131632345,-46.448111121179,-2.9694254236289512,-46.48638929040823,-2.9532282028105663,-46.511465394016895,-2.9261002338051876,-46.55275576528225,-2.1383888586013424,-47.73161008604677,-2.016929426256038,-47.89288074872753,-1.9191831865223812,-48.0227411850768,-1.3463166703469929,-48.700353586170316,-1.316312474249553,-48.73522316964309,-1.2776747412892988,-48.78011876218381,-0.34280172723239904,-49.84614816931571,-0.16027851942080837,-50.03245723595857,-0.09201626744066752,-50.102145846469526,0.5439091721270677,-50.683436135841546,0.5770842412553356,-50.71315154917767,0.5973623899533872,-50.73168744660528,0.6460874045891764,-50.77531353611491,1.7119694450316516,-51.710055859090055,1.8727916197133856,-51.83643886240044,1.987699737963749,-51.92678489153633,2.693202515528667,-52.42220504727098,2.7293810803487517,-52.44700195679074,2.7513171510389496,-52.4624058265695,2.8119548297597015,-52.503947017241444,4.010278084765818,-53.304663987517074,4.150925153716775,-53.38689043039571,4.330111091423987,-53.49221441366163,4.338662508306605,-53.49664724920826,4.35957334631543,-53.50730131208913,5.108004294758131,-53.89055445210721,5.150824701678555,-53.91207538364619,5.4443276703862304,-54.05682975561433,6.686613871187887,-54.6694772360415,7.080857814951411,-54.832006667335584,9.429367582988448,-55.62045001251563,9.872273393641258,-55.734442427456926,10.211601125910356,-55.796160212025086,11.86352512766733,-56.11135773410541,11.876922519125952,-56.11388424148799,12.017680960752847,-56.14011592368094,12.223685370750808,-56.18108674655942,12.26182052176426,-56.18561366648882,12.26681097371304,-56.1865436849517,12.323949259111666,-56.19298879971399,12.716837242880233,-56.23962746237759,13.723451621651497,-56.279900625426336,14.63947580775555,-56.339927457355294,14.74498238388549,-56.34508043408634,14.76230450161571,-56.34563782565996,14.870804847036869,-56.35275391316347,14.976683268701947,-56.352536111435306,15.02400561641549,-56.354058851222106,15.12153686625673,-56.35223813415738,15.29990417496216,-56.35187121606894,17.319803094250172,-56.211046153106274,17.72632379661968,-56.182766854668365,17.73657139012175,-56.18199189439406,18.135621287034812,-56.12861283239602,19.236272260687738,-55.909671182694524,19.282403074631752,-55.900138556377044,20.355036641929868,-55.670176337028316,20.60084380133005,-55.602362491151965,20.675344238640374,-55.582150954820854,20.68182700506274,-55.58002065818867,20.71012986349494,-55.5722124003484,20.848730560386993,-55.525174615829336,22.43086823319062,-55.00526963446271,22.757352540245982,-54.90177032109062,22.811574091735736,-54.879954404214295,22.817005644341627,-54.87816397165958,22.880258026009717,-54.85231958079647,23.202567001031298,-54.72263930396238,23.307749255202804,-54.670779809381756,24.186022440695602,-54.23852121299541,24.93332572565144,-53.891759424052985,25.066032005174527,-53.821310820978475,25.08988103475546,-53.80927546589851,25.129380930174836,-53.78768134022909,25.233917235841137,-53.73218708079218,25.264035038140904,-53.714067531927796,25.402843181324002,-53.6381827617022,25.516562525649974,-53.57292883085666,26.114689476788,-53.2130995128462,26.200978799823503,-53.15928795451961,26.463909203874813,-52.989412185818644,26.50536660288584,-52.96311182418947,27.417967512954082,-52.35331341843095,27.48184382235725,-52.30751933438977,27.58513591848312,-52.23474272874107,27.685666715804967,-52.16091500195974,28.3123346616426,-51.68147634293848,28.39644718577958,-51.614842137981015,28.479676071281972,-51.54662390506119,28.558086034294536,-51.48228489931949,28.568323949581213,-51.473884091907905,28.639967296819954,-51.41505889709464,29.476891699720255,-50.681105771473575,29.60984508117132,-50.557615004992805,29.61856370696878,-50.54904006879208,29.647405125775773,-50.52204470924711,29.704097112740797,-50.467649998120635,30.32810292916573,-49.853923154609134,30.401624087044027,-49.77918548908435,30.406159975168592,-49.774419664986475,30.414907282116847,-49.765816618726596,30.487042957879247,-49.689436513390966,30.502721555423772,-49.67296312693466,30.506302945174067,-49.669043277411774,30.57574755271808,-49.595512581495456,31.276807318781966,-48.79609594411368,31.308115791980565,-48.759847021172696,31.732730644995325,-48.26066587963046,31.90727681026191,-48.035780679478655,31.914350433729485,-48.0257713222617,31.922393452917607,-48.01538724822004,32.58097031767786,-47.08349866189917,32.605960667052514,-47.04713786683121,32.619027277118256,-47.028648727474966,32.66603559874755,-46.96025302260361,33.32222434929115,-45.97826718879006,33.444759681794814,-45.76602778911731,33.49392039949845,-45.68261454524817,33.5022291692386,-45.66648678926565,33.5302179050769,-45.61800842493965,33.59748382998009,-45.481592518190546,33.645963134083416,-45.387491657144615,33.67065423732083,-45.33853104395696,34.06382422984872,-44.54186744599141,34.5513294973343,-43.60253180288403,34.67614896597112,-43.309755303964074,34.71569768160336,-43.21897861639774,34.72009273679433,-43.20668081156743,34.74000353775348,-43.1599780442894,34.801043499908126,-42.98017246471354,34.844842563647774,-42.85761829549008,34.86151680077768,-42.80976025866193,35.123141930895876,-42.03910773847625,35.331966867556545,-41.47980117510899,35.39911108626201,-41.27996071043509,35.42462607852835,-41.19475140904661,35.61038614324373,-40.57566859060906,35.677974960489834,-40.30895121359015,35.95812858710227,-38.960610652260925,35.99098513717023,-38.82248467607637,36.04115529602736,-38.564637562024664,36.05932833528231,-38.44505019826791,36.069552185603165,-38.390108214340415,36.08862152765752,-38.27613809421507,36.17686651461784,-37.682563406181316,36.20412577759943,-37.430271992013544,36.22168239967728,-37.17123247096121,36.350701475935864,-35.28003339459227,36.350908218886765,-35.13020403248843,36.35193465585197,-35.09163062480753,36.3510479604883,-35.02893143806115,36.35128643366424,-34.856106760486185,36.34598511607109,-34.77510722501198,36.34352032625968,-34.70617699473377,36.27276315643432,-33.473621093239416,36.27149678889779,-33.40620734922095,36.25835153147537,-33.17111923083271,36.24510718290783,-33.02901544073624,36.18317533483575,-32.326750920302096,36.13974388049583,-32.01347370035539,35.88731571973609,-30.683398555780617,35.85500842061264,-30.500306951940175,35.63441484854616,-29.476381256479613,35.51589960752081,-29.06386194406963,35.221644377206665,-28.25100836916656,34.80447117243779,-27.022044738223087,34.64540767248809,-26.638013871752044,34.116398333036486,-25.565208737139784,33.98309428064982,-25.259657514218297,33.87014929201247,-25.027086601842395,33.513083346968365,-24.36214929307304,33.43717201910174,-24.235778699553325,33.37418663397104,-24.130030734128486,33.36794821525713,-24.12054091589994,33.35565578569561,