{"Index":-1,"Tolerance":3.997859913958612E-05,"Coordinates":[0.0025586165696946522,-34.99415213269453,0.005052880446870595,-35.03138593283314,0.006679220064993302,-35.045895214056834,0.47929008896087066,-38.71594080224125,0.4932375937051998,-38.80441522793094,0.5075547139874838,-38.8466737360897,1.8726519950163225,-42.23454948318313,1.899497919343799,-42.29609423907129,1.9775572228328293,-42.427125832015605,2.9797063317106645,-43.962178291228916,3.019374210316785,-44.01934041446101,3.116906065816311,-44.12803472441402,3.8727914286484424,-44.905798980700354,4.11573275368738,-45.17034709766268,4.343327830978042,-45.44820798802518,4.554848501933948,-45.73849267476968,4.7496180357812685,-46.04027243268078,4.927013294664194,-46.35258175967222,5.086466727287265,-46.674421465775595,5.227468184716283,-47.00476186990878,5.34956655252841,-47.34254609419642,5.452371194089602,-47.68669344530269,5.535553200341833,-48.03610287195835,5.59884644210158,-48.389656487620144,5.6420484215028885,-48.746223146992264,5.66502091986094,-49.104662064967386,5.667690439883387,-49.46382646640889,5.666173228466714,-49.523236800686206,5.634756179910119,-50.5628134059087,5.634583634901438,-50.65237049897671,5.636265933332677,-50.66230268435656,5.651400274165368,-50.729635970948074,6.345153913745067,-53.49130669893052,6.368837391300729,-53.575439804295655,6.442775361654113,-53.649014779179375,9.358561357013954,-56.36713195841205,9.425769205782554,-56.42632109261945,9.450536308056035,-56.44158544638011,9.477712174609945,-56.456608876211526,14.347351979888904,-59.02883941473017,14.425357500556245,-59.06726211116872,14.517210720656939,-59.10005241136454,17.7763322459013,-60.15463657631169,17.862428864492646,-60.179829178203285,17.892056591706154,-60.186706700185304,17.920274425330724,-60.191874717804886,22.157056008368873,-60.886349241463336,22.245883674685018,-60.89834058336773,22.29056963290879,-60.89921964384257,24.778978897243867,-60.808518701187324,25.04404585819726,-60.787709810748915,28.259926892731865,-60.39914087889766,28.348569212088215,-60.38587718366056,28.39173647984356,-60.37426455550492,30.935026433625364,-59.53430647881999,31.01937535714313,-59.50377666002955,31.04663638858708,-59.492127036711736,31.073835450733814,-59.47895339950135,34.175914353053,-57.90339495422342,34.234750144213564,-57.87138741707511,34.35887933740518,-57.78196559206618,35.51704296202115,-56.87291076183554,35.80573742940465,-56.65922478171016,36.10605193894072,-56.462203491078675,36.417025676400144,-56.282477231977495,36.737663724846236,-56.12062101341094,37.055540841781735,-55.98175323213909,38.91046484178173,-55.231056232139096,39.247084483488415,-55.10578288933525,39.59024862888536,-54.99974250592418,39.93885937233236,-54.91327434326696,40.291801382561246,-54.84665504414446,40.64794547102219,-54.800097747677526,41.006152204564316,-54.773751407418175,41.36527555089261,-54.767700314793586,41.72416654513776,-54.78196382942746,42.08167696580842,-54.81649631720161,42.43666300836511,-54.871187296255954,42.787988944662715,-54.94586179045975,42.89916599316963,-54.97386497718526,44.030391492841694,-55.26968240772557,44.29293040027691,-55.32658502911046,48.67407922202534,-56.08361044027957,49.02613762956803,-56.15475164689356,49.373610513984175,-56.2456845243115,49.47379777338041,-56.27585265132178,53.76324869581316,-57.60612166411454,53.849639983979785,-57.63025789064832,53.893390144932724,-57.639826035534085,54.739773700697945,-57.77548485406591,55.09267267088648,-57.842331772019264,55.44122757351548,-57.92902475589497,55.78432325597168,-58.03528644362814,56.12086203165246,-58.1607768658255,56.449767191860445,-58.30509453344989,56.76998645058229,-58.46777772232822,57.0804953111304,-58.64830595037332,57.380300343876684,-58.84610164279351,57.66844236459159,-59.0605319799623,57.94399950321972,-59.29091092203615,58.20609015327403,-59.53650140384295,58.45387579241236,-59.79651769301883,58.68656366517229,-60.07012790384885,58.9034093192812,-60.35645665876889,59.103718987427186,-60.65458788901361,59.28685180687036,-60.963567765450215,59.452221869793505,-61.282407750221225,59.59930009783211,-61.61008775943297,59.72761593478652,-61.94555942677117,59.836758852100616,-62.28774945760222,59.92637966229046,-62.63556306282908,59.99619163612075,-62.987887461515726,60.04597141995491,-63.34359544107397,60.07555975034373,-63.70154896362234,60.0818241377527,-63.84849055904127,60.18894424559999,-67.30008043262102,60.19332031155684,-67.37377737091904,60.228304370674145,-67.51553255527857,61.193560950703045,-70.83256933949599,61.2160333172307,-70.90237169081098,61.2861022100598,-71.03233344512714,63.16570278307674,-74.19617685644246,63.213642558305345,-74.27190867008149,63.23816369874968,-74.30238812178567,63.24554449711305,-74.31077502311724,64.5866144434044,-75.78663032855759,64.62324485691644,-75.82471997337824,64.74412754629834,-75.93437991133807,66.07208291092977,-77.04582704627384,66.12887575382265,-77.09069134082854,66.24727587416368,-77.1625411447144,69.32360430616872,-78.87173240248903,69.40309704099732,-78.91300015837804,69.44562702992403,-78.92654768063991,73.09403449868044,-79.86615036916663,73.18143068487154,-79.88604028268982,73.22230471983471,-79.89058078618433,73.2294453250113,-79.89106044459741,75.18981788075217,-79.99269247293037,75.25596396766034,-79.99424796289166,75.4102788029588,-79.97830355586524,78.91560913910848,-79.46796261597429,78.98527709421134,-79.45579845735682,79.12199552180361,-79.41396875990192,80.78460780236522,-78.83310578872663,80.8469051240841,-78.80934355306219,80.98256119861188,-78.73688102004688,84.1417116728118,-76.8775794271292,84.2175765847812,-76.8299907863519,84.24081020461287,-76.80920075029024,84.25997165452921,-76.79037282119036,84.7982702087644,-76.24163940094463,85.05694598681298,-75.99245465933521,85.32929693652231,-75.7582941293725,85.61445170915793,-75.53990697488965,85.91149799194646,-75.3379918950132,86.21948542689259,-75.15319488877313,86.53742865131646,-74.9861071883193,86.86431045038357,-74.83726336735704,87.19908501154127,-74.7071396308534,87.54068127044957,-74.596152291486,87.88800633770154,-74.5046564377089,88.23994899537006,-74.43294479769685,88.59538325219387,-74.38124680280245,88.95317194602906,-74.34972785352264,89.31217038204012,-74.33848879032297,89.67122999499082,-74.3475655710127,90.02920202391786,-74.37692915570273,90.38494118743078,-74.42648559971478,90.7373093478794,-74.49607635414412,91.08517915266593,-74.58547877311467,91.4274376410517,-74.69440682610328,91.46708001609014,-74.70841739560949,95.3263549548055,-76.08676763660168,95.55268453356615,-76.15817957746059,97.73362228544136,-76.75764090378469,97.82068229133709,-76.77894176356406,97.85073407214398,-76.7827732833792,97.8794508095914,-76.78507108370754,99.32180483351743,-76.87339112635459,99.46858901093101,-76.87897437236067,109.00478550426251,-77.02090064191334,109.09448358116191,-77.01969831374734,109.13235080818849,-77.01704429455899,109.14585405071536,-77.01549068869286,111.90542528697459,-76.65236329120526,111.99561546455574,-76.63788986289315,112.08004135497012,-76.61943776765511,113.95213637100103,-76.15546061083076,114.03855741530982,-76.13142862573133,114.0704540770516,-76.12058157144264,114.09105690492905,-76.11250221906242,115.0169063258472,-75.73046432053233,115.3526669511327,-75.60290650576631,115.69510261889903,-75.49453673580521,116.04311775416815,-75.40570172455624,116.3955989312369,-75.33668568720098,116.75141843592662,-75.28770943088873,117.01567348406559,-75.26449870815499,117.42278348406559,-75.23729570815499,117.78169253847321,-75.22349410447198,118.10644115975012,-75.22850421075584,121.88204436490571,-75.38340212222693,122.07730764409301,-75.38540164891855,124.35228424845079,-75.33870182378692,124.44187996247659,-75.33432500874703,124.46971185507242,-75.33138116246623,124.5028875278808,-75.32626194930799,127.64918815026824,-74.77795355246815,128.00463193927112,-74.72632113571997,128.36242644223148,-74.69486819863421,128.47280872295923,-74.68926763620911,136.21366272295924,