{"Index":-1,"Tolerance":2.6269618155741535E-05,"Coordinates":[0.4499604050188575,-50.595120430178405,0.5114454930040759,-51.465965160867796,0.5584794382731932,-52.5285598182302,0.7736895705540391,-53.54829475533989,1.7661166853309447,-56.093765313198205,1.9313626324079407,-56.450620945613586,2.281476420112814,-57.09829853159222,2.6256735048256585,-57.609537872224564,4.7193557065268745,-60.14871045431153,5.042521747124513,-60.4865987598699,5.987622222495903,-61.33933550978535,6.33549731557938,-61.61184335795085,8.403628786119006,-63.0114265224038,8.676225411664285,-63.17659754904448,9.563051098460647,-63.65484483443943,9.57690205551559,-63.66227018691432,10.850907710837193,-64.3411973692945,11.25063133656342,-64.52003458670143,15.789301975127607,-66.18582251151082,16.02321237306383,-66.26153631743091,16.517863428114758,-66.40074420579303,16.862629969753662,-66.47737970659117,17.347450628083713,-66.55717334225342,17.514924767257433,-66.58017686407578,21.27293184912581,-66.99478255319397,21.5371850129896,-67.01282625175371,24.166782744861052,-67.08244932104574,24.590949587322335,-67.0653219355437,25.240195646502535,-66.99546513583014,25.801710018119497,-66.95260675720782,26.225758784981068,-66.8912795280293,27.768826545478795,-66.56065055871846,27.797669712740078,-66.55432999171306,29.920574801206595,-66.07876956741117,30.36219822363925,-65.94554587951974,31.762157265483026,-65.4096324055073,32.08980680337616,-65.26246892106968,34.546801865132245,-63.987403311391894,35.17369872224669,-63.56035147157786,36.52454465686159,-62.38195877238943,36.61306340334769,-62.30175925794367,38.26149545042548,-60.75080603633167,38.546801037822526,-60.444529011092605,39.9200277562301,-58.76044554031697,40.065868386937524,-58.56696773093225,40.47421356401947,-57.97992912134406,40.5774943350433,-57.82159942227267,40.89964029741397,-57.294076573057794,40.933483153847156,-57.23733923192704,42.774743877248554,-54.07618224168326,42.93796121296,-53.75548017750744,43.86716282509006,-51.64143122877985,43.888101378297,-51.59269216032904,44.85672844863969,-49.28503502258059,45.00691640838538,-48.8362095978514,45.82134406093739,-45.62540655981408,45.83884437975034,-45.552844751824246,46.019771206183144,-44.76199217026143,46.079111483685246,-44.41532600507628,46.1708012195943,-43.615636088669184,46.188547540336714,-43.116433247256204,46.15717193802775,-42.38873262644238,46.152111888205596,-42.300151957930616,46.013410002396746,-40.35082044886267,46.00813678330949,-40.286073311485566,45.81770293113468,-38.21050342054844,45.79482171781548,-38.0227595451218,45.686092733791455,-37.308464720672006,45.651699267608855,-37.120657355508925,44.751871122795,-32.92344311308594,44.68961977669824,-32.6803584820617,43.67308213636369,-29.276518619696045,43.62965674532315,-29.14209151363012,43.14183584869328,-27.739459812560096,43.05306256809334,-27.51264139350544,42.46909389526847,-26.174213086472417,42.43062089828033,-26.08944705749675,41.39563043787755,-23.895144326045425,41.25186057890226,-23.624904455853553,40.874591358925194,-22.991395437000012,40.72695293768061,-22.765838787991203,39.62859165311858,-21.23385937997424,39.43072479648241,-20.98515863775596,36.58109167099526,-17.749792158890255,36.28420337158221,-17.454454181166096,35.04131726450333,-16.371252274462826,34.686526265489064,-16.103288305535614,33.6970413030789,-15.45941543631148,33.569621747158436,-15.38071519624003,30.057422535862266,-13.324225877371825,29.22111544845157,-12.982714385774669,28.131706893896137,-12.709563069235797,27.613674923286897,-12.624346842247267,26.585217211430678,-12.5414692780928,25.89794693588245,-12.56055080574726,23.332245815609202,-12.911456823346395,22.131857016571097,-13.329952205001025,20.41036696819622,-14.35017234734988,20.394214084269183,-14.345275122253783,20.160217619317315,-14.283957697863375,19.62957803528718,-14.166303077852765,19.524616300456053,-14.144881698983871,18.77764645386186,-14.005516728416676,18.720102711764483,-13.995327656085756,17.727460101908456,-13.828970389805313,17.57120980146195,-13.80676087243331,17.18227642102815,-13.761306154464545,16.980452168994415,-13.744221848273696,16.021926669004436,-13.69380127412772,15.974620842168909,-13.691666499304548,14.945246752741047,-13.6529033527227,14.728977215303052,-13.652128217831187,14.257307977955655,-13.666504911466298,14.10450079839531,-13.674851863833645,13.252625987475206,-13.742006325610545,13.214686667771836,-13.74522614909304,12.157583367601239,-13.84132763065993,11.872122311454943,-13.880399280099164,11.324155138211347,-13.980901229613435,11.249906135648871,-13.995435589617808,10.511001848928426,-14.149240126753808,10.468042843925915,-14.158492760005622,9.498981290062527,-14.374239898877976,9.311738867262303,-14.421948864039766,8.99535556566028,-14.512897453996962,8.829021436801515,-14.565701818577347,7.877052460320336,-14.896971787165404,7.83960138088095,-14.910267507685829,6.882822821100981,-15.25669663053625,6.69067079668929,-15.333439236401137,6.343798385187713,-15.485256634927172,6.185785866055057,-15.559657419745351,5.326446083852726,-15.993540849715654,5.303319359543215,-16.00533650768503,4.333081683937844,-16.505209953005796,4.022998611158587,-16.687894237783997,2.9838638853049435,-17.382241885508623,2.9443668375550724,-17.409065469119383,2.1109645622386717,-17.984256342006553,1.9644610895252081,-18.091682759307776,1.7231292896069375,-18.279490270938865,1.5555617785818252,-18.4193998183816,-0.05096296864211167,-19.857287447509375,-0.3201235604967095,-20.12909122707762,-1.0004574875984384,-20.904328384378893,-1.021014776204684,-20.92798785365038,-1.8805117027513603,-21.9271045912225,-2.112719508111399,-22.232550527541633,-2.6893458309185303,-23.094488247306877,-2.7066801518326398,-23.12067886488755,-3.4577151936692596,-24.26771260398666,-3.6558885537761263,-24.616618066224152,-4.675639867607645,-26.709583922074255,-4.8298633827744215,-27.085383818768616,-5.570653810555085,-29.28043515079146,-5.676003957724486,-29.674433470953208,-6.135967979348833,-31.978148747199693,-6.1901562506545,-32.3847233244414,-6.341461011797322,-34.60872690970083,-6.348692181204525,-34.8000130626692,-6.350688771146358,-35.06127812340425,-6.344026015644985,-35.29258986946586,-6.196871603952327,-37.545168968332355,-6.146924463567115,-37.935675820179064,-5.894165759621655,-39.25569568572895,-5.8896159782884805,-39.27898516982032,-5.699551067847769,-40.23293381966885,-5.602650486389219,-40.60202869214741,-5.198661724145572,-41.8342189380947,-5.1881827910459775,-41.86562620259589,-4.846254806108153,-42.87292198623988,-4.701506531537455,-43.22753292926642,-3.7705528021077988,-45.16540515994424,-3.6698972260202645,-45.35778979738467,-3.5172783622150376,-45.62669372707753,-3.4230086914530835,-45.782238288954474,-2.8729324030194032,-46.6338472657468,-2.845809194704868,-46.675130302738026,-2.151491456897664,-47.714216690309144,-1.9360573439350326,-48.00030084414086,-1.2297647425456573,-48.835733313516364,-1.2082251773550077,-48.86094302667395,-0.6760359363486412,-49.47726679695658,-0.6157198850334135,-49.545132000210245,-0.288214265639865,-49.903184505876546,-0.08747747543733642,-50.10385575577944]}