{"Index":-1,"Tolerance":2.2808202261632395E-06,"Coordinates":[213.9436165383449,-41.06107018700496,213.99079466872408,-40.889385182092994,214.22454633480942,-39.739317824242555,216.12667991445264,-38.882117136060316,217.40279404233905,-38.59740492837853,219.64116286776178,-38.21034008013492,221.48982733414815,-38.06036599195984,225.91439952058025,-39.16656572818842,228.683004,-39.95892296146965,228.683004,-40.44925334475913,228.18130503329297,-40.62253060364507,224.49978531736613,-41.83674424602663,224.48676668531513,-41.84106916857701,222.6897734767227,-42.442362351285276,222.06901459012613,-42.62170746521417,221.92058760319037,-42.61873537746105,221.71278331231133,-42.62137537722192,221.6989013984147,-42.62200644428632,220.05858764354144,-42.54892237665341,217.18687555647242,-42.13958131747354,217.13766092395068,-42.13295839690582,217.0911477173294,-42.12706895924105,214.861325181305,-41.50742664077021]}