{"Index":-1,"Tolerance":2.440892774443366E-06,"Coordinates":[213.9436165383449,-41.06107018700496,213.99079466872408,-40.889385182092994,214.22454633480942,-39.739317824242555,216.12667991445264,-38.882117136060316,217.41955840018755,-38.5936646537204,218.6255937260453,-38.37839120627383,219.61896381494802,-38.21248389732628,222.6628175706012,-37.969447896090806,222.68067615551712,-37.96797125105719,223.74119548338453,-37.87726781148378,226.70957168060758,-37.797327231525706,226.99033167627863,-37.796690857903,228.683004,-37.90661135145564,228.683004,-42.50665304086587,228.39624723374695,-42.54544848006467,227.47002267057584,-42.58583906236866,226.12636552010406,-42.621392115245925,226.06044757767478,-42.62382172883752,224.9040861814183,-42.678476406789734,221.92058717312526,-42.61873537823335,221.71278316908666,-42.62137538373287,221.6989013984147,-42.62200644428632,220.05858764354144,-42.54892237665341,217.18687555647242,-42.13958131747354,217.13766092395068,-42.13295839690582,217.097280371905,-42.12784546745164,215.13456126079555,-41.57833142011205,215.1114508127511,-41.571955043816914,214.84515831558636,-41.49956337729762]}