{"Index":-1,"Tolerance":2.735257987152464E-05,"Coordinates":[-0.6931044004952169,-49.44427129614384,-0.7391105056630123,-50.28783256481021,-0.7334735698188728,-50.717278225575846,-0.6764473765145532,-51.4220841627242,-0.593132056767356,-51.931792265046084,0.16067692228592584,-54.968509651441906,0.19394230914633778,-55.09185245391055,0.5050751925581707,-56.15956989831508,1.375521244297342,-57.592104328213686,3.3296756769538804,-59.4581105745295,3.365428762482482,-59.491726514104975,4.76809795408203,-60.79027475560355,4.834341821786133,-60.84989677862144,5.521380168825832,-61.451020523080864,6.131202864211214,-61.87036021267294,11.649379156602198,-64.78515928278705,12.038806746693586,-64.95853520017911,12.57725371140948,-65.15615572539295,12.704108666893717,-65.1996967801245,16.09367908820893,-66.28365711479428,16.431186936842614,-66.37149541052673,17.412754135413152,-66.57016221770704,17.500416661294793,-66.58662667637407,18.40172036457663,-66.74283337344824,18.434626121875556,-66.74835839664843,20.93157453082545,-67.15412873427628,21.179774516740494,-67.1844910694886,21.91134267855953,-67.2448740575756,22.288525456706466,-67.25353395695902,25.247555531096914,-67.14565424172815,25.455699760565114,-67.13120751055925,28.418453501166525,-66.82750304583358,28.6894325133989,-66.78785805551519,29.742052034617707,-66.58717133681745,30.143573484581378,-66.48306509278989,33.244828246505044,-65.45880922399341,33.697745129747304,-65.2693068059878,34.8548787123489,-64.67634610667358,35.8482494000286,-64.20423813352016,35.975907461881086,-64.14000716227105,37.53774726011876,-63.309612148086615,38.10158999733246,-62.92729524272384,39.26421459648645,-61.942002856637245,39.39885653214179,-61.88094678710921,43.20408274288359,-59.867288238553186,43.31162001912892,-59.80768835617427,43.90510286911656,-59.4635800801158,44.25844777109309,-59.22571645979129,45.247673642753156,-58.45868732255723,47.13031891451749,-57.04204725696432,47.50415339336129,-56.71178246730047,48.01626505662627,-56.18225969191259,48.596291610369875,-55.67663482102482,48.9356015728123,-55.332062545994276,50.340094675196404,-53.66994038894997,50.38499616119711,-53.615589891799814,51.697799060120886,-51.99010208438048,52.01268346566524,-51.52017627796157,52.74164507025552,-50.190040877170695,53.36891553410588,-49.0477192469913,53.55568748175917,-48.64254375435803,54.085878483573495,-47.24121874328611,54.19052854759627,-46.91136954604838,54.6051452327534,-45.30595141260216,54.624835339763465,-45.225377667364235,55.02123154268585,-43.50621364841609,55.098297591947734,-42.956171793439694,55.17421762711148,-41.49162196524517,55.28275837064399,-40.09222896749368,55.27737528079359,-39.53862224369946,55.14131061699049,-38.138181809679075,55.10575840327912,-37.881537573541955,54.85868205107522,-36.51168017374065,54.843486199107936,-36.344084180607055,54.72437070592881,-35.7239847366537,54.19791881680067,-33.95423409573422,54.10471001175792,-33.68554760500431,54.006345255806956,-33.438337624962664,53.966790853987575,-33.343432386727486,53.09957693866102,-31.354011042586784,52.90908965129005,-30.98493597730187,52.623140074085505,-30.509888935903906,52.58140442241222,-30.442473296082387,51.025339501330016,-27.99770196078407,50.64808931818052,-27.51485618824026,49.8841995819562,-26.71059349019171,49.03493587694305,-25.61367353554345,48.66598417263372,-25.213253077483177,46.79663762489573,-23.50436820009754,45.812029724485456,-22.580577760731522,45.34483222903142,-22.21765188175531,44.95510094677172,-21.969303754286425,43.98940940435602,-21.205069143117903,43.772888956131766,-21.048076390008625,42.76238040841371,-20.378423888948465,42.47144184498638,-20.20714081926327,41.27308475643363,-19.584886730864206,40.81116631906156,-19.389592324579187,40.39587549247344,-19.25148027508021,38.65813220495557,-18.211611888255646,36.54019798477091,-16.712038738789676,36.524432028191804,-16.700947576775953,33.46309432010113,-14.561195813837431,32.75559607460883,-14.18899030723497,31.512386612323706,-13.723071608251447,31.170068451238013,-13.616384901697844,31.003212048405196,-13.57454854523104,30.69656165101598,-13.449325859297888,30.265488602256504,-13.341241931856441,29.958844883948995,-13.216021291668842,29.527755713657072,-13.107932959839365,29.221115260374024,-12.98271433861731,28.131706893896137,-12.709563069235797,27.613674923286897,-12.624346842247267,26.675658494159386,-12.548757427255524,26.16959244840571,-12.548374213909735,23.565741222882167,-12.75423518551579,22.080389124850363,-13.253801830151106,20.382873305337046,-14.341836829287239,20.36102152534998,-14.33521181508975,20.059078103898205,-14.259602696958307,18.818648487364054,-14.01285967016554,18.694324705977365,-13.990689939903534,17.36069706569732,-13.780145846616307,17.007573916637458,-13.744464831408148,14.97946403144288,-13.653496400786157,14.740381033241562,-13.651780624255455,14.246991497891456,-13.666819362487335,14.073604208738153,-13.676855821409651,12.159067732156208,-13.840310766285151,11.807856257905607,-13.890168874881331,10.549941934040758,-14.141060342812803,10.480989320405806,-14.155610419613643,9.425608195321548,-14.390575326898484,9.09478189562975,-14.48325844085228,7.894364073674393,-14.890739875531505,7.80030061494949,-14.924328674545785,6.572558738866299,-15.384637032490465,6.244089554235151,-15.529442707146695,4.349713212446071,-16.495859281247302,4.028288640633725,-16.68435945116676,2.9759052723646198,-17.38755981400892,2.920684955960217,-17.425305273853397,1.9146809207579956,-18.12861340247274,1.6161433918640218,-18.36517746516756,-0.05767076704897317,-19.86329112741818,-0.3386926809089839,-20.148685098574816,-1.8740355656086742,-21.918323047447366,-2.1251502680629906,-22.249171080913953,-3.447600962270334,-24.250800361331912,-3.6530101463020572,-24.61071034295796,-4.675639867607645,-26.709583922074255,-4.8298633827744215,-27.085383818768616,-5.570653810555085,-29.28043515079146,-5.676003957724486,-29.674433470953208,-6.136440488912054,-31.980515296424826,-6.190954047898254,-32.39191559665466,-6.349866082497356,-34.781312489098575,-6.350111725798553,-35.19943232606637,-6.196558709482325,-37.54995862795025,-6.144789553656516,-37.94990991597382,-5.703104228854379,-40.21945398775064,-5.5988808243040475,-40.616333065244,-4.856201772550847,-42.84693027829898,-4.7055252626097985,-43.21916754320966,-3.7354401071798606,-45.23849570600908,-3.5510831015982034,-45.56997829802728,-2.8891134917961465,-46.608966310966835,-2.851305776445248,-46.66690435235018,-2.1426634566770395,-47.72742829986372,-1.906557866579669,-48.03772200108837]}