{"Index":-1,"Tolerance":2.269167533106851E-05,"Coordinates":[-6.346309300256754,-35.21271791945056,-6.343920906478212,-35.29419863670672,-6.212525837699568,-37.30554375142245,-6.198569007534826,-37.52381430623528,-6.197950107738407,-37.52868547572073,-6.196876329510198,-37.54512478696456,-6.146927250200352,-37.935661267124416,-5.894638624711357,-39.25322617111921,-5.89106756007222,-39.27158302841128,-5.868072632950706,-39.3879576637356,-5.845347354081777,-39.50713248279566,-5.840533572961896,-39.53184381097257,-5.7058723637416655,-40.20880910592079,-5.680553292561884,-40.30543415558661,-5.656568177511471,-40.39671013084183,-5.608735249104259,-40.579004109505775,-5.585907889523933,-40.64861842528187,-5.572630406026709,-40.69359175939662,-5.201546364139771,-41.82542061102198,-5.196968765238522,-41.83927495007404,-5.111303585543376,-42.09655893489903,-5.10640764204741,-42.111109493226984,-5.0931497781389865,-42.15154676739166,-5.082671419070419,-42.18295232916706,-4.860825614900216,-42.836495429827146,-4.7897427927711576,-43.01129350015734,-4.762528681094679,-43.0804285195539,-4.7486753975114135,-43.11228135108787,-4.71968843435936,-43.18356249992172,-4.696941525864576,-43.231232954746474,-4.673297914106389,-43.28559667130953,-4.137792897795588,-44.407123432406415,-4.122074339795761,-44.439568322025615,-4.063847864085861,-44.558035479364385,-4.006954787970165,-44.67726921972743,-3.9890106115940394,-44.714257697145065,-3.6838185407149413,-45.333117701475906,-3.5724244462492827,-45.529562251094674,-3.534768010222788,-45.59704179763166,-3.524045326941446,-45.614879290108,-3.5030831572905807,-45.65184627651647,-3.484926710445417,-45.67995423535484,-3.4292355643166745,-45.7725980609725,-2.879331944740592,-46.62393971784533,-2.865241788772309,-46.645560311029136,-2.6383811879479584,-46.9905799794996,-2.6053013917149066,-47.04175368997528,-2.578176362037409,-47.083039552798766,-2.194786211567652,-47.65680502383429,-2.051665087575018,-47.84685800515478,-2.0086880693719773,-47.90469649305355,-1.9971864402810406,-47.91920112996884,-1.9793137358409567,-47.94293459899381,-1.9640601778597626,-47.960976465008976,-1.8848106407679392,-48.060917590925435,-1.2306950900763673,-48.83463285949288,-1.2110381364900884,-48.857660334651044,-0.9466238525835394,-49.16443874628092,-0.9109238494689449,-49.20666678700881,-0.873386245450718,-49.250261187082984,-0.41830843512798505,-49.76918421817501,-0.17316396018373076,-50.019432513157994,-0.1625160410367249,-50.02916569793812,-0.05021959921205707,-50.1379126749104,0.6893772282102179,-50.81396809977494,0.71353339315471,-50.8358225215324,1.028198621483502,-51.11758265899095,1.0486746597675125,-51.13629905085252,1.0973757586279562,-51.179903257843776,1.6161899927679286,-51.63488548235564,1.8375479834510622,-51.80884480159123,1.8820694236624023,-51.84401407118227,2.0255675682195076,-51.95094315920516,2.8284022162346427,-52.51471173919309,2.856926126465416,-52.534509883480396,3.217972085635951,-52.78219384062948,3.2392934175495496,-52.79716618022476,3.2999405939605024,-52.83871413239542,3.8910744029843634,-53.2337093230991,4.081276917777929,-53.34512428620718,4.195088503753361,-53.412704882162885,4.358431231352104,-53.503308036166466,4.463083608614151,-53.5573950047761,4.743537298611096,-54.6718845180789,5.258418916612668,-55.7730512544299,6.668479347493448,-57.714209263837226,7.181674070872106,-58.268376340478106,8.60620523118478,-59.4803759676227,8.790802727645874,-59.62600564970517,11.051991894508978,-61.277842325996545,12.166063845126782,-61.79933827170599,15.158522671729155,-62.54653701407068,15.254032214493536,-62.56882398273997,18.59152972263246,-63.29346031397631,19.189188581559804,-63.36496867498259,22.573945880023487,-63.447442606923445,23.250469528037783,-63.39154389720605,24.77044762541844,-63.10042014754463,25.08321970261032,-63.02390050342012,28.40100694581117,-62.03153859565836,28.490927772591057,-62.00318177818261,29.24285217364911,-61.75372657695713,29.83956792857879,-61.484879193204236,30.698649980384168,-60.98580699593357,31.469715702227845,-60.35916109367436,33.97835461491903,-57.56836440978117,34.25968738148617,-57.20585132920624,35.34258116752847,-55.58059141335705,35.52299867109771,-55.27387737312311,37.428121685772815,-51.57569006600659,37.52476346697392,-51.370391349107216,37.75807570349568,-50.82500702837592,37.95586260022039,-50.18192704328705,38.06645208078975,-49.61462437546675,38.083274806275455,-49.52085820408167,38.75007344717399,-45.45419866927091,38.78099774176641,-45.203543962280406,38.88702808861084,-43.928797275066934,39.03274407454757,-42.454066172835525,39.02490839727364,-41.75666375648389,38.66538041827518,-38.79885905675784,38.55570436244274,-38.272784692556606,37.82469729752169,-35.82414616651192,37.51255611410633,-35.110967005043804,36.24938544308023,-32.97959720068076,36.23323556119951,-32.76915662167506,36.20768589754415,-32.54289939436116,36.20418252761856,-32.51944936553556,36.16540345443212,-32.19308003356339,36.13538385695963,-31.99433875609476,36.08344857594467,-31.71144743961448,36.01736466057642,-31.269191715246457,35.98100541669365,-31.069678331004706,35.61801908037311,-29.38480918169798,35.49950390944329,-28.972289876688393,34.969461358826784,-27.508094347683308,34.80447071955485,-27.022043510532217,34.645406923774715,-26.63801219840079,34.47147570802243,-26.285288470751667,34.201079264956476,-25.665498065954527,34.08812971223355,-25.432917178864688,33.513609529892854,-24.36303297451453,33.45236700645254,-24.261087202593867,33.415725088838656,-24.19836956362265,33.395973477611854,-24.167213183268125,33.36862271568429,-24.121684449625374,33.010273689840325,-22.86134838635674,31.366937253616836,-20.83732991998105,30.58714912781978,-20.42750777908409,30.210225427578724,-20.01304716987451,29.983426542768004,-19.790338756990124,29.95546926762279,-19.762871882559544,29.845983902893582,-19.66676269518623,29.674190198070555,-19.51577157738895,29.067622939047343,-18.938871444819686,28.876263732400364,-18.77095238511007,28.78723139738163,-18.698931676019786,28.02667530536086,-18.083261301382343,27.820210757912637,-17.92954683410343,27.60479999129658,-17.782351323023807,27.260969451550164,-17.546326303580493,27.177757250145305,-17.491108799091364,26.984491251781684,-17.36316480052789,25.93431529855798,-16.667878942731182,25.751875309303713,-16.555750072210266,25.479866489461926,-16.400956483665233,25.467082541891475,-16.392748991472846,25.155744206402748,-16.216780812600355,24.51014218745476,-15.898417632384866,24.41114570130743,-15.851703698201657,24.389589141235906,-15.841982417150676,24.01523027290946,-15.66523505630903,23.964911352066245,-15.642012660503939,23.068715151257567,-15.237863765375232,22.92068154121435,-15.175562010290692,22.853170111289977,-15.149124041577906,22.568224974597438,-15.036801276360695,21.913442551163083,-14.814521775767744,21.81402571747633,-14.78258588928045,21.792313795499776,-14.77600315431532,21.446368142904358,-14.664735652600397,21.395417355222612,-14.648819542368072,20.431867520043877,-14.356690876336023,20.27451738137831,-14.313367978264498,20.22970954855589,-14.302259717835739,19.927842891121063,-14.226674171901212,19.251133322965977,-14.092065532695633,19.15648077661408,-14.074724311957537,19.133224195877457,-14.070826763878086,18.763737012902027,-14.00302400209723,18.71545711499096,-13.994549099159213,17.72281240670529,-13.82819148120233,17.557196129630647,-13.804901367548743,17.514228447970236,-13.800008953032998,17.20679518041484,-13.764272045043837,16.518189738394135,-13.719147042271215,16.43007908768561,-13.71460148347931,16.4053860910367,-13.71367136268727,16.017990141282787,-13.693614912003465,15.973308119365047,-13.691617066093638,14.967609583695992,-13.653745469989099,14.796105711182172,-13.651922168778972,14.743735976499615,-13.652779931577816,14.449033926394643,-13.656875822829639,13.760501982758985,-13.701996009179638,13.680632869042334,-13.708242763550945,13.65515712414287,-13.710558988610297,13.25614967009739,-13.741715249038984,