{"Index":-1,"Tolerance":1.4394713100481446E-06,"Coordinates":[213.9436165383449,-41.06107018700496,213.99079466872408,-40.889385182092994,214.22454633480942,-39.739317824242555,215.56345852547324,-39.13593409581487,217.03133266758434,-39.550495678819594,217.67521924764844,-39.77391966823417,218.08102883570066,-39.88524805355417,221.17436868091238,-40.51714817928063,220.31447478203143,-40.84150671395092,217.42513002002295,-41.72019153145239,217.1022357892556,-41.837812025137794,216.6874167501458,-42.01487671591116,214.861325181305,-41.50742664077021]}