{"Index":-1,"Tolerance":3.99810650112604E-05,"Coordinates":[9.902524649019542E-06,-34.994105355431685,0.12678973750555694,-36.934799719875585,0.4907626349052062,-38.80502528998506,1.1051984923497966,-40.65045079169522,1.9062160976040297,-42.31784819217175,3.0288016840949115,-44.037380753941434,4.123375306215602,-45.306132569297176,4.350210391374185,-45.584614234297014,4.560937187182704,-45.87547573248517,4.754881502759719,-46.1777864932188,4.931422840419748,-46.49057931554244,5.089996380868733,-46.812853462612075,5.230094790264305,-47.143577863412524,5.351269843359379,-47.48169441152485,5.453133857536084,-47.82612135038967,5.535360933142025,-48.17575673423587,5.597687996160591,-48.52948195360179,5.639915639879442,-48.88616531416959,5.661908762864372,-49.244665657462804,5.6635970011974255,-49.60383601182312,5.662465362091013,-49.64589737906462,5.632043156424217,-50.65258069172559,6.367033933315178,-53.57840805447703,9.424251870397612,-56.428369177098446,14.42676381825155,-59.07078609502287,17.861778654693993,-60.18228615941881,22.245687518104987,-60.900876678919886,24.911950341041337,-60.80367064109145,28.349088002791575,-60.388368085680106,31.020309878472197,-59.50613909916737,34.255990165499085,-57.86272374863498,35.51704157968764,-56.87291106193316,35.80573603071515,-56.65922505971048,36.1060505251708,-56.462203746092285,36.417024248873595,-56.282477463188506,36.73766228493087,-56.12062122007962,37.05554094529159,-55.981752785543264,38.91046594529159,-55.23105578554327,39.24708561048365,-55.10578250584658,39.59024977576032,-54.99974218676957,39.938860535417774,-54.91327408946751,40.29180255813599,-54.84665485651215,40.64794665532517,-54.800097626812665,41.00615339380653,-54.77375135370746,41.365276741269234,-54.76770032840886,41.72416773284036,-54.78196391032515,42.081678147037096,-54.81649646512291,42.436664179340696,-54.87118751072761,42.78799010163883,-54.945862070795584,42.899166151760184,-54.973865018656966,44.16044970045136,-55.30369286463995,48.6740800259703,-56.083610579194506,49.02613842437264,-56.15475183104153,49.37361129710558,-56.24568475310335,49.47379764098371,-56.27585261026216,53.84903015352814,-57.63272456939097,54.700991633290535,-57.76926948434599,55.053890561551974,-57.83611662364092,55.40244540980625,-57.92280982613355,55.745541025614045,-58.02907172905957,56.08207972258597,-58.15456236233722,56.41098479227649,-58.298880236254014,56.73120394896183,-58.461563625976865,57.041712696280854,-58.64209204877603,57.34151760496775,-58.83988792923674,57.629659491189855,-59.05431844713089,57.90521648532207,-59.28469756203675,58.16730698133966,-59.53028820822924,58.41509245739326,-59.79030465281857,58.64778015854222,-60.06391500959258,58.864625633062985,-60.35024390052022,59.064935114218194,-60.648375256401,59.24806773986622,-60.95735524770019,59.41343760280988,-61.276195336192814,59.56051562532445,-61.60387543765336,59.68883125186782,-61.939347185472414,59.79797395455706,-62.28153728475887,59.88759454659488,-62.62935094619668,59.95740629944396,-62.981675388669984,60.007185860174694,-63.337383399450516,60.03677396605166,-63.6953369405569,60.04607595407244,-64.05439078974787,60.04057138020618,-64.30402883443254,60.0031120548321,-65.20161431627035,60.191730586402215,-67.38984828854203,60.624866976798245,-69.28227413522016,61.21865630828293,-70.91880621930065,62.1055034995924,-72.6610678962575,63.211574976223055,-74.27339119159984,64.64701210803898,-75.85309790142988,66.14094788481432,-77.10346474346738,67.78446584757573,-78.14965364304675,69.40211733884576,-78.91535345584357,71.25551980060412,-79.52401531412363,73.18100707300248,-79.88854860833848,75.27950827487035,-79.99734172164129,77.09826478298608,-79.85190574645549,79.00448230989112,-79.45502350084307,80.86940226671258,-78.80348065716545,82.61076177325305,-77.92510725394476,84.21910760305894,-76.83202872971651,85.16896527410353,-75.98208262806156,85.44329306661194,-75.7502411825488,85.73029039809254,-75.53428117392913,86.02903906076283,-75.33489353601571,86.33858325010144,-75.1527161816418,86.65793262281078,-74.98833196174785,86.98606546528175,-74.84226680063163,87.32193196242349,-74.71498801332703,87.6644575563997,-74.606902810495,88.012546384526,-74.51835699561005,88.36508478532927,-74.44963385861051,88.72094486155152,-74.40095326955196,89.07898808869926,-74.37247097516381,89.4380689575933,-74.36427810055945,89.79703863926495,-74.37640085769415,90.15474866047343,-74.40880046150366,90.5100545780853,-74.46137325399154,90.86181964055999,-74.5339510358684,91.20891842482722,-74.62630160468201,91.53910472890409,-74.73414065019293,95.43818169195103,-76.12670680174261,97.82021950529736,-76.78144364369453,99.39513747707497,-76.87788145201652,109.09458367080184,-77.02223709532817,111.99445708562797,-76.64064837719445,114.0393066061064,-76.133856631977,115.01690725168464,-75.7304643511344,115.35266787535852,-75.60290653212626,115.69510354175566,-75.49453675783869,116.0431186759024,-75.40570174219278,116.39559985209917,-75.33668570038415,116.75141935617009,-75.28770943957635,117.01567344876632,-75.26449877733354,117.42278244876633,-75.23729577733354,117.78169150091871,-75.22349411500377,118.10644087422317,-75.22850419904182,121.97963760887183,-75.38740580472574,124.44208438829259,-75.33685750257733,127.64918801272134,-74.7779534021678,128.0046318088426,-74.72632103442336,128.36242631613925,-74.69486814666544,128.4728077573351,-74.68926763476476,136.2136627573351,-74.36402563476476,136.5594596851046,-74.35892228573715,142.15545503761876,-74.42874870922333,150.18882152167706,-73.4162323190453,150.54630421226645,-73.38141393986214,150.90518368516422,-73.36686342328801,150.99641074569058,-73.3664024030672,153.37808110585058,-73.37147501940865,164.22732141840874,-70.9840426309531,171.80267220805845,-69.20461358126796,175.17869737647126,-68.25106021773212,175.50195573725546,-68.16885916733598,185.06602573725544,-66.00256616733598,185.40651111276074,-65.9351714226849,189.60869516056346,-65.22214990893623,199.04792187859422,-63.287622200797514,226.78448583351172,-56.900650316199474,226.87217365124647,-56.881110351074334,230.27386565124647,-56.148311351074334,230.60969231586344,-56.08537001676829,234.21738831586345,-55.50920901676829,234.57352812569067,-55.4626190022136,234.65318543151096,-55.45498895541766,238.00012843151094,-55.15566895541766,238.35863672178525,-55.13380575792544,238.50315048688347,-55.13073563549138,250.7977544868835,-55.00951363549138,250.85793910866937,-55.00920546185495,274.9929278353811,-55.00000020680873,274.9929279394654,-20.231597060534558,235.308453,-20.231597,234.94942234770676,-20.221439032000003,234.7585800819116,-20.20774430890397,232.2657090819116,-19.99106230890397,231.90890668768913,-19.949852539709198,231.73769771220938,-19.922763309294027,225.86009971220938,-18.910375309294025,225.77040006427285,-18.894261354571004,225.11278506427286,-18.771247354571006,225.09262568535402,-18.7674426099358,211.54950278995864,-16.188741873972734,200.26423184113156,-14.151970172810774,196.03930635314507,-13.645752320791171,195.68403387598426,-13.592954019947253,195.5041079543109,-13.5583045813824,187.47240704424206,-11.891066786574859,175.74147630159374,-9.754936682771607,175.23296829322857,-9.716310224314762,174.8757383655617,-9.6789876791297,174.52119011788173,-9.621526965010899,174.43607320414293,-9.604645810657413,165.77216260621847,-7.82472990307394,160.55898918802134,-7.522408145305368,160.42423894652893,-7.513154834749525,148.92456862580318,-6.6004962208653915,141.98426531979445,-6.994522848703272,141.62785433812934,-7.00473102308135,137.24529733812932,-7.007162023081349,136.88626110645748,-6.997203210558465,136.5283622917161,-6.9669603269875315,136.39158873094638,-6.949990926132472,130.97190199721163,-6.217769530969502,125.87007429729782,-6.070149497946346,125.51148763947549,-6.049611668660106,125.39778764493228,-6.038836057810451,120.79484764493229,-5.560802057810451,120.62637203464634,-5.541027241958138,113.43732912958782,-4.599706179409408,108.51719674808427,