{"Index":-1,"Tolerance":1.1396893580005275E-06,"Coordinates":[14.137183652282776,-35.72870826003853,14.11967268132015,-35.71826635242292,14.092215554381598,-35.691835774006,14.0502488264602,-35.61467269514089,13.997214103081566,-35.545105124464264,13.967664008525725,-35.462826241176835,13.925834105686004,-35.38591473886037,13.909161238495756,-35.29993192020637,13.879493968016586,-35.217326773864144,13.87613276946225,-35.12960243632564,13.8594860309445,-35.04375436455611,13.869514724168505,-34.95687725219605,13.866152445202767,-34.869124716866466,13.889420821649455,-34.78443362181722,13.89946758749877,-34.697399948929835,13.93528270380035,-34.61750779313823,13.958434848320982,-34.53323975335114,14.005961318542745,-34.45984623893339,14.041895055439262,-34.37968947824784,14.10030595486986,-34.31415302009761,14.147971884080539,-34.24054414389798,14.215684258174438,-34.18469969170042,14.273902422506035,-34.119379480447144,14.349048396613245,-34.07471023477212,14.416646578435646,-34.018959960410335,14.498006935558655,-33.98616436587364,14.573411109558224,-33.94134163766596,14.658728610596814,-33.92137897069844,14.739912583224315,-33.8886544750925,14.827243157800197,-33.88194978273522,14.912604207891775,-33.861976926120434,14.9999997877079,-33.868686615032075,15.08739495312784,-33.86197696379595,15.172755634882787,-33.88194973422699,15.260082210215973,-33.888654125403725,15.341260690388461,-33.921376701314095,15.42659648292453,-33.94134364814293,15.502017971727078,-33.98617703177817,15.58335824804134,-34.01896482677764,15.650941519167077,-34.07470281721018,15.726096373006147,-34.11937770294518,15.784321339004787,-34.18470523346164,15.852019379253353,-34.24053787749949,15.899675378148691,-34.3141307193013,15.9579527709833,-34.37951707193416,15.993803141818084,-34.45948764773529,16.041501727889184,-34.5331462548418,16.064749030885228,-34.61774496745922,16.100553216783123,-34.697612519612036,16.11058977332792,-34.78456293325672,16.133845454665448,-34.86919213529924,16.130484132722962,-34.95691515095945,16.140508923322773,-35.04376363185668,16.123868109725997,-35.12957861459113,16.120509131443917,-35.21724046593499,16.09085851760164,-35.29980572288423,16.074175046739345,-35.38584068479716,16.0323277662781,-35.462790764211405,16.00271562239951,-35.54524889749522,15.949559491482917,-35.61498763933135,15.907698482963038,-35.691962962326315,15.844602440386089,-35.75268714010594,15.791479000014125,-35.82238299324019,15.719794112618805,-35.87280375557315,15.656658434296851,-35.933566079137016,15.578118374034673,-35.97245375159121,15.506461194969718,-36.02285502480742,15.422957528718758,-36.04927880252979,15.344492365851895,-36.08812939091036,15.257911630397274,-36.101505684618154,15.17418505305325,-36.128,15.086421876864856,-36.128,14.999974812931647,-36.14135564212149,14.913511924821576,-36.128,14.827317734029823,-36.128,14.783387354945834,-36.114043795027975,14.769482507482548,-36.10575224266743,14.745747203670732,-36.10208592720788,14.406408213984474,-35.99428161060943,14.155556443262595,-35.75280851650429]}