{"Index":-1,"Tolerance":2.418016704405545E-06,"Coordinates":[213.9436165383449,-41.06107018700496,213.99079466872408,-40.889385182092994,214.22454633480942,-39.739317824242555,216.12667991445264,-38.882117136060316,217.40279404233905,-38.59740492837853,219.63717333319158,-38.21102996134459,222.6628175706012,-37.969447896090806,222.68067615551712,-37.96797125105719,223.74119537345518,-37.877267820885756,225.02180081153224,-37.84278020794949,227.23821704132192,-38.39014767918973,228.683004,-38.827989949804575,228.683004,-41.7977007434336,227.57717086870989,-42.12679920587898,226.83179175641519,-42.25527707008615,226.65246971280683,-42.29153368872065,225.000011922292,-42.67549565701509,224.9209266282256,-42.67881361676058,221.92058717312526,-42.61873537823335,221.71278316908666,-42.62137538373287,221.6989013984147,-42.62200644428632,220.05858764354144,-42.54892237665341,217.18687555647242,-42.13958131747354,217.13766092395068,-42.13295839690582,217.0911477173294,-42.12706895924105,214.861325181305,-41.50742664077021]}