{"Index":-1,"Tolerance":4.634631658530266E-05,"Coordinates":[-0.6846367688592763,-49.45408637487673,-0.7283312081937109,-50.8999348496727,-0.6336541831313595,-51.77355504274292,0.4273324283846277,-55.99709420800072,1.3317391499315667,-57.55029716077694,3.336536209840101,-59.464661641837594,3.3862502441661064,-59.51112496609372,5.437345137423939,-61.3873310944435,6.100072718049294,-61.853916714626244,11.703936985886784,-64.8139777006193,12.210342901996833,-65.02775820308759,16.100096215747914,-66.2864017419857,16.49379599736699,-66.38650857244168,18.35706001299619,-66.73528485383272,18.468912486741967,-66.75416065965527,21.592860248942713,-67.22412009410077,22.182131656373226,-67.25741284044237,25.247555531096914,-67.14565424172815,25.455699760565114,-67.13120751055925,28.418453501166525,-66.82750304583358,28.6894325133989,-66.78785805551519,29.742052034617707,-66.58717133681745,30.143573484581378,-66.48306509278989,33.22253071720314,-65.46617346105239,33.63337728116441,-65.29782824133902,35.91264988587718,-64.17203355770536,35.9971005504505,-64.12873927480713,37.53774726011876,-63.309612148086615,38.10158999733246,-62.92729524272384,39.27279666812316,-61.93472978685474,41.292650998822296,-61.117284536900975,42.684002971599455,-61.48112573665192,42.94677685854606,-61.538079200011246,47.69184987087669,-62.35798721335574,48.56214348116815,-62.59808633936585,50.57154419112287,-63.29150183379793,50.72660619915801,-63.340604957452655,52.274028592289255,-63.78735660253858,52.6526093515187,-63.872011400571054,53.69609370164025,-64.03925173930233,53.650179189059685,-65.13944904719877,53.659156668975754,-65.54491238822023,53.884149529883075,-68.15513995414912,53.95253362687133,-68.59137657109207,54.47852766386324,-70.8895086576893,54.58898831544225,-71.26440833318777,55.31592867587469,-73.26791658601702,55.47116445714858,-73.62562127195052,56.54042436559569,-75.7262428145024,56.75202026185604,-76.08241566519709,58.0977297049484,-78.04406089624538,58.366395395994346,-78.38357330213016,60.0930233157239,-80.28373740833601,60.405390698113244,-80.5836400893525,62.223692102776255,-82.10548784153454,62.55689456546635,-82.34938640419452,64.54172419622837,-83.61283824749165,64.88863575811042,-83.80437953626542,66.8644926476304,-84.73963308045082,67.23259379765304,-84.88652925880767,69.4707144779711,-85.62153307315347,69.87116492052868,-85.72472626775212,72.21094355053793,-86.16769291636265,72.63764986860383,-86.21890729578094,75.15944338127723,-86.3496451950539,75.57735761500399,-86.34379438201874,77.80305678119214,-86.16581662153625,78.19753463398091,-86.10920646596698,80.50224464400166,-85.62935587301305,80.9026764461841,-85.51823492197168,83.1602396397745,-84.7295153391944,83.54339068942409,-84.56677883592447,85.65455407083654,-83.5018698228107,86.00968153657342,-83.29281581267348,87.96316144434601,-81.96517458342117,88.29603737090059,-81.70499206692729,89.40331570309941,-80.71418339983381,93.41422743473048,-82.146690778642,93.64071558199981,-82.21815290457629,96.45452371869787,-82.99156753147072,97.10369473921779,-83.09946226178383,99.0743179988133,-83.22012995323936,99.2090392091002,-83.22551153589946,106.88869231377097,-83.36908232568962,106.94419037188379,-83.36963469119587,109.29659249502933,-83.37248656227911,109.71511970640267,-83.34532286716428,112.9994026622733,-82.91314952562921,113.34923476185901,-82.84699744384125,115.79565037597644,-82.24068155104248,116.24355071898677,-82.09366899105179,117.43903506564106,-81.60037063427419,117.80112687573606,-81.57617579948376,119.74350297047272,-81.68344233030696,119.84147141335954,-81.68733650610172,121.89654967679344,-81.73726087552939,122.03883703001493,-81.73752863719815,124.84429066885673,-81.67993938810532,125.38511507535225,-81.6223287866533,127.66208077262782,-81.18035527400345,127.99399099067107,-81.09716015606391,128.05462012309778,-81.07844065161775,128.45191569673653,-81.04574864552167,136.38546918057497,-80.71241005663782,137.2988676402391,-80.7510856495628,137.39439754230216,-80.75369119067274,141.7628579207445,-80.80706971909281,142.00123170020169,-80.80103081374986,142.6632695291639,-80.75935014090014,142.88031733999563,-80.73818318120559,147.87044891846773,-80.07789676307317,150.9551666416017,-79.71632810154456,153.69321236260228,-79.72216069961421,154.34715896077873,-79.6556937935181,156.8040886493768,-79.14558045098703,156.84501457054463,-79.13680153143001,161.4457380721128,-78.11814456372687,161.45598414410173,-78.1158581807744,165.63528835950115,-77.17600174568368,165.66471867094472,-77.16923616052141,173.31829936565936,-75.3714303943565,173.44474445764146,-75.33897226047479,174.9086103120114,-74.93095052561607,175.32282640010192,-74.84508381798659,176.56131798878215,-74.4505837358805,176.83833037963714,-74.3479297311316,177.5959465852009,-74.02636314033364,180.51573144574823,-72.99620898809299,181.29804332066925,-72.59122342376796,182.49511773428173,-71.74347739145556,182.517693646803,-71.73805431914208,183.75269838822152,-71.13993951765835,184.3112484921073,-70.70080496582203,185.9274308721546,-69.66784519484459,186.02896609812402,-69.60016783306375,187.32473511286886,-68.70005284041298,188.22028761087012,-68.7556355384009,188.28065744321236,-68.77706161218197,190.36592438780238,-69.48011003131813,191.2790448692869,-69.64560972533314,194.14319288871036,-69.74135887771612,194.78284342055997,-69.69814338966412,196.3211234855145,-69.43672315756957,197.80211959067412,-69.46450334532508,198.38359453472327,-69.42198282014647,200.3549717276187,-69.09423515584037,202.0379470915366,-68.94827745588142,202.40638601569052,-68.894426899049,204.04750774071968,-68.55533855436256,206.15483117763017,-68.16855244750688,206.287986396334,-68.14115396548135,206.75093909612315,-68.03551749096545,206.85156796430869,-68.0146336447596,212.70646254032272,-66.67752571296471,212.7285630467963,-66.67239537322949,216.62514964380256,-65.75316969729032,228.39906211431202,-63.045078017823364,231.73267817526593,-62.32961484142281,234.2419739474335,-61.900494023443486,235.10628910381647,-61.78353454040623,238.61610573194352,-61.475593777120444,241.57509159675405,-61.39435583113558,244.32050140053065,-61.39737461980109,244.5013370865655,-61.39242079058731,244.70420671948878,-61.38107383019742,250.8172905795249,-61.35929421823663,256.58820087976596,-61.39919879652585,256.71794349886994,-61.39744477779387,258.11483623808897,-61.35,277.62318412106913,-61.35,281.34292800000003,-57.630256121069124,281.34292800000003,-17.601340878930873,277.62318412106913,-13.881597000000001,234.67723173615278,-13.881597000000001,232.88911594943335,-13.678151495785096,227.86819339968957,-12.82928871828168,226.3383873457474,-12.5498263370113,217.19558278200162,-10.807692641032263,212.72685648834158,-9.948805836242995,212.68449101422448,-9.94096090476717,207.31870638255083,-8.984972991507322,207.21745645488593,-8.96404408568084,203.20712388460063,-8.247138192551368,202.97308672550372,-8.214233202534853,199.23581211412153,-7.82993902605346,198.34115656875537,-7.864215606924269,197.33675230446107,-8.046006150882752,195.99578902625595,-8.186903011987836,195.76521621223552,-8.193421177592363,194.26423361528882,-8.128900394285195,192.75875460588753,-8.43041726526481,191.2096985819359,-9.15644592293037,189.29620257694216,-9.107249085849023,187.05393219549558,-8.173412202648999,185.86652554167424,-7.658955995319011,185.31846784089876,-7.106764083716095,183.140297178595,-5.918009829351692,182.78354635385566,-5.751113983749004,180.75770109407242,-4.952353234509582,180.5768952092953,-4.887312692762128,177.08570984292058,-3.7494974512260844,176.02588934718807,-3.352093164504813,175.30580587946002,-3.212728060773255,175.02168437459574,-3.1053408955444204,173.92525075928287,-3.0091291527751935,168.5621256184106,-1.8726212098256805,168.45910708740803,-1.8525634638053885,166.69889311637394,-1.53995007387622,166.3283974658771,-1.496389607025241,163.05679880883196,-1.305421920808916,160.92492704204625,-1.182924657720982,149.21178429734695,-0.2533238488690363,