{"Index":-1,"Tolerance":1.1396910521158148E-06,"Coordinates":[13.967664009820014,-35.46282049196725,13.925830276075555,-35.385901183220334,13.909156266988596,-35.29991383204356,13.879489543039794,-35.2173109717127,13.876128737403134,-35.129591879467206,13.859487880220072,-35.043775491637504,13.869513228060496,-34.95692302056401,13.866149761779242,-34.86913448385976,13.889425637215048,-34.78441609435783,13.8994705930617,-34.697393753488214,13.935282263527117,-34.617509395623145,13.958437523211165,-34.53323001741708,14.00596967940022,-34.45982842869876,14.041898136173224,-34.37968355801573,14.100302823581362,-34.314154358619774,14.14796800838966,-34.240547340298,14.21567886224887,-34.18470414188418,14.273899428768578,-34.11938152341429,14.349047003163811,-34.0747113839922,14.41664777715379,-34.01895897179106,14.498011540345887,-33.98616206355942,14.573412476269887,-33.94134131788151,14.658726664436339,-33.92137942606285,14.739911755852962,-33.88865453861287,14.827243157800197,-33.88194978273522,14.912604207891775,-33.861976926120434,14.9999997877079,-33.868686615032075,15.08739495312784,-33.86197696379595,15.172755634882787,-33.88194973422699,15.26008200320122,-33.88865410951042,15.341260203579441,-33.92137658741008,15.426596824617548,-33.941343728092576,15.50201912312659,-33.986177607481295,15.583359565002915,-34.018965484020136,15.65094320826477,-34.07470374104059,15.726100809698663,-34.11938027443248,15.7843272587207,-34.18470956682799,15.852018560385062,-34.24053661296101,15.899670789255252,-34.3141236328963,15.957949789995562,-34.3795121375687,15.993800095245883,-34.45948294306197,16.041521227916984,-34.53317636778654,16.064776645783656,-34.617809402990474,16.10055685649523,-34.69762384951595,16.11058937599924,-34.784534870206464,16.133845058021787,-34.869168866748254,16.130484239388146,-34.956882692001166,16.140511658389855,-35.043749527394,16.12386706353361,-35.129584009698846,16.120508140743393,-35.21724835543593,16.09085588012457,-35.29981932408515,16.074162809302074,-35.38590379201616,16.03229880968252,-35.462879877538924,16.002722162515937,-35.54524028969551,15.949610156193677,-35.61492098494774,15.90772024032025,-35.69194472315043,15.844594129684685,-35.75269754897682,15.791476023918893,-35.822386246439756,15.719797254012072,-35.87280257010171,15.65666171099117,-35.93356447369415,15.57812190337868,-35.97245202476924,15.506459111078508,-36.02285711034509,15.422950206455736,-36.049282456023576,15.34445523302162,-36.08814780827422,15.25784965151245,-36.10152645629868,15.174188432360232,-36.128,15.086475336060683,-36.128,14.99999674794596,-36.14135903035206,14.913511924821576,-36.128,14.826277718841965,-36.128,14.743286725738106,-36.101705865155424,14.655489215912857,-36.08814406834278,14.575539953480199,-36.04855845620743,14.548615791814969,-36.040028042111565,14.501166580590427,-36.0117336575435,14.421990478100868,-35.97253086331909,14.347164704360472,-35.919900975865524,14.29977958215388,-35.89164480814603,14.28021253469005,-35.872809111947724,14.208684870340946,-35.822499001723266,14.1555671412803,-35.75282254948222,14.092223021270666,-35.691846022356394,14.050256884128226,-35.61468326467636,13.99721852652336,-35.54511092685334]}