{"Index":-1,"Tolerance":2.719986391013539E-05,"Coordinates":[-0.35892997804156423,-49.82904595329278,-0.3304612126483968,-50.23226421022519,-0.23259170746988722,-52.443270860394485,-0.017384328734856305,-53.46299476147256,0.37020678045520183,-54.457131345749616,0.46352771902218226,-54.672596735688515,1.347845837284505,-56.52357361500862,1.5031681368516918,-56.80993617888668,2.5893356283904323,-58.588380884010185,3.1274909289560906,-59.2505440221399,3.6887073774180643,-59.77776355077886,3.8363923308715617,-59.90811986318008,5.98742280089356,-61.69117988394948,6.507880439073687,-62.042190625962064,7.882349292260319,-62.78341532739255,7.896202507707477,-62.790841895911896,10.848356489916952,-64.3640665304596,10.965752479489034,-64.42353760899348,10.999456858568212,-64.43974301708587,11.633620212718437,-64.77769314956139,12.0333471538916,-64.95653142326572,12.62969964278124,-65.17540440387418,12.8636041122191,-65.25111617518115,13.181025236081679,-65.34044705857434,13.419596590528723,-65.42800769619781,13.653504400724904,-65.50372069352044,13.97092723608185,-65.59305205857439,14.209500868114132,-65.68061353211891,14.443413352608674,-65.75632784505777,14.760827973863861,-65.8456563751198,14.99939437261846,-65.93321562040411,15.23330871485039,-66.00893085833212,15.550731225843085,-66.09826192713963,15.9006164588131,-66.22667743072591,16.36538817616314,-66.35817790183283,17.42480131545245,-66.57260053756677,17.536704783970087,-66.59316969840148,18.144230502452164,-66.69362271868678,18.26417495982722,-66.72028422261697,19.536853120213074,-66.92974378497861,19.676257837910505,-66.94693995106701,20.918514467143833,-67.15234457707584,21.17539483614186,-67.18412957453131,21.89858505753768,-67.24382105483657,22.250137200636424,-67.25330960019862,23.201222348222515,-67.22630610933774,23.236929866129316,-67.22509118743515,25.26275157778758,-67.1447503749399,25.46074818783472,-67.13069000892536,28.468993206633467,-66.82232234722002,28.839594374816542,-66.762034550236,28.897870628533514,-66.74897987405254,28.951244212634716,-66.7421976667148,29.21865689910935,-66.69653990692179,29.968819317531334,-66.5352179028676,30.524602753202988,-66.36117535637813,33.96208251454789,-64.92753669067146,34.10282516978189,-64.86478729888356,35.9089661228496,-64.00640339473719,36.69690412652184,-63.475388501771356,39.14331389868569,-61.2309472650301,39.38517976022882,-60.98347779981523,40.32913819233966,-59.90605378809375,40.460944251236036,-59.74528629202998,40.808949774852366,-59.29128363950046,40.88783134795141,-59.18377376203094,42.940337980322866,-56.2595489603967,43.065164900854775,-56.067310292075625,44.86632300230977,-53.06125585121132,44.99650530244593,-52.82113971084118,45.67110082973393,-51.43806518421807,45.74629401769416,-51.27196219295613,46.51296917295769,-49.440131869290475,46.56834821318007,-49.29836650069422,47.074306444443245,-47.905560311561665,47.18181107043832,-47.54407968840174,47.386826172337194,-46.66728931970583,47.40718534299602,-46.5739003440752,47.84716296971487,-44.39888317870303,47.90688508700197,-43.91551808401835,48.00269288150565,-41.846376747350405,48.04927008006693,-41.39167522477692,48.04961609447223,-40.74632608517013,47.98186244867576,-40.07782245074389,47.96191168855055,-39.92032868604097,47.21959064772719,-35.04186139850327,47.12427269548765,-34.6152449537236,46.90288389060014,-33.86963201785583,46.89241789417067,-33.83510389412414,45.764594694091514,-30.189081123708885,45.68810330325396,-29.970394026869297,45.14562576364141,-28.58393125184851,45.08137065833088,-28.431529085069865,44.04476695281983,-26.14138868060577,44.02654217039975,-26.101849053048287,43.77488509538888,-25.565568549680897,43.60195966182886,-25.245973983252924,43.36970159290987,-24.869837972100186,42.52014069818552,-23.409320201194344,42.30968023601582,-23.092732223655076,40.036589976493524,-20.081075766897655,39.79937073592509,-19.801843147145373,38.85988441958219,-18.817154238114824,38.384900209503655,-18.408639505433047,38.16147113098158,-18.251906407100062,36.78235453787694,-16.925495676226543,36.39587627684195,-16.608319707902876,36.10234074621137,-16.403803166616534,36.077895894257125,-16.383741788656547,33.506159966321924,-14.591921118469028,32.914883522143725,-14.26706848534171,32.15270405345212,-13.948190731207552,31.786279434700923,-13.826371587565957,31.4342804579779,-13.682631491634547,31.003212048405196,-13.57454854523104,30.69656165101598,-13.449325859297888,30.265488602256504,-13.341241931856441,29.958844883948995,-13.216021291668842,29.527755713657072,-13.107932959839365,29.221115260374024,-12.98271433861731,28.131706893896137,-12.709563069235797,27.613674923286897,-12.624346842247267,26.684168811100413,-12.549443225349236,26.19518132627405,-12.547760015057385,25.373857293873172,-12.608257840140384,25.264826208947515,-12.61971803288483,25.172288348155796,-12.620035683657758,23.431142450613144,-12.77237647152449,21.809155628121193,-13.379858457324987,21.156825054773975,-13.854926997874927,20.57202515164515,-14.201501849879689,20.44606978738113,-14.302580535864346,20.3802171829379,-14.341607314967646,20.160217619317315,-14.283957697863375,19.62957803528718,-14.166303077852765,19.524616300456053,-14.144881698983871,18.77764645386186,-14.005516728416676,18.720102711764483,-13.995327656085756,17.727460101908456,-13.828970389805313,17.57120980146195,-13.80676087243331,17.18227642102815,-13.761306154464545,16.980452168994415,-13.744221848273696,16.021926669004436,-13.69380127412772,15.974620842168909,-13.691666499304548,14.945246752741047,-13.6529033527227,14.728977215303052,-13.652128217831187,14.257307977955655,-13.666504911466298,14.10450079839531,-13.674851863833645,13.252625987475206,-13.742006325610545,13.214686667771836,-13.74522614909304,12.133103921968083,-13.8435530621697,11.799300076532587,-13.891875408358086,10.549941934040758,-14.141060342812803,10.480989320405806,-14.155610419613643,9.498981290062527,-14.374239898877976,9.311738867262303,-14.421948864039766,8.99535556566028,-14.512897453996962,8.829021436801515,-14.565701818577347,7.877052460320336,-14.896971787165404,7.83960138088095,-14.910267507685829,6.882822821100981,-15.25669663053625,6.69067079668929,-15.333439236401137,6.337729334478388,-15.487912906973207,6.16789675063224,-15.568312485344782,4.349713212446071,-16.495859281247302,4.028288640633725,-16.68435945116676,2.9759052723646198,-17.38755981400892,2.920684955960217,-17.425305273853397,1.9146809207579956,-18.12861340247274,1.6161433918640218,-18.36517746516756,-0.05096296864211167,-19.857287447509375,-0.3201235604967095,-20.12909122707762,-1.0004574875984384,-20.904328384378893,-1.021014776204684,-20.92798785365038,-1.8805117027513603,-21.9271045912225,-2.112719508111399,-22.232550527541633,-2.6893458309185303,-23.094488247306877,-2.7066801518326398,-23.12067886488755,-3.4577151936692596,-24.26771260398666,-3.6558885537761263,-24.616618066224152,-4.675639867607645,-26.709583922074255,-4.8298633827744215,-27.085383818768616,-5.570653810555085,-29.28043515079146,-5.676003957724486,-29.674433470953208,-6.136440488912054,-31.980515296424826,-6.190954047898254,-32.39191559665466,-6.349866082497356,-34.781312489098575,-6.350111725798553,-35.19943232606637,-6.196558709482325,-37.54995862795025,-6.144789553656516,-37.94990991597382,-5.704496870503028,-40.21229807511257,-5.604855082458195,-40.59530454032358,-5.198661724145572,-41.8342189380947,-5.1881827910459775,-41.86562620259589,-4.846254806108153,-42.87292198623988,-4.701506531537455,-43.22753292926642,-3.7354401071798606,-45.23849570600908,-3.5510831015982034,-45.56997829802728,-2.8891134917961465,-46.608966310966835,-2.851305776445248,-46.66690435235018,-2.151491456897664,-47.714216690309144,-1.9360573439350326,-48.00030084414086,-1.2214508532075103,-48.84556733002202,-1.1829996859644623,-48.89020239765456]}