{"Index":-1,"Tolerance":1.1396894903307455E-06,"Coordinates":[14.141192570559497,-35.73396690357969,14.127501870322408,-35.72580303077537,14.092215759533193,-35.69183615121264,14.0502488264602,-35.61467269514089,13.997214103081566,-35.545105124464264,13.967664008525725,-35.462826241176835,13.925834105686004,-35.38591473886037,13.909161238495756,-35.29993192020637,13.879493923208194,-35.21732664910026,13.876132708620307,-35.12960212256066,13.859486172414648,-35.04375509412481,13.869514724188647,-34.95687897866917,13.866152379447586,-34.869124956198945,13.889421075112066,-34.78443269927645,13.899467771744044,-34.697399397138994,13.935282825586375,-34.61750734986743,13.958434937818048,-34.53323942760411,14.005961221283291,-34.459846223488704,14.041894817944756,-34.379689744714355,14.100305665570124,-34.31415334468909,14.147971744825075,-34.24054425874619,14.215684258174438,-34.18469969170042,14.273902422506035,-34.119379480447144,14.349048396613245,-34.07471023477212,14.416646787913479,-34.018959787647596,14.49800749852585,-33.98616403122737,14.573411109558224,-33.94134163766596,14.65872774705641,-33.92137917275041,14.739912076397049,-33.88865451400351,14.827243157800197,-33.88194978273522,14.912604207891775,-33.861976926120434,14.9999997877079,-33.868686615032075,15.08739495312784,-33.86197696379595,15.172755634882787,-33.88194973422699,15.260082210215973,-33.888654125403725,15.341260690388461,-33.921376701314095,15.42659648292453,-33.94134364814293,15.502017971727078,-33.98617703177817,15.58335824804134,-34.01896482677764,15.650941519167077,-34.07470281721018,15.72609657010535,-34.11937782010839,15.784321647913421,-34.18470548822804,15.852019379253353,-34.24053787749949,15.899675217719327,-34.31413047155804,15.957952865719273,-34.3795171226482,15.99380342709026,-34.459488088267236,16.041502747807822,-34.53314782985256,16.064750181516374,-34.61774726865441,16.10055333248265,-34.69761247704956,16.11058974973622,-34.78456145532704,16.1338458499428,-34.86919243227108,16.13048445187627,-34.95691618914371,16.14050906479078,-35.04376290232055,16.12386843999057,-35.12957691145033,16.120509364313538,-35.217240059990466,16.090858392943506,-35.29980636573354,16.07417445383848,-35.3858437423266,16.03232635350011,-35.46279509902454,16.00271593064179,-35.54524849309353,15.949561923613018,-35.61498444847283,15.907699005797534,-35.69196305192648,15.84460085856908,-35.752689215387306,15.791479000014125,-35.82238299324019,15.719795942818495,-35.87280246827165,15.656659363554315,-35.9335656190322,15.578118374034673,-35.97245375159121,15.506461452802764,-36.022854843456244,15.422957955218125,-36.04927859135644,15.34448945795163,-36.088130830703925,15.257906046355364,-36.10150742196099,15.174185033929442,-36.128,15.086426052348138,-36.128,14.99997652631284,-36.141355906781925,14.913511924821576,-36.128,14.82727297741313,-36.128,14.773148540241888,-36.11080724520428,14.762989408708735,-36.10474927474237,14.745641685945131,-36.10206962822676,14.406453691275344,-35.99432576377676,14.155557071460905,-35.752809340534796]}