{"Index":-1,"Tolerance":2.4010617499999998E-05,"Coordinates":[235.566167,-61.846473,236.700545,-61.35,277.623184,-61.35,281.342928,-57.630256,281.342928,-17.601341,277.623184,-13.881597,232.402748,-13.881597,231.758486,-14.525859,231.679966,-14.544452,230.955229,-14.812326,230.067907,-15.269292,229.528548,-15.503082,228.604467,-16.112321,227.703734,-16.962863,227.126702,-17.694929,226.342286,-19.061807,226.232974,-19.269742,226.005568,-19.744129,225.764549,-20.447753,225.623774,-21.098583,225.583679,-21.322478,225.410442,-22.53957,225.384357,-22.798467,225.311428,-24.02388,225.326663,-24.576499,225.57282,-26.715697,225.577247,-26.752292,225.667494,-27.463742,225.804277,-28.065942,226.318801,-29.615853,226.728058,-30.984993,227.526232,-32.330109,228.672404,-33.487279,228.683004,-33.49863,228.683004,-46.240082,228.66023,-46.262179,227.506853,-47.97049,227.172122,-48.613795,226.363664,-50.725056,226.157537,-52.07381,226.2801,-54.035617,226.297018,-54.21992,226.472142,-55.663999,227.215491,-57.3679,228.707754,-59.132182,229.016926,-59.35686,230.395284,-60.877404,233.057899,-61.902832]}