{"Index":-1,"Tolerance":2.4010617499999998E-05,"Coordinates":[235.566167,-61.846473,236.700545,-61.35,277.623184,-61.35,281.342928,-57.630256,281.342928,-17.601341,277.623184,-13.881597,232.402748,-13.881597,231.668074,-14.616271,231.130223,-14.815069,230.17848,-15.305212,229.678509,-15.521928,228.75441,-16.131183,227.881543,-16.955421,227.304526,-17.687472,226.339393,-19.369253,226.01736,-20.160031,225.863212,-20.757569,225.794189,-21.103526,225.585607,-22.568946,225.559522,-22.82784,225.49279,-23.949119,225.508025,-24.50174,225.72719,-26.406365,225.731617,-26.442957,225.85808,-27.439913,225.994863,-28.042114,226.85654,-30.637762,227.177191,-31.320371,227.609461,-32.013268,227.983557,-32.500819,228.683004,-33.249847,228.683004,-46.849626,227.640237,-48.394107,227.305503,-49.037417,226.623297,-50.818983,226.417172,-52.167732,226.551163,-54.312488,226.568081,-54.496795,226.724666,-55.787984,227.468016,-57.491885,228.252157,-58.418964,228.268451,-58.47793,228.346402,-58.563923,228.367567,-58.640516,230.395284,-60.877404,233.057899,-61.902832]}