{"Inners":[{"Index":-1,"Tolerance":7.489000000000001E-06,"Coordinates":[14.425971,-42.478,13.291099,-42.3027,12.191092,-41.953689,11.80189,-41.760983,10.568009,-41.025211,10.227936,-40.786016,9.400901,-39.989898,8.704803,-39.076801,8.156272,-38.068227,7.768096,-36.9874,7.54945,-35.859843,7.505508,-34.712948,7.637199,-33.572101,7.941383,-32.464947,8.410966,-31.417457,9.035357,-30.453235,9.799489,-29.595888,10.685096,-28.865501,11.672124,-28.278779,12.484544,-27.9513,12.737098,-27.849498,13.855155,-27.587894,15.0,-27.5,16.144844,-27.587894,17.262901,-27.849498,18.32792,-28.278801,19.314903,-28.865501,20.200515,-29.595892,20.271748,-29.675814,20.509021,-29.942032,20.964614,-30.453201,21.588798,-31.417098,22.058611,-32.465104,22.3628,-33.572101,22.494491,-34.712961,22.450546,-35.859847,22.231933,-36.987212,21.843775,-38.068085,21.761334,-38.219679,21.295201,-39.076793,20.599239,-39.989868,19.7718,-40.786201,18.832603,-41.4468,17.803598,-41.956293,17.720918,-41.982456,16.708999,-42.302665,16.633121,-42.314388,15.574051,-42.478]}],"Index":-1,"Tolerance":1.50007085E-05,"Coordinates":[15.715928,-49.96043,17.175737,-49.855176,17.176524,-49.855019,17.185931,-49.854403,17.363045,-49.819171,18.817913,-49.50726,18.819544,-49.506706,18.820791,-49.506439,18.843819,-49.499873,19.382709,-49.324675,20.521871,-48.963543,20.531047,-48.959018,20.531631,-48.958833,20.706186,-48.873208,21.841077,-48.346598,21.857474,-48.336733,21.870533,-48.330674,21.89999,-48.314751,22.299315,-48.097884,22.797698,-47.79806,23.322871,-47.458754,23.363269,-47.432653,23.390248,-47.414626,23.403667,-47.406553,23.582075,-47.287342,23.591036,-47.28046,23.606632,-47.270039,23.624423,-47.256376,23.876762,-47.079711,24.411286,-46.670768,24.739889,-46.401285,24.769762,-46.376786,24.784041,-46.364264,24.799635,-46.352288,24.962864,-46.209141,24.978805,-46.193463,24.991642,-46.182205,25.02042,-46.155269,25.279419,-45.912843,25.838045,-45.363419,26.041621,-45.149522,26.050343,-45.139576,26.061978,-45.128133,26.208446,-44.961117,26.738636,-44.33782,26.741693,-44.333494,26.745863,-44.328592,26.799509,-44.259671,27.447453,-43.342827,27.688175,-42.995215,27.714002,-42.95867,27.726249,-42.940343,27.752081,-42.90379,27.884338,-42.705867,27.888299,-42.697834,27.889072,-42.696678,27.988494,-42.503693,28.080477,-42.31731,28.768125,-40.992338,28.771568,-40.982195,28.772152,-40.98107,28.856713,-40.744458,28.906668,-40.597309,29.250159,-39.677322,29.260674,-39.642204,29.260832,-39.641781,29.488746,-38.882462,29.622486,-38.256261,29.72323,-37.832752,29.727947,-37.801715,29.729867,-37.793642,29.816149,-37.285216,29.87724,-36.874291,29.936998,-36.016541,29.986524,-35.309887,30.001673,-35.099234,30.001487,-35.096389,30.001598,-35.094798,30.000027,-35.001637,29.966243,-34.348355,29.960597,-34.04782,29.904668,-33.319039,29.903472,-33.310287,29.903194,-33.306659,29.871617,-33.04211,29.737772,-32.313048,29.712153,-32.12736,29.460686,-30.960128,29.054545,-29.838203,28.858265,-29.259974,28.601347,-28.738957,28.36548,-28.198313,27.991371,-27.501638,27.9909,-27.500933,27.990873,-27.500883,27.489279,-26.723759,27.419184,-26.609527,27.204484,-25.854411,26.669025,-25.572997,26.297547,-25.149402,25.629098,-24.414383,25.628343,-24.41372,25.628092,-24.413445,25.195299,-24.033329,24.684722,-23.547724,24.660117,-23.52782,24.659986,-23.527696,24.13137,-23.0998,23.533147,-22.694567,23.524371,-22.687927,23.504681,-22.675285,23.478577,-22.657602,23.432783,-22.627278,22.518129,-22.021722,22.24629,-21.866391,22.240105,-21.863341,22.234417,-21.859689,21.597487,-21.545603,21.577399,-21.536544,21.559162,-21.527551,21.329214,-21.419241,20.531483,-21.059496,20.450003,-21.027366,20.443105,-21.025024,20.436423,-21.022011,19.763991,-20.79374,19.743448,-20.787512,19.724575,-20.781105,19.527498,-20.717929,18.667582,-20.45722,18.601995,-20.440762,18.595417,-20.439454,18.588878,-20.437471,17.892375,-20.298924,17.870612,-20.295277,17.8506,-20.291296,17.641724,-20.253159,16.755724,-20.104674,16.693969,-20.097457,16.687836,-20.097055,16.681618,-20.096013,15.97299,-20.049576,15.95023,-20.048719,15.929493,-20.04736,15.712008,-20.036278,14.814353,-20.002475,14.757646,-20.003232,14.752044,-20.003599,14.746305,-20.003383,14.037677,-20.04982,14.014335,-20.051942,13.99317,-20.053329,13.770636,-20.070871,12.875962,-20.152206,12.825216,-20.159508,12.820242,-20.160497,12.815066,-20.160968,12.118563,-20.299515,12.095041,-20.304752,12.07382,-20.308973,11.826543,-20.361513,10.973232,-20.55149,10.929104,-20.563827,10.924804,-20.565286,10.920279,-20.566294,10.247807,-20.794565,10.224452,-20.803021,10.203634,-20.810088,9.98277,-20.887702,9.14195,-21.192145,9.100972,-21.209338,9.097383,-21.211108,9.093544,-21.212498,8.456653,-21.526584,8.433876,-21.538319,8.413886,-21.548177,8.200053,-21.656142,7.40132,-22.067655,7.371178,-22.085387,7.368297,-22.087312,7.365149,-22.088934,6.774692,-22.483476,6.75276,-22.498613,6.734186,-22.511024,6.531654,-22.648764,5.792657,-23.158799,5.76946,-23.176851,5.767269,-23.178773,5.764821,-23.180462,5.230899,-23.648693,5.210413,-23.667117,5.193459,-23.681985,5.134988,-23.73419,4.32647,-24.461325,4.321292,-24.466361,4.31972,-24.468153,4.317917,-24.469775,3.849685,-25.003698,3.830924,-25.025524,3.816157,-25.042363,3.78263,-25.081028,3.058465,-25.922829,3.051731,-25.931686,3.050707,-25.933219,3.049486,-25.934639,2.654942,-26.525096,2.638122,-26.550675,2.626093,-26.568678,2.597243,-26.612261,1.98169,-27.548687,1.981112,-27.549858,1.980384,-27.550966,1.6663,-28.187859,1.651645,-28.217945,1.642852,-28.235775,1.455272,-28.619103,1.13111,-29.285688,1.129364,-29.289933,1.129121,-29.290652,1.128782,-29.291348,0.900512,-29.963818,0.642902,-30.728406,0.511161,-31.117719,0.22168,-32.569726,0.130284,-33.027292,0.130194,-33.028611,0.129997,-33.029598,0.056562,-34.103971,0.054741,-34.131861,0.04651,-34.25222,7.3E-05,-34.960848,0.000347,-34.965168,0.00029,-34.96604,1E-05,-34.994103,0.074044,-36.12738,0.079758,-36.217496,0.126195,-36.926124,0.126238,-36.92635,0.12679,-36.934799,0.340298,-38.049834,0.344576,-38.071339,0.350219,-38.100933,0.488766,-38.797436,0.489385,-38.799323,0.489764,-38.80123,0.490762,-38.805023,0.83015,-39.840177,0.855159,-39.915706,0.862324,-39.936813,0.871259,-39.964066,1.09953,-40.636536,1.100622,-40.638826,1.10142,-40.641175,1.105199,-40.650452,1.584736,-41.654763,1.606481,-41.699657,1.616473,-41.719918,1.628227,-41.744552,1.942311,-42.381445,1.943978,-42.384026,1.945319,-42.386745,1.960359,-42.413244,2.447692,-43.167716,2.581509,-43.371672,2.59396,-43.390305,2.608272,-43.412463,3.002816,-44.00292,3.005167,-44.005701,3.007147,-44.008664,3.028803,-44.037382,3.608785,-44.723409,3.764286,-44.904239,3.778867,-44.920866,3.795386,-44.940405,4.263619,-45.474329,4.266727,-45.47717,4.269421,-45.480242,4.301549,-45.512659,4.961631,-46.116031,5.135199,-46.271638,5.151623,-46.286041,5.169912,-46.302759,5.703834,-46.770991,5.707724,-46.773723,5.7112,-46.776771,5.748028,-46.805674,6.463428,-47.308044,6.670758,-47.450595,6.688629,-47.462536,6.708296,-47.476347,7.298754,-47.870889,7.302948,-47.873024,7.30775,-47.876232,7.356882,-47.905048,7.980952,-48.227583,8.786034,-48.624632,8.7878,-48.625518,9.333763,-48.894762,10.19205,-49.179973,11.302897,-49.551172,11.303073,-49.551204,11.311563,-49.554086,12.574277,-49.783748,13.046978,-49.872609,13.324531,-49.924335,13.325577,-49.924377,13.337748,-49.926798,14.740185,-49.982908,15.001996,-50.000064,15.115551,-50.003718,15.116862,-50.003624,15.120959,-50.003892]}