{"Inners":[{"Index":-1,"Tolerance":7.489000000000001E-06,"Coordinates":[14.425971,-42.478,13.291099,-42.3027,12.188334,-41.952324,12.14231,-41.929536,10.227946,-40.786022,9.400901,-39.989898,8.704803,-39.076801,8.156271,-38.068233,7.768096,-36.9874,7.549453,-35.859847,7.505508,-34.712918,7.637199,-33.572101,7.941383,-32.464947,8.410959,-31.417472,9.035354,-30.45324,9.799489,-29.595888,10.685096,-28.865501,11.672124,-28.278779,12.737098,-27.849498,13.855155,-27.587894,15.0,-27.5,16.144844,-27.587894,17.262901,-27.849498,18.32792,-28.278801,19.314903,-28.865501,20.200511,-29.595889,20.964614,-30.453201,21.588798,-31.417098,22.058583,-32.465035,22.3628,-33.572101,22.494491,-34.712991,22.450546,-35.859847,22.231933,-36.987212,21.843801,-38.068005,21.295201,-39.076793,20.599241,-39.989865,19.771804,-40.786197,18.832603,-41.4468,17.803602,-41.956291,16.709066,-42.302644,15.574051,-42.478]},{"Index":-1,"Tolerance":5.123382500000001E-06,"Coordinates":[89.266095,-45.034825,86.93951,-45.016053,86.568724,-44.932179,86.471816,-44.918238,86.167582,-44.764315,86.070677,-44.750375,85.766441,-44.59645,85.701665,-44.587131,85.637081,-44.53775,84.753417,-43.80088,84.11204,-42.828031,83.350783,-41.330734,83.208429,-40.962962,83.103645,-40.131804,82.877148,-39.546647,82.905404,-38.839643,82.996009,-38.645519,82.998701,-38.578171,83.352657,-38.10669,84.635179,-36.132381,85.152701,-35.653733,85.244345,-35.596578,85.413221,-35.526591,86.310832,-35.113884,86.432679,-35.095415,87.983448,-34.803261,89.240174,-34.869485,89.793992,-35.139432,90.491504,-35.402174,90.74654,-35.559575,91.444048,-35.822316,91.699088,-35.979719,92.396596,-36.24246,92.651635,-36.399862,93.262355,-36.62991,94.161752,-37.30408,94.331753,-37.525407,96.134026,-39.776072,96.24078,-39.959225,96.231034,-41.527082,95.108608,-42.824675,94.045967,-43.407734,93.308778,-43.856666,92.865995,-44.0668,90.256047,-45.050026]}],"Index":-1,"Tolerance":3.9994422E-05,"Coordinates":[77.09827,-79.851905,77.919842,-79.689376,79.004484,-79.455023,79.804055,-79.184922,80.869399,-78.803482,82.61076,-77.925108,84.21911,-76.832027,84.92135,-76.216187,85.742694,-75.468702,87.008698,-73.988365,87.988142,-72.49853,88.671147,-71.153472,88.678169,-71.294734,88.902226,-72.554541,88.976933,-72.667935,90.012118,-73.845009,90.275804,-74.069368,91.365747,-74.672226,95.438186,-76.126708,96.229357,-76.351127,97.820222,-76.781444,98.200966,-76.819407,99.395134,-76.877881,101.721011,-76.890646,101.890147,-76.927603,105.283142,-76.988983,105.505911,-76.952658,105.707266,-76.996655,105.931772,-76.960711,106.13139,-77.004328,106.355898,-76.968383,106.555515,-77.012,106.78002,-76.976055,106.979639,-77.019673,107.204147,-76.983728,107.403763,-77.027345,107.628269,-76.9914,107.827888,-77.035018,108.040114,-76.99639,108.252012,-77.04269,108.446525,-76.996921,108.708505,-77.04518,108.884303,-76.987087,109.094587,-77.022237,109.403973,-76.950193,109.508855,-76.967724,109.813078,-76.894818,109.923123,-76.913212,110.216369,-76.83847,110.337391,-76.858699,110.630638,-76.783957,110.75166,-76.804186,111.044906,-76.729444,111.165928,-76.749673,111.459174,-76.674931,111.580196,-76.69516,111.873442,-76.620418,111.994464,-76.640647,112.53362,-76.503228,113.510271,-76.305376,113.767929,-76.188833,114.039308,-76.133856,114.069721,-76.063349,114.311644,-76.01434,114.342057,-75.943833,114.58398,-75.894824,114.614393,-75.824317,114.856316,-75.775308,114.886729,-75.704801,115.128652,-75.655792,115.159065,-75.585285,115.400989,-75.536276,115.448391,-75.426384,115.673325,-75.416759,115.727945,-75.290134,115.978139,-75.333827,116.086934,-75.266566,116.335387,-75.309955,116.444181,-75.242694,116.692636,-75.286084,116.80143,-75.218823,117.049884,-75.262213,117.158678,-75.194952,117.407132,-75.238342,117.521622,-75.16756,117.764381,-75.214471,117.92061,-75.131039,118.290827,-75.234605,118.385008,-75.176687,118.512824,-75.227354,118.87545,-75.26987,118.920901,-75.241919,119.460073,-75.305135,119.505524,-75.277184,120.044696,-75.3404,120.090148,-75.312449,120.629319,-75.375665,120.674771,-75.347714,121.09268,-75.396712,121.193381,-75.375239,121.979643,-75.387406,122.413566,-75.364081,122.797119,-75.375949,122.822305,-75.358352,123.205857,-75.370221,123.717553,-75.01271,123.85513,-74.826297,124.226528,-73.875503,124.288073,-73.680668,124.361315,-73.020722,124.473454,-71.68593,124.488804,-70.540127,124.493878,-69.791277,124.503545,-69.475785,124.501442,-65.526279,124.504181,-47.49588,124.505393,-41.028326,124.504696,-20.949732,124.504859,-15.151618,124.501562,-11.45462,124.494256,-10.32872,124.467403,-9.320096,124.325405,-7.863116,124.313012,-7.755175,123.975691,-6.788511,123.627451,-6.321954,123.48581,-6.113923,123.420466,-6.085179,123.01873,-5.826436,122.50945,-5.728262,122.193498,-5.699127,122.159251,-5.692525,120.710492,-5.552041,119.958399,-5.451569,114.586118,-4.723467,113.437327,-4.599706,111.157924,-4.593077,110.287982,-4.604475,108.517194,-4.607784,105.234781,-4.679298,103.803499,-4.699682,101.124676,-4.784716,96.236205,-4.975162,95.785813,-5.012332,93.418557,-5.483799,92.934039,-5.589186,90.503718,-6.786923,89.348916,-7.396306,89.122397,-7.533361,88.939543,-7.956236,88.888219,-8.268293,88.855073,-9.253728,88.385056,-8.240831,88.00163,-7.522832,87.314527,-6.438622,87.042213,-6.063338,86.179229,-5.00388,85.855272,-4.65525,85.330686,-4.138019,84.743537,-3.595969,84.316081,-3.249424,83.196479,-2.438034,82.710127,-2.138856,81.514,-1.488746,80.973725,-1.246473,79.698594,-0.756198,79.135955,-0.587262,77.853435,-0.274476,76.690141,-0.102166,76.004254,-0.035212,74.739271,-0.008498,74.043561,-0.031174,73.30462,-0.102512,72.089323,-0.285756,70.858543,-0.589097,70.258709,-0.769624,69.550092,-1.03325,68.407004,-1.528639,67.781843,-1.860144,66.754965,-2.470154,66.136016,-2.909766,65.21288,-3.63401,64.66448,-4.142197,64.138551,-4.662069,63.792364,-5.03785,63.342241,-5.576796,62.890239,-6.156456,62.60514,-6.560779,61.88594,-7.726789,61.67253,-8.119237,61.052458,-9.490534,60.89837,-9.890034,60.454966,-11.347669,60.355125,-11.756699,60.101599,-13.284924,60.05714,-13.704802,60.022226,-14.496184,60.012172,-15.597915,60.080802,-16.40539,60.211322,-17.500728,60.573273,-19.098454,60.931802,-20.156957,61.344073,-21.205662,62.126657,-22.695313,62.707766,-23.564979,63.377637,-24.482431,63.921719,-25.084986,64.688665,-25.893178,65.32263,-26.435105,66.121805,-27.085474,64.165067,-27.043665,64.070571,-27.09177,61.873097,-27.682768,61.734904,-27.746537,61.125686,-27.826674,59.69918,-28.032908,59.291022,-28.019756,58.947592,-27.967293,57.267488,-27.806161,55.960909,-27.515254,54.223523,-27.047417,54.032298,-27.017179,50.976709,-26.212664,49.828889,-26.085743,45.985826,-25.556068,44.863069,-25.635715,43.131358,-25.782603,42.958254,-25.828582,42.801581,-25.841871,40.715826,-25.697755,40.234643,-25.584765,38.072256,-25.055037,37.214811,-24.748471,35.187998,-23.53517,32.878681,-21.900091,30.152863,-19.994854,29.451824,-19.732125,28.858471,-19.583352,28.714099,-19.498818,28.120745,-19.350045,27.976374,-19.265511,27.383018,-19.116737,27.238649,-19.032205,26.841969,-18.932744,26.417817,-18.898564,24.84733,-19.022727,22.659173,-20.425242,22.576774,-20.530873,22.841552,-21.273557,22.905588,-21.650972,23.05111,-22.059149,22.471202,-21.858538,22.862038,-22.249428,22.110903,-21.79144,20.531483,-21.059496,19.527498,-20.717929,18.667582,-20.45722,17.641724,-20.253159,16.545756,-20.080135,14.814353,-20.002475,14.527251,-20.011226,12.875962,-20.152206,11.826543,-20.361513,10.973232,-20.55149,9.98277,-20.887702,8.969852,-21.267468,7.40132,-22.067655,6.531654,-22.648764,5.709149,-23.223786,4.32647,-24.461325,3.058465,-25.922829,1.964712,-27.578307,1.121799,-29.308325,0.511161,-31.117719,0.131279,-33.020346,1E-05,-34.994103,0.12679,-36.934799,0.490762,-38.805023,1.105199,-40.650452,1.906215,-42.317846,2.447692,-43.167716,3.028803,-44.037382,4.301549,-45.512659,5.623781,-46.707471,6.463428,-47.308044,7.356882,-47.905048,8.05358,-48.267899,7.357406,-48.128358,6.803144,-48.484678,6.087331,-49.071477,5.671326,