{"Index":-1,"Tolerance":2.37342015E-05,"Coordinates":[281.342928,-57.630256,281.342928,-17.601341,277.623184,-13.881597,232.402748,-13.881597,228.683004,-17.601341,228.683004,-57.630256,232.402748,-61.35,277.623184,-61.35]}