{"Index":-1,"Tolerance":3.2599469999999996E-05,"Coordinates":[75.598789,-86.342081,77.787271,-86.167079,78.150652,-86.116778,79.179396,-85.913265,79.23377,-85.902013,80.520904,-85.623909,80.866774,-85.528454,81.863459,-85.191766,81.917589,-85.172935,83.194333,-84.715804,83.554332,-84.56126,85.654554,-83.50187,86.009682,-83.292816,87.950017,-81.974108,88.259049,-81.735042,89.130141,-80.971125,89.173736,-80.932178,89.410465,-80.716737,93.402033,-82.142335,93.603562,-82.206827,94.515184,-82.465413,94.552584,-82.475775,96.414855,-82.979505,96.92974,-83.074143,97.650649,-83.146023,97.810402,-83.157891,99.15345,-83.223655,99.291323,-83.227407,101.179443,-83.237769,101.462297,-83.270902,105.45375,-83.343108,105.464513,-83.342334,106.123351,-83.360908,106.146104,-83.357265,106.547493,-83.36858,106.570244,-83.364937,106.971626,-83.376252,106.994366,-83.372611,107.395736,-83.383926,107.418492,-83.380283,107.523068,-83.38323,107.591436,-83.398169,108.121751,-83.393933,108.34494,-83.435046,109.316508,-83.368394,109.922934,-83.349237,110.135409,-83.29976,110.367834,-83.291669,110.577986,-83.241307,110.850471,-83.229863,111.024814,-83.185427,111.264733,-83.175351,111.43908,-83.130914,111.679006,-83.120838,112.803783,-82.834156,114.527176,-82.523942,116.942144,-80.705175,118.260568,-78.029986,118.506256,-77.341943,118.741285,-76.329242,118.823745,-75.599903,118.820153,-74.350969,118.848353,-71.403012,118.848498,-71.371487,118.846716,-66.469234,118.846745,-60.788328,118.848747,-47.612882,118.850401,-38.782967,118.850401,-38.782262,118.850217,-33.486199,118.850481,-20.745548,118.850481,-20.744753,118.84907,-14.599504,118.849018,-14.582047,118.831851,-11.584953,118.83179,-11.576291,118.813862,-9.456277,118.811328,-9.35349,118.728316,-7.321951,118.715613,-7.139739,118.650105,-6.475911,118.62377,-6.274922,118.43791,-5.139147,118.3594,-4.786532,118.16657,-4.105577,118.004676,-3.662376,117.174105,-1.824732,116.401366,-0.765459,115.638946,-0.076552,115.177835,0.269673,113.57503,1.259653,111.891933,1.742339,110.102521,1.751781,110.006354,1.750832,109.766636,1.744835,108.47396,1.74214,108.413981,1.741448,106.501898,1.701331,106.495914,1.7012,105.781046,1.684853,105.756176,1.689595,103.660296,1.648733,103.621451,1.647738,100.911775,1.561724,100.88891,1.560916,95.920155,1.367342,95.782599,1.358991,95.082732,1.301232,94.723419,1.250793,92.150863,0.738438,92.096208,0.727052,91.205875,0.533397,90.47443,0.277917,90.08896,0.087945,89.751859,0.420319,89.676377,0.492337,88.975962,1.138952,88.821719,1.272432,88.248295,1.737316,88.11193,1.841884,86.825517,2.774164,86.625851,2.907649,85.964688,3.314362,85.817297,3.399668,84.439914,4.148293,84.22277,4.255794,83.493032,4.583027,83.333324,4.649481,81.865767,5.213742,81.639297,5.291156,80.882251,5.518464,80.72146,5.562178,79.215834,5.929376,78.928613,5.985548,77.542446,6.190871,77.385675,6.210121,76.500788,6.296501,76.259269,6.310818,74.78811,6.341886,74.617613,6.340909,73.735683,6.312163,73.533965,6.299152,72.610019,6.209953,72.441709,6.189155,70.998133,5.971491,70.711578,5.9147,69.260838,5.557147,69.105584,5.514682,68.331655,5.281759,68.139556,5.217191,67.257431,4.889015,67.101953,4.826455,65.767439,4.248106,65.542438,4.139901,64.739024,3.713873,64.604878,3.638521,63.400545,2.923094,63.18349,2.781877,62.39728,2.223467,62.275999,2.132901,61.19075,1.281472,60.992391,1.112248,60.310816,0.480652,60.236843,0.409852,59.621709,-0.198198,59.518589,-0.30501,59.06983,-0.792131,58.968071,-0.908123,58.43435,-1.547163,58.367447,-1.630056,57.835712,-2.311968,57.744675,-2.434694,57.359304,-2.981221,57.251774,-3.144129,56.435815,-4.467011,56.348834,-4.61705,56.038327,-5.188054,55.934571,-5.396756,55.229498,-6.956034,55.160178,-7.121653,54.93218,-7.712778,54.856878,-7.931402,54.354004,-9.584537,54.307122,-9.755693,54.157999,-10.366622,54.110233,-10.599975,53.821911,-12.337949,53.796747,-12.523289,53.732176,-13.13311,53.717607,-13.327536,53.67595,-14.271761,53.672997,-14.382734,53.661076,-15.689081,53.672356,-15.987102,53.75816,-16.996642,53.769058,-17.103439,53.925503,-18.416338,53.981702,-18.742379,54.416619,-20.662193,54.506034,-20.979485,54.941877,-22.266247,54.994198,-22.409324,55.497752,-23.690229,55.64199,-24.005447,56.582977,-25.796618,56.75394,-26.084175,57.464681,-27.147844,57.54035,-27.25614,58.346343,-28.360025,58.554225,-28.615753,59.235095,-29.369796,59.288523,-29.427513,60.19653,-30.384353,60.436725,-30.612387,61.225754,-31.286866,61.284727,-31.336055,62.154006,-32.043475,62.111117,-32.3306,62.109607,-33.263554,62.368341,-35.034908,62.373733,-35.576043,62.415142,-36.056808,62.69378,-37.763069,62.736739,-38.139972,62.800111,-38.469833,62.987136,-41.206089,62.927613,-41.606872,62.911787,-41.72994,62.579919,-44.780621,62.563869,-44.996175,62.530844,-45.815493,62.232963,-47.836855,62.234733,-47.908852,61.510977,-48.450785,61.278018,-48.643169,60.446517,-49.399147,60.366433,-49.474531,59.479935,-50.33845,59.272442,-50.561005,58.567921,-51.393243,58.502074,-51.47366,57.705009,-52.48026,57.507976,-52.758564,56.45227,-54.433601,56.32508,-54.654603,56.044696,-55.190456,55.97609,-55.329762,55.250576,-56.898584,55.155546,-57.127032,54.938625,-57.711746,54.884571,-57.87013,54.351134,-59.5792,54.268683,-59.901986,54.015183,-61.167916,53.996876,-61.267573,53.828074,-62.276811,53.803381,-62.45551,53.748363,-62.958693,53.732309,-63.171464,53.651541,-65.106828,53.655577,-65.447067,53.743035,-66.781713,53.754286,-66.912138,53.89537,-68.229803,53.947435,-68.555374,54.16104,-69.555159,54.178652,-69.632813,54.491929,-70.938017,54.594712,-71.280184,55.309056,-73.248974,55.44621,-73.570584,56.005287,-74.704262,56.044641,-74.781393,56.565864,-75.769439,56.734296,-76.052189,57.42999,-77.093337,57.477216,-77.162044,58.122129,-78.074396,58.327833,-78.335307,59.163219,-79.287895,59.237057,-79.36921,60.136399,-80.325851,60.381072,-80.559785,61.194521,-81.258499,61.250559,-81.305522,62.247478,-82.12268,62.522725,-82.324585,63.42622,-82.915416,63.485771,-82.95342,64.582927,-83.636536,64.902962,-83.811161,66.821909,-84.719476,67.100803,-84.835596,67.630699,-85.0272,67.739622,-85.064368,69.486999,-85.625475,69.838605,-85.716578,71.102416,-85.96796,71.166238,-85.979978,72.242514,-86.171262,72.590699,-86.213483,73.85247,-86.296185,73.938665,-86.300659,75.223914,-86.349866]}