{"Inners":[{"Index":-1,"Tolerance":7.489000000000001E-06,"Coordinates":[14.425971,-42.478,13.291099,-42.3027,12.188334,-41.952324,12.14231,-41.929536,10.227946,-40.786022,9.400901,-39.989898,8.704803,-39.076801,8.156271,-38.068233,7.768096,-36.9874,7.549453,-35.859847,7.505508,-34.712918,7.637199,-33.572101,7.941383,-32.464947,8.410959,-31.417472,9.035354,-30.45324,9.799489,-29.595888,10.685096,-28.865501,11.672124,-28.278779,12.737098,-27.849498,13.855155,-27.587894,15.0,-27.5,16.144844,-27.587894,17.262901,-27.849498,18.32792,-28.278801,19.314903,-28.865501,20.200511,-29.595889,20.964614,-30.453201,21.588798,-31.417098,22.058583,-32.465035,22.3628,-33.572101,22.494491,-34.712991,22.450546,-35.859847,22.231933,-36.987212,21.843801,-38.068005,21.295201,-39.076793,20.599241,-39.989865,19.771804,-40.786197,18.832603,-41.4468,17.803602,-41.956291,16.709066,-42.302644,15.574051,-42.478]}],"Index":-1,"Tolerance":2.0672944499999998E-05,"Coordinates":[23.003147,-60.879371,24.911949,-60.803671,25.819535,-60.710637,26.72712,-60.617602,26.818093,-60.597223,27.634706,-60.524568,28.097891,-60.420808,28.855664,-60.130728,31.517521,-59.020571,32.343419,-58.628056,34.894063,-56.287987,35.203169,-55.887757,37.151903,-53.11321,39.010408,-50.007883,39.372059,-49.266416,40.42616,-46.747835,40.695645,-46.005994,40.793689,-45.586687,41.248568,-43.338008,41.345899,-41.235953,41.31772,-40.928818,40.617234,-36.32696,40.534904,-35.942938,40.375278,-35.408436,39.235137,-31.722594,38.879701,-30.814171,37.738208,-28.292301,37.657053,-28.120243,36.793363,-26.669931,35.887775,-25.406831,34.57362,-23.665786,34.211362,-23.286098,33.987633,-23.129155,32.242732,-21.45094,30.152863,-19.994854,29.922489,-19.898471,29.596196,-19.816658,29.451824,-19.732125,28.858471,-19.583352,28.714099,-19.498818,28.120745,-19.350045,27.976374,-19.265511,27.383018,-19.116737,27.238649,-19.032205,26.841969,-18.932744,26.417817,-18.898564,25.939124,-18.933824,25.599422,-18.980284,25.460431,-18.969084,25.120729,-19.015544,24.84733,-19.022727,24.652439,-19.164659,24.195965,-19.435183,24.140175,-19.494679,23.683701,-19.765203,23.627911,-19.824699,23.171437,-20.095223,23.115649,-20.154717,22.659173,-20.425242,22.576774,-20.530873,22.841552,-21.273557,22.905588,-21.650972,23.05111,-22.059149,22.471202,-21.858538,22.862038,-22.249428,22.518129,-22.021722,22.110903,-21.79144,21.329214,-21.419241,20.531483,-21.059496,20.29571,-20.9678,19.527498,-20.717929,18.667582,-20.45722,18.307316,-20.377341,17.641724,-20.253159,16.755724,-20.104674,16.545756,-20.080135,15.712008,-20.036278,14.814353,-20.002475,14.527251,-20.011226,13.770636,-20.070871,12.875962,-20.152206,11.826543,-20.361513,10.973232,-20.55149,10.833562,-20.59164,9.98277,-20.887702,9.14195,-21.192145,8.969852,-21.267468,7.40132,-22.067655,6.531654,-22.648764,5.709149,-23.223786,4.32647,-24.461325,3.78263,-25.081028,3.058465,-25.922829,2.597243,-26.612261,1.964712,-27.578307,1.121799,-29.308325,0.511161,-31.117719,0.131279,-33.020346,1E-05,-34.994103,0.12679,-36.934799,0.340298,-38.049834,0.490762,-38.805023,0.83015,-39.840177,1.105199,-40.650452,1.906215,-42.317846,2.447692,-43.167716,3.028803,-44.037382,3.608785,-44.723409,4.301549,-45.512659,4.961631,-46.116031,5.623781,-46.707471,5.748028,-46.805674,6.463428,-47.308044,7.140769,-47.771684,7.356882,-47.905048,8.280878,-48.386277,7.939435,-48.332498,7.582066,-48.369653,6.124415,-49.35566,6.178023,-50.114929,6.246367,-51.658941,6.517238,-52.353697,7.138295,-53.65364,7.848986,-54.817294,8.110536,-55.134497,8.581591,-55.559516,9.891727,-56.64553,11.225655,-57.364892,14.426766,-59.070787,14.702171,-59.171866,15.138014,-59.294524,15.492073,-59.424471,15.927916,-59.547129,16.281975,-59.677076,16.717817,-59.799733,17.071877,-59.929681,17.507721,-60.052339,17.861779,-60.182286,18.628725,-60.337514,18.909033,-60.386095,19.168406,-60.428783,19.189341,-60.434675,21.134129,-60.754754,21.163953,-60.757216,21.826723,-60.866296,22.245688,-60.900877]}