{"Inners":[{"Index":-1,"Tolerance":7.489000000000001E-06,"Coordinates":[14.425971,-42.478,13.291099,-42.3027,12.188334,-41.952324,12.14231,-41.929536,10.227946,-40.786022,9.400901,-39.989898,8.704803,-39.076801,8.156271,-38.068233,7.768096,-36.9874,7.549453,-35.859847,7.505508,-34.712918,7.637199,-33.572101,7.941383,-32.464947,8.410959,-31.417472,9.035354,-30.45324,9.799489,-29.595888,10.685096,-28.865501,11.672124,-28.278779,12.737098,-27.849498,13.855155,-27.587894,15.0,-27.5,16.144844,-27.587894,17.262901,-27.849498,18.32792,-28.278801,19.314903,-28.865501,20.200511,-29.595889,20.964614,-30.453201,21.588798,-31.417098,22.058583,-32.465035,22.3628,-33.572101,22.494491,-34.712991,22.450546,-35.859847,22.231933,-36.987212,21.843801,-38.068005,21.295201,-39.076793,20.599241,-39.989865,19.771804,-40.786197,18.832603,-41.4468,17.803602,-41.956291,16.709066,-42.302644,15.574051,-42.478]}],"Index":-1,"Tolerance":2.10011565E-05,"Coordinates":[24.911949,-60.803671,27.634706,-60.524568,28.349087,-60.388368,31.020308,-59.50614,32.043438,-58.981848,33.057993,-58.499672,34.25599,-57.862724,35.827687,-56.530754,37.684082,-55.535061,37.727363,-55.506682,38.467584,-55.113697,38.510863,-55.085319,39.251085,-54.692334,39.609297,-54.45746,39.84089,-54.251529,42.119725,-52.536766,43.110692,-51.512106,43.346058,-51.306931,43.825548,-50.739488,45.719404,-48.39455,46.730705,-46.549231,46.822028,-46.382923,47.331704,-45.035822,47.431211,-44.650524,47.951741,-42.392997,47.989105,-41.672219,48.110186,-40.111145,47.984771,-38.820313,47.888655,-38.287421,47.722573,-37.242498,47.655957,-36.982024,47.318065,-35.812622,47.185773,-35.46441,46.479954,-33.885842,46.375876,-33.678384,45.186391,-31.857092,44.843741,-31.318745,44.760235,-31.230827,43.300195,-29.345018,41.341211,-27.55419,41.134275,-27.354888,41.056976,-27.251721,40.762014,-27.025124,39.672781,-26.16312,38.581066,-25.439652,38.215737,-25.249953,37.964851,-25.166517,37.782533,-25.090246,37.777022,-25.086253,37.394598,-24.855603,35.187998,-23.53517,32.878681,-21.900091,30.152863,-19.994854,29.451824,-19.732125,28.858471,-19.583352,28.714099,-19.498818,28.120745,-19.350045,27.976374,-19.265511,27.383018,-19.116737,27.238649,-19.032205,26.841969,-18.932744,26.417817,-18.898564,24.84733,-19.022727,22.659173,-20.425242,22.576774,-20.530873,22.841552,-21.273557,22.905588,-21.650972,23.05111,-22.059149,22.471202,-21.858538,22.862038,-22.249428,22.110903,-21.79144,20.531483,-21.059496,19.527498,-20.717929,18.667582,-20.45722,17.641724,-20.253159,16.545756,-20.080135,14.814353,-20.002475,14.527251,-20.011226,12.875962,-20.152206,11.826543,-20.361513,10.973232,-20.55149,9.98277,-20.887702,8.969852,-21.267468,7.40132,-22.067655,6.531654,-22.648764,5.709149,-23.223786,4.32647,-24.461325,3.058465,-25.922829,1.964712,-27.578307,1.121799,-29.308325,0.511161,-31.117719,0.131279,-33.020346,1E-05,-34.994103,0.12679,-36.934799,0.490762,-38.805023,1.105199,-40.650452,1.906215,-42.317846,2.447692,-43.167716,3.028803,-44.037382,4.301549,-45.512659,5.623781,-46.707471,6.463428,-47.308044,7.356882,-47.905048,8.05358,-48.267899,7.357406,-48.128358,6.803144,-48.484678,6.087331,-49.071477,5.671326,-49.352707,5.613161,-50.419212,5.632043,-50.652581,6.308249,-53.376675,6.367034,-53.578408,7.697283,-54.848652,9.049246,-56.100258,9.424254,-56.428371,14.426766,-59.070787,14.702171,-59.171866,17.861779,-60.182286,18.628725,-60.337514,19.469648,-60.483256,21.826723,-60.866296,22.245688,-60.900877]}