{"Index":-1,"Tolerance":6.327695500000018E-06,"Coordinates":[248.706923,-55.0,261.362314,-55.0,261.362314,-20.231597,250.792966,-20.231597,248.706923,-20.231597]}