{"Inners":[{"Index":-1,"Tolerance":1.1296570000000017E-06,"Coordinates":[14.913514,-36.128,14.777452,-36.106983,14.131334,-35.721035,14.050247,-35.61467,13.967663,-35.462826,13.909162,-35.299937,13.876133,-35.129602,13.869515,-34.956875,13.88942,-34.784437,13.935283,-34.617508,14.005962,-34.459845,14.100307,-34.314151,14.215682,-34.184702,14.349052,-34.074708,14.498002,-33.986167,14.658735,-33.921377,14.827241,-33.88195,15.0,-33.868686,15.172758,-33.88195,15.341259,-33.921376,15.502017,-33.986176,15.650943,-34.074704,15.784321,-34.184705,15.899674,-34.314129,15.993803,-34.459487,16.064748,-34.617742,16.110591,-34.784568,16.130485,-34.956918,16.123869,-35.129577,16.09086,-35.299799,16.032327,-35.46279,15.949559,-35.614987,15.844599,-35.752691,15.719795,-35.872803,15.578119,-35.972453,15.422956,-36.049279,15.257921,-36.101503,15.086413,-36.128]}],"Index":-1,"Tolerance":2.7352579999999998E-05,"Coordinates":[25.247556,-67.145654,25.4557,-67.131208,28.418454,-66.827503,28.689433,-66.787858,29.742052,-66.587171,30.143573,-66.483065,33.244828,-65.458809,33.697745,-65.269307,34.854876,-64.676347,35.848249,-64.204238,35.975907,-64.140007,37.537747,-63.309612,38.10159,-62.927295,39.260673,-61.945005,39.629049,-61.804345,39.824185,-61.715857,40.212027,-61.567765,40.407161,-61.479278,40.795011,-61.331183,40.990147,-61.242695,41.377997,-61.0946,41.573135,-61.006111,41.960992,-60.858013,42.156107,-60.769534,42.543968,-60.621435,42.739118,-60.532941,43.126951,-60.384852,43.322083,-60.296366,43.709941,-60.148268,43.905072,-60.059782,44.292926,-59.911685,44.488049,-59.823202,44.875908,-59.675104,45.22871,-59.515119,45.807748,-59.208701,45.915281,-59.149103,46.206563,-58.980214,48.04197,-58.019287,49.036871,-57.532494,49.451394,-57.337501,50.023137,-56.990979,50.784031,-56.412465,52.375731,-55.250064,52.767255,-54.912053,54.483636,-53.167325,54.636808,-53.000078,54.845006,-52.75578,54.967763,-52.602367,56.466686,-50.605495,56.757965,-50.138016,57.10149,-49.462638,58.052322,-47.757965,58.297018,-47.199282,58.824607,-45.590239,58.936544,-45.140375,59.481701,-41.981537,59.528036,-41.443263,59.528424,-40.980975,59.525409,-40.839937,59.395386,-37.859054,59.385429,-37.710688,59.325803,-37.053072,59.206684,-36.432966,59.047174,-35.896754,58.953972,-35.628086,58.630873,-34.81607,58.241324,-33.598601,58.038983,-33.110327,57.657775,-32.370969,57.469176,-32.052268,57.140675,-31.564444,56.186902,-29.9854,55.873476,-29.553172,53.671708,-26.998973,53.402326,-26.722392,51.852419,-25.313426,51.57173,-25.086014,49.326757,-23.469536,49.201007,-23.351553,48.733794,-22.988615,48.169407,-22.628973,47.903684,-22.477128,47.244391,-22.141427,43.597328,-20.131832,42.889857,-19.846282,41.908072,-19.581296,40.334184,-19.060469,40.022073,-18.990803,39.97137,-18.976586,39.913651,-18.963244,38.658563,-18.211917,36.540198,-16.712039,36.524432,-16.700948,33.463094,-14.561196,32.755596,-14.18899,31.512387,-13.723072,31.170068,-13.616385,31.003213,-13.574549,30.696562,-13.449326,30.26549,-13.341242,29.958845,-13.216021,29.527754,-13.107932,29.221115,-12.982714,28.131707,-12.709563,27.613675,-12.624347,26.675658,-12.548757,26.169592,-12.548374,23.565741,-12.754235,22.080389,-13.253802,20.382873,-14.341837,20.361022,-14.335212,20.059078,-14.259603,18.818648,-14.01286,18.694325,-13.99069,17.360697,-13.780146,17.007574,-13.744465,14.979464,-13.653496,14.740381,-13.651781,14.246991,-13.666819,14.073604,-13.676856,12.159068,-13.840311,11.807856,-13.890169,10.549942,-14.14106,10.480989,-14.15561,9.425608,-14.390575,9.094782,-14.483258,7.894364,-14.89074,7.800301,-14.924329,6.572559,-15.384637,6.24409,-15.529443,4.349713,-16.495859,4.028289,-16.684359,2.975905,-17.38756,2.920685,-17.425305,1.914681,-18.128613,1.616143,-18.365177,-0.057671,-19.863291,-0.338693,-20.148685,-1.874036,-21.918323,-2.12515,-22.249171,-3.447601,-24.2508,-3.65301,-24.61071,-4.67564,-26.709584,-4.829863,-27.085384,-5.570654,-29.280435,-5.676004,-29.674433,-6.13644,-31.980515,-6.190954,-32.391916,-6.349866,-34.781312,-6.350112,-35.199432,-6.196559,-37.549959,-6.14479,-37.94991,-5.703104,-40.219454,-5.598881,-40.616333,-4.856202,-42.84693,-4.705525,-43.219168,-3.73544,-45.238496,-3.551083,-45.569978,-2.889113,-46.608966,-2.851306,-46.666904,-2.142663,-47.727428,-1.906558,-48.037722,-0.693105,-49.44427,-0.739111,-50.287833,-0.733474,-50.717278,-0.676447,-51.422084,-0.593132,-51.931792,0.160677,-54.96851,0.193942,-55.091852,0.505075,-56.15957,1.375521,-57.592104,3.329676,-59.458111,3.365429,-59.491727,4.768098,-60.790275,4.834342,-60.849897,5.52138,-61.451021,6.131203,-61.87036,11.649379,-64.785159,12.038807,-64.958535,12.577254,-65.156156,12.704109,-65.199697,16.093679,-66.283657,16.431187,-66.371495,17.412754,-66.570162,17.500417,-66.586627,18.40172,-66.742833,18.434626,-66.748358,20.931575,-67.154129,21.179775,-67.184491,21.911343,-67.244874,22.288525,-67.253534]}