{"Index":-1,"Tolerance":2.1347282499999997E-05,"Coordinates":[75.082238,-36.349549,75.293044,-36.347745,76.987897,-36.236683,77.036093,-36.233156,77.03919,-36.232906,77.084887,-36.229562,77.689847,-36.180673,77.695975,-36.179821,77.703119,-36.179243,78.066963,-36.128518,79.732624,-35.797185,79.773596,-35.788754,79.778687,-35.787671,79.779309,-35.787548,79.82171,-35.778833,80.417508,-35.65214,80.422601,-35.65074,80.432045,-35.648731,80.800315,-35.546922,81.305849,-35.373839,82.543406,-34.95375,82.582675,-34.940132,82.876402,-34.836119,83.026365,-34.784781,83.05445,-34.77307,83.05803,-34.771802,83.103807,-34.752488,83.408856,-34.625285,84.093698,-34.285719,84.746398,-33.963961,85.475975,-34.359253,85.986647,-34.580565,88.571623,-35.441072,88.956363,-35.542884,90.064179,-35.762887,90.44049,-35.814477,92.402393,-35.964748,92.710583,-35.973349,93.864082,-35.949536,94.318753,-35.90735,96.717466,-35.509415,98.007697,-34.990267,99.846639,-33.730305,100.416946,-33.230092,101.420326,-32.11218,102.044936,-31.072659,102.395072,-30.115382,102.869394,-29.144473,103.140203,-28.322929,103.398215,-26.924135,103.445219,-26.538186,103.605126,-23.875582,103.610789,-23.702618,103.622606,-21.546821,103.622075,-21.468798,103.491185,-14.61413,103.484792,-14.464459,103.365628,-12.669041,103.270688,-12.080855,103.064321,-11.285248,102.987404,-11.032476,102.094166,-8.482986,101.132173,-7.084895,100.339925,-6.41429,99.455881,-5.550951,98.366642,-4.852096,95.670802,-3.814709,94.747885,-3.609558,93.186625,-3.499911,92.966831,-3.505102,92.213729,-2.37802,92.063629,-2.171813,92.063409,-2.171535,92.051014,-2.154508,91.67014,-1.673177,91.648823,-1.647593,91.648375,-1.647027,91.545687,-1.523787,90.425915,-0.24692,90.254659,-0.066419,90.254572,-0.066334,90.239727,-0.050686,89.799999,0.377888,89.776307,0.399793,89.775856,0.400233,89.65314,0.513701,88.376112,1.633611,88.187809,1.786432,88.187655,1.786548,88.170212,1.800705,87.679088,2.169133,87.653293,2.187406,87.652873,2.187721,87.511514,2.28786,86.09952,3.231357,85.898728,3.354998,85.898522,3.355115,85.878578,3.367396,85.344314,3.669634,85.317096,3.684029,85.316621,3.684298,85.157563,3.768422,83.634368,4.519587,83.425052,4.61357,83.424807,4.61367,83.402676,4.623607,82.833902,4.854695,82.805858,4.865142,82.805433,4.865314,82.630821,4.930359,81.022603,5.476269,80.809125,5.540473,80.808834,5.540549,80.784801,5.547778,80.19105,5.703864,80.162589,5.710429,80.162104,5.710557,79.974326,5.753871,78.308738,6.085186,78.095248,6.12014,78.09482,6.120195,78.069018,6.124419,77.46027,6.202889,77.432228,6.205612,77.431842,6.205662,77.233418,6.224936,75.538754,6.335989,75.329018,6.342786,75.328544,6.342786,75.301607,6.343658,74.687893,6.343245,74.660366,6.342335,74.659838,6.342335,74.454415,6.335538,72.759877,6.224493,72.557426,6.204698,72.557042,6.204648,72.529496,6.201955,71.92064,6.122673,71.894546,6.118383,71.894245,6.118344,71.684618,6.08389,70.018804,5.75253,69.826815,5.708106,69.826349,5.707983,69.798582,5.701558,69.20515,5.544703,69.180536,5.537282,69.180196,5.537192,68.970906,5.474093,67.362704,4.928188,67.184111,4.861522,67.18374,4.861371,67.156213,4.851096,66.587819,4.61927,66.565019,4.609014,66.564643,4.608861,66.359441,4.516552,64.836423,3.765475,64.673847,3.679359,64.67347,3.679145,64.646843,3.665042,64.112914,3.36212,64.092325,3.349424,64.091922,3.349196,63.894735,3.227597,62.482577,2.283991,62.337588,2.181124,62.337179,2.180816,62.311929,2.162903,61.821449,1.793872,61.80352,1.7793,61.803302,1.779136,61.618624,1.629039,60.341865,0.509363,60.216417,0.393229,60.215977,0.392799,60.192523,0.371086,59.753457,-0.057906,59.738069,-0.074145,59.737828,-0.074381,59.569555,-0.251971,58.449746,-1.52888,58.344407,-1.655475,58.343953,-1.65605,58.322972,-1.681266,57.942747,-2.163121,57.930181,-2.180408,57.930059,-2.180563,57.782525,-2.383518,56.839015,-3.795539,56.754431,-3.929217,56.754107,-3.929758,56.736181,-3.958088,56.420921,-4.484909,56.411077,-4.502984,56.410961,-4.503178,56.287768,-4.729374,55.536598,-6.25257,55.472723,-6.390299,55.472438,-6.390954,55.457978,-6.422133,55.213074,-6.985076,55.20598,-7.003433,55.205925,-7.003559,55.110761,-7.249783,54.564862,-8.857969,54.521341,-8.996509,54.521112,-8.997302,54.51055,-9.030925,54.340048,-9.620534,54.335548,-9.639007,54.335475,-9.63926,54.271509,-9.90188,53.940177,-11.567534,53.916067,-11.704304,53.915938,-11.70514,53.909705,-11.740498,53.816345,-12.347396,53.814397,-12.365197,53.814388,-12.365254,53.784233,-12.640661,53.673179,-14.335388,53.667281,-14.467536,53.667259,-14.468478,53.665612,-14.50539,53.651038,-15.118963,53.651397,-15.136208,53.651392,-15.136437,53.657296,-15.419538,53.768341,-17.114133,53.779063,-17.239578,53.779158,-17.240482,53.782363,-17.27798,53.846748,-17.888443,53.849213,-17.904672,53.849234,-17.904875,53.892749,-18.19139,54.224074,-19.857019,54.249549,-19.973591,54.249809,-19.974683,54.258016,-20.012235,54.400287,-20.609221,54.404633,-20.624303,54.404722,-20.624676,54.478251,-20.879773,54.48227,-20.893717,54.486717,-20.909146,55.03258,-22.517223,55.070768,-22.623479,55.071201,-22.624621,55.084453,-22.66149,55.30227,-23.235268,55.308121,-23.248711,55.308168,-23.248836,55.42898,-23.526431,56.18011,-25.049546,56.228792,-25.144225,56.229327,-25.145223,56.247596,-25.180757,56.537435,-25.721978,56.544607,-25.733934,56.544747,-25.734195,56.680983,-25.961271,56.696456,-25.987064,56.696475,-25.987092,56.70379,-25.999285,57.647265,-27.411252,57.70403,-27.49338,57.70484,-27.494513,57.728026,-27.528058,58.08527,-28.027912,58.164687,-28.128063,58.289075,-28.284995,59.408814,-29.56183,59.47141,-29.631125,59.487865,-29.648811,59.516087,-29.680039,59.918491,-30.112544,59.927152,-30.120954,59.927248,-30.121057,60.158464,-30.345567,61.435386,-31.46538,61.501639,-31.521893,61.50294,-31.522972,61.535035,-31.550349,62.007372,-31.942179,62.016546,-31.949021,62.016805,-31.949236,62.206044,-32.090352,62.2705,-32.138425,62.270595,-32.138489,62.279956,-32.145469,63.691942,-33.088957,63.759658,-33.132969,63.761123,-33.133895,63.797138,-33.157303,64.316289,-33.485413,64.430587,-33.549472,64.617244,-33.654113,66.140509,-34.405315,66.207435,-34.437353,66.209171,-34.438159,66.248616,-34.457041,66.805623,-34.715719,66.91524,-34.759615,67.13131,-34.846156,68.739271,-35.391979,68.803495,-35.41302,68.82848,-35.420912,68.87133,-35.434943,69.43316,-35.612407,69.553935,-35.643388,69.7784,-35.700991,71.444286,-36.032368,71.504504,-36.043743,71.50684,-36.044161,71.551035,-36.052509,72.155704,-36.160697,72.311596,-36.179671,72.51502,-36.204451,74.209547,-36.315493,74.264099,-36.318597,74.292072,-36.319947,74.338037,-36.322556,74.925465,-36.350907]}