{"Inners":[{"Index":-1,"Tolerance":1.1296570000000017E-06,"Coordinates":[14.913514,-36.128,14.777452,-36.106983,14.131334,-35.721035,14.050247,-35.61467,13.967663,-35.462826,13.909162,-35.299937,13.876133,-35.129602,13.869515,-34.956875,13.88942,-34.784437,13.935283,-34.617508,14.005962,-34.459845,14.100307,-34.314151,14.215682,-34.184702,14.349052,-34.074708,14.498002,-33.986167,14.658735,-33.921377,14.827241,-33.88195,15.0,-33.868686,15.172758,-33.88195,15.341259,-33.921376,15.502017,-33.986176,15.650943,-34.074704,15.784321,-34.184705,15.899674,-34.314129,15.993803,-34.459487,16.064748,-34.617742,16.110591,-34.784568,16.130485,-34.956918,16.123869,-35.129577,16.09086,-35.299799,16.032327,-35.46279,15.949559,-35.614987,15.844599,-35.752691,15.719795,-35.872803,15.578119,-35.972453,15.422956,-36.049279,15.257921,-36.101503,15.086413,-36.128]}],"Index":-1,"Tolerance":4.6345876E-05,"Coordinates":[75.598789,-86.342081,77.787271,-86.167079,78.150652,-86.116778,79.179396,-85.913265,79.23377,-85.902013,80.520904,-85.623909,80.866774,-85.528454,81.863459,-85.191766,81.917589,-85.172935,83.194333,-84.715804,83.554332,-84.56126,85.654554,-83.50187,86.009682,-83.292816,87.950017,-81.974108,88.259049,-81.735042,89.130141,-80.971125,89.173736,-80.932178,89.410465,-80.716737,93.402033,-82.142335,93.603562,-82.206827,94.515184,-82.465413,94.552584,-82.475775,96.414855,-82.979505,96.92974,-83.074143,97.650649,-83.146023,97.810402,-83.157891,99.15345,-83.223655,99.291323,-83.227407,101.179443,-83.237769,101.462297,-83.270902,105.45375,-83.343108,105.464513,-83.342334,106.123351,-83.360908,106.146104,-83.357265,106.547493,-83.36858,106.570244,-83.364937,106.971626,-83.376252,106.994366,-83.372611,107.395736,-83.383926,107.418492,-83.380283,107.523068,-83.38323,107.591436,-83.398169,108.121751,-83.393933,108.34494,-83.435046,109.316508,-83.368394,109.922934,-83.349237,110.135409,-83.29976,110.367834,-83.291669,110.577986,-83.241307,110.850471,-83.229863,111.024814,-83.185427,111.264733,-83.175351,111.43908,-83.130914,111.679005,-83.120838,111.853351,-83.076401,112.093273,-83.066325,112.267619,-83.021888,112.507541,-83.011812,112.681887,-82.967375,112.921809,-82.957299,113.949057,-82.695476,114.848373,-82.513291,115.002182,-82.478133,116.156089,-82.184023,116.829192,-82.047663,116.934855,-81.961916,117.101516,-81.928154,117.207187,-81.842401,117.373852,-81.808638,117.479523,-81.722885,117.646188,-81.689122,117.751859,-81.603369,117.918524,-81.569606,118.024193,-81.483855,118.190853,-81.450093,120.613742,-79.483906,121.009967,-78.565338,121.67552,-77.710376,122.466584,-75.992666,122.738252,-75.024396,122.859332,-73.980716,123.073434,-72.256525,123.097155,-71.921091,123.132521,-69.918177,123.133016,-69.862606,123.136402,-47.571521,123.137898,-39.58518,123.137898,-39.584475,123.137531,-29.008811,123.137879,-16.643335,123.137878,-16.640411,123.137376,-16.077826,123.137356,-16.069036,123.126205,-13.023372,123.126201,-13.022442,123.117025,-10.701748,123.11646,-10.653111,123.088486,-9.201883,123.086949,-9.146868,123.035089,-7.730876,123.017227,-7.491342,122.903202,-6.47981,122.881906,-6.325154,122.739246,-5.449062,122.634305,-5.006793,122.450439,-4.42179,122.406548,-4.292002,121.995974,-3.159057,121.641701,-2.462609,120.669568,-1.021534,119.599746,-0.028052,117.803628,0.999155,116.677747,1.387913,114.980673,1.636501,114.741575,1.651388,113.917366,1.733996,113.609787,1.749819,111.150976,1.75697,111.100146,1.756711,110.240463,1.745447,108.473713,1.742146,108.410487,1.741398,105.120452,1.669718,103.685308,1.649279,103.629786,1.648002,100.911775,1.561724,100.88891,1.560916,95.920155,1.367342,95.782599,1.358991,95.082732,1.301232,94.723419,1.250793,92.150863,0.738438,92.096208,0.727052,91.205875,0.533397,90.47443,0.277917,90.08896,0.087945,89.751859,0.420319,89.676377,0.492337,88.975962,1.138952,88.821719,1.272432,88.248295,1.737316,88.11193,1.841884,86.825517,2.774164,86.625851,2.907649,85.964688,3.314362,85.817297,3.399668,84.439914,4.148293,84.22277,4.255794,83.493032,4.583027,83.333324,4.649481,81.865767,5.213742,81.639297,5.291156,80.882251,5.518464,80.72146,5.562178,79.215834,5.929376,78.928613,5.985548,77.542446,6.190871,77.385675,6.210121,76.500788,6.296501,76.259269,6.310818,74.78811,6.341886,74.617613,6.340909,73.735683,6.312163,73.533965,6.299152,72.610019,6.209953,72.441709,6.189155,70.998133,5.971491,70.711578,5.9147,69.260838,5.557147,69.105584,5.514682,68.331655,5.281759,68.139556,5.217191,67.257431,4.889015,67.101953,4.826455,65.767439,4.248106,65.542438,4.139901,64.739024,3.713873,64.604878,3.638521,63.400545,2.923094,63.18349,2.781877,62.39728,2.223467,62.275999,2.132901,61.19075,1.281472,60.992391,1.112248,60.310816,0.480652,60.236843,0.409852,59.621709,-0.198198,59.518589,-0.30501,59.06983,-0.792131,58.968071,-0.908123,58.43435,-1.547163,58.367447,-1.630056,57.835712,-2.311968,57.744675,-2.434694,57.359304,-2.981221,57.251774,-3.144129,56.435815,-4.467011,56.348834,-4.61705,56.038327,-5.188054,55.934571,-5.396756,55.229498,-6.956034,55.160178,-7.121653,54.93218,-7.712778,54.856878,-7.931402,54.354004,-9.584537,54.307122,-9.755693,54.157999,-10.366622,54.110233,-10.599975,53.821911,-12.337949,53.796747,-12.523289,53.732176,-13.13311,53.717607,-13.327536,53.67595,-14.271761,53.672997,-14.382734,53.661076,-15.689081,53.672356,-15.987102,53.75816,-16.996642,53.769058,-17.103439,53.925503,-18.416338,53.981702,-18.742379,54.416619,-20.662193,54.506034,-20.979485,54.941877,-22.266247,54.994198,-22.409324,55.497752,-23.690229,55.64199,-24.005447,56.582977,-25.796618,56.75394,-26.084175,57.2062,-26.761011,57.034496,-26.629819,55.071435,-25.2484,54.966627,-25.177723,53.967741,-24.532672,53.848208,-24.459172,52.540214,-23.694197,51.648528,-23.120603,51.264543,-22.909507,47.78841,-21.299798,47.101409,-20.921249,46.39394,-20.6357,43.534304,-19.863873,42.592321,-19.575805,42.029093,-19.457979,41.818467,-19.433507,41.706676,-19.407612,39.92814,-18.971917,38.658563,-18.211917,36.540198,-16.712039,36.524432,-16.700948,33.463094,-14.561196,32.755596,-14.18899,31.512387,-13.723072,31.170068,-13.616385,31.003213,-13.574549,30.696562,-13.449326,30.26549,-13.341242,29.958845,-13.216021,29.527754,-13.107932,29.221115,-12.982714,28.131707,-12.709563,27.613675,-12.624347,26.675658,-12.548757,26.169592,-12.548374,23.565741,-12.754235,22.080389,-13.253802,20.382873,-14.341837,20.361022,-14.335212,20.059078,-14.259603,18.818648,-14.01286,18.694325,-13.99069,17.360697,-13.780146,17.007574,-13.744465,14.979464,-13.653496,14.740381,-13.651781,14.246991,-13.666819,14.073604,-13.676856,12.159068,-13.840311,11.807856,-13.890169,10.549942,-14.14106,10.480989,-14.15561,9.425608,-14.390575,9.094782,-14.483258,7.894364,-14.89074,7.800301,-14.924329,6.572559,-15.384637,6.24409,-15.529443,4.349713,-16.495859,4.028289,-16.684359,2.975905,-17.38756,2.920685,-17.425305,1.914681,-18.128613,1.616143,-18.365177,-0.057671,-19.863291,-0.338693,-20.148685,-1.874036,-21.918323,-2.12515,-22.249171,-3.447601,-24.2508,-3.65301,-24.61071,-4.67564,-26.709584,-4.829863,-27.085384,-5.570654,-29.280435,-5.676004,-29.674433,-6.13644,-31.980515,-6.190954,-32.391916,-6.349866,-34.781312,-6.350112,-35.199432,-6.196559,-37.549959,-6.14479,-37.94991,-5.703104,-40.219454,-5.598881,-40.616333,-4.856202,-42.84693,-4.705525,-43.219168,-3.73544,-45.238496,-3.551083,-45.569978,-2.889113,-46.608966,-2.851306,-46.666904,-2.142663,-47.727428,-1.906558,-48.037722,-0.693105,-49.44427,-0.739111,-50.287833,-0.733474,-50.717278,-0.676447,-51.422084,-0.593132,-51.931792,0.160677,-54.96851,0.193942,-55.091852,0.505075,-56.15957,1.375521,-57.592104,3.329676,-59.458111,3.365429,-59.491727,4.768098,-60.790275,4.834342,-60.849897,5.52138,-61.451021,6.131203,-61.87036,11.649379,-64.785159,12.038807,-64.958535,12.577254,-65.156156,12.704109,-65.199697,16.093679,-66.283657,16.431187,-66.371495,17.412754,-66.570162,17.500417,-66.586627,18.40172,-66.742833,18.434626,-66.748358,20.931575,-67.154129,21.179775,-67.184491,21.911343,-67.244874,