{"Index":-1,"Tolerance":2.50950515E-05,"Coordinates":[225.430888,-62.942249,226.452166,-62.899893,226.886668,-62.799643,227.057701,-62.77366,227.244433,-62.72397,227.55045,-62.681348,227.861667,-62.593462,228.494985,-62.490828,228.506961,-62.487152,228.524693,-62.484944,228.661981,-62.445109,228.715783,-62.438409,228.853083,-62.398571,228.906893,-62.39187,229.044186,-62.352034,229.097995,-62.345333,229.235296,-62.305495,229.28911,-62.298793,229.426396,-62.258959,229.480202,-62.252258,229.617492,-62.212423,229.67129,-62.205723,229.80859,-62.165885,229.8624,-62.159184,229.999694,-62.119348,230.053501,-62.112647,230.190791,-62.072812,230.244608,-62.06611,230.381899,-62.026274,230.43571,-62.019573,230.772304,-61.921908,230.918956,-61.890881,231.108541,-61.833667,232.516291,-61.702466,232.53236,-61.700436,233.057899,-61.902832,235.566167,-61.846473,236.700545,-61.35,254.103239,-61.35,254.870089,-61.36135,254.929076,-61.361675,258.019113,-61.35,277.623184,-61.35,281.342928,-57.630256,281.342928,-17.601341,277.623184,-13.881597,232.402748,-13.881597,232.308612,-13.975733,232.234503,-13.971904,231.653618,-13.873163,231.62708,-13.868767,229.789515,-13.572409,229.721145,-13.53946,228.824847,-13.260703,227.095301,-12.992268,226.451836,-12.868367,225.695189,-12.814623,224.88779,-12.853736,224.841802,-12.856299,223.422682,-12.945697,222.65803,-13.089011,220.8217,-13.672455,219.306573,-14.694606,218.193176,-16.039681,217.881607,-16.335399,217.043307,-17.652285,216.753649,-18.519753,216.71445,-18.645808,216.560731,-19.178986,216.347061,-19.797646,216.187498,-20.529043,216.060679,-21.831767,216.051856,-21.942437,216.012143,-22.581354,216.008611,-22.650257,215.961591,-23.815024,215.959037,-23.956989,215.967996,-26.006164,215.968114,-26.022908,215.976265,-26.867897,215.992139,-27.155908,216.059033,-27.819407,216.106997,-28.13514,216.386256,-29.505423,216.520959,-29.976992,216.911377,-31.028771,217.375933,-31.867003,217.714635,-32.306397,218.176069,-32.965033,219.139405,-33.867128,220.541456,-34.71805,221.83866,-35.162894,222.579858,-35.248681,223.190745,-35.417484,223.263863,-35.416332,223.356174,-35.441841,223.429344,-35.440689,223.521666,-35.4662,223.594811,-35.465049,223.687136,-35.49056,223.76028,-35.489409,223.85263,-35.514927,223.927428,-35.513749,224.021085,-35.539571,224.169351,-35.537183,224.55222,-35.642261,224.628439,-35.662166,225.069604,-35.771549,225.29502,-35.8395,225.642108,-35.923178,226.249544,-36.03394,226.321288,-36.046174,227.103284,-36.170318,227.297471,-36.176991,227.393753,-36.188507,228.683004,-36.313936,228.683004,-44.402352,228.53344,-44.439921,228.405357,-44.52739,228.325375,-44.547481,228.251376,-44.593713,228.156866,-44.617453,228.082854,-44.663693,227.988344,-44.687433,227.914345,-44.733665,227.819835,-44.757405,227.745829,-44.803641,227.651319,-44.827381,227.577313,-44.873617,227.482803,-44.897357,227.408797,-44.943593,227.314287,-44.967333,227.240275,-45.013573,227.145765,-45.037313,227.071766,-45.083545,226.977256,-45.107285,226.90325,-45.153521,226.808745,-45.17726,226.803729,-45.180394,226.657266,-45.19389,226.586032,-45.231127,226.467718,-45.242685,226.398207,-45.279266,226.277934,-45.291691,226.217348,-45.32379,226.100139,-45.336245,226.048304,-45.363805,225.93566,-45.375775,225.883826,-45.403334,225.771183,-45.415304,225.719346,-45.442865,225.606701,-45.454835,225.554866,-45.482395,225.442222,-45.494365,225.390387,-45.521924,225.277749,-45.533894,225.225909,-45.561456,225.113261,-45.573427,225.061429,-45.600985,224.948787,-45.612955,224.89695,-45.640516,224.784305,-45.652486,224.73247,-45.680046,224.621039,-45.691887,224.569152,-45.71945,224.45721,-45.731345,224.405273,-45.758921,224.293314,-45.770819,224.241364,-45.79839,224.129402,-45.810288,224.077429,-45.83786,223.965537,-45.84975,223.913531,-45.877327,223.801667,-45.889214,223.749612,-45.916804,223.63776,-45.928691,223.585704,-45.95627,223.473874,-45.968154,223.212658,-46.106485,222.817569,-46.177201,222.753765,-46.214069,222.400913,-46.280106,222.285918,-46.349505,221.418801,-46.475003,219.309988,-47.688982,218.327498,-48.929475,217.872076,-49.467029,217.283415,-50.506417,217.017749,-51.287752,216.993696,-51.361433,216.687416,-52.339959,216.544616,-53.159323,216.50645,-54.072787,216.47631,-54.712509,216.555912,-55.586201,216.844569,-56.825725,216.95332,-57.191631,217.165548,-57.774856,217.304244,-58.09885,217.922207,-59.346237,218.752853,-60.394966,219.084947,-60.669621,219.470146,-61.125995,220.96269,-62.123089,222.114599,-62.489728,222.164994,-62.505308,223.406052,-62.877732,224.553553,-63.004726]}