{"Inners":[{"Index":-1,"Tolerance":2.4406865000000016E-06,"Coordinates":[221.920587,-42.618735,221.712783,-42.621375,221.698902,-42.622006,220.058584,-42.548922,217.186876,-42.139581,217.137661,-42.132958,217.097279,-42.127845,215.134561,-41.578331,215.111451,-41.571955,214.84516,-41.499564,213.943617,-41.06107,213.990795,-40.889385,214.224546,-39.739318,216.126681,-38.882117,217.419555,-38.593665,218.533848,-38.394768,218.828936,-38.354345,218.955956,-38.334317,219.654328,-38.20966,222.662818,-37.969448,222.680676,-37.967971,223.74119,-37.877268,226.695662,-37.797702,226.735203,-37.797786,226.763694,-37.797718,227.054191,-37.795727,228.683004,-37.858329,228.683004,-42.577531,227.110117,-42.584802,226.906286,-42.592295,226.544818,-42.617225,226.195962,-42.618837,225.992127,-42.62633,225.63066,-42.65126,225.281807,-42.652872,225.077977,-42.660364,224.835317,-42.6771]},{"Index":-1,"Tolerance":1.1296570000000017E-06,"Coordinates":[14.913514,-36.128,14.777452,-36.106983,14.131334,-35.721035,14.050247,-35.61467,13.967663,-35.462826,13.909162,-35.299937,13.876133,-35.129602,13.869515,-34.956875,13.88942,-34.784437,13.935283,-34.617508,14.005962,-34.459845,14.100307,-34.314151,14.215682,-34.184702,14.349052,-34.074708,14.498002,-33.986167,14.658735,-33.921377,14.827241,-33.88195,15.0,-33.868686,15.172758,-33.88195,15.341259,-33.921376,15.502017,-33.986176,15.650943,-34.074704,15.784321,-34.184705,15.899674,-34.314129,15.993803,-34.459487,16.064748,-34.617742,16.110591,-34.784568,16.130485,-34.956918,16.123869,-35.129577,16.09086,-35.299799,16.032327,-35.46279,15.949559,-35.614987,15.844599,-35.752691,15.719795,-35.872803,15.578119,-35.972453,15.422956,-36.049279,15.257921,-36.101503,15.086413,-36.128]}],"Index":-1,"Tolerance":4.6346316499999995E-05,"Coordinates":[75.577358,-86.343794,77.803057,-86.165817,78.197535,-86.109206,80.502245,-85.629356,80.902676,-85.518235,83.16024,-84.729515,83.543391,-84.566779,85.654554,-83.50187,86.009682,-83.292816,87.963161,-81.965175,88.296037,-81.704992,89.403315,-80.714184,93.414227,-82.146691,93.640716,-82.218153,96.454524,-82.991568,97.103695,-83.099462,99.074318,-83.22013,99.209039,-83.225512,106.888692,-83.369082,106.94419,-83.369635,109.296592,-83.372487,109.71512,-83.345323,112.959613,-82.918385,113.231203,-82.870574,115.030224,-82.472661,115.323903,-82.392773,116.115248,-82.136209,116.347204,-82.050898,117.439036,-81.60037,117.801126,-81.576175,119.743503,-81.683442,119.841471,-81.687337,121.89655,-81.737261,122.038837,-81.737529,124.844291,-81.679939,125.385115,-81.622329,127.662081,-81.180355,127.993991,-81.09716,128.054622,-81.07844,128.451912,-81.045748,136.385466,-80.71241,137.298868,-80.751086,137.394398,-80.753691,141.762858,-80.80707,142.001232,-80.801031,142.66327,-80.75935,142.880317,-80.738183,147.870416,-80.077901,150.955167,-79.716328,153.693212,-79.722161,154.347159,-79.655694,156.815495,-79.143212,156.879151,-79.129313,160.002187,-78.413754,161.368662,-78.134853,161.430336,-78.121626,165.635107,-77.176043,165.664175,-77.169362,171.766536,-75.736688,171.768379,-75.736255,173.521227,-75.323629,173.880972,-75.205847,173.932923,-75.198248,174.437881,-75.081716,175.180592,-74.845139,175.457609,-74.742483,177.052459,-74.065555,178.979565,-73.385636,179.761876,-72.980651,181.495201,-71.753144,181.558365,-71.707235,183.362539,-70.361735,184.044769,-69.299444,185.504803,-68.083663,186.703799,-65.548131,186.709108,-64.790069,186.844217,-65.133284,188.772858,-67.027292,190.464798,-67.658177,190.559727,-67.691868,192.611851,-68.383743,193.140747,-68.678406,194.65946,-69.085572,197.797577,-69.134467,199.004896,-69.167509,199.613864,-69.125611,200.781111,-68.931554,202.852207,-68.751936,203.220652,-68.698085,203.819173,-68.574418,206.712586,-68.04335,206.845745,-68.01595,207.310702,-67.909856,207.406742,-67.890048,210.860046,-67.099965,210.944284,-67.080743,210.959803,-67.077141,212.708298,-66.677102,212.729174,-66.672251,216.626612,-65.752825,225.475933,-63.7134,228.395023,-63.045945,231.732669,-62.329617,234.241988,-61.900492,235.106283,-61.783535,238.616113,-61.475593,241.64959,-61.39231,244.563856,-61.395536,244.742158,-61.390724,244.762518,-61.389602,244.808995,-61.389593,244.824415,-61.389553,250.821966,-61.359326,256.588201,-61.399199,256.717943,-61.397445,258.114849,-61.35,277.623184,-61.35,281.342928,-57.630256,281.342928,-17.601341,277.623184,-13.881597,234.67723,-13.881597,232.889116,-13.678152,227.868194,-12.829289,226.338443,-12.549837,217.19536,-10.80765,212.725912,-9.948624,212.681652,-9.940442,208.497631,-9.197617,208.353601,-9.168893,208.260134,-9.151703,207.902925,-9.091518,203.695816,-8.339436,203.46178,-8.306531,200.107649,-7.961634,199.116565,-8.014723,198.192381,-8.211221,197.717662,-8.285834,195.681769,-8.499748,194.760115,-8.739385,193.397062,-9.322215,192.299126,-10.097723,192.136087,-10.274521,189.130495,-11.947313,187.896937,-13.516566,187.701412,-11.986323,186.090303,-9.533793,185.143629,-8.972184,184.965549,-8.639972,183.661082,-7.325663,181.684375,-6.24686,181.583008,-6.116933,180.138828,-5.066487,176.851559,-3.868552,175.729243,-3.341416,174.610428,-3.064058,174.585311,-3.06069,174.520422,-3.034389,173.299155,-2.868555,168.554598,-1.871117,168.456588,-1.852116,166.698893,-1.53995,166.328397,-1.49639,162.965675,-1.300102,162.777424,-1.294707,162.150348,-1.295338,161.058057,-1.193781,161.015315,-1.190098,149.211784,-0.253324,148.780129,-0.248471,141.558193,-0.658487,137.984264,-0.735001,137.867938,-0.739626,137.843832,-0.741027,137.798556,-0.733475,133.187875,-0.058999,133.039849,-0.040884,131.499448,0.111007,131.307813,0.124066,127.08915,0.283584,126.971191,0.285851,125.964206,0.286492,121.464332,0.753822,115.394738,1.574985,115.309142,1.585384,113.945466,1.732294,113.599917,1.75057,108.478429,1.742161,108.421753,1.741562,103.660298,1.648733,103.621452,1.647738,100.911775,1.561724,100.88891,1.560916,95.920155,1.367342,95.782599,1.358991,95.077987,1.30084,94.709323,1.248525,91.272579,0.553344,90.495283,0.288194,90.083018,0.085017,89.781245,0.392949,89.605394,0.559216,88.389673,1.623949,88.16085,1.80643,86.776916,2.809385,86.473725,3.003896,84.454358,4.143263,84.081861,4.322563,81.88603,5.208619,81.499572,5.336454,79.26281,5.920413,78.867802,5.99721,76.649703,6.284208,76.309077,6.309767,74.735948,6.342988,74.461169,6.336898,72.755962,6.225154,72.49008,6.196449,70.998133,5.971491,70.711578,5.9147,69.207019,5.543883,68.946124,5.467604,67.386144,4.938069,67.144087,4.844715,65.723089,4.228885,65.413287,4.074052,63.433477,2.945737,63.092548,2.721268,61.219003,1.307249,60.899542,1.030988,59.182951,-0.665451,58.910415,-0.972001,57.477105,-2.810599,57.256479,-3.132599,56.119998,-5.031741,55.935111,-5.390636,54.998067,-7.534008,54.858536,-7.919035,54.205357,-10.16345,54.121617,-10.531352,53.804533,-12.442699,53.764055,-12.840045,53.658143,-15.579409,53.67304,-16.033144,53.829813,-17.531061,53.350892,-17.688518,50.550524,-18.327674,45.30625,-19.060225,45.287973,-19.062832,42.560176,-19.460051,41.69175,-19.400047,39.926317,-18.970826,38.649616,-18.206561,33.474608,-14.567897,32.759762,-14.190551,31.589058,-13.751806,31.404637,-13.68907,28.372236,-12.760266,27.695436,-12.630935,26.675658,-12.548757,26.169592,-12.548374,23.565741,-12.754235,22.080389,-13.253802,20.384412,-14.34085,19.992354,-14.243157,17.451934,-13.791681,17.03821,-13.745839,14.905482,-13.650178,14.51833,-13.656425,12.181467,-13.836936,11.773498,-13.895247,9.457113,-14.381336,9.040183,-14.498991,6.640677,-15.356539,6.265978,-15.518276,4.335112,-16.503308,3.986471,-16.710193,1.955572,-18.097751,1.628873,-18.353784,-0.057671,-19.863291,-0.338693,-20.148685,-1.874036,-21.918323,-2.12515,-22.249171,-3.447601,-24.2508,-3.65301,-24.61071,-4.67564,-26.709584,-4.829863,-27.085384,-5.570654,-29.280435,-5.676004,-29.674433,-6.13644,-31.980515,-6.190954,-32.391916,-6.349866,-34.781312,-6.350112,-35.199432,-6.196559,-37.549959,-6.14479,-37.94991,-5.703104,-40.219454,-5.598881,-40.616333,-4.856202,-42.84693,-4.705525,-43.219168,-3.727804,