{"Index":-1,"Tolerance":2.5907405499999997E-05,"Coordinates":[222.706313,-63.762149,222.97429,-63.749402,224.432698,-63.618122,224.93929,-63.530805,228.508454,-62.613382,229.275347,-62.305706,229.28725,-62.299025,229.28911,-62.298793,229.426396,-62.258959,229.480202,-62.252258,229.617492,-62.212423,229.67129,-62.205723,229.80859,-62.165885,229.8624,-62.159184,229.999694,-62.119348,230.053501,-62.112647,230.190791,-62.072812,230.244608,-62.06611,230.381899,-62.026274,230.43571,-62.019573,230.772304,-61.921908,230.918956,-61.890881,231.108541,-61.833667,232.516291,-61.702466,232.53236,-61.700436,233.057899,-61.902832,235.566167,-61.846473,236.700545,-61.35,251.849991,-61.35,252.536845,-61.356399,255.875106,-61.393134,255.882533,-61.393207,256.597942,-61.399406,256.769378,-61.396263,257.768215,-61.350948,258.0191,-61.35,277.623184,-61.35,281.342928,-57.630256,281.342928,-17.601341,277.623184,-13.881597,232.402748,-13.881597,232.308612,-13.975733,232.234503,-13.971904,231.653618,-13.873163,231.627079,-13.868767,230.988537,-13.765785,230.302317,-13.524399,229.804978,-13.432455,229.777772,-13.423594,228.361081,-12.974047,228.014557,-12.885214,225.881219,-12.464677,225.830953,-12.455188,224.59625,-12.232397,224.472473,-12.209499,224.163434,-12.167891,222.646076,-12.039012,222.635431,-12.038126,221.621901,-11.955474,220.645254,-12.026439,219.517736,-12.286208,219.086503,-12.418394,218.192667,-12.763475,217.757818,-12.970452,216.953271,-13.431157,216.678277,-13.608012,216.122496,-14.007315,215.579277,-14.501897,214.933713,-15.242911,214.658719,-15.60871,213.924139,-16.748244,213.533903,-17.614534,213.326894,-18.351335,213.259528,-18.64338,212.98673,-20.146661,212.945657,-20.4623,212.815569,-22.099647,212.808017,-22.227125,212.758317,-23.498747,212.755903,-23.630427,212.76042,-25.500427,212.765425,-25.671149,212.854531,-27.254834,212.893198,-27.601404,213.087432,-28.760643,213.115717,-28.907999,213.275775,-29.64709,213.532493,-30.382633,214.178508,-31.692015,214.516374,-32.232558,215.122589,-33.015378,215.872921,-33.715259,217.323644,-34.685313,218.309418,-35.12529,219.737887,-35.490345,220.504724,-35.589495,221.644016,-35.597434,222.374138,-35.517856,222.845812,-35.41035,222.945355,-35.408133,222.962505,-35.404657,223.123987,-35.401061,223.141137,-35.397585,223.302619,-35.393989,223.319769,-35.390513,223.430186,-35.388054,223.820471,-35.445514,224.15881,-35.53429,224.55222,-35.642261,224.628439,-35.662166,225.069604,-35.771549,225.29502,-35.8395,225.642108,-35.923178,226.249544,-36.03394,226.321288,-36.046174,227.103284,-36.170318,227.297471,-36.176991,227.393753,-36.188507,228.683004,-36.313936,228.683004,-44.402352,228.53344,-44.439921,228.405357,-44.52739,228.325375,-44.547481,228.251376,-44.593713,228.156866,-44.617453,228.082854,-44.663693,227.988344,-44.687433,227.914345,-44.733665,227.819835,-44.757405,227.745829,-44.803641,227.651319,-44.827381,227.577313,-44.873617,227.482803,-44.897357,227.408797,-44.943593,227.314287,-44.967333,227.240275,-45.013573,227.145765,-45.037313,227.071766,-45.083545,226.977256,-45.107285,226.90325,-45.153521,226.808745,-45.17726,226.803729,-45.180394,226.657266,-45.19389,226.586032,-45.231127,226.467718,-45.242685,226.398207,-45.279266,226.277934,-45.291691,226.217348,-45.32379,226.100139,-45.336245,226.048304,-45.363805,225.93566,-45.375775,225.883826,-45.403334,225.771183,-45.415304,225.719346,-45.442865,225.606701,-45.454835,225.554866,-45.482395,225.442222,-45.494365,225.390387,-45.521924,225.277749,-45.533894,225.225909,-45.561456,225.113261,-45.573427,225.061429,-45.600985,224.948787,-45.612955,224.89695,-45.640516,224.784305,-45.652486,224.73247,-45.680046,224.621039,-45.691887,224.569152,-45.71945,224.45721,-45.731345,224.405273,-45.758921,224.293314,-45.770819,224.241364,-45.79839,224.129402,-45.810288,224.077429,-45.83786,223.965537,-45.84975,223.913531,-45.877327,223.801667,-45.889214,223.749612,-45.916804,223.63776,-45.928691,223.585704,-45.95627,223.473874,-45.968154,223.212658,-46.106485,222.817569,-46.177201,222.753765,-46.214069,222.625605,-46.238055,222.425716,-46.199643,221.843605,-46.142527,220.499203,-46.134786,219.29462,-46.36233,218.225985,-46.78811,217.593881,-47.126871,217.53809,-47.165433,217.030296,-47.379041,215.844829,-48.239489,214.833628,-49.408177,214.31626,-50.232922,213.846161,-51.32276,213.794525,-51.449962,213.554563,-52.079828,213.373219,-52.797188,213.19837,-54.122096,213.176912,-54.345079,213.148529,-54.81237,213.178753,-55.48337,213.238273,-55.875357,213.337306,-56.556247,213.429949,-56.983929,213.802782,-58.26981,214.080164,-58.93425,214.656582,-59.967801,215.169283,-60.651882,216.461432,-61.96437,217.403459,-62.626145,218.579892,-63.167959,219.137564,-63.364324,220.376394,-63.674741,221.168005,-63.770285]}