{"Inners":[{"Index":-1,"Tolerance":1.1296570000000017E-06,"Coordinates":[14.913514,-36.128,14.777452,-36.106983,14.131334,-35.721035,14.050247,-35.61467,13.967663,-35.462826,13.909162,-35.299937,13.876133,-35.129602,13.869515,-34.956875,13.88942,-34.784437,13.935283,-34.617508,14.005962,-34.459845,14.100307,-34.314151,14.215682,-34.184702,14.349052,-34.074708,14.498002,-33.986167,14.658735,-33.921377,14.827241,-33.88195,15.0,-33.868686,15.172758,-33.88195,15.341259,-33.921376,15.502017,-33.986176,15.650943,-34.074704,15.784321,-34.184705,15.899674,-34.314129,15.993803,-34.459487,16.064748,-34.617742,16.110591,-34.784568,16.130485,-34.956918,16.123869,-35.129577,16.09086,-35.299799,16.032327,-35.46279,15.949559,-35.614987,15.844599,-35.752691,15.719795,-35.872803,15.578119,-35.972453,15.422956,-36.049279,15.257921,-36.101503,15.086413,-36.128]}],"Index":-1,"Tolerance":2.7352468E-05,"Coordinates":[23.201222,-67.226306,23.23693,-67.225091,25.262752,-67.14475,25.460748,-67.13069,28.418454,-66.827503,28.689433,-66.787858,29.742052,-66.587171,30.143573,-66.483065,31.408999,-66.065131,32.058026,-65.850776,32.206923,-65.79523,32.3159,-65.765608,33.180744,-65.479974,33.511977,-65.349578,34.031096,-65.110819,34.194947,-65.029664,34.898247,-64.655735,35.848249,-64.204238,35.975907,-64.140007,37.538854,-63.309024,38.10462,-62.925077,39.182189,-62.010409,39.196847,-62.000455,40.874671,-60.5745,41.017437,-60.480891,41.386767,-60.198028,41.845841,-59.78982,41.946658,-59.696184,44.663296,-57.061158,44.876783,-56.832641,46.070301,-55.421874,46.17446,-55.291998,47.246381,-53.881188,47.344549,-53.744621,48.261686,-52.394706,48.47881,-52.023323,49.422108,-50.125725,49.595631,-49.804854,49.785678,-49.382511,50.67129,-46.955901,50.810913,-46.444439,50.890867,-46.012539,51.447791,-43.404252,51.515567,-42.862151,51.585035,-41.053889,51.586941,-40.879446,51.555129,-38.956785,51.526267,-38.578848,51.315112,-37.034564,51.305021,-36.966303,51.220433,-36.434105,51.160757,-36.145651,50.682597,-34.27601,50.656822,-34.181348,50.545962,-33.797674,50.463724,-33.551311,49.689797,-31.514216,49.572728,-31.244407,49.359411,-30.809151,48.780769,-29.481594,48.655101,-29.225364,47.739219,-27.552483,47.484378,-27.158985,46.719653,-26.149906,45.827792,-24.69124,45.319412,-24.058028,44.673024,-23.435488,43.96288,-22.487693,43.35339,-21.870823,42.762848,-21.417153,41.968115,-20.577737,41.521524,-20.18659,39.410111,-18.660384,39.044312,-18.43206,38.942821,-18.377909,38.768431,-18.265885,38.598666,-18.169508,36.540198,-16.712039,36.524432,-16.700948,33.512285,-14.595578,32.91708,-14.267987,32.152704,-13.948191,31.786283,-13.826373,31.43428,-13.682631,31.00321,-13.574548,30.696562,-13.449326,30.26549,-13.341242,29.958845,-13.216021,29.527754,-13.107932,29.221115,-12.982714,28.131707,-12.709563,27.613675,-12.624347,26.675658,-12.548757,26.169592,-12.548374,23.574584,-12.753536,22.104694,-13.243403,20.788329,-14.076949,20.767387,-14.090325,20.378869,-14.340623,20.361022,-14.335212,20.059078,-14.259603,18.818648,-14.01286,18.694325,-13.99069,17.372827,-13.782061,17.044271,-13.747579,16.021927,-13.693801,15.974621,-13.691666,14.945247,-13.652903,14.728977,-13.652128,14.246991,-13.666819,14.073604,-13.676856,12.159068,-13.840311,11.807856,-13.890169,10.549942,-14.14106,10.480989,-14.15561,9.425608,-14.390575,9.094782,-14.483258,7.894364,-14.89074,7.800301,-14.924329,6.572559,-15.384637,6.24409,-15.529443,4.349713,-16.495859,4.028289,-16.684359,2.975905,-17.38756,2.920685,-17.425305,1.914681,-18.128613,1.616143,-18.365177,-0.057671,-19.863291,-0.338693,-20.148685,-1.874036,-21.918323,-2.12515,-22.249171,-3.447601,-24.2508,-3.65301,-24.61071,-4.67564,-26.709584,-4.829863,-27.085384,-5.570654,-29.280435,-5.676004,-29.674433,-6.13644,-31.980515,-6.190954,-32.391916,-6.349866,-34.781312,-6.350112,-35.199432,-6.196559,-37.549959,-6.14479,-37.94991,-5.703104,-40.219454,-5.598881,-40.616333,-4.856202,-42.84693,-4.705525,-43.219168,-3.73544,-45.238496,-3.551083,-45.569978,-2.889113,-46.608966,-2.851306,-46.666904,-2.151491,-47.714217,-1.936057,-48.000301,-1.221451,-48.845567,-1.183,-48.890202,-0.693313,-49.448091,-0.739111,-50.287833,-0.733474,-50.717278,-0.676447,-51.422084,-0.593132,-51.931792,0.160677,-54.96851,0.193942,-55.091852,0.505075,-56.15957,1.375521,-57.592104,3.329676,-59.458111,3.365429,-59.491727,4.768098,-60.790275,4.834342,-60.849897,5.519681,-61.449533,6.125486,-61.866744,7.871353,-62.79211,7.876909,-62.795047,11.651799,-64.786302,12.039644,-64.958843,12.577254,-65.156156,12.704109,-65.199697,16.093679,-66.283657,16.431187,-66.371495,17.412754,-66.570162,17.500417,-66.586627,18.40172,-66.742833,18.434626,-66.748358,20.931575,-67.154129,21.179775,-67.184491,21.898585,-67.243821,22.250137,-67.25331]}