{"Index":-1,"Tolerance":2.4783506500000002E-05,"Coordinates":[227.186116,-62.667444,227.740175,-62.644465,227.961342,-62.593435,228.077731,-62.585141,228.409932,-62.499235,228.524693,-62.484944,228.661981,-62.445109,228.715783,-62.438409,228.853083,-62.398571,228.906893,-62.39187,229.044186,-62.352034,229.097995,-62.345333,229.235296,-62.305495,229.28911,-62.298793,229.426396,-62.258959,229.480202,-62.252258,229.617492,-62.212423,229.67129,-62.205723,229.80859,-62.165885,229.8624,-62.159184,229.999694,-62.119348,230.053501,-62.112647,230.190791,-62.072812,230.244608,-62.06611,230.381899,-62.026274,230.43571,-62.019573,230.772304,-61.921908,230.918956,-61.890881,231.108541,-61.833667,232.516291,-61.702466,232.53236,-61.700436,233.057899,-61.902832,235.566167,-61.846473,236.700545,-61.35,254.103239,-61.35,254.870089,-61.36135,254.929076,-61.361675,258.019113,-61.35,277.623184,-61.35,281.342928,-57.630256,281.342928,-17.601341,277.623184,-13.881597,232.402748,-13.881597,232.308612,-13.975733,232.234503,-13.971904,231.653618,-13.873163,231.62708,-13.868767,229.307,-13.49459,228.718041,-13.380359,228.257567,-13.290029,227.75589,-13.232475,226.684137,-13.195223,226.24512,-13.210333,226.00575,-13.235211,225.330234,-13.27261,224.936362,-13.319202,224.211,-13.451335,223.548775,-13.64814,222.25598,-14.191014,221.765455,-14.449397,221.075859,-14.893423,220.421719,-15.452722,219.846732,-16.097727,219.40048,-16.561338,218.828541,-17.380965,218.510445,-18.035822,218.349349,-18.338991,218.106529,-18.934343,218.046197,-19.139439,217.709627,-20.113938,217.550064,-20.845331,217.469967,-21.668107,217.461143,-21.778784,217.326821,-23.939845,217.315382,-24.097332,217.307233,-24.362626,217.3103,-24.639347,217.330348,-26.717448,217.346223,-27.005462,217.488336,-28.415022,217.536298,-28.730737,217.643364,-29.256107,217.778071,-29.727693,217.833253,-29.876352,217.984263,-30.397649,218.12719,-30.791703,218.425466,-31.47065,218.798767,-32.107654,219.587072,-33.152791,220.155979,-33.734593,221.089691,-34.472254,222.342065,-35.077881,222.512659,-35.118225,222.532628,-35.127881,223.315733,-35.313077,224.158788,-35.534284,224.55222,-35.642261,224.628439,-35.662166,225.069604,-35.771549,225.29502,-35.8395,225.642108,-35.923178,226.249544,-36.03394,226.321288,-36.046174,227.103284,-36.170318,227.297471,-36.176991,227.393753,-36.188507,228.683004,-36.313936,228.683004,-44.402352,228.53344,-44.439921,228.405357,-44.52739,228.325375,-44.547481,228.251376,-44.593713,228.156866,-44.617453,228.082854,-44.663693,227.988344,-44.687433,227.914345,-44.733665,227.819835,-44.757405,227.745829,-44.803641,227.651319,-44.827381,227.577313,-44.873617,227.482803,-44.897357,227.408797,-44.943593,227.314287,-44.967333,227.240275,-45.013573,227.145765,-45.037313,227.071766,-45.083545,226.977256,-45.107285,226.90325,-45.153521,226.808745,-45.17726,226.803729,-45.180394,226.657266,-45.19389,226.586032,-45.231127,226.467718,-45.242685,226.398207,-45.279266,226.277934,-45.291691,226.217348,-45.32379,226.100139,-45.336245,226.048304,-45.363805,225.93566,-45.375775,225.883826,-45.403334,225.771183,-45.415304,225.719346,-45.442865,225.606701,-45.454835,225.554866,-45.482395,225.442222,-45.494365,225.390387,-45.521924,225.277749,-45.533894,225.225909,-45.561456,225.113261,-45.573427,225.061429,-45.600985,224.948787,-45.612955,224.89695,-45.640516,224.784305,-45.652486,224.73247,-45.680046,224.621039,-45.691887,224.569152,-45.71945,224.45721,-45.731345,224.405273,-45.758921,224.293314,-45.770819,224.241364,-45.79839,224.129402,-45.810288,224.077429,-45.83786,223.965537,-45.84975,223.913531,-45.877327,223.801667,-45.889214,223.749612,-45.916804,223.63776,-45.928691,223.585704,-45.95627,223.473874,-45.968154,223.330915,-46.04386,223.059656,-46.077427,222.962051,-46.130365,222.751182,-46.160885,220.642375,-47.374865,219.886816,-48.328835,219.196671,-49.143444,218.608009,-50.182838,218.23804,-51.270941,218.21399,-51.34461,218.024725,-51.949286,217.881923,-52.768653,217.858526,-53.328625,217.800985,-54.550024,217.880588,-55.423706,218.071719,-56.244442,218.180472,-56.610351,218.596992,-57.754991,218.735683,-58.078973,219.169095,-58.953841,219.999754,-60.002586,220.137907,-60.116844,220.781236,-60.879042,222.273786,-61.876137,223.830034,-62.371468,223.880419,-62.387045,224.7075,-62.635241,225.855004,-62.762236]}