{"Index":-1,"Tolerance":2.43798265E-05,"Coordinates":[229.656798,-62.116572,230.435711,-62.019573,230.573017,-61.979733,230.626799,-61.973035,230.764105,-61.933196,230.817933,-61.926492,230.955222,-61.886657,231.009027,-61.879956,231.19696,-61.825426,232.516291,-61.702466,232.53236,-61.700436,233.057899,-61.902832,235.566167,-61.846473,236.700545,-61.35,254.103239,-61.35,254.870089,-61.36135,254.929076,-61.361675,258.019113,-61.35,277.623184,-61.35,281.342928,-57.630256,281.342928,-17.601341,277.623184,-13.881597,232.402748,-13.881597,232.308612,-13.975733,232.234503,-13.971904,231.653619,-13.873163,231.627081,-13.868767,230.711501,-13.721104,230.496603,-13.686446,230.436188,-13.674997,230.142175,-13.633403,229.207597,-13.545495,228.680725,-13.539775,228.114664,-13.580644,227.814159,-13.57748,227.055106,-13.660994,226.287474,-13.840483,225.951647,-13.901659,225.289446,-14.098456,224.646815,-14.368308,224.15626,-14.626708,223.600447,-14.984597,223.18963,-15.235476,222.739529,-15.568022,222.401978,-15.866706,222.184288,-16.078737,221.540072,-16.769259,221.05018,-17.458802,221.035571,-17.486544,220.571879,-18.240727,220.189267,-19.121514,220.055311,-19.49083,219.8143,-20.310096,219.792651,-20.38727,219.665108,-20.865057,219.577914,-21.325731,219.464574,-22.32216,219.45605,-22.407299,219.381801,-23.26541,219.37152,-23.440268,219.330145,-24.768266,219.3288,-24.902352,219.3434,-26.219253,219.343923,-26.251566,219.360487,-27.030358,219.374966,-27.273159,219.449022,-28.027463,219.553998,-29.117318,219.66499,-29.697584,219.891021,-30.477851,220.033942,-30.87189,220.549984,-32.046532,220.923296,-32.683556,221.518183,-33.472253,222.087083,-34.054046,223.375662,-35.072063,224.628036,-35.677691,224.934542,-35.750176,225.228516,-35.876208,226.017869,-35.988559,226.121704,-36.010436,226.278494,-36.03938,227.103284,-36.170318,227.297471,-36.176991,227.393753,-36.188507,228.683004,-36.313936,228.683004,-44.402352,228.53344,-44.439921,228.405357,-44.52739,228.325375,-44.547481,228.251376,-44.593713,228.156866,-44.617453,228.082854,-44.663693,227.988344,-44.687433,227.914345,-44.733665,227.819835,-44.757405,227.745829,-44.803641,227.651319,-44.827381,227.577313,-44.873617,227.482803,-44.897357,227.408797,-44.943593,227.314287,-44.967333,227.240275,-45.013573,227.145765,-45.037313,227.071766,-45.083545,226.977256,-45.107285,226.90325,-45.153521,226.808745,-45.17726,226.803729,-45.180394,226.657266,-45.19389,226.586032,-45.231127,226.467718,-45.242685,226.398207,-45.279266,226.277934,-45.291691,226.217348,-45.32379,226.100139,-45.336245,226.048304,-45.363805,225.93566,-45.375775,225.883826,-45.403334,225.771183,-45.415304,225.719346,-45.442865,225.606701,-45.454835,225.554866,-45.482395,225.442222,-45.494365,225.390387,-45.521924,225.277749,-45.533894,225.225909,-45.561456,225.113261,-45.573427,225.061429,-45.600985,224.948789,-45.612955,222.775909,-46.768229,221.357034,-48.455078,221.005272,-48.96758,220.723909,-49.47811,220.50716,-49.963405,220.065892,-51.225289,219.890839,-52.122464,219.849609,-52.963385,219.849308,-52.969639,219.801099,-53.99419,219.873563,-54.836096,220.092523,-55.821101,220.210503,-56.224044,220.583596,-57.2432,220.838518,-57.778748,221.379631,-58.686387,221.642542,-59.062667,222.333957,-59.913986,223.12654,-60.612863,224.233083,-61.301418,224.926094,-61.624591,225.868051,-61.93265,226.187385,-62.018967,227.363373,-62.271974,228.567557,-62.299428]}