{"Inners":[{"Index":-1,"Tolerance":1.1296570000000017E-06,"Coordinates":[14.913514,-36.128,14.777452,-36.106983,14.131334,-35.721035,14.050247,-35.61467,13.967663,-35.462826,13.909162,-35.299937,13.876133,-35.129602,13.869515,-34.956875,13.88942,-34.784437,13.935283,-34.617508,14.005962,-34.459845,14.100307,-34.314151,14.215682,-34.184702,14.349052,-34.074708,14.498002,-33.986167,14.658735,-33.921377,14.827241,-33.88195,15.0,-33.868686,15.172758,-33.88195,15.341259,-33.921376,15.502017,-33.986176,15.650943,-34.074704,15.784321,-34.184705,15.899674,-34.314129,15.993803,-34.459487,16.064748,-34.617742,16.110591,-34.784568,16.130485,-34.956918,16.123869,-35.129577,16.09086,-35.299799,16.032327,-35.46279,15.949559,-35.614987,15.844599,-35.752691,15.719795,-35.872803,15.578119,-35.972453,15.422956,-36.049279,15.257921,-36.101503,15.086413,-36.128]}],"Index":-1,"Tolerance":2.7352468E-05,"Coordinates":[23.201222,-67.226306,23.23693,-67.225091,25.262752,-67.14475,25.460748,-67.13069,28.418454,-66.827503,28.689433,-66.787858,29.860991,-66.564495,30.490189,-66.375528,30.612646,-66.324456,31.058841,-66.184731,31.146868,-66.148018,31.593095,-66.008283,31.681128,-65.971568,32.12734,-65.831837,32.215374,-65.795121,32.661576,-65.655395,33.678776,-65.23116,33.819521,-65.16841,35.848252,-64.204237,35.97591,-64.140006,36.661578,-63.775451,37.141148,-63.547532,37.331367,-63.41934,37.539724,-63.308561,38.10699,-62.923341,38.698206,-62.420875,38.961746,-62.169506,39.478458,-61.616732,39.547115,-61.54087,42.189505,-58.524874,42.32131,-58.364108,43.485793,-56.844942,43.565374,-56.736436,44.512582,-55.385841,44.553783,-55.325634,45.346883,-54.137621,45.428469,-54.008817,46.219109,-52.69168,46.350607,-52.449369,46.904689,-51.313374,47.461667,-50.283426,47.681224,-49.776628,48.081932,-48.575073,48.457826,-47.540308,48.565331,-47.178826,48.982974,-45.392687,49.003334,-45.299295,49.152672,-44.561038,49.212394,-44.077681,49.236711,-43.55251,49.362783,-42.397046,49.368687,-42.337794,49.459629,-41.329216,49.463827,-40.809182,49.373715,-39.590014,49.356582,-39.42034,49.22634,-38.404279,49.215977,-38.330335,48.836226,-35.834651,48.779734,-35.550947,48.461531,-34.262377,48.408329,-34.072474,47.75003,-31.975673,47.71875,-31.881241,47.554848,-31.411239,47.501936,-31.270341,46.662393,-29.186213,46.590332,-29.021012,45.526805,-26.760202,45.355157,-26.443327,44.250125,-24.653762,44.060111,-24.327101,43.85201,-24.013646,42.060086,-21.633408,41.820508,-21.351048,39.941549,-19.381684,39.466565,-18.973169,38.663758,-18.410009,38.054249,-17.823795,37.667774,-17.506622,37.381583,-17.307223,37.373803,-17.300796,36.535611,-16.708807,36.522899,-16.699876,33.512285,-14.595578,32.91708,-14.267987,32.152704,-13.948191,31.786283,-13.826373,31.43428,-13.682631,31.00321,-13.574548,30.696562,-13.449326,30.26549,-13.341242,29.958845,-13.216021,29.527754,-13.107932,29.221115,-12.982714,28.131707,-12.709563,27.613675,-12.624347,26.675658,-12.548757,26.169592,-12.548374,23.574584,-12.753536,22.104694,-13.243403,20.458982,-14.285497,20.418746,-14.318774,20.395296,-14.332671,20.381259,-14.341348,20.361022,-14.335212,20.059078,-14.259603,18.833389,-14.015792,18.738737,-13.998451,17.72746,-13.82897,17.57121,-13.806761,17.182276,-13.761306,16.980452,-13.744222,16.021927,-13.693801,15.974621,-13.691666,14.945247,-13.652903,14.728977,-13.652128,14.246991,-13.666819,14.073604,-13.676856,12.159068,-13.840311,11.807856,-13.890169,10.549942,-14.14106,10.480989,-14.15561,9.425608,-14.390575,9.094782,-14.483258,7.911364,-14.884969,7.850994,-14.906142,6.882823,-15.256697,6.690671,-15.333439,6.337729,-15.487913,6.167897,-15.568312,4.349713,-16.495859,4.028289,-16.684359,2.975905,-17.38756,2.920685,-17.425305,1.914681,-18.128613,1.616143,-18.365177,-0.050963,-19.857287,-0.320124,-20.129091,-1.000457,-20.904328,-1.021015,-20.927988,-1.880512,-21.927105,-2.11272,-22.232551,-2.689346,-23.094488,-2.70668,-23.120679,-3.457715,-24.267713,-3.655889,-24.616618,-4.67564,-26.709584,-4.829863,-27.085384,-5.570654,-29.280435,-5.676004,-29.674433,-6.13644,-31.980515,-6.190954,-32.391916,-6.349866,-34.781312,-6.350112,-35.199432,-6.196559,-37.549959,-6.14479,-37.94991,-5.704497,-40.212298,-5.604855,-40.595305,-5.198662,-41.834219,-5.188183,-41.865626,-4.846255,-42.872922,-4.701507,-43.227533,-3.73544,-45.238496,-3.551083,-45.569978,-2.889113,-46.608966,-2.851306,-46.666904,-2.151491,-47.714217,-1.936057,-48.000301,-1.221451,-48.845567,-1.183,-48.890202,-0.719871,-49.417834,-0.77233,-49.680997,-0.610031,-51.686893,-0.526716,-52.1966,0.140643,-54.885052,0.357842,-55.490379,0.823872,-56.465829,0.979192,-56.752188,1.431917,-57.493461,1.949881,-58.136449,3.259641,-59.38839,3.292327,-59.419193,4.964928,-60.973283,5.099876,-61.09174,5.617848,-61.521102,6.148415,-61.877547,6.930226,-62.295547,7.051445,-62.357058,7.111937,-62.386143,7.855702,-62.783801,7.870356,-62.791587,8.856472,-63.312211,8.857844,-63.312935,11.652373,-64.786573,12.039843,-64.958916,12.6297,-65.175404,12.863604,-65.251116,13.18102,-65.340445,13.419597,-65.428008,13.653504,-65.503721,13.970924,-65.593051,14.209501,-65.680614,14.443413,-65.756328,14.760824,-65.845656,14.999394,-65.933216,15.233309,-66.008931,15.550732,-66.098262,15.900616,-66.226677,16.365388,-66.358178,17.412754,-66.570162,17.500417,-66.586627,18.40172,-66.742833,18.434626,-66.748358,20.931575,-67.154129,21.179775,-67.184491,21.898585,-67.243821,22.250137,-67.25331]}