{"Index":-1,"Tolerance":2.4010617499999998E-05,"Coordinates":[235.566167,-61.846473,236.700545,-61.35,277.623184,-61.35,281.342928,-57.630256,281.342928,-17.601341,277.623184,-13.881597,232.402748,-13.881597,231.44635,-14.837995,230.399607,-15.377062,229.978456,-15.559611,229.054351,-16.168865,228.2372,-16.940489,227.660179,-17.672544,226.972711,-18.870483,226.723854,-19.418475,226.258139,-20.771192,226.116566,-21.358662,225.935936,-22.627692,225.909851,-22.88659,225.855514,-23.799605,225.870749,-24.352224,226.035929,-25.787699,226.040356,-25.824292,226.239252,-27.392263,226.376035,-27.994465,227.10007,-30.175485,227.420716,-30.858085,228.276814,-32.230357,228.650914,-32.717914,228.683004,-32.752279,228.683004,-48.091979,227.907006,-49.241341,227.572278,-49.884639,227.142566,-51.006812,226.936437,-52.355573,227.037591,-53.974702,227.025662,-54.667555,227.140482,-55.572555,227.67381,-57.502498,227.751713,-57.588436,227.772871,-57.665007,227.850827,-57.751005,227.871991,-57.827597,227.949942,-57.913589,227.971106,-57.99018,228.049057,-58.076172,228.070221,-58.152763,228.148168,-58.23875,228.169331,-58.31534,228.247287,-58.401338,228.268451,-58.47793,228.346402,-58.563923,228.367567,-58.640516,230.395284,-60.877404,233.057899,-61.902832]}