{"Index":-1,"Tolerance":2.1448908000000003E-05,"Coordinates":[75.018106,-86.350154,75.018177,-86.350157,75.371933,-86.346707,76.621462,-86.264807,76.680037,-86.260423,76.681377,-86.26031,76.727857,-86.256831,77.786258,-86.16775,77.945142,-86.145307,78.146844,-86.116846,79.374988,-85.872557,79.429574,-85.8612,79.454668,-85.855749,79.50168,-85.845959,80.514211,-85.626006,80.52131,-85.624037,80.521416,-85.624014,80.725318,-85.567453,80.860967,-85.52983,80.861035,-85.529807,80.868187,-85.527823,82.053981,-85.125304,82.103736,-85.107953,82.105069,-85.107476,82.149582,-85.091953,83.145939,-84.735214,83.152201,-84.732559,83.155402,-84.731413,83.489776,-84.589655,84.612882,-84.035786,84.657076,-84.013562,84.681015,-84.001289,84.723449,-83.97995,85.645806,-83.507072,85.782283,-83.426845,85.966898,-83.318339,87.008222,-82.622539,87.046641,-82.59646,87.048674,-82.595058,87.049204,-82.594704,87.087625,-82.568623,87.958837,-81.967869,87.963341,-81.964361,87.965969,-81.962549,88.257475,-81.735482,89.19908,-80.909725,89.231487,-80.880911,89.234241,-80.878428,89.235313,-80.877489,89.268486,-80.848002,90.057213,-80.137003,90.061591,-80.132565,90.062064,-80.132139,90.193817,-79.998546,90.318281,-79.872393,90.31867,-79.87195,90.323083,-79.867475,91.030286,-79.061055,91.531739,-79.132626,91.703682,-79.152402,93.031775,-79.268589,93.518821,-79.273749,94.665823,-79.197853,94.900547,-79.173536,96.147977,-78.997252,96.853545,-78.81326,98.007722,-78.365871,98.365035,-78.201251,99.311579,-77.691913,99.86979,-77.309955,101.703191,-75.745233,102.765156,-73.989087,103.172659,-72.195902,103.188311,-72.123087,103.650801,-69.841529,103.714242,-69.213568,103.714643,-68.921062,103.720926,-68.854502,103.715381,-68.382942,103.716289,-67.720882,103.71606,-67.678145,103.680805,-64.761978,103.706043,-57.678325,103.70606,-57.662301,103.705846,-57.518081,103.706225,-57.411638,103.706244,-57.402604,103.707025,-56.313871,103.707022,-56.30688,103.705653,-55.384878,103.705598,-55.370302,103.701782,-54.742277,103.701723,-54.740745,103.701557,-54.629228,103.692846,-54.398829,103.50402,-51.855189,103.365698,-51.134286,102.754507,-49.193175,102.532863,-48.662382,101.73057,-47.143949,100.642996,-45.95048,98.326518,-44.436549,97.021569,-43.945139,93.561072,-43.452417,92.207724,-43.54925,91.847397,-43.65454,90.357336,-43.870844,90.085759,-43.922421,88.531288,-44.288373,87.669036,-44.629764,86.343122,-45.393831,84.947313,-46.121073,84.021413,-45.664463,83.928142,-45.621088,83.880448,-45.59875,83.060739,-45.234792,82.920598,-45.176536,82.867121,-45.15579,82.866505,-45.155521,82.739558,-45.106305,82.696255,-45.089506,82.695824,-45.089349,82.614212,-45.057709,81.428402,-44.655186,81.292947,-44.612559,81.29221,-44.612345,81.106782,-44.55404,81.021014,-44.528395,80.221525,-44.301569,80.219727,-44.301047,80.219432,-44.300975,80.210437,-44.298423,80.097752,-44.271274,79.954091,-44.236208,78.725944,-43.991906,78.626674,-43.97441,78.577375,-43.965586,77.688955,-43.824174,77.536014,-43.803627,77.485723,-43.798111,77.485041,-43.798006,77.349161,-43.783132,77.298057,-43.777527,77.297541,-43.777482,77.209841,-43.767882,75.960174,-43.685992,75.824362,-43.680009,75.823608,-43.679992,75.709361,-43.674986,75.646021,-43.672844,74.874172,-43.654448,74.731473,-43.654254,74.708449,-43.65474,74.707511,-43.654719,74.57054,-43.657653,74.517437,-43.658774,74.51671,-43.658805,74.427973,-43.660706,73.178432,-43.742587,73.045995,-43.754054,73.045226,-43.754137,72.882178,-43.768294,72.802741,-43.776199,71.931838,-43.873934,71.807649,-43.89322,71.655891,-43.916438,70.427773,-44.160734,70.32858,-44.182578,70.282089,-44.192721,69.386166,-44.405551,69.236557,-44.444965,69.216082,-44.450896,69.215379,-44.451066,69.077569,-44.49102,69.026732,-44.505746,69.026224,-44.505906,68.940482,-44.530764,67.754556,-44.933327,67.635489,-44.976411,67.634747,-44.976696,67.475502,-45.034365,67.403978,-45.061245,66.588829,-45.378832,66.471041,-45.430709,66.327964,-45.493342,65.2048,-46.047233,65.095015,-46.104057,65.094371,-46.104406,64.982441,-46.162375,64.928466,-46.19099,64.233674,-46.567946,64.119383,-46.633384,64.112795,-46.636958,63.988381,-46.712059,63.940285,-46.741078,63.939851,-46.741354,63.862831,-46.787846,62.821654,-47.483559,62.722688,-47.552442,62.722134,-47.552843,62.612838,-47.628953,62.556528,-47.669081,61.81934,-48.206637,61.713166,-48.291622,61.587599,-48.391816,60.646141,-49.217441,60.559331,-49.296456,60.558866,-49.296895,60.458549,-49.388246,60.409157,-49.434192,59.747876,-50.06258,59.652219,-50.162137,59.540044,-50.278538,58.714362,-51.220062,58.640541,-51.307361,58.640062,-51.307948,58.578152,-51.381199,58.538416,-51.42916,57.938421,-52.167984,57.85513,-52.280894,57.755682,-52.415445,57.060009,-53.456562,56.999879,-53.550052,56.999435,-53.550769,56.946501,-53.633117,56.914197,-53.684442,56.414954,-54.494717,56.345737,-54.619869,56.264489,-54.766467,55.710664,-55.889496,55.664507,-55.987252,55.664195,-55.987943,55.640407,-56.038354,55.61805,-56.086781,55.247104,-56.908365,55.224684,-56.961392,55.204698,-57.005661,55.148631,-57.147824,55.125814,-57.205633,55.125584,-57.20626,55.091887,-57.291701,54.689382,-58.477453,54.657283,-58.577415,54.657048,-58.57819,54.639513,-58.632844,54.62412,-58.6822,54.362765,-59.544847,54.347904,-59.598573,54.333341,-59.646641,54.295232,-59.798889,54.280447,-59.857891,54.280301,-59.858539,54.257909,-59.947999,54.013585,-61.176254,53.995283,-61.27667,53.995223,-61.277035,53.988418,-61.314283,53.82919,-62.270497,53.821141,-62.327588,53.812612,-62.379071,53.794582,-62.53542,53.787366,-62.597846,53.787301,-62.598563,53.776688,-62.690598,53.694806,-63.940166,53.689873,-64.039042,53.689849,-64.039733,53.687768,-64.08146,53.651414,-65.142411,53.652754,-65.228222,53.656551,-65.471963,53.738431,-66.721482,53.746139,-66.816998,53.746196,-66.817596,53.749588,-66.859632,53.850926,-67.916392,53.852787,-67.929052,53.852803,-67.929218,53.881282,-68.122893,53.897441,-68.232814,53.897459,-68.232907,53.899333,-68.245648,54.143652,-69.473881,54.163096,-69.564672,54.16323,-69.565254,54.172147,-69.606894,54.409674,-70.64192,54.449843,-70.783504,54.501084,-70.964157,54.903616,-72.149989,54.933612,-72.234421,54.933831,-72.23501,54.948249,-72.275594,55.317712,-73.270813,55.358633,-73.365786,55.451381,-73.581069,56.005283,-74.704252,56.044626,-74.781364,56.044971,-74.782019,56.064705,-74.820695,56.560013,-75.759613,56.570403,-75.777055,56.734279,-76.052164,57.429985,-77.09333,57.477201,-77.162022,57.477676,-77.162694,57.502457,-77.198747,58.115201,-78.06559,58.122205,-78.074474,58.122423,-78.074783,58.243623,-78.228494,58.320692,-78.326257,58.320851,-78.326438,58.32794,-78.335429,59.15354,-79.276858,59.207364,-79.336686,59.207981,-79.337355,59.23746,-79.370122,59.957238,-80.150075,59.965011,-80.157655,59.965335,-80.158006,60.090261,-80.279794,60.196785,-80.383672,60.197092,-80.383941,60.205187,-80.391833,61.146522,-81.217351,61.205161,-81.267528,61.205885,-81.268132,61.239679,-81.297049,62.054561,-81.977342,62.06279,-81.983499,62.06293,-81.983616,62.250988,-82.124312,62.325445,-82.180023,62.325505,-82.180063,62.33382,-82.186284,63.375025,-82.882005,63.437291,-82.922564,63.438122,-82.923092,63.475583,-82.947494,64.37201,-83.516606,64.50118,-83.589174,64.677913,-83.688487,65.801162,-84.242427,65.865409,-84.27322,65.866275,-84.273623,65.906916,-84.293103,66.869287,-84.741178,66.878048,-84.744693,66.878184,-84.744756,67.071726,-84.822391,67.188958,-84.869422,67.189044,-84.869451,67.197896,-84.873002,68.38367,-85.275515,68.448334,-85.296695,68.449229,-85.296978,68.492633,-85.311195,69.505107,-85.630852,69.513746,-85.633069,69.850524,-85.719451,71.07874,-85.963753,71.142585,-85.975775,71.143705,-85.975974,71.188749,-85.984456,72.229653,-86.169453,72.238261,-86.170497,72.24274,-86.171293,72.590775,-86.213488,73.840291,-86.295387,73.902097,-86.298833,73.927606,-86.300006,73.973704,-86.302577,75.009967,-86.350233]}