{"Index":-1,"Tolerance":2.509194E-05,"Coordinates":[75.189288,-86.348517,75.477736,-86.345697,76.001198,-86.311385,76.059805,-86.306999,76.135168,-86.300656,76.661869,-86.261798,76.697503,-86.258967,77.728377,-86.171234,77.883135,-86.153537,77.892753,-86.152727,77.903614,-86.151195,77.911114,-86.150337,77.984832,-86.139736,78.246118,-86.102872,78.760722,-86.000514,78.815313,-85.989156,78.842411,-85.98327,78.844283,-85.982889,79.223596,-85.904107,79.248478,-85.898836,80.434927,-85.642486,80.610826,-85.599143,80.612025,-85.598883,80.787136,-85.550325,80.867033,-85.52818,80.867333,-85.528087,80.959359,-85.502569,81.456416,-85.333843,81.50611,-85.316514,81.536914,-85.305485,81.541531,-85.303894,81.905558,-85.177115,81.931578,-85.167926,83.100956,-84.749237,83.209204,-84.706718,83.238232,-84.696322,83.270466,-84.682654,83.280974,-84.678527,83.355967,-84.646401,83.572305,-84.554672,84.042747,-84.322671,84.086955,-84.300439,84.177946,-84.25379,84.181307,-84.252114,84.487689,-84.098587,84.513796,-84.085354,85.607402,-83.524677,85.690061,-83.478549,85.723861,-83.46122,85.775415,-83.430916,85.80294,-83.415556,85.849891,-83.387139,86.039561,-83.275651,86.475824,-82.984145,86.51425,-82.958061,86.542604,-82.938509,86.545876,-82.936312,86.871234,-82.715596,86.88956,-82.70307,87.915846,-81.996329,88.003629,-81.931042,88.043425,-81.903599,88.091803,-81.865464,88.101409,-81.85832,88.132829,-81.833125,88.361904,-81.652553,88.572308,-81.463732,88.756352,-81.303117,88.77801,-81.284042,89.148623,-80.954625,89.165939,-80.93912,89.44193,-80.690167,92.745702,-81.890011,93.2203,-82.021786,93.739887,-82.123496,94.177784,-82.178005,96.942198,-82.328473,98.737377,-81.900097,100.094794,-81.117713,100.619948,-80.739031,102.472024,-79.092842,103.578318,-76.768082,103.659101,-74.939081,103.660778,-74.70408,103.636475,-73.890714,103.77265,-72.394752,103.785722,-72.099362,103.774302,-67.202488,103.784856,-65.771313,103.784941,-65.750488,103.785831,-64.659562,103.785829,-64.652805,103.779972,-60.192492,103.788259,-55.863828,103.788263,-55.861734,103.795266,-50.280302,103.818507,-48.360452,103.782688,-47.84445,103.474387,-45.814384,103.271086,-45.081007,102.74673,-43.805827,102.282749,-42.167487,100.182515,-39.919092,98.864329,-39.446726,99.947666,-38.787443,102.379688,-35.560143,102.988296,-34.128997,103.271803,-32.354099,103.526125,-31.449992,103.654217,-30.286424,103.673219,-29.960642,103.719854,-23.186024,103.754416,-20.849777,103.754737,-20.815633,103.775892,-15.576907,103.7759,-15.574803,103.793681,-10.307443,103.836527,-9.303351,103.816959,-8.790476,103.532899,-6.413067,103.39366,-5.789016,102.797232,-3.990042,102.139383,-2.856415,101.378127,-2.008316,100.641766,-1.052668,98.952304,0.092292,96.927884,0.667705,96.103011,0.788853,94.625616,0.8106,94.104124,0.775321,91.781865,0.424789,91.225374,0.288622,90.231016,-0.052119,89.753321,0.418878,89.680854,0.488108,89.267349,0.870844,89.266161,0.872001,89.205246,0.928325,89.197493,0.935501,89.197206,0.935759,89.143484,0.985432,88.750222,1.33031,88.562092,1.483001,88.553433,1.489497,88.264486,1.724289,88.150271,1.812859,87.451922,2.329391,87.40045,2.366671,87.102408,2.57802,87.101184,2.578939,87.031467,2.628327,87.020256,2.636277,87.019883,2.636533,86.95984,2.679068,86.525102,2.969561,86.324349,3.093181,86.31472,3.098628,85.982786,3.303315,85.860511,3.374999,85.106256,3.794854,85.047801,3.826595,84.736655,3.991353,84.73524,3.992153,84.655301,4.034431,84.642427,4.041248,84.641997,4.041467,84.576209,4.076261,84.107137,4.307584,83.897874,4.401546,83.886994,4.405966,83.514853,4.573319,83.38715,4.627426,82.588059,4.945596,82.51949,4.971983,82.219292,5.083535,82.206055,5.088913,82.031524,5.153925,81.536368,5.322006,81.323,5.38618,81.311416,5.389225,80.90322,5.512236,80.772547,5.548589,79.944064,5.760116,79.86965,5.778163,79.56981,5.84706,79.556703,5.850506,79.368815,5.893849,78.855859,5.995884,78.642261,6.030852,78.63106,6.032296,78.375561,6.074388,78.293245,6.086843,77.493882,6.197092,77.365854,6.212109,76.845716,6.262436,76.831568,6.26426,76.633229,6.283523,76.111357,6.317722,75.901503,6.324519,75.889536,6.324511,75.617991,6.333565,75.537973,6.335223,74.724839,6.341829,74.59282,6.340156,74.089201,6.323299,74.07561,6.32329,73.870071,6.316494,73.348294,6.282301,73.145864,6.262508,73.132236,6.260733,72.62407,6.211254,72.494019,6.195878,71.690653,6.084052,71.610383,6.071831,71.346697,6.028227,71.335002,6.026704,71.125496,5.992266,70.612481,5.890219,70.420487,5.845794,70.407598,5.842387,70.11589,5.775147,70.039588,5.756562,69.214994,5.544882,69.086432,5.508983,68.667352,5.382407,68.655386,5.379244,68.446068,5.316137,67.95085,5.148036,67.772319,5.081395,67.758635,5.075814,67.275696,4.895765,67.16422,4.851791,66.39898,4.533113,66.313864,4.496199,66.091001,4.395651,66.081412,4.39174,65.876177,4.299418,65.407266,4.068175,65.244767,3.982102,65.231404,3.97452,64.760213,3.725161,64.658375,3.668855,63.94716,3.258431,63.869026,3.211837,63.657791,3.081733,63.656314,3.080895,63.559676,3.021302,63.528146,3.001882,63.527271,3.001319,63.459104,2.959283,63.024177,2.668665,62.879217,2.56582,62.865954,2.555841,62.417171,2.237649,62.32615,2.170649,61.677911,1.675453,61.60394,1.617189,61.421436,1.469,61.420213,1.46808,61.33013,1.394862,61.298905,1.369508,61.298144,1.368864,61.235629,1.318053,60.84259,0.973371,60.717164,0.857259,60.704944,0.84532,60.313752,0.48343,60.237801,0.4108,59.638173,-0.181923,59.566677,-0.254907,59.412053,-0.417914,59.410769,-0.419169,59.327279,-0.507284,59.299513,-0.536556,59.298755,-0.537389,59.242565,-0.596692,58.897715,-0.989924,58.792343,-1.11656,58.781339,-1.130505,58.429676,-1.552894,58.365931,-1.632,57.850247,-2.293327,57.786748,-2.377612,57.662193,-2.548784,57.661221,-2.550016,57.589054,-2.649297,57.562669,-2.685557,57.562051,-2.686446,57.513767,-2.75287,57.223286,-3.187593,57.138719,-3.321243,57.129472,-3.336696,56.869119,-3.747781,56.828889,-3.813033,56.407207,-4.515828,56.342201,-4.629412,56.201732,-4.887025,56.200898,-4.888419,56.140787,-4.998795,56.119743,-5.037389,56.119219,-5.038398,56.077784,-5.114482,55.846485,-5.583502,55.814759,-5.651909,55.814708,-5.652016,55.813562,-5.654491,55.782634,-5.721177,55.781995,-5.722647,55.593083,-6.130521,55.566632,-6.189183,55.209382,-7.00339,55.155848,-7.133116,55.054803,-7.394194,55.054197,-7.395586,55.007242,-7.517079,54.99087,-7.559381,54.990509,-7.560374,54.95907,-7.641722,54.79098,-8.136901,54.747455,-8.275453,54.747005,-8.277009,54.61951,-8.683575,54.602473,-8.739715,54.340002,-9.634275,54.299995,-9.784072,54.243833,-10.01703,54.240182,-10.029656,54.176206,-10.292315,54.074174,-10.805252,54.062549,-10.8712,54.062513,-10.871391,54.061605,-10.876557,54.050064,-10.942029,54.04984,-10.943485,53.960285,-11.452947,53.949744,-11.516708,53.815686,-12.382313,53.797299,-12.521241,53.772634,-12.745558,53.772392,-12.747133,53.75757,-12.882563,53.751368,-12.938966,53.751264,-12.94018,53.742283,-13.022238,53.708089,-13.544047,53.702189,-13.676277,53.701285,-13.714329,53.677031,-14.246104,53.674422,-14.32464,53.655678,-15.224323,53.655936,-15.367983,53.659014,-15.494023,53.65883,-15.501772,53.664734,-15.784871,53.698925,-16.306643,53.709644,-16.432058,53.709807,-16.433608,53.75701,-16.982694,53.763463,-17.049477,53.86236,-17.971201,53.88,-18.107661,53.900975,-18.246233,53.901135,-18.247754,53.922751,-18.390099,53.931815,-18.449984,53.932022,-18.451155,53.944668,-18.534431,54.046714,-19.04743,54.072203,-19.164065,54.08151,-19.203115,54.173814,-19.627931,54.186699,-19.684716,54.412603,-20.639652,54.454214,-20.797356,54.493839,-20.933281,54.495519,-20.940329,54.577553,-21.224963,54.745643,-21.720147,54.783826,-21.826389,54.784432,-21.827985,54.966862,-22.334758,54.986797,-22.388601,55.33199,-23.295698,55.393089,-23.444762,55.430386,-23.52956,55.431754,-23.533165,55.552571,-23.810771,55.783866,-24.279781,55.832516,-24.374402,55.852639,-24.411978,56.063328,-24.822812,56.089569,-24.872879,56.566611,-25.763667,56.645715,-25.902833,56.693718,-25.982538,56.694785,-25.98453,56.853909,-26.249772,57.14446,