{"Index":-1,"Tolerance":2.2539588E-05,"Coordinates":[209.002489,-60.865321,210.4685,-60.624654,212.469339,-60.196128,215.26799,-59.530453,217.958629,-58.925113,220.84761,-58.257794,227.021047,-56.846228,230.530703,-56.092983,233.280725,-55.622695,234.169387,-55.526255,234.40264,-55.470877,238.251142,-55.133221,239.633437,-55.068778,242.629253,-55.023727,244.786732,-55.024637,246.928395,-55.027062,246.966873,-55.025076,247.173064,-55.025224,247.247733,-55.021369,250.827933,-55.009216,256.567233,-55.048902,258.00703,-55.0,274.992928,-55.0,274.992928,-20.231597,235.033004,-20.231597,235.033004,-20.313044,232.000268,-19.96799,231.419883,-19.879295,226.768313,-19.083449,225.019475,-18.763975,224.415385,-18.648718,219.658473,-17.74827,218.379277,-17.524667,212.873171,-16.463804,211.132869,-16.258675,208.89302,-16.033936,208.021085,-15.864951,206.706057,-16.181064,205.827747,-16.464622,205.017134,-17.208101,204.932861,-18.10444,204.731582,-19.259697,204.713551,-24.066675,204.667638,-29.997728,204.63179,-32.057336,204.617916,-33.787946,205.508389,-36.75915,205.903981,-36.736302,208.466796,-35.980095,210.151329,-34.475639,211.902306,-33.817472,214.100811,-32.821965,217.197656,-32.138224,218.242856,-31.951659,218.930453,-31.901838,219.161284,-31.875658,220.003128,-31.81466,222.564769,-31.524133,225.746198,-31.420143,227.673243,-31.30628,229.816578,-31.27548,233.330964,-31.31553,235.033004,-31.473587,235.033004,-49.302707,234.757937,-49.334165,233.622346,-49.384455,231.745414,-49.418016,230.109228,-49.394015,225.388998,-49.154372,221.646149,-49.012639,220.940501,-48.947723,219.604165,-48.898334,216.37481,-48.436274,216.315369,-48.429541,216.261128,-48.42175,216.116071,-48.406964,215.68971,-48.358666,214.544174,-48.030387,212.051802,-47.383527,210.094667,-46.619968,208.761426,-46.300294,208.285518,-46.221808,208.189204,-46.275415,207.986835,-46.793905,206.297388,-49.214494,206.050119,-49.835692,205.002869,-54.829652,204.951987,-58.651328,204.969903,-58.697224,205.095212,-59.558393,205.097499,-59.86399,205.352158,-60.077791,206.623559,-60.770671,207.68145,-60.944127]}