{"Index":-1,"Tolerance":2.51567705E-05,"Coordinates":[75.20322,-86.34838,75.485775,-86.345624,75.953463,-86.314971,76.012094,-86.310582,76.109448,-86.302388,76.660411,-86.261911,76.697017,-86.259009,77.732599,-86.170875,77.894437,-86.152148,77.900497,-86.151638,77.908021,-86.150576,77.923727,-86.148759,77.997111,-86.138006,78.2538,-86.101788,78.713487,-86.010353,78.768089,-85.998992,78.819238,-85.987881,79.2212,-85.904611,79.24768,-85.899008,80.438808,-85.641647,80.62403,-85.595762,80.70164,-85.574041,80.966627,-85.50054,81.410465,-85.349878,81.460166,-85.332547,81.51265,-85.313755,81.515479,-85.312781,81.903576,-85.177811,81.930919,-85.168162,83.10605,-84.747413,83.219407,-84.702664,83.24411,-84.69382,83.275213,-84.680634,83.296013,-84.672423,83.367628,-84.641455,83.578488,-84.552062,83.998881,-84.344743,84.043089,-84.322512,84.047029,-84.320492,84.053125,-84.317463,84.496556,-84.094102,84.516743,-84.083843,85.584441,-83.536449,85.704736,-83.470594,85.747683,-83.448571,85.893796,-83.361428,85.952784,-83.327023,85.977399,-83.311567,86.096519,-83.240523,86.282675,-83.112698,86.861015,-82.72255,86.886167,-82.705407,87.964646,-81.962723,88.022022,-81.918365,88.041108,-81.90526,88.16018,-81.811555,88.241357,-81.748796,88.255755,-81.73634,88.365755,-81.649774,88.625912,-81.416121,88.740802,-81.316731,88.772861,-81.288618,89.148623,-80.954625,89.165939,-80.93912,89.412464,-80.716747,92.83351,-81.924557,93.064429,-81.996321,93.674985,-82.160862,94.224876,-82.258286,97.301722,-82.528079,99.807223,-81.690169,102.623566,-79.154861,103.713594,-76.845498,103.807645,-74.715995,103.809322,-74.481001,103.761458,-72.879111,103.840645,-72.009202,103.853717,-71.713812,103.841905,-66.64874,103.839981,-63.346087,103.852362,-56.879414,103.852368,-56.872555,103.851041,-51.477735,103.853193,-50.247278,103.882209,-47.850359,103.84639,-47.334359,103.585264,-45.614925,103.381964,-44.881547,102.972608,-43.886037,102.436242,-41.992095,100.34696,-39.748221,99.645662,-39.494374,100.575609,-39.036613,101.431664,-37.131792,102.518271,-35.690293,103.127163,-34.258764,103.557137,-31.566909,103.62865,-31.277413,103.721546,-30.535291,103.734816,-28.607695,103.835933,-21.77271,103.836254,-21.738566,103.85218,-17.79484,103.852202,-17.777066,103.846994,-14.438104,103.857031,-11.665175,103.902782,-10.897777,103.906713,-10.812626,103.966195,-8.99428,103.94544,-8.513103,103.67583,-6.256628,103.416535,-5.323739,103.109123,-4.641401,102.866697,-3.864484,102.190851,-2.675773,101.577556,-1.992514,100.75961,-0.930986,99.070148,0.213973,96.843453,0.846877,96.018586,0.968024,94.975947,0.983373,94.454451,0.948094,91.757424,0.540993,91.200934,0.404826,90.137253,0.04033,89.752435,0.419752,89.678141,0.490671,89.254528,0.882147,89.241863,0.89449,89.119204,1.007903,88.767991,1.315905,88.579777,1.46866,88.564276,1.480288,88.268203,1.721359,88.15154,1.811921,87.45047,2.330465,87.39605,2.369833,87.087928,2.587804,87.074865,2.597604,86.933544,2.697714,86.54535,2.957105,86.344592,3.080727,86.327002,3.090678,85.986746,3.300952,85.861854,3.374252,85.10462,3.795765,85.042854,3.829257,84.721261,3.999061,84.707641,4.006766,84.548558,4.090904,84.129678,4.297475,84.057568,4.329854,84.056737,4.330247,84.024703,4.344612,83.920469,4.391416,83.918975,4.392023,83.510216,4.575321,83.385585,4.628049,82.586333,4.946284,82.514278,4.973964,82.202677,5.089338,82.177574,5.099537,82.003009,5.164563,81.56075,5.314688,81.489682,5.336061,81.488876,5.336321,81.45235,5.347288,81.347213,5.378907,81.345855,5.379264,80.89862,5.513549,80.771002,5.548983,79.946094,5.759598,79.875763,5.776703,79.529177,5.856824,79.527702,5.857212,79.436231,5.878311,79.409813,5.884418,79.40908,5.884573,79.339925,5.900525,78.881921,5.99163,78.668328,6.026598,78.647174,6.029325,78.381971,6.073386,78.295387,6.086547,77.495219,6.196908,77.369879,6.211663,76.804521,6.266851,76.802947,6.267054,76.704483,6.276616,76.676808,6.279318,76.676049,6.279378,76.604618,6.286315,76.138632,6.31685,75.928847,6.323646,75.906233,6.323631,75.624284,6.333405,75.540071,6.335206,74.726231,6.341817,74.596995,6.340237,74.049329,6.322386,74.047842,6.322385,73.946452,6.319033,73.91532,6.318018,73.914538,6.317978,73.842265,6.315588,73.376334,6.285055,73.173938,6.265267,73.148013,6.261891,72.627961,6.211686,72.495311,6.196058,71.692942,6.084371,71.617232,6.0729,71.309682,6.022503,71.307995,6.022283,71.205298,6.005398,71.172114,5.99996,71.17118,5.999788,71.098748,5.987879,70.640752,5.896776,70.448756,5.852351,70.424396,5.845912,70.121634,5.776519,70.041494,5.757052,69.216507,5.545271,69.090937,5.510273,68.631914,5.372125,68.630452,5.371739,68.52742,5.340677,68.492592,5.330195,68.49175,5.329923,68.421092,5.308621,67.978859,5.158505,67.800342,5.09187,67.774285,5.081243,67.279292,4.897156,67.165407,4.852285,66.396908,4.53225,66.3077,4.493486,66.076506,4.388787,66.058469,4.38143,65.853185,4.289088,65.434449,4.082589,65.372602,4.04983,65.372063,4.049556,65.352596,4.039233,65.27196,3.996522,65.27067,3.99579,64.756747,3.723271,64.657235,3.668197,63.945087,3.257235,63.862879,3.208127,63.64491,3.073422,63.635676,3.068183,63.43838,2.946522,63.049976,2.686988,62.905065,2.58418,62.88063,2.565796,62.419956,2.239673,62.327062,2.171346,61.675961,1.673963,61.598183,1.612603,61.409815,1.45917,61.401915,1.453225,61.217374,1.30323,60.866417,0.995452,60.740957,0.879306,60.718542,0.857405,60.316281,0.485821,60.238626,0.411615,59.636382,-0.183694,59.561421,-0.260336,59.402034,-0.428899,59.395309,-0.43547,59.227028,-0.613068,58.919052,-0.964253,58.813695,-1.090872,58.793454,-1.116523,58.431798,-1.550291,58.366619,-1.631117,57.84866,-2.295362,57.782126,-2.383825,57.6538,-2.560784,57.648483,-2.567522,57.500993,-2.770422,57.24159,-3.158634,57.157024,-3.292282,57.139957,-3.320802,56.871036,-3.744702,56.829511,-3.811996,56.406203,-4.517501,56.33933,-4.634515,56.195524,-4.899022,56.190938,-4.906685,56.067796,-5.132796,55.861228,-5.551669,55.797356,-5.689391,55.790176,-5.705894,55.594832,-6.126681,55.567197,-6.187895,55.208578,-7.005221,55.153603,-7.13868,55.050246,-7.406731,55.046937,-7.414339,54.951833,-7.660424,54.80174,-8.102589,54.75821,-8.241159,54.753077,-8.25891,54.620789,-8.679413,54.602882,-8.738323,54.341272,-9.629944,54.303394,-9.770965,54.236048,-10.04687,54.235608,-10.048391,54.204171,-10.177463,54.191748,-10.228358,54.191495,-10.229506,54.171661,-10.310941,54.080565,-10.768893,54.056466,-10.905595,54.053302,-10.926162,53.960936,-11.449094,53.949944,-11.515421,53.815329,-12.384615,53.796437,-12.528175,53.771509,-12.757988,53.770437,-12.764956,53.740294,-13.040278,53.70975,-13.506375,53.703849,-13.638658,53.703812,-13.640229,53.676769,-14.253197,53.674373,-14.327005,53.655813,-15.217885,53.655782,-15.348666,53.659219,-15.517446,53.659183,-15.518944,53.662124,-15.660125,53.663257,-15.715778,53.663306,-15.716894,53.665083,-15.802188,53.695618,-16.268172,53.706334,-16.393565,53.708659,-16.415614,53.756682,-16.979155,53.763336,-17.048299,53.862682,-17.974202,53.881231,-18.116629,53.903116,-18.259383,53.903623,-18.264189,53.947147,-18.550791,54.038272,-19.008896,54.063778,-19.125602,54.064145,-19.12714,54.1756,-19.635894,54.187325,-19.687363,54.411291,-20.634106,54.449731,-20.780858,54.499467,-20.953772,54.499862,-20.955431,54.540225,-21.095477,54.557324,-21.154923,54.557737,-21.156237,54.581887,-21.240027,54.731995,-21.682235,54.770208,-21.788556,54.778556,-21.810546,54.965682,-22.331537,54.98639,-22.387532,55.32954,-23.289258,55.385115,-23.42569,55.437128,-23.545354,55.437645,-23.546716,55.496529,-23.682015,55.521446,-23.739341,55.521965,-23.740461,55.558456,-23.824307,55.764994,-24.243119,55.813647,-24.337747,55.814372,-24.339101,56.066686,-24.829259,56.090713,-24.875015,56.568097,-25.766441,56.650455,-25.910998,56.700238,-25.993289,56.701946,-25.996478,56.86106,-26.261704,57.120516,-26.649998,57.17732,-26.73218,57.178263,-26.7335,57.499711,-27.198056,57.527515,-27.237591,58.111277,-28.054387,58.205178,-28.179168,58.269949,-28.260973,58.270942,-28.262362,58.368121,-28.384963,58.410328,-28.438269,