{"Index":-1,"Tolerance":2.7018282E-05,"Coordinates":[216.529243,-65.097571,217.634069,-65.096943,218.046035,-65.069895,219.540945,-64.87361,219.599593,-64.865352,220.890171,-64.671344,221.069433,-64.639114,224.630748,-63.892802,224.675536,-63.883078,227.352164,-63.281703,227.365759,-63.278617,227.719441,-63.19752,228.382875,-63.048552,231.742225,-62.327566,234.349289,-61.876744,234.814284,-61.877955,235.391862,-61.757881,238.076752,-61.519474,238.661492,-61.470988,240.088806,-61.404446,241.490071,-61.367519,241.837643,-61.362673,246.972798,-61.357328,249.233928,-61.359804,249.245603,-61.359795,249.705471,-61.358607,250.804275,-61.359204,256.588201,-61.399199,256.717943,-61.397445,258.114849,-61.35,277.623184,-61.35,281.342928,-57.630256,281.342928,-17.601341,277.623184,-13.881597,234.67723,-13.881597,232.839136,-13.672465,232.435059,-13.610714,227.877076,-12.83088,225.822174,-12.453626,225.816898,-12.452662,223.564274,-12.04304,222.510914,-11.843647,222.467095,-11.83567,221.166166,-11.608268,221.020359,-11.586257,218.142112,-11.219884,217.659746,-11.195462,215.41386,-11.252605,214.629436,-11.174514,212.93186,-11.4666,211.084889,-12.336142,209.540148,-13.859378,209.021575,-14.921953,207.448005,-17.225196,206.882826,-19.012194,206.863258,-20.485996,206.769225,-22.224808,206.580322,-24.602161,206.572316,-24.965974,206.626076,-26.488707,206.663923,-28.280113,206.669354,-28.4104,206.799039,-30.49292,207.352291,-32.109735,208.128899,-33.251745,208.2825,-33.45899,210.182411,-35.815964,212.333289,-37.016772,214.0563,-37.235043,214.356601,-37.339959,215.51454,-37.517512,217.309543,-37.460388,217.464455,-37.451666,221.123999,-37.155777,224.123147,-37.080221,227.152862,-37.163985,228.683004,-37.22888,228.683004,-43.686231,228.459591,-43.704746,228.201051,-43.707581,223.405319,-43.696934,223.376429,-43.697001,222.647753,-43.702013,221.905631,-43.691093,219.027759,-43.585411,218.925364,-43.583304,216.408177,-43.572103,215.770827,-43.633672,214.127937,-43.961667,212.599402,-44.241868,210.658567,-45.385277,209.34989,-46.9796,208.707444,-47.548838,207.712379,-49.184851,207.130672,-51.490421,207.061508,-51.851472,206.902602,-53.053884,206.636825,-55.024565,206.73304,-56.340491,207.146879,-57.7795,207.159534,-57.973537,207.583989,-59.373172,209.158376,-62.099056,210.559684,-63.399766,213.684446,-64.906641,215.419311,-65.211078]}