{"Inners":[{"Index":-1,"Tolerance":1.1296570000000017E-06,"Coordinates":[14.913514,-36.128,14.7435,-36.101739,14.575273,-36.048426,14.557866,-36.039808,14.293589,-35.882217,14.280214,-35.87281,14.155566,-35.752821,14.050253,-35.614679,13.967664,-35.462823,13.909156,-35.299915,13.876129,-35.129597,13.869514,-34.956917,13.889425,-34.78442,13.935283,-34.617509,14.005971,-34.459827,14.100303,-34.314153,14.215675,-34.184708,14.34905,-34.074709,14.498011,-33.986162,14.658729,-33.921378,14.827241,-33.88195,15.0,-33.868686,15.172758,-33.88195,15.341256,-33.921375,15.502023,-33.986179,15.650941,-34.074702,15.784326,-34.184708,15.899672,-34.314126,15.9938,-34.459483,16.064776,-34.617807,16.11059,-34.784536,16.130484,-34.95688,16.123867,-35.129588,16.090857,-35.299817,16.032302,-35.46287,15.949605,-35.614928,15.844596,-35.752695,15.719798,-35.872801,15.578119,-35.972453,15.422953,-36.049281,15.25785,-36.101526,15.086471,-36.128]}],"Index":-1,"Tolerance":2.13517535E-05,"Coordinates":[15.115325,-56.352072,15.292979,-56.351738,17.299391,-56.212464,17.711993,-56.183949,17.714116,-56.183667,17.72521,-56.182896,18.12504,-56.129463,19.304187,-55.894908,19.350323,-55.885374,20.357955,-55.669346,20.597543,-55.603245,20.686703,-55.578963,20.692427,-55.577067,20.713117,-55.571359,20.852566,-55.52403,22.264872,-55.056278,22.767213,-54.897028,23.212566,-54.717827,23.333941,-54.657975,24.266339,-54.198997,24.962721,-53.875864,25.097287,-53.804432,25.123784,-53.791042,25.163075,-53.769509,25.263188,-53.716366,25.29535,-53.697018,25.407117,-53.635767,25.517965,-53.572085,26.114687,-53.213101,26.200972,-53.159292,26.423615,-53.015446,26.464971,-52.98921,27.44253,-52.336007,27.506271,-52.29031,27.585225,-52.234678,27.685696,-52.160893,28.312339,-51.681473,28.39646,-51.614832,28.449014,-51.571733,28.450366,-51.570695,28.528837,-51.506272,28.538333,-51.498484,28.538647,-51.498218,28.610056,-51.439592,29.505663,-50.654173,29.638593,-50.530706,29.642387,-50.526974,29.667435,-50.503709,30.374242,-49.808544,30.392364,-49.789355,30.394534,-49.787221,30.555382,-49.61691,31.307732,-48.759009,31.339041,-48.72276,31.73999,-48.251401,31.914601,-48.026424,31.917842,-48.021837,31.925739,-48.011652,32.542903,-47.138361,32.567823,-47.102102,32.580934,-47.08355,32.627955,-47.015137,33.326876,-45.9692,33.451018,-45.754201,33.499103,-45.672557,33.506906,-45.65741,33.534733,-45.609218,33.602046,-45.472738,33.645971,-45.387477,33.670657,-45.338526,34.099128,-44.470333,34.555374,-43.591229,34.679271,-43.300605,34.719577,-43.208126,34.724143,-43.195349,34.744076,-43.148593,34.805076,-42.968889,34.844846,-42.857608,34.861518,-42.809757,35.149161,-41.962465,35.342643,-41.444251,35.409792,-41.244395,35.434611,-41.161507,35.610412,-40.575574,35.677982,-40.308918,35.976517,-38.872105,35.997604,-38.783463,36.047781,-38.5256,36.059275,-38.449971,36.08209,-38.315528,36.092329,-38.251202,36.176867,-37.682559,36.204127,-37.430258,36.224336,-37.132077,36.350672,-35.274245,36.350839,-35.13186,36.352216,-35.07789,36.350988,-35.005062,36.351169,-34.850374,36.345684,-34.766831,36.343273,-34.701863,36.268111,-33.39258,36.267521,-33.361216,36.254381,-33.126214,36.244953,-33.025039,36.182832,-32.323516,36.138926,-32.008355,35.874952,-30.624756,35.845037,-30.455211,35.635675,-29.483421,35.51716,-29.070904,35.241039,-28.308144,34.804471,-27.022044,34.645407,-26.638012,34.089084,-25.509818,33.966334,-25.228455,33.853385,-24.995873,33.513844,-24.363572,33.493547,-24.329742,33.488929,-24.321386,33.434047,-24.230572,33.358306,-24.104332,33.284554,-23.993704,33.028987,-23.605609,32.819902,-22.870237,31.176557,-20.846208,30.769661,-20.632362,30.743971,-20.603068,30.705775,-20.560298,30.196231,-20.000009,29.940384,-19.748756,29.897061,-19.710768,29.001552,-18.924996,28.721317,-18.658468,28.52996,-18.490551,28.467373,-18.439923,28.013357,-18.072508,27.780029,-17.900687,25.959299,-16.68395,25.781503,-16.573433,25.666809,-16.507279,25.651454,-16.497324,25.524792,-16.425364,25.448277,-16.381231,25.428706,-16.370775,25.328266,-16.313713,23.973556,-15.645673,23.874498,-15.598931,23.872967,-15.598241,23.83627,-15.580924,23.05678,-15.229407,23.043143,-15.224031,23.042971,-15.223954,22.858937,-15.151421,22.772145,-15.117209,22.772061,-15.11718,22.758313,-15.111762,21.361582,-14.637613,21.26208,-14.605652,21.260656,-14.60522,21.222808,-14.593062,20.426722,-14.351704,20.413495,-14.348391,20.413154,-14.348288,20.172324,-14.287991,20.125011,-14.276142,20.124942,-14.276128,20.111433,-14.272746,18.666258,-13.985276,18.571546,-13.967924,18.569928,-13.967653,18.52989,-13.960317,17.709505,-13.82283,17.697278,-13.821408,17.697079,-13.821375,17.379751,-13.784484,15.909216,-13.688118,15.821072,-13.683571,15.819089,-13.683496,15.777578,-13.681355,14.946488,-13.650059,14.935221,-13.650215,14.935022,-13.650208,14.607775,-13.65476,13.137423,-13.751114,13.057585,-13.757358,13.055351,-13.757561,13.013067,-13.760868,12.190442,-13.835653,12.180443,-13.837096,12.1746,-13.837627,11.842334,-13.885637,10.396904,-14.173159,10.326327,-14.188034,10.323874,-14.18858,10.282283,-14.197336,9.4748,-14.377111,9.466056,-14.379559,9.46094,-14.380698,9.130091,-14.473386,7.734682,-14.947058,7.674337,-14.968222,7.671432,-14.969274,7.630681,-14.983558,6.848147,-15.266896,6.840555,-15.27013,6.840266,-15.270235,6.646857,-15.352649,6.524762,-15.404664,6.524588,-15.40475,6.516883,-15.408033,5.195399,-16.059728,5.145586,-16.08484,5.142653,-16.086351,5.102742,-16.106472,4.366276,-16.485905,4.360439,-16.489344,4.357345,-16.490938,4.047159,-16.673676,2.82184,-17.492432,2.782348,-17.519251,2.756769,-17.536905,2.719889,-17.561951,2.060339,-18.017154,2.055711,-18.02076,2.052839,-18.022742,1.762685,-18.248876,0.654747,-19.2205,0.62504,-19.246883,0.619667,-19.251715,0.618265,-19.252944,0.587929,-19.279878,-0.030797,-19.836325,-0.034479,-19.840053,-0.034856,-19.840392,-0.176036,-19.983371,-0.294709,-20.10352,-0.29499,-20.10384,-0.298734,-20.107632,-1.270181,-21.215368,-1.290825,-21.239145,-1.299365,-21.249081,-1.303738,-21.254067,-1.324379,-21.277841,-1.867021,-21.909142,-1.980907,-22.059166,-2.100881,-22.217088,-2.919858,-23.442735,-2.932833,-23.462309,-2.959991,-23.503609,-2.965742,-23.51222,-2.977939,-23.530618,-3.417255,-24.198337,-3.420428,-24.203881,-3.421793,-24.205958,-3.521576,-24.380633,-3.613367,-24.541034,-3.614382,-24.543095,-3.618876,-24.550962,-3.84566,-25.012803,-4.472646,-26.286307,-4.482933,-26.307398,-4.57943,-26.50711,-4.656194,-26.663422,-4.663446,-26.680989,-4.666704,-26.687733,-4.7198,-26.817512,-4.813786,-27.045197,-5.247224,-28.325377,-5.569142,-29.275118,-5.676138,-29.674602,-5.975407,-31.177243,-6.138854,-31.997042,-6.193418,-32.410955,-6.203422,-32.563827,-6.218406,-32.789933,-6.349779,-34.76464,-6.349926,-34.936433,-6.351291,-35.0168,-6.35004,-35.068661,-6.350136,-35.181178,-6.345657,-35.250299,-6.344993,-35.277795,-6.211253,-37.325005,-6.196947,-37.545906,-6.196673,-37.548062,-6.196342,-37.553131,-6.146678,-37.942063,-5.999518,-38.712517,-5.994885,-38.736278,-5.993156,-38.744971,-5.984234,-38.791757,-5.979423,-38.816459,-5.691883,-40.261983,-5.594702,-40.632314,-5.594194,-40.633863,-5.593286,-40.637325,-5.343675,-41.398652,-5.333419,-41.429404,-5.331309,-41.435625,-5.318562,-41.474504,-5.308082,-41.505915,-4.834484,-42.901102,-4.832578,-42.90579,-4.832494,-42.906038,-4.776328,-43.044159,-4.693653,-43.247528,-4.693487,-43.247876,-4.691368,-43.253087,-4.33294,-44.004261,-4.314596,-44.04206,-4.314149,-44.042965,-4.311423,-44.048679,-4.293459,-44.08571,-3.641742,-45.407246,-3.461089,-45.725847,-3.459085,-45.728949,-3.456054,-45.734293,-3.006739,-46.429909,-2.982165,-46.467312,-2.980021,-46.470631,-2.952872,-46.511952,-2.134185,-47.737162,-1.918804,-48.023184,-1.918696,-48.023311,-1.914374,-48.029051,-1.377415,-48.66419,-1.34851,-48.697759,-1.346291,-48.700383,-1.308776,-48.743951,-0.337081,-49.851969,-0.091938,-50.102217,-0.091846,-50.102301,-0.086137,-50.108129,0.527932,-50.669443,0.560497,-50.698599,0.562619,-50.700539,0.611364,-50.744183,1.719164,-51.715687,