{"Index":-1,"Tolerance":2.55468125E-05,"Coordinates":[223.638505,-63.275822,224.595765,-63.285607,225.764292,-63.077616,226.078355,-62.958497,227.095875,-62.75671,227.22589,-62.726553,227.55045,-62.681348,227.861667,-62.593462,228.494985,-62.490828,228.506961,-62.487152,228.524693,-62.484944,228.661981,-62.445109,228.715783,-62.438409,228.853083,-62.398571,228.906893,-62.39187,229.044186,-62.352034,229.097995,-62.345333,229.235296,-62.305495,229.28911,-62.298793,229.426396,-62.258959,229.480202,-62.252258,229.617492,-62.212423,229.67129,-62.205723,229.80859,-62.165885,229.8624,-62.159184,229.999694,-62.119348,230.053501,-62.112647,230.190791,-62.072812,230.244608,-62.06611,230.381899,-62.026274,230.43571,-62.019573,230.772304,-61.921908,230.918956,-61.890881,231.108541,-61.833667,232.516291,-61.702466,232.53236,-61.700436,233.057899,-61.902832,235.566167,-61.846473,236.700545,-61.35,254.103239,-61.35,254.870089,-61.36135,254.929076,-61.361675,258.019113,-61.35,277.623184,-61.35,281.342928,-57.630256,281.342928,-17.601341,277.623184,-13.881597,232.402748,-13.881597,232.308612,-13.975733,232.234503,-13.971904,231.653618,-13.873163,231.627078,-13.868767,230.507676,-13.688232,229.036377,-13.187327,228.903571,-13.14534,228.882013,-13.139041,228.869973,-13.134942,228.79419,-13.110199,228.34161,-12.968694,228.007951,-12.883911,225.88808,-12.466029,225.851575,-12.459055,225.539972,-12.401411,225.528907,-12.399921,225.43309,-12.382196,225.124079,-12.340594,223.829392,-12.230626,223.370469,-12.224894,221.358347,-12.345276,220.398756,-12.553919,219.524806,-12.891322,219.089956,-13.0983,218.321798,-13.538168,217.711674,-13.992114,216.459971,-15.180088,215.621612,-16.497042,215.080124,-18.118722,214.730218,-19.119278,214.603064,-19.601204,214.495596,-20.193415,214.454522,-20.509059,214.414658,-21.010816,214.413408,-21.027075,214.314146,-22.363333,214.308005,-22.470477,214.275265,-23.2815,214.272711,-23.423465,214.27983,-25.051733,214.282833,-26.295002,214.287838,-26.465719,214.332612,-27.261507,214.371279,-27.608087,214.474475,-28.223979,214.502757,-28.371324,214.85495,-29.997635,215.111683,-30.733212,215.442924,-31.404574,215.780772,-31.945085,216.585177,-32.983835,217.335515,-33.683723,218.43536,-34.419153,219.052217,-34.696383,219.17256,-34.770148,220.351645,-35.204122,221.814149,-35.433323,222.945351,-35.408134,222.962506,-35.404657,223.123987,-35.401061,223.128217,-35.400204,223.190758,-35.417485,223.263867,-35.416334,223.356174,-35.441841,223.429344,-35.440689,223.521666,-35.4662,223.594811,-35.465049,223.687136,-35.49056,223.76028,-35.489409,223.85263,-35.514927,223.927428,-35.513749,224.021085,-35.539571,224.169351,-35.537183,224.55222,-35.642261,224.628439,-35.662166,225.069604,-35.771549,225.29502,-35.8395,225.642108,-35.923178,226.249544,-36.03394,226.321288,-36.046174,227.103284,-36.170318,227.297471,-36.176991,227.393753,-36.188507,228.683004,-36.313936,228.683004,-44.402352,228.53344,-44.439921,228.405357,-44.52739,228.325375,-44.547481,228.251376,-44.593713,228.156866,-44.617453,228.082854,-44.663693,227.988344,-44.687433,227.914345,-44.733665,227.819835,-44.757405,227.745829,-44.803641,227.651319,-44.827381,227.577313,-44.873617,227.482803,-44.897357,227.408797,-44.943593,227.314287,-44.967333,227.240275,-45.013573,227.145765,-45.037313,227.071766,-45.083545,226.977256,-45.107285,226.90325,-45.153521,226.808745,-45.17726,226.803729,-45.180394,226.657266,-45.19389,226.586032,-45.231127,226.467718,-45.242685,226.398207,-45.279266,226.277934,-45.291691,226.217348,-45.32379,226.100139,-45.336245,226.048304,-45.363805,225.93566,-45.375775,225.883826,-45.403334,225.771183,-45.415304,225.719346,-45.442865,225.606701,-45.454835,225.554866,-45.482395,225.442222,-45.494365,225.390387,-45.521924,225.277749,-45.533894,225.225909,-45.561456,225.113261,-45.573427,225.061429,-45.600985,224.948787,-45.612955,224.89695,-45.640516,224.784305,-45.652486,224.73247,-45.680046,224.621039,-45.691887,224.569152,-45.71945,224.45721,-45.731345,224.405273,-45.758921,224.293314,-45.770819,224.241364,-45.79839,224.129402,-45.810288,224.077429,-45.83786,223.965537,-45.84975,223.913531,-45.877327,223.801667,-45.889214,223.749612,-45.916804,223.63776,-45.928691,223.585704,-45.95627,223.473874,-45.968154,223.212658,-46.106485,222.817569,-46.177201,222.753765,-46.214069,222.400913,-46.280106,222.270839,-46.358605,221.631315,-46.509378,221.492835,-46.547319,220.380828,-46.761041,220.346643,-46.781785,219.753318,-46.867658,217.644527,-48.081614,217.212967,-48.626492,216.540501,-49.224424,215.618965,-50.627335,215.310421,-51.563462,215.104298,-52.104511,214.922959,-52.821865,214.815246,-53.638053,214.793792,-53.860975,214.743784,-54.684048,214.774005,-55.355106,214.934941,-56.414995,214.987723,-56.683879,215.19012,-57.52189,215.512993,-58.341111,215.951509,-59.117985,216.329184,-59.795183,216.841885,-60.479266,217.692592,-61.343365,218.634624,-62.005144,219.002151,-62.174411,219.240428,-62.344584,220.28434,-62.834835,221.729569,-63.216097,222.687302,-63.318519]}