{"Index":-1,"Tolerance":2.2092133E-05,"Coordinates":[94.662999,-37.773072,95.806981,-37.529653,96.285192,-37.387905,97.365176,-36.973151,97.739359,-36.800853,98.821973,-36.214509,99.302856,-35.894422,100.664087,-34.797716,101.540501,-33.695431,102.677145,-31.347623,102.942954,-30.536394,103.361973,-28.264721,103.563509,-27.341548,103.63579,-26.740234,103.640645,-26.540705,103.668141,-25.962783,103.671642,-25.835312,103.675142,-25.360912,103.675218,-25.345737,103.675876,-25.092765,103.677195,-25.038537,103.678123,-24.96957,103.697829,-17.382963,103.697783,-17.355734,103.696521,-17.144524,103.696556,-17.130846,103.696527,-17.10673,103.695191,-16.839442,103.695174,-16.83633,103.679525,-14.21899,103.679516,-14.217506,103.675478,-13.591091,103.675235,-13.584421,103.672117,-13.062948,103.665202,-12.871618,103.512839,-10.575996,103.417899,-9.98781,102.860331,-7.838215,102.783414,-7.585444,102.314214,-6.246246,101.325499,-4.825355,99.067222,-2.95417,98.245395,-2.460184,96.807713,-1.868378,95.706955,-1.629633,94.502383,-1.585443,94.320047,-1.583993,92.32024,-1.625511,91.703099,-1.724444,91.458773,-1.419001,91.422081,-1.375201,91.350307,-1.289061,90.562705,-0.390964,90.465627,-0.288638,90.395561,-0.214358,89.753323,0.418876,89.68086,0.488102,89.558481,0.601375,89.557259,0.602566,89.497534,0.657787,89.491511,0.663362,89.491255,0.663593,89.434662,0.715918,88.53641,1.503656,88.470439,1.557196,88.4697,1.557819,88.441952,1.580315,88.348106,1.656477,88.346796,1.65746,88.260302,1.727582,88.148844,1.813914,87.41652,2.355576,87.367229,2.390245,87.275036,2.455552,86.28199,3.119107,86.210275,3.16327,86.209569,3.163723,86.182563,3.180336,86.081378,3.242647,86.080011,3.24342,85.978337,3.305965,85.859003,3.375839,85.066274,3.81711,85.009763,3.846749,84.908413,3.900352,83.836976,4.428732,83.760903,4.462889,83.760077,4.463278,83.72954,4.476972,83.627665,4.522714,83.626252,4.523288,83.510203,4.575327,83.385581,4.628051,82.545958,4.96236,82.483385,4.985419,82.373989,5.02617,81.242765,5.410165,81.163619,5.433968,81.162909,5.434195,81.135423,5.442448,81.029287,5.474368,81.027894,5.474734,80.898615,5.513551,80.771,5.548984,79.898701,5.771698,79.830584,5.787158,79.7148,5.813865,78.543172,6.046922,78.4215,6.066841,78.345295,6.079664,78.331797,6.081526,78.329541,6.081895,78.323101,6.082725,77.495217,6.196908,77.369874,6.211664,77.176168,6.230573,77.174676,6.230765,77.077065,6.240247,77.056613,6.242243,77.055986,6.242294,76.976223,6.250042,75.784178,6.328158,75.662841,6.33209,75.588912,6.33481,75.575573,6.334918,75.574442,6.334955,75.57131,6.334953,74.726234,6.341817,74.597004,6.340237,74.410948,6.334173,74.409382,6.334172,74.308722,6.330841,74.285545,6.330086,74.284824,6.330051,74.203959,6.327375,73.012039,6.249268,72.931847,6.241426,72.93127,6.241379,72.910968,6.239385,72.809559,6.229468,72.808124,6.229281,72.619972,6.210797,72.492658,6.195688,71.658433,6.079568,71.654365,6.079038,71.652919,6.0788,71.639619,6.076949,71.565375,6.064409,71.444927,6.044609,70.273264,5.811545,70.155768,5.784359,70.086003,5.768478,69.216515,5.545273,69.090959,5.51028,68.956747,5.469888,68.955257,5.469494,68.852577,5.438537,68.82551,5.430391,68.824737,5.430143,68.745963,5.406394,67.614744,5.0224,67.540642,4.994739,67.540118,4.994552,67.522878,4.988108,67.436146,4.955732,67.434849,4.955203,67.271896,4.894292,67.162966,4.851269,66.348594,4.51213,66.269837,4.476353,66.152422,4.42354,65.081054,3.895195,65.011767,3.858494,65.011384,3.858298,64.9992,3.851837,64.918476,3.809078,64.917234,3.808374,64.756754,3.723276,64.657237,3.668199,63.896313,3.229089,63.820676,3.182067,63.708031,3.112603,62.714635,2.448814,62.650997,2.403663,62.650665,2.403434,62.641561,2.396968,62.56955,2.345876,62.568276,2.344918,62.41399,2.235336,62.325109,2.169853,61.630113,1.638939,61.558655,1.580428,61.454404,1.49569,60.556458,0.708221,60.499731,0.655706,60.499525,0.65552,60.493969,0.650372,60.431009,0.592086,60.429886,0.590989,60.310846,0.48068,60.236853,0.409862,59.594095,-0.225494,59.526134,-0.297633,59.429472,-0.399643,58.641701,-1.297935,58.592587,-1.356962,58.592415,-1.357163,58.588296,-1.362119,58.536294,-1.424616,58.535261,-1.425925,58.427223,-1.555906,58.365135,-1.633021,57.811181,-2.343427,57.750665,-2.427187,57.667358,-2.541789,57.003716,-3.534972,56.963142,-3.599094,56.96301,-3.599297,56.959792,-3.604389,56.919163,-3.668597,56.918378,-3.669908,56.866863,-3.75141,56.828156,-3.814254,56.407205,-4.515831,56.342195,-4.629423,56.321785,-4.666854,56.320985,-4.668191,56.259991,-4.780182,56.239671,-4.817448,56.239194,-4.818368,56.19779,-4.894389,55.669402,-5.965837,55.637701,-6.03419,55.637636,-6.034327,55.636194,-6.03744,55.605527,-6.103565,55.604885,-6.10504,55.593069,-6.130553,55.566627,-6.189193,55.209382,-7.003389,55.15585,-7.133113,55.141485,-7.170228,55.14087,-7.171642,55.093952,-7.293042,55.077546,-7.33543,55.077179,-7.336442,55.045741,-7.417786,54.661755,-8.548984,54.628431,-8.655068,54.612925,-8.704094,54.341273,-9.629942,54.303396,-9.770959,54.295069,-9.805072,54.29463,-9.806591,54.262977,-9.936547,54.251731,-9.982619,54.251489,-9.983714,54.230664,-10.069212,53.997609,-11.240816,53.973506,-11.377547,53.973277,-11.379038,53.960285,-11.452943,53.949745,-11.516707,53.815684,-12.382326,53.797294,-12.521281,53.796631,-12.52731,53.796414,-12.528721,53.781491,-12.66501,53.775988,-12.715062,53.775897,-12.716105,53.766259,-12.804124,53.688138,-13.996268,53.682237,-14.128517,53.682199,-14.130137,53.67677,-14.253183,53.674373,-14.327,53.654322,-15.28943,53.657132,-15.415423,53.660483,-15.576114,53.738593,-16.768077,53.749314,-16.89352,53.749477,-16.895068,53.75701,-16.982695,53.763463,-17.049478,53.870169,-18.043981,53.889923,-18.173284,53.915013,-18.33847,54.148057,-19.51002,54.173523,-19.626557,54.173555,-19.62669,54.180277,-19.657571,54.411286,-20.634086,54.437225,-20.733117,54.44351,-20.759496,54.484029,-20.900103,54.500059,-20.955836,54.500439,-20.957048,54.525595,-21.044344,54.909621,-22.175661,54.947839,-22.281996,54.948422,-22.283532,54.966839,-22.334695,54.986789,-22.38858,55.356754,-23.360771,55.410185,-23.483399,55.481912,-23.648219,56.010298,-24.719659,56.058978,-24.814337,56.059525,-24.815359,56.077782,-24.850868,56.601793,-25.829364,56.608974,-25.841334,56.609106,-25.841581,56.744747,-26.067663,56.760815,-26.094449,56.760833,-26.094477,56.768149,-26.10667,57.431773,-27.099825,57.488539,-27.181954,57.489351,-27.18309,57.51254,-27.216639,58.157622,-28.119232,58.165712,-28.129439,58.16588,-28.129674,58.361914,-28.376983,59.149512,-29.275078,59.212177,-29.344448,59.213219,-29.345568,59.2409,-29.376212,59.997027,-30.188895,60.005673,-30.197291,60.005777,-30.197402,60.23699,-30.421909,61.135209,-31.209616,61.20149,-31.266152,61.202871,-31.267298,61.234842,-31.294568,62.088974,-32.003119,62.097893,-32.00977,62.097942,-32.009811,62.361318,-32.206231,63.354631,-32.869962,63.422383,-32.913997,63.423854,-32.914927,63.459795,-32.938287,64.398828,-33.531768,64.535659,-33.608414,64.699279,-33.700133,65.770692,-34.228504,65.83764,-34.260553,65.860809,-34.271313,65.901097,-34.290586,66.885104,-34.747565,66.893953,-34.75111,66.894061,-34.75116,67.21101,-34.878122,68.342146,-35.262087,68.40641,-35.28314,68.40841,-35.283772,68.450508,-35.297564,69.508584,-35.631778,69.517151,-35.633977,69.51746,-35.634074,69.73119,-35.688903,69.845454,-35.718225,69.845624,-35.718259,69.854372,-35.720503,71.025959,-35.953554,71.086179,-35.96493,71.088486,-35.965343,71.132707,-35.973696,72.220648,-36.16835,72.228314,-36.169286,72.232793,-36.170087,72.584711,-36.212967,73.776691,-36.291077,73.831185,-36.294177,73.834251,-36.294325,73.878745,-36.296865,74.984027,-36.350208,74.991146,-36.350147,74.995021,-36.350334,75.355751,-36.347217,76.54768,-36.269111,76.595809,-36.26559,76.625189,-36.263216,76.670785,-36.25988,77.750919,-36.172592,77.757097,-36.171731,77.757345,-36.171711,77.973311,-36.141601,78.114709,-36.121896,78.114869,-36.121864,78.121132,-36.120991,79.292728,-35.887938,79.333686,-35.87951,79.339609,-35.87825,79.341587,-35.877857,79.382542,