{"Index":-1,"Tolerance":1.9625994999999998E-05,"Coordinates":[222.041469,-57.533936,223.705161,-57.384178,228.2505,-56.215837,228.733068,-55.944967,228.986199,-55.814478,229.024903,-55.796214,229.150542,-55.780568,229.216006,-55.749676,229.341643,-55.73403,229.598206,-55.656603,230.087151,-55.551341,231.823582,-55.389507,232.082103,-55.348219,232.185616,-55.348211,233.849428,-55.029796,233.8879,-55.169025,233.948543,-55.19238,233.987015,-55.331608,234.047658,-55.354963,234.08613,-55.494191,234.169387,-55.526255,235.371813,-55.0,251.515783,-55.0,252.219163,-55.006553,255.802924,-55.04599,256.053519,-55.04673,256.282031,-55.049245,256.567233,-55.048902,257.612271,-55.001491,258.00703,-55.0,274.992928,-55.0,274.992928,-20.231597,235.033004,-20.231597,235.033004,-20.531707,234.592488,-20.457108,232.460317,-20.342042,231.867277,-20.3114,231.633136,-20.305415,231.254905,-20.246474,230.602751,-20.135619,229.344749,-19.932731,228.863816,-19.673931,227.934081,-19.50205,227.834161,-19.468878,226.610952,-19.080727,224.678195,-18.69973,223.363928,-18.462725,223.358422,-18.462263,223.257189,-18.443536,222.043478,-18.340447,221.373649,-18.285823,220.819151,-18.413574,220.408281,-18.572198,220.001973,-18.80486,219.843682,-18.918585,219.521303,-19.28863,219.246294,-19.715244,219.063423,-20.366127,218.927801,-21.113483,218.857739,-21.99533,218.769536,-24.25203,218.771881,-25.223121,218.856246,-26.722545,219.029501,-27.756573,219.048539,-27.844482,219.451137,-28.660491,219.50404,-28.728806,219.934657,-29.016746,220.126098,-29.148996,220.215095,-29.179199,220.738382,-29.31235,221.326261,-29.316447,222.430922,-29.064667,222.595654,-29.058158,222.693222,-29.038382,222.774286,-29.051086,222.871854,-29.03131,222.952918,-29.044014,223.310182,-29.02987,223.722623,-29.001223,223.873733,-29.018243,224.002804,-29.053908,224.499221,-29.126993,224.535623,-29.11569,225.015131,-29.194026,225.804928,-29.401259,226.194835,-29.508268,226.7511,-29.64619,226.956825,-29.708205,227.352842,-29.780416,227.712438,-29.837503,227.774548,-29.831977,228.078339,-29.875129,229.98745,-30.060862,230.088505,-30.051185,230.276099,-30.072637,230.330579,-30.062971,230.534069,-30.081603,230.588485,-30.071931,230.792039,-30.090568,230.846518,-30.080903,231.050009,-30.099534,231.10449,-30.089868,231.307978,-30.108499,231.362456,-30.098834,231.823918,-30.126431,231.878399,-30.116765,232.339857,-30.144362,233.015101,-30.162225,233.282922,-30.14069,233.445354,-30.147688,233.706255,-30.10079,233.818755,-30.105636,234.192156,-30.063584,234.453053,-30.016686,234.565557,-30.021533,235.033004,-29.962576,235.033004,-49.956247,234.245809,-49.57763,234.052622,-49.535518,233.828399,-49.614609,233.539787,-49.669483,233.447934,-49.710657,233.120964,-49.782727,233.029115,-49.823899,232.70214,-49.89597,232.610286,-49.937144,232.283316,-50.009214,232.191463,-50.050388,231.864492,-50.122458,231.772642,-50.16363,231.445668,-50.235701,231.369072,-50.274906,231.17908,-50.32263,231.155119,-50.356295,231.010564,-50.392606,230.981025,-50.427672,230.842048,-50.462582,230.81251,-50.497648,230.673532,-50.532558,230.643994,-50.567624,230.505017,-50.602534,230.475479,-50.6376,230.336501,-50.67251,230.306963,-50.707576,230.167985,-50.742486,230.138447,-50.777552,229.999469,-50.812462,229.969931,-50.847528,229.830953,-50.882438,229.801415,-50.917504,229.662438,-50.952414,229.6329,-50.98748,229.493922,-51.02239,229.464384,-51.057456,229.325406,-51.092366,229.295867,-51.127433,229.15689,-51.162342,229.126773,-51.198095,228.988374,-51.232318,228.948404,-51.279769,228.819859,-51.302294,228.778256,-51.351683,228.627719,-51.389218,228.488152,-51.402079,228.46665,-51.427642,228.323673,-51.441609,228.302912,-51.466292,228.159194,-51.481139,228.138825,-51.505355,227.994715,-51.520669,227.974346,-51.544885,227.830236,-51.560199,227.809867,-51.584415,227.665756,-51.599729,227.645387,-51.623945,227.501277,-51.639259,227.480908,-51.663475,227.336798,-51.678789,227.316429,-51.703005,227.172319,-51.718319,227.151949,-51.742536,227.00784,-51.75785,226.987471,-51.782066,226.84336,-51.79738,226.822991,-51.821596,226.678881,-51.83691,226.658512,-51.861126,226.514402,-51.87644,226.493999,-51.90066,226.349923,-51.91597,226.329503,-51.940191,226.185443,-51.9555,226.165006,-51.979723,226.020964,-51.99503,226.000511,-52.019255,225.856485,-52.03456,225.836015,-52.058787,225.692006,-52.07409,225.671519,-52.098319,225.527527,-52.113621,225.507024,-52.137851,225.363047,-52.153151,225.34373,-52.175963,225.031396,-52.231867,225.015208,-52.251087,224.698298,-52.310397,224.684736,-52.327521,224.3652,-52.388928,224.185089,-52.445317,223.699003,-52.54599,223.199355,-52.663786,223.178559,-52.670294,222.351427,-52.473054,221.669072,-52.341929,220.888796,-52.337436,220.593559,-52.455067,220.056168,-52.826509,219.788602,-52.939063,219.65865,-53.089255,219.316884,-53.881576,219.275844,-53.989302,219.21071,-54.482843,219.160144,-54.951899,219.214579,-55.326161,219.505833,-56.330677,219.622522,-56.539908,220.309056,-57.237247,220.547754,-57.347182,221.308536,-57.537813]}