{"Inners":[{"Index":-1,"Tolerance":7.489000000000001E-06,"Coordinates":[14.425971,-42.478,13.291099,-42.3027,12.188334,-41.952324,12.14231,-41.929536,10.228014,-40.78607,10.227946,-40.786022,10.014828,-40.580872,9.400901,-39.989898,8.704803,-39.076801,8.156272,-38.068233,7.768096,-36.9874,7.549453,-35.859847,7.505508,-34.712918,7.637199,-33.572101,7.941383,-32.464947,8.410959,-31.417472,9.035354,-30.45324,9.799489,-29.595888,10.685096,-28.865501,11.672124,-28.278779,12.536577,-27.930326,12.737098,-27.849498,13.855155,-27.587894,15.0,-27.5,16.144844,-27.587894,17.262901,-27.849498,18.32792,-28.278801,19.314903,-28.865501,20.200511,-29.595889,20.202524,-29.598147,20.420733,-29.842975,20.964614,-30.453201,21.588798,-31.417098,22.058583,-32.465036,22.3628,-33.572101,22.494491,-34.712991,22.493983,-34.726238,22.450546,-35.859847,22.231933,-36.987212,21.850327,-38.049834,21.843801,-38.068005,21.770537,-38.202729,21.295201,-39.076793,20.599241,-39.989865,20.599207,-39.989898,19.771804,-40.786197,18.832603,-41.4468,17.803602,-41.956291,16.709066,-42.302644,16.659753,-42.310263,15.574051,-42.478]}],"Index":-1,"Tolerance":1.9130049E-05,"Coordinates":[24.316033,-60.130952,26.181392,-59.988577,26.391494,-59.930744,28.238439,-59.241646,30.40926,-58.260804,30.820745,-58.047262,31.62279,-57.347609,32.792376,-56.218606,33.481728,-55.325519,34.583126,-53.742142,35.279415,-52.601952,35.77202,-51.555947,37.202721,-48.359446,37.407678,-47.762058,37.982072,-45.25132,38.260108,-42.826373,38.139739,-40.034606,38.025467,-38.428617,37.301988,-34.528995,37.055573,-33.420624,36.902214,-32.987064,35.598308,-29.008226,35.449123,-28.601236,34.60681,-27.236554,34.249339,-26.544625,30.287838,-21.886525,29.378432,-21.098968,26.406968,-19.535517,25.24473,-19.149634,24.797618,-19.210785,24.15762,-19.590072,22.96078,-20.648147,23.042527,-21.25435,23.173931,-22.02881,23.033907,-21.980371,23.14523,-22.091709,22.471202,-21.858538,22.862038,-22.249428,22.518129,-22.021722,22.116451,-21.794082,22.110903,-21.79144,22.091945,-21.779268,21.962961,-21.720998,21.329214,-21.419241,20.531483,-21.059496,20.301967,-20.969835,20.29571,-20.9678,20.273464,-20.95775,20.141751,-20.917723,19.527498,-20.717929,18.667582,-20.45722,18.459066,-20.405653,18.453056,-20.404532,18.431471,-20.397972,18.307316,-20.377341,17.641724,-20.253159,16.755724,-20.104674,16.545756,-20.080135,16.506326,-20.078061,16.494953,-20.076171,16.40853,-20.072917,15.712008,-20.036278,14.814353,-20.002475,14.661568,-20.007132,14.61021,-20.005198,14.55181,-20.010477,14.527251,-20.011226,13.770636,-20.070871,12.875962,-20.152206,12.766404,-20.17188,12.693274,-20.178491,12.506901,-20.219895,11.826543,-20.361513,10.973232,-20.55149,10.837507,-20.590267,10.833562,-20.59164,10.814372,-20.595903,10.636341,-20.660269,9.98277,-20.887702,9.14195,-21.192145,9.051936,-21.236487,8.969852,-21.267468,8.551207,-21.483157,8.200053,-21.656142,7.40132,-22.067655,7.335732,-22.109377,7.292808,-22.131492,7.16127,-22.222218,6.531654,-22.648764,5.792657,-23.158799,5.752751,-23.193712,5.709149,-23.223786,5.372669,-23.526244,5.134988,-23.73419,4.32647,-24.461325,4.304292,-24.486596,4.277424,-24.510748,4.001438,-24.831697,3.78263,-25.081028,3.058465,-25.922829,3.041984,-25.947465,3.022549,-25.970066,2.76977,-26.354368,2.597243,-26.612261,1.974829,-27.562639,1.974283,-27.563756,1.964712,-27.578307,1.161903,-29.226015,1.127401,-29.296611,1.127161,-29.297319,1.121799,-29.308325,0.73054,-30.469413,0.511161,-31.117719,0.180804,-32.772303,0.131347,-33.019349,0.131279,-33.020346,0.131214,-33.020671,0.122253,-33.15243,0.000112,-34.939845,0.000391,-34.944247,0.000332,-34.94512,1E-05,-34.994103,0.123517,-36.884692,0.125064,-36.909078,0.125134,-36.909442,0.12679,-36.934799,0.340298,-38.049834,0.39946,-38.346774,0.476784,-38.75191,0.48543,-38.778264,0.490762,-38.805023,0.83015,-39.840177,0.94034,-40.164788,1.076854,-40.580872,1.093203,-40.615112,1.105199,-40.650452,1.584736,-41.654763,1.720668,-41.929245,1.906215,-42.317846,1.935724,-42.3635,1.960359,-42.413244,2.447692,-43.167716,2.84344,-43.767834,2.950842,-43.933996,2.985846,-43.975369,3.028803,-44.037382,3.608785,-44.723409,4.10047,-45.292824,4.193997,-45.40337,4.234829,-45.440663,4.301549,-45.512659,4.961631,-46.116031,5.536031,-46.629092,5.615445,-46.701623,5.623781,-46.707471,5.630177,-46.713184,5.748028,-46.805674,6.463428,-47.308044,7.121216,-47.759618,7.140769,-47.771684,7.190795,-47.806779,7.229593,-47.826498,7.356882,-47.905048,7.980952,-48.227583,8.984242,-48.722326,8.101063,-48.778836,7.98805,-48.815474,7.296695,-49.454916,7.37284,-51.66938,7.393289,-51.803248,8.145185,-53.292043,8.850522,-54.357238,10.27882,-56.175291,10.683933,-56.545425,13.098291,-58.181952,14.266156,-58.621505,17.042363,-59.540137,21.021054,-60.333706,21.537413,-60.390674,21.830185,-60.398426]}