{"Index":-1,"Tolerance":2.67523065E-05,"Coordinates":[218.769453,-64.728769,220.031146,-64.714617,220.582691,-64.660146,220.767267,-64.625478,220.775013,-64.624718,221.936945,-64.408082,222.573813,-64.312344,222.753073,-64.280114,224.062885,-64.00563,224.088328,-64.000189,226.423807,-63.490753,226.451774,-63.48452,226.60293,-63.450116,226.62941,-63.44434,226.651878,-63.439353,228.386449,-63.047785,231.742225,-62.327566,234.349289,-61.876744,234.814284,-61.877955,235.391862,-61.757881,238.076766,-61.519473,239.1783,-61.428135,241.758475,-61.360436,248.01112,-61.356573,249.460726,-61.358161,249.472398,-61.358152,249.56394,-61.357916,250.802801,-61.359194,256.588201,-61.399199,256.717943,-61.397445,258.114849,-61.35,277.623184,-61.35,281.342928,-57.630256,281.342928,-17.601341,277.623184,-13.881597,234.67723,-13.881597,232.839136,-13.672465,232.436954,-13.611003,229.573403,-13.119295,229.568336,-13.118429,227.710031,-12.802431,227.440974,-12.753283,225.826889,-12.454487,225.812547,-12.451866,224.082895,-12.139884,222.6996,-11.887206,222.505095,-11.85787,222.493878,-11.856532,222.410688,-11.844096,219.187968,-11.460975,219.122308,-11.454357,218.69992,-11.403972,218.585774,-11.392444,217.622356,-11.312694,216.586925,-11.396371,215.29158,-11.718677,214.368828,-12.110337,213.369654,-12.735294,212.249624,-13.255908,210.72801,-14.71363,209.870096,-16.36963,209.656223,-16.89095,209.039154,-18.881292,208.947924,-19.253637,208.720568,-20.503564,208.673622,-20.905891,208.590148,-22.497602,208.585809,-22.674853,208.600095,-26.820538,208.637432,-27.295534,208.884725,-28.894504,209.127697,-30.615653,209.827094,-32.211821,210.301074,-32.791154,211.452692,-34.474191,213.22961,-35.76498,214.463805,-36.127584,215.903089,-36.630425,217.061024,-36.807977,219.774168,-36.721635,220.806673,-36.755191,220.889471,-36.756801,223.724847,-36.774965,226.510589,-36.90383,227.304567,-36.942397,228.683004,-37.022973,228.683004,-43.845896,226.454556,-43.989652,226.396725,-43.993913,224.940852,-44.114566,224.282675,-44.121783,224.256547,-44.122177,221.685444,-44.171537,221.654616,-44.172278,220.441162,-44.207367,219.02738,-44.19547,218.236883,-44.166769,217.154524,-44.314122,216.400902,-44.552962,215.253656,-44.736425,213.827462,-45.3417,212.355624,-46.447068,212.024936,-46.733014,211.185059,-47.566846,210.806753,-48.019488,209.815343,-49.458282,209.314606,-50.633135,208.968064,-52.321422,208.9035,-53.016768,208.917655,-53.836002,208.769058,-54.657729,208.837088,-56.098009,209.363751,-57.976845,209.425119,-58.481941,210.179733,-60.198778,210.709076,-60.817964,212.211403,-62.829539,214.279966,-64.101875,215.208719,-64.264698,216.332606,-64.651894,217.625189,-64.817307]}