{"Index":-1,"Tolerance":5.062280000000001E-06,"Coordinates":[95.471986,-28.256255,95.544884,-28.206309,96.564666,-27.070123,96.608606,-26.996773,96.620802,-26.693087,96.690203,-21.631013,96.685309,-21.041452,96.679875,-19.851515,96.340457,-14.219273,95.605678,-12.20937,95.448725,-11.781709,95.2592,-11.596622,94.370017,-11.252023,92.729375,-11.034762,91.483392,-11.265346,91.085952,-11.578119,90.596266,-12.58507,90.37666,-13.483542,90.187314,-15.464652,90.235395,-17.373295,90.12543,-18.394771,89.358949,-20.87922,89.264122,-21.990877,88.665135,-22.972508,86.565643,-25.755648,86.637797,-26.136495,88.052358,-27.332726,90.547104,-27.892716,92.747474,-28.520168,93.210596,-28.61214,93.300956,-28.616226]}