{"Inners":[{"Index":-1,"Tolerance":1.1296570000000017E-06,"Coordinates":[14.913514,-36.128,14.744035,-36.101821,14.619916,-36.062464,14.244963,-35.838877,14.155567,-35.752822,14.050254,-35.61468,13.967663,-35.46282,13.909158,-35.299922,13.876129,-35.129591,13.869513,-34.956913,13.889424,-34.784425,13.935284,-34.617506,14.005967,-34.459834,14.100303,-34.314156,14.215679,-34.184704,14.349052,-34.074708,14.498006,-33.986165,14.65873,-33.921378,14.827241,-33.88195,15.0,-33.868686,15.172758,-33.88195,15.341259,-33.921376,15.502017,-33.986176,15.650943,-34.074704,15.784323,-34.184706,15.899674,-34.314128,15.993802,-34.459487,16.064765,-34.617782,16.11059,-34.78455,16.130484,-34.956891,16.123867,-35.129584,16.090858,-35.299811,16.032307,-35.462853,15.949593,-35.614943,15.844598,-35.752693,15.719799,-35.872801,15.57812,-35.972453,15.422955,-36.04928,15.257862,-36.101521,15.086461,-36.128]}],"Index":-1,"Tolerance":2.1351361499999998E-05,"Coordinates":[15.146977,-56.352904,15.327153,-56.352431,17.40574,-56.205014,17.772323,-56.179126,17.773983,-56.178903,17.78295,-56.178267,18.17824,-56.125153,18.964602,-55.96873,19.010737,-55.959197,20.343935,-55.673371,20.449242,-55.644304,20.474138,-55.638097,20.547521,-55.617176,20.699816,-55.575139,20.803563,-55.539899,22.321973,-55.046252,22.718408,-54.920576,23.16376,-54.741376,23.314204,-54.66719,23.860811,-54.398445,24.815447,-53.955477,24.944964,-53.886725,24.963786,-53.877249,25.002568,-53.856147,25.115943,-53.795963,25.142184,-53.780177,25.394669,-53.642792,25.513882,-53.574541,26.114686,-53.213102,26.200968,-53.159295,26.625612,-52.88494,26.666974,-52.8587,27.319739,-52.422523,27.420061,-52.3506,27.574271,-52.242597,27.682117,-52.163631,28.312337,-51.681475,28.396454,-51.614836,28.598471,-51.449165,28.599866,-51.448094,28.677672,-51.384214,28.687649,-51.376032,28.687993,-51.375741,28.759462,-51.317063,29.361772,-50.788857,29.494704,-50.665388,29.503415,-50.65682,29.647442,-50.52201,29.704109,-50.467638,30.328103,-49.853923,30.401626,-49.779184,30.487601,-49.68885,30.505031,-49.671708,30.576779,-49.595151,30.584162,-49.587394,30.588546,-49.582596,30.681928,-49.482955,30.852714,-49.285159,31.184018,-48.907376,31.21533,-48.871123,31.554458,-48.47244,31.681762,-48.325004,31.751571,-48.235743,31.768661,-48.214614,31.800975,-48.172573,31.871671,-48.082178,31.897452,-48.045695,31.948484,-47.976472,32.641079,-46.996446,32.656795,-46.974004,32.756588,-46.830179,32.759821,-46.825431,32.771375,-46.809082,32.81836,-46.740719,33.303287,-46.015026,33.425808,-45.802811,33.474992,-45.719359,33.483303,-45.703226,33.511281,-45.654767,33.57855,-45.518346,33.645971,-45.387476,33.670658,-45.338523,33.92271,-44.827801,34.535222,-43.647602,34.660008,-43.354902,34.699591,-43.264048,34.703991,-43.251736,34.723896,-43.205047,34.784929,-43.025262,34.844842,-42.857621,34.861514,-42.809769,35.019058,-42.345706,35.289284,-41.621946,35.356443,-41.422056,35.383824,-41.330612,35.607787,-40.584355,35.671787,-40.334739,35.934233,-39.105899,35.964424,-38.978985,36.014602,-38.72111,36.026088,-38.645524,36.082088,-38.31554,36.092328,-38.251207,36.176674,-37.68386,36.203754,-37.434187,36.235501,-36.971447,36.350897,-35.302083,36.351177,-35.149327,36.352297,-35.107377,36.351369,-35.044875,36.35168,-34.87532,36.346916,-34.802514,36.344572,-34.732067,36.288583,-33.64941,36.28788,-33.611973,36.279131,-33.428638,36.221491,-32.677559,36.201572,-32.490679,36.194304,-32.43748,36.165786,-32.195467,36.13461,-31.98936,35.93755,-30.924251,35.936373,-30.915721,35.894937,-30.680884,35.62937,-29.448204,35.510854,-29.035682,35.144053,-28.02243,34.804472,-27.022046,34.645408,-26.638014,34.225649,-25.786763,34.050169,-25.384536,33.93722,-25.151957,33.513426,-24.362758,33.436431,-24.234552,33.380318,-24.140332,33.374375,-24.13122,33.356403,-24.101293,33.290899,-24.003216,33.149113,-23.785799,32.88789,-22.86706,31.244551,-20.843038,30.706515,-20.560271,30.201339,-20.004786,29.945673,-19.753692,29.879728,-19.695859,29.24013,-19.134418,28.844998,-18.758612,28.65364,-18.590694,28.574155,-18.526396,28.013664,-18.072741,27.780138,-17.90076,27.638393,-17.806036,26.815903,-17.251437,26.756263,-17.21219,26.590388,-17.105687,25.955882,-16.681667,25.770957,-16.56705,25.589122,-16.462795,25.574336,-16.4533,25.448528,-16.382185,25.378,-16.341748,25.360579,-16.332471,25.262733,-16.277162,24.165178,-15.735931,24.066114,-15.689187,24.06414,-15.688297,24.011218,-15.663371,23.963567,-15.641406,23.072391,-15.239521,23.018444,-15.216736,22.97507,-15.197178,22.83506,-15.141995,22.775994,-15.118704,22.775569,-15.118548,22.690412,-15.084985,21.558678,-14.700796,21.459218,-14.668847,21.457771,-14.668408,21.41986,-14.65623,20.361005,-14.335207,20.34806,-14.331965,20.347979,-14.331941,20.045991,-14.256318,18.875137,-14.023413,18.780417,-14.006061,18.778772,-14.005785,18.738769,-13.998456,17.647843,-13.815627,17.635326,-13.814171,17.63496,-13.81411,17.393268,-13.786021,17.330705,-13.778745,17.330609,-13.778739,17.317877,-13.777259,16.126703,-13.699199,16.038551,-13.694652,16.036581,-13.694578,15.995061,-13.692436,14.889684,-13.650811,14.861871,-13.651198,14.551162,-13.655511,13.359926,-13.733574,13.280026,-13.739824,13.277947,-13.740013,13.235639,-13.743321,12.133251,-13.84354,12.00707,-13.8618,11.791423,-13.892971,10.620619,-14.125865,10.550047,-14.140739,10.524316,-14.146468,10.481022,-14.155603,9.425594,-14.390579,9.416928,-14.393007,9.416869,-14.39302,9.085978,-14.485718,7.955554,-14.869441,7.895236,-14.890596,7.892607,-14.891548,7.850969,-14.906152,6.815482,-15.281079,6.807988,-15.28427,6.803312,-15.285963,6.479804,-15.423806,5.409217,-15.95177,5.359374,-15.976898,5.35607,-15.9786,5.317199,-15.998186,4.333105,-16.505198,4.327128,-16.508719,4.327014,-16.508778,4.016956,-16.69145,3.024362,-17.354699,2.984854,-17.38153,2.981282,-17.383996,2.944372,-17.409062,2.03375,-18.037547,1.89745,-18.143821,1.739628,-18.266806,0.841958,-19.054031,0.81227,-19.080397,0.785326,-19.104629,0.782421,-19.107178,0.753525,-19.132848,-0.047993,-19.853688,-0.051595,-19.857336,-0.051623,-19.857361,-0.315574,-20.124667,-1.102553,-21.022056,-1.123217,-21.045857,-1.150568,-21.077677,-1.155687,-21.083517,-1.17581,-21.1067,-1.87809,-21.923724,-1.988092,-22.068608,-2.112262,-22.232084,-2.775617,-23.224833,-2.788605,-23.244427,-2.816061,-23.286182,-2.822082,-23.295197,-2.834705,-23.314244,-3.425883,-24.213308,-3.426716,-24.214764,-3.42796,-24.216655,-3.527789,-24.391471,-3.621732,-24.555713,-3.622687,-24.557653,-3.626709,-24.564696,-3.748532,-24.813222,-4.244412,-25.819789,-4.251205,-25.833663,-4.589394,-26.528647,-4.661118,-26.675041,-4.663808,-26.681569,-4.664349,-26.682681,-4.697382,-26.763049,-4.817724,-27.055106,-5.143308,-28.01775,-5.569464,-29.276262,-5.676059,-29.674365,-6.06046,-31.602928,-6.137093,-31.986941,-6.138234,-31.995462,-6.139755,-32.003186,-6.165104,-32.196195,-6.190949,-32.38927,-6.191493,-32.397127,-6.192604,-32.405584,-6.226959,-32.919909,-6.349688,-34.753504,-6.34995,-34.970808,-6.350426,-35.07613,-6.35009,-35.087201,-6.35019,-35.170407,-6.345227,-35.247331,-6.343703,-35.297532,-6.211652,-37.318901,-6.197747,-37.534591,-6.197249,-37.538549,-6.196803,-37.545342,-6.167525,-37.774682,-6.149483,-37.918006,-6.148688,-37.922229,-6.147373,-37.93253,-5.94455,-38.996165,-5.939729,-39.02091,-5.937919,-39.030007,-5.93464,-39.047207,-5.929822,-39.071939,-5.696854,-40.24312,-5.644265,-40.443494,-5.598894,-40.61648,-5.254018,-41.668374,-5.243251,-41.700628,-5.24172,-41.705134,-5.238053,-41.716319,-5.227576,-41.747718,-4.843776,-42.878369,-4.702524,-43.225677,-4.701402,-43.228028,-4.699649,-43.232338,-4.236404,-44.203185,-4.218894,-44.239291,-4.217579,-44.24196,-4.202683,-44.273178,-4.184728,-44.31019,-3.656685,-45.380944,-3.559181,-45.552873,-3.473424,-45.704187,-2.872951,-46.633819,-2.848259,-46.671402,-2.846121,-46.674712,-2.819029,-46.715948,-2.155843,-47.708442,-1.94046,-47.994465,-1.940361,-47.994582,-1.936028,-48.000336,-1.221437,-48.845584,-1.193268,-48.878283,-1.19084,-48.881155,-1.153292,-48.924762,