{"Index":-1,"Tolerance":2.6025894E-05,"Coordinates":[221.960633,-63.943633,222.228609,-63.930886,224.416526,-63.733938,224.709729,-63.693704,225.099143,-63.621647,225.313617,-63.574236,226.672178,-63.224234,231.092984,-62.087904,231.859879,-61.780226,231.87013,-61.774472,232.070571,-61.744007,232.516292,-61.702466,232.53236,-61.700436,233.057899,-61.902832,235.566167,-61.846473,236.700545,-61.35,251.304442,-61.35,251.962763,-61.356133,255.266716,-61.392491,255.292266,-61.392669,255.53005,-61.393372,255.744478,-61.395731,255.767313,-61.3959,256.621063,-61.399153,256.777078,-61.395913,257.768213,-61.350948,258.0191,-61.35,277.623184,-61.35,281.342928,-57.630256,281.342928,-17.601341,277.623184,-13.881597,232.402748,-13.881597,232.308428,-13.975917,232.23503,-13.971993,231.653619,-13.873163,231.627081,-13.868767,231.562483,-13.858349,231.538483,-13.845434,230.605516,-13.517254,229.32297,-13.280148,228.3657,-12.975326,228.016125,-12.885523,225.880992,-12.464632,225.830273,-12.455062,224.279547,-12.17548,224.152217,-12.151926,223.843208,-12.110324,222.540321,-11.999659,222.52967,-11.998773,221.291715,-11.897819,220.315064,-11.968786,219.001767,-12.271358,218.57054,-12.403543,217.748623,-12.720858,217.313773,-12.927836,216.580345,-13.347816,216.305355,-13.524668,215.699191,-13.960167,215.155967,-14.454753,214.407794,-15.31355,214.1328,-15.679349,213.515522,-16.636918,213.125288,-17.503199,212.700938,-19.013562,212.633569,-19.305616,212.483775,-20.131075,212.442703,-20.44671,212.376159,-21.284255,212.368606,-21.411733,212.253555,-24.355376,212.251142,-24.487055,212.252949,-25.235565,212.257954,-25.40629,212.361837,-27.252608,212.400504,-27.599178,212.661625,-29.157611,212.841418,-29.803492,213.051381,-30.33382,213.156169,-30.569954,213.757049,-31.787851,214.09492,-32.3284,214.63507,-33.025903,215.385395,-33.725776,216.023288,-34.152316,216.72603,-34.63778,217.514053,-35.03397,218.225382,-35.27538,218.462905,-35.345787,219.446991,-35.596188,220.210593,-35.694517,221.651834,-35.704561,222.381959,-35.624983,223.424886,-35.387274,223.820471,-35.445514,224.15881,-35.53429,224.55222,-35.642261,224.628439,-35.662166,225.069604,-35.771549,225.29502,-35.8395,225.642108,-35.923178,226.249544,-36.03394,226.321288,-36.046174,227.103284,-36.170318,227.297471,-36.176991,227.393753,-36.188507,228.683004,-36.313936,228.683004,-44.402352,228.53344,-44.439921,228.405357,-44.52739,228.325375,-44.547481,228.251376,-44.593713,228.156866,-44.617453,228.082854,-44.663693,227.988344,-44.687433,227.914345,-44.733665,227.819835,-44.757405,227.745829,-44.803641,227.651319,-44.827381,227.577313,-44.873617,227.482803,-44.897357,227.408797,-44.943593,227.314287,-44.967333,227.240275,-45.013573,227.145765,-45.037313,227.071766,-45.083545,226.977256,-45.107285,226.90325,-45.153521,226.808745,-45.17726,226.803729,-45.180394,226.657266,-45.19389,226.586032,-45.231127,226.467718,-45.242685,226.398207,-45.279266,226.277934,-45.291691,226.217348,-45.32379,226.100139,-45.336245,226.048304,-45.363805,225.93566,-45.375775,225.883826,-45.403334,225.771183,-45.415304,225.719346,-45.442865,225.606701,-45.454835,225.554866,-45.482395,225.442222,-45.494365,225.390387,-45.521924,225.277749,-45.533894,225.225909,-45.561456,225.113261,-45.573427,225.061429,-45.600985,224.948787,-45.612955,224.89695,-45.640516,224.784305,-45.652486,224.73247,-45.680046,224.621039,-45.691887,224.569152,-45.71945,224.45721,-45.731345,224.405273,-45.758921,224.293314,-45.770819,224.241364,-45.79839,224.129402,-45.810288,224.077429,-45.83786,223.965537,-45.84975,223.913531,-45.877327,223.801667,-45.889214,223.749612,-45.916804,223.63776,-45.928691,223.585704,-45.95627,223.473874,-45.968154,223.245026,-46.089344,222.657429,-45.976429,222.075325,-45.919314,220.219045,-45.908625,219.014469,-46.136165,217.752149,-46.639112,217.120037,-46.977875,216.711679,-47.26013,216.461776,-47.365255,215.276332,-48.225688,214.390389,-49.249604,213.873015,-50.074355,213.265423,-51.482943,213.213785,-51.61015,213.037982,-52.071608,212.856639,-52.788967,212.772095,-53.429598,212.763092,-53.504698,212.631568,-54.72472,212.646396,-55.525183,212.774633,-56.406855,212.867275,-56.834535,213.359517,-58.532245,213.636906,-59.196698,214.099058,-60.025356,214.611752,-60.709424,216.051042,-62.171368,216.993063,-62.83314,217.949908,-63.273824,218.507583,-63.470191,220.039555,-63.854063,220.83117,-63.949607]}