{"Inners":[{"Index":-1,"Tolerance":1.1296570000000017E-06,"Coordinates":[14.913514,-36.128,14.777452,-36.106983,14.131334,-35.721035,14.050247,-35.61467,13.967663,-35.462826,13.909162,-35.299937,13.876133,-35.129602,13.869515,-34.956875,13.88942,-34.784437,13.935283,-34.617508,14.005962,-34.459845,14.100307,-34.314151,14.215682,-34.184702,14.349052,-34.074708,14.498002,-33.986167,14.658735,-33.921377,14.827241,-33.88195,15.0,-33.868686,15.172758,-33.88195,15.341259,-33.921376,15.502017,-33.986176,15.650943,-34.074704,15.784321,-34.184705,15.899674,-34.314129,15.993803,-34.459487,16.064748,-34.617742,16.110591,-34.784568,16.130485,-34.956918,16.123869,-35.129577,16.09086,-35.299799,16.032327,-35.46279,15.949559,-35.614987,15.844599,-35.752691,15.719795,-35.872803,15.578119,-35.972453,15.422956,-36.049279,15.257921,-36.101503,15.086413,-36.128]}],"Index":-1,"Tolerance":4.6346316499999995E-05,"Coordinates":[75.577358,-86.343794,77.803057,-86.165817,78.197535,-86.109206,80.502245,-85.629356,80.902676,-85.518235,83.16024,-84.729515,83.543391,-84.566779,85.654554,-83.50187,86.009682,-83.292816,87.963161,-81.965175,88.296037,-81.704992,89.403315,-80.714184,93.414227,-82.146691,93.640716,-82.218153,96.454524,-82.991568,97.103695,-83.099462,99.095244,-83.221411,99.271906,-83.2273,101.179442,-83.237769,101.462297,-83.270902,106.891571,-83.369119,106.94515,-83.369636,109.296592,-83.372487,109.71512,-83.345323,112.959613,-82.918385,113.231203,-82.870574,115.030224,-82.472661,115.323903,-82.392773,116.148784,-82.125336,116.445681,-82.012384,117.374726,-81.604667,117.801126,-81.576175,119.743503,-81.683442,119.841471,-81.687337,121.89655,-81.737261,122.038837,-81.737529,124.844291,-81.679939,125.385115,-81.622329,127.662081,-81.180355,127.993991,-81.09716,128.054622,-81.07844,128.465748,-81.04461,131.230907,-80.9163,136.378033,-80.712095,137.298868,-80.751086,137.394398,-80.753691,141.762858,-80.80707,142.001232,-80.801031,142.66327,-80.75935,142.880317,-80.738183,148.073789,-80.050991,148.384389,-79.994063,148.412664,-79.987413,148.644579,-79.982288,148.88095,-79.968236,150.379124,-79.822962,150.571142,-79.798414,151.085816,-79.716607,153.693212,-79.722161,154.347159,-79.655694,156.815495,-79.143212,156.879151,-79.129313,160.002187,-78.413754,161.368662,-78.134853,161.430336,-78.121626,165.635095,-77.176045,165.664139,-77.16937,171.004187,-75.915711,171.004379,-75.915666,172.059945,-75.667787,172.136321,-75.641993,172.792653,-75.504062,173.584676,-75.224597,173.974579,-75.025908,176.901467,-73.747213,178.25033,-72.646727,178.31548,-72.554304,180.803697,-70.698664,182.049396,-68.759006,182.391317,-67.168659,183.068164,-65.737312,183.088783,-62.791022,183.24451,-58.472346,183.478618,-53.596916,183.470374,-53.169649,183.313688,-51.364138,183.316988,-49.872659,183.316995,-49.864327,183.311425,-36.358109,183.32118,-32.7344,183.41907,-21.227817,183.481504,-16.673083,183.480254,-16.530386,183.460612,-15.901791,183.419968,-15.484879,182.768274,-11.525261,182.431466,-10.534177,181.650769,-9.077768,181.00564,-8.427771,180.24558,-7.323773,179.960254,-6.967179,178.311961,-5.186177,177.051181,-4.347902,175.82647,-3.901598,175.419829,-3.601856,174.289101,-3.070768,172.860763,-2.716678,172.273243,-2.637891,168.536369,-1.867508,168.450489,-1.851033,166.672554,-1.535272,166.248519,-1.489032,164.180067,-1.403202,163.114963,-1.307422,162.827255,-1.294657,162.150349,-1.295338,161.058057,-1.193781,161.015315,-1.190098,148.861845,-0.225551,147.933177,-0.317674,147.608109,-0.313693,147.384475,-0.318833,141.553475,-0.658588,137.984264,-0.735001,137.867938,-0.739626,137.843832,-0.741027,137.798556,-0.733475,134.689514,-0.278667,134.562226,-0.262666,133.884584,-0.191354,133.359488,-0.072402,131.499448,0.111007,131.307813,0.124066,127.08915,0.283584,126.971191,0.285851,125.995775,0.286472,124.957273,0.404741,124.913857,0.409383,121.452242,0.755458,115.394738,1.574985,115.309142,1.585384,113.945466,1.732294,113.599917,1.75057,108.478429,1.742161,108.421753,1.741562,103.660298,1.648733,103.621452,1.647738,100.911775,1.561724,100.88891,1.560916,95.920155,1.367342,95.782599,1.358991,95.077987,1.30084,94.709323,1.248525,91.272579,0.553344,90.495283,0.288194,90.083018,0.085017,89.781245,0.392949,89.605394,0.559216,88.389673,1.623949,88.16085,1.80643,86.776916,2.809385,86.473725,3.003896,84.454358,4.143263,84.081861,4.322563,81.88603,5.208619,81.499572,5.336454,79.26281,5.920413,78.867802,5.99721,76.649703,6.284208,76.309077,6.309767,74.735948,6.342988,74.461169,6.336898,72.755962,6.225154,72.49008,6.196449,70.998133,5.971491,70.711578,5.9147,69.207019,5.543883,68.946124,5.467604,67.386144,4.938069,67.144087,4.844715,65.723089,4.228885,65.413287,4.074052,63.433477,2.945737,63.092548,2.721268,61.219003,1.307249,60.899542,1.030988,59.182951,-0.665451,58.910415,-0.972001,57.477105,-2.810599,57.256479,-3.132599,56.119998,-5.031741,55.935111,-5.390636,54.998067,-7.534008,54.858536,-7.919035,54.205357,-10.16345,54.121617,-10.531352,53.8115,-12.400706,53.775464,-12.712904,53.67997,-14.170171,53.673306,-14.348844,53.660793,-15.720043,53.677922,-16.079798,53.829813,-17.531062,53.350892,-17.688518,50.550524,-18.327674,45.30625,-19.060225,45.287973,-19.062832,42.560176,-19.460051,41.69175,-19.400047,39.926317,-18.970826,38.649616,-18.206561,33.474608,-14.567897,32.759762,-14.190551,31.589058,-13.751806,31.404637,-13.68907,28.372236,-12.760266,27.695436,-12.630935,26.675658,-12.548757,26.169592,-12.548374,23.565741,-12.754235,22.080389,-13.253802,20.384412,-14.34085,19.992354,-14.243157,17.451934,-13.791681,17.03821,-13.745839,14.905482,-13.650178,14.51833,-13.656425,12.181467,-13.836936,11.773498,-13.895247,9.457113,-14.381336,9.040183,-14.498991,6.640677,-15.356539,6.265978,-15.518276,4.335112,-16.503308,3.986471,-16.710193,1.955572,-18.097751,1.628873,-18.353784,-0.057671,-19.863291,-0.338693,-20.148685,-1.874036,-21.918323,-2.12515,-22.249171,-3.447601,-24.2508,-3.65301,-24.61071,-4.67564,-26.709584,-4.829863,-27.085384,-5.570654,-29.280435,-5.676004,-29.674433,-6.13644,-31.980515,-6.190954,-32.391916,-6.349866,-34.781312,-6.350112,-35.199432,-6.196559,-37.549959,-6.14479,-37.94991,-5.703104,-40.219454,-5.598881,-40.616333,-4.856202,-42.84693,-4.705525,-43.219168,-3.727804,-45.254391,-3.524297,-45.615574,-2.172533,-47.686153,-1.917657,-48.024857,-0.684637,-49.454086,-0.728331,-50.899935,-0.633654,-51.773555,0.427332,-55.997094,1.331739,-57.550297,3.336536,-59.464662,3.38625,-59.511125,5.437345,-61.387331,6.100073,-61.853917,11.703937,-64.813978,12.210343,-65.027758,16.100096,-66.286402,16.493796,-66.386509,18.338677,-66.731844,18.413571,-66.744937,20.931575,-67.154129,21.179775,-67.184491,21.911343,-67.244874,22.288525,-67.253534,25.247556,-67.145654,25.4557,-67.131208,28.418454,-66.827503,28.689433,-66.787858,29.742052,-66.587171,30.143573,-66.483065,33.222531,-65.466173,33.633377,-65.297828,35.91265,-64.172034,35.997101,-64.128739,37.537747,-63.309612,38.10159,-62.927295,39.272797,-61.93473,41.292651,-61.117285,42.684003,-61.481126,42.946777,-61.538079,47.846006,-62.384624,48.123143,-62.446594,50.571544,-63.291502,50.726606,-63.340605,52.274029,-63.787357,52.652609,-63.872011,53.696094,-64.039252,53.650179,-65.139449,53.659157,-65.544912,53.88415,-68.15514,53.952534,-68.591377,54.478528,-70.889509,54.588988,-71.264408,55.315929,-73.267917,55.471164,-73.625621,56.540424,-75.726243,56.75202,-76.082416,58.09773,-78.044061,58.366395,-78.383573,60.093023,-80.283737,60.405391,-80.58364,62.223692,-82.105488,62.556895,-82.349386,64.541724,-83.612838,64.888636,-83.80438,66.864493,-84.739633,67.232594,-84.886529,69.470714,-85.621533,69.871165,-85.724726,72.210944,-86.167693,72.63765,-86.218907,75.159443,-86.349645]}