{"Index":-1,"Tolerance":2.5642212E-05,"Coordinates":[222.801078,-63.36795,224.360688,-63.383892,225.52922,-63.175899,226.128766,-62.9485,227.095875,-62.75671,227.22589,-62.726553,227.55045,-62.681348,227.861667,-62.593462,228.494985,-62.490828,228.506961,-62.487152,228.524693,-62.484944,228.661981,-62.445109,228.715783,-62.438409,228.853083,-62.398571,228.906893,-62.39187,229.044186,-62.352034,229.097995,-62.345333,229.235296,-62.305495,229.28911,-62.298793,229.426396,-62.258959,229.480202,-62.252258,229.617492,-62.212423,229.67129,-62.205723,229.80859,-62.165885,229.8624,-62.159184,229.999694,-62.119348,230.053501,-62.112647,230.190791,-62.072812,230.244608,-62.06611,230.381899,-62.026274,230.43571,-62.019573,230.772304,-61.921908,230.918956,-61.890881,231.108541,-61.833667,232.516291,-61.702466,232.53236,-61.700436,233.057899,-61.902832,235.566167,-61.846473,236.700545,-61.35,254.103239,-61.35,254.870089,-61.36135,254.929076,-61.361675,258.019113,-61.35,277.623184,-61.35,281.342928,-57.630256,281.342928,-17.601341,277.623184,-13.881597,232.402748,-13.881597,232.308612,-13.975733,232.234503,-13.971904,231.653618,-13.873163,231.627078,-13.868767,230.555312,-13.695915,229.425556,-13.311288,229.292737,-13.269297,229.271188,-13.263001,229.264045,-13.260569,229.198079,-13.238912,228.356513,-12.972786,228.013007,-12.884908,225.883332,-12.465094,225.837308,-12.456373,225.312068,-12.360862,225.310946,-12.360713,225.219624,-12.343819,224.910601,-12.302215,222.693974,-12.113942,222.235046,-12.108211,221.486815,-12.152978,220.52723,-12.361621,219.228774,-12.862913,218.793927,-13.069889,217.594763,-13.756561,216.91717,-14.276316,216.359784,-14.837298,215.942326,-15.356298,215.535463,-15.987451,215.205879,-16.661965,214.443185,-18.84289,214.31603,-19.324821,214.160292,-20.183031,214.119219,-20.498668,214.042176,-21.468373,214.040926,-21.484633,213.968907,-22.454148,213.962766,-22.561294,213.938,-23.174798,213.935446,-23.31676,213.940598,-24.495183,213.944519,-26.118431,213.949524,-26.289152,214.00415,-27.260025,214.042816,-27.606593,214.166241,-28.343229,214.194526,-28.490586,214.50402,-29.919723,214.760735,-30.655261,215.161919,-31.468412,215.499792,-32.008966,216.260166,-32.990851,217.010491,-33.690726,218.186781,-34.477278,219.156375,-34.913036,219.401675,-34.977074,220.103391,-35.235349,221.45688,-35.447466,222.588077,-35.422279,222.605232,-35.418802,222.76672,-35.415206,222.783875,-35.411729,222.945355,-35.408133,222.962505,-35.404657,223.123987,-35.401061,223.128217,-35.400204,223.190758,-35.417485,223.263867,-35.416334,223.356174,-35.441841,223.57563,-35.438386,223.85263,-35.514927,224.07186,-35.511475,224.15881,-35.53429,224.55222,-35.642261,224.628439,-35.662166,225.069604,-35.771549,225.29502,-35.8395,225.642108,-35.923178,226.249544,-36.03394,226.321288,-36.046174,227.103284,-36.170318,227.297471,-36.176991,227.393753,-36.188507,228.683004,-36.313936,228.683004,-44.402352,228.53344,-44.439921,228.405357,-44.52739,228.325375,-44.547481,228.251376,-44.593713,228.156866,-44.617453,228.082854,-44.663693,227.988344,-44.687433,227.914345,-44.733665,227.819835,-44.757405,227.745829,-44.803641,227.651319,-44.827381,227.577313,-44.873617,227.482803,-44.897357,227.408797,-44.943593,227.314287,-44.967333,227.240275,-45.013573,227.145765,-45.037313,227.071766,-45.083545,226.977256,-45.107285,226.90325,-45.153521,226.808745,-45.17726,226.803729,-45.180394,226.657266,-45.19389,226.586032,-45.231127,226.467718,-45.242685,226.398207,-45.279266,226.277934,-45.291691,226.217348,-45.32379,226.100139,-45.336245,226.048304,-45.363805,225.93566,-45.375775,225.883826,-45.403334,225.771183,-45.415304,225.719346,-45.442865,225.606701,-45.454835,225.554866,-45.482395,225.442222,-45.494365,225.390387,-45.521924,225.277749,-45.533894,225.225909,-45.561456,225.113261,-45.573427,225.061429,-45.600985,224.948787,-45.612955,224.89695,-45.640516,224.784305,-45.652486,224.73247,-45.680046,224.621039,-45.691887,224.569152,-45.71945,224.45721,-45.731345,224.405273,-45.758921,224.293314,-45.770819,224.241364,-45.79839,224.129402,-45.810288,224.077429,-45.83786,223.965537,-45.84975,223.913531,-45.877327,223.801667,-45.889214,223.749612,-45.916804,223.63776,-45.928691,223.585704,-45.95627,223.473874,-45.968154,223.212658,-46.106485,222.817569,-46.177201,222.753765,-46.214069,222.400913,-46.280106,222.270839,-46.358605,221.631315,-46.509378,221.508551,-46.543013,220.633502,-46.619621,219.673516,-46.857351,218.356798,-47.41124,217.171334,-48.271685,216.730646,-48.781006,216.186728,-49.26464,215.2652,-50.667536,215.008119,-51.447514,214.759912,-52.099027,214.578572,-52.816382,214.455941,-53.745615,214.434487,-53.968539,214.389283,-54.712548,214.419504,-55.383601,214.606155,-56.612847,214.658935,-56.881724,214.825012,-57.569362,215.147884,-58.388586,215.461415,-58.944039,215.957497,-59.833548,216.470203,-60.517635,217.419008,-61.481371,218.361029,-62.143141,218.988946,-62.432333,219.066864,-62.487981,220.11076,-62.978222,221.293388,-63.290211,222.251121,-63.392635]}