{"Index":-1,"Tolerance":2.2148505499999998E-05,"Coordinates":[210.319829,-60.465942,210.774979,-60.437468,211.481961,-60.321407,215.305812,-59.50244,215.541825,-59.453986,219.9873,-58.454834,220.415652,-58.356616,220.418835,-58.35595,227.021047,-56.846228,230.530703,-56.092983,233.280725,-55.622695,234.169387,-55.526255,234.40264,-55.470877,238.251142,-55.133221,239.633437,-55.068778,242.970179,-55.0186,247.662403,-55.021549,247.70035,-55.01959,247.907072,-55.019711,247.991532,-55.015351,250.827933,-55.009216,256.567233,-55.048902,258.00703,-55.0,274.992928,-55.0,274.992928,-20.231597,235.033004,-20.231597,235.033004,-20.313044,232.000268,-19.96799,231.419883,-19.879295,226.768313,-19.083449,224.640946,-18.694827,219.975964,-17.81178,218.267238,-17.513096,214.278321,-16.74455,211.586871,-16.42731,209.650539,-16.233024,208.839042,-16.686614,207.423255,-17.296118,207.329862,-17.732054,206.914019,-19.464613,206.841286,-24.710853,206.802767,-27.861552,206.687692,-30.253937,206.706996,-31.545588,207.01117,-33.359722,207.00526,-34.096883,207.201221,-34.750736,209.026783,-34.645299,209.322428,-34.558064,209.516755,-34.38451,210.433212,-34.040027,214.177431,-32.678753,217.125324,-32.057371,219.314757,-31.789293,221.744681,-31.513703,222.777043,-31.479959,226.967865,-31.232337,231.629064,-31.165354,233.439329,-31.185984,235.033004,-31.333978,235.033004,-49.487894,234.520488,-49.55843,234.145545,-49.565134,234.052622,-49.535518,233.926525,-49.569051,232.023005,-49.603087,231.452602,-49.59472,223.561936,-49.194117,221.865263,-49.129868,220.144089,-48.97153,219.294982,-48.898766,215.834853,-48.506804,212.527676,-47.652107,211.557227,-47.508057,211.096795,-47.580174,209.725704,-47.354055,209.158766,-47.669609,208.464935,-49.447273,208.372656,-50.080583,207.970198,-51.827562,207.606861,-52.74035,207.416352,-53.649144,206.917498,-56.002601,206.890235,-58.050301,207.261936,-59.002518,207.304494,-59.5737,207.97432,-60.208815,208.361881,-60.408042,209.096335,-60.530035]}