{"Inners":[{"Index":-1,"Tolerance":1.1296570000000017E-06,"Coordinates":[14.913514,-36.128,14.777452,-36.106983,14.131334,-35.721035,14.050247,-35.61467,13.967663,-35.462826,13.909162,-35.299937,13.876133,-35.129602,13.869515,-34.956875,13.88942,-34.784437,13.935283,-34.617508,14.005962,-34.459845,14.100307,-34.314151,14.215682,-34.184702,14.349052,-34.074708,14.498002,-33.986167,14.658735,-33.921377,14.827241,-33.88195,15.0,-33.868686,15.172758,-33.88195,15.341259,-33.921376,15.502017,-33.986176,15.650943,-34.074704,15.784321,-34.184705,15.899674,-34.314129,15.993803,-34.459487,16.064748,-34.617742,16.110591,-34.784568,16.130485,-34.956918,16.123869,-35.129577,16.09086,-35.299799,16.032327,-35.46279,15.949559,-35.614987,15.844599,-35.752691,15.719795,-35.872803,15.578119,-35.972453,15.422956,-36.049279,15.257921,-36.101503,15.086413,-36.128]}],"Index":-1,"Tolerance":2.7352468E-05,"Coordinates":[23.201222,-67.226306,23.23693,-67.225091,25.262752,-67.14475,25.460748,-67.13069,28.418454,-66.827503,28.689433,-66.787858,29.860991,-66.564495,30.490189,-66.375528,30.612646,-66.324456,31.058841,-66.184731,31.146868,-66.148018,31.593095,-66.008283,31.681128,-65.971568,32.12734,-65.831837,32.215372,-65.795122,32.66158,-65.655394,32.697015,-65.640615,33.357132,-65.420796,34.031096,-65.110819,34.194947,-65.029664,34.898247,-64.655735,35.848249,-64.204238,35.975907,-64.140007,37.538892,-63.309003,38.104726,-62.925,38.823258,-62.315057,38.833699,-62.307966,40.666539,-60.750266,40.93008,-60.498896,43.815844,-57.411737,43.974608,-57.228328,44.32061,-56.79632,45.50964,-55.390855,45.613798,-55.260981,46.082451,-54.644163,46.180619,-54.507597,47.497818,-52.568838,47.714943,-52.197453,48.150145,-51.321971,48.898454,-49.938223,49.118011,-49.431424,49.522133,-48.219631,49.889529,-47.221642,49.995049,-46.875306,50.266506,-45.759939,50.315963,-45.515241,50.693061,-43.1803,50.720855,-42.959148,50.87212,-41.281549,50.876318,-40.761516,50.771337,-39.34119,50.767332,-39.099137,50.739015,-38.725199,50.455399,-36.631195,50.391488,-36.295913,49.839722,-34.061522,49.78652,-33.871618,49.679777,-33.531624,49.648497,-33.437193,49.001577,-31.582097,48.948663,-31.441196,48.684695,-30.785907,48.650199,-30.703627,48.037625,-29.298224,47.908693,-29.036045,47.011156,-27.404947,46.759585,-27.017406,46.605091,-26.813548,45.194698,-24.506806,44.686319,-23.873596,44.320004,-23.520794,43.415476,-22.313566,42.805987,-21.696696,42.517459,-21.475041,41.287601,-20.176036,40.839897,-19.784083,38.818224,-18.324066,38.741484,-18.270349,38.688244,-18.234241,38.645698,-18.199096,38.131828,-17.836165,36.53561,-16.708807,36.522899,-16.699876,33.512285,-14.595578,32.91708,-14.267987,32.152704,-13.948191,31.786283,-13.826373,31.43428,-13.682631,31.00321,-13.574548,30.696562,-13.449326,30.26549,-13.341242,29.958845,-13.216021,29.527754,-13.107932,29.221115,-12.982714,28.131707,-12.709563,27.613675,-12.624347,26.675658,-12.548757,26.169592,-12.548374,23.574584,-12.753536,22.104694,-13.243403,20.788329,-14.076949,20.767387,-14.090325,20.378869,-14.340623,20.361022,-14.335212,20.059078,-14.259603,18.818648,-14.01286,18.694325,-13.99069,17.372827,-13.782061,17.044271,-13.747579,16.021927,-13.693801,15.974621,-13.691666,14.945247,-13.652903,14.728977,-13.652128,14.246991,-13.666819,14.073604,-13.676856,12.159068,-13.840311,11.807856,-13.890169,10.549942,-14.14106,10.480989,-14.15561,9.425608,-14.390575,9.094782,-14.483258,7.911364,-14.884969,7.850994,-14.906142,6.882823,-15.256697,6.690671,-15.333439,6.337729,-15.487913,6.167897,-15.568312,4.349713,-16.495859,4.028289,-16.684359,2.975905,-17.38756,2.920685,-17.425305,1.914681,-18.128613,1.616143,-18.365177,-0.057671,-19.863291,-0.338693,-20.148685,-1.874036,-21.918323,-2.12515,-22.249171,-3.447601,-24.2508,-3.65301,-24.61071,-4.67564,-26.709584,-4.829863,-27.085384,-5.570654,-29.280435,-5.676004,-29.674433,-6.13644,-31.980515,-6.190954,-32.391916,-6.349866,-34.781312,-6.350112,-35.199432,-6.196559,-37.549959,-6.14479,-37.94991,-5.704497,-40.212298,-5.604855,-40.595305,-5.198662,-41.834219,-5.188183,-41.865626,-4.846255,-42.872922,-4.701507,-43.227533,-3.73544,-45.238496,-3.551083,-45.569978,-2.889113,-46.608966,-2.851306,-46.666904,-2.151491,-47.714217,-1.936057,-48.000301,-1.221451,-48.845567,-1.183,-48.890202,-0.701366,-49.438917,-0.739423,-50.348114,-0.731852,-50.737316,-0.676447,-51.422084,-0.593132,-51.931792,0.160677,-54.96851,0.193942,-55.091852,0.505075,-56.15957,1.375521,-57.592104,3.329676,-59.458111,3.365429,-59.491727,4.768098,-60.790275,4.834342,-60.849897,5.519681,-61.449533,6.125486,-61.866744,7.871353,-62.79211,7.876909,-62.795047,11.651799,-64.786302,12.039644,-64.958843,12.577254,-65.156156,12.704109,-65.199697,16.093679,-66.283657,16.431187,-66.371495,17.412754,-66.570162,17.500417,-66.586627,18.40172,-66.742833,18.434626,-66.748358,20.931575,-67.154129,21.179775,-67.184491,21.898585,-67.243821,22.250137,-67.25331]}