{"Index":-1,"Tolerance":2.4010617499999998E-05,"Coordinates":[235.566167,-61.846473,236.700545,-61.35,277.623184,-61.35,281.342928,-57.630256,281.342928,-17.601341,277.623184,-13.881597,232.402748,-13.881597,231.254881,-15.029464,230.510155,-15.412995,230.1284,-15.57847,229.20432,-16.18771,228.415034,-16.933017,227.838003,-17.665082,227.262746,-18.667492,227.01389,-19.215482,226.408725,-20.973248,226.267152,-21.560718,226.111101,-22.657067,226.085016,-22.915961,226.036876,-23.724842,226.052111,-24.277465,226.1903,-25.478368,226.194725,-25.514957,226.429836,-27.368433,226.56662,-27.970638,227.221834,-29.94435,227.542482,-30.626953,228.610498,-32.338911,228.683004,-32.433407,228.683004,-48.577662,227.938468,-49.427523,227.127362,-51.529171,227.07371,-54.645301,227.188514,-55.550235,227.772871,-57.665007,227.850827,-57.751005,227.871991,-57.827597,227.949942,-57.913589,227.971106,-57.99018,228.049057,-58.076172,228.070221,-58.152763,228.148168,-58.23875,228.169331,-58.31534,228.247287,-58.401338,228.268451,-58.47793,228.346402,-58.563923,228.367567,-58.640516,230.395284,-60.877404,233.057899,-61.902832]}