{"Index":-1,"Tolerance":2.1348447499999997E-05,"Coordinates":[74.993708,-86.350386,74.993779,-86.350389,75.347536,-86.346939,76.764634,-86.254055,76.823256,-86.249667,76.824447,-86.249567,76.870977,-86.246084,77.762693,-86.171032,77.770528,-86.169927,77.770788,-86.169905,77.97023,-86.14176,78.115863,-86.121219,78.11605,-86.121182,78.123957,-86.120066,79.516746,-85.843028,79.571342,-85.831669,79.572568,-85.831403,79.618579,-85.82183,80.493112,-85.631854,80.500212,-85.629885,80.500312,-85.629863,80.708365,-85.572151,80.839865,-85.535678,80.839926,-85.535657,80.847083,-85.533672,82.191819,-85.0772,82.241469,-85.059886,82.242641,-85.059466,82.287535,-85.04381,83.126564,-84.7434,83.132788,-84.740762,83.136305,-84.739503,83.470731,-84.597727,84.744474,-83.969572,84.788724,-83.947319,84.790497,-83.94641,84.832065,-83.925515,85.629069,-83.516902,85.760091,-83.439881,85.950154,-83.328173,87.131107,-82.539076,87.169577,-82.512961,87.171541,-82.511607,87.171982,-82.511312,87.210453,-82.485197,87.947597,-81.976893,88.077031,-81.876031,88.243235,-81.746558,89.311019,-80.810147,89.343476,-80.781288,89.366404,-80.760619,89.368867,-80.758458,89.40068,-80.730164,90.04288,-80.151249,90.047076,-80.146997,90.04992,-80.144433,90.311119,-79.879607,91.247359,-78.812018,91.273692,-78.781604,91.277451,-78.777207,91.279529,-78.774838,91.306406,-78.743804,91.673246,-78.314639,93.134384,-78.442464,93.621431,-78.447624,94.19021,-78.409988,94.424933,-78.385671,96.013989,-78.161108,96.739051,-77.969504,98.526311,-77.263265,99.426742,-76.721795,101.772668,-74.719654,102.846592,-72.912809,103.632962,-69.191105,103.701523,-68.494248,103.673469,-66.173726,103.706624,-56.867785,103.706641,-56.851761,103.706427,-56.707541,103.706806,-56.601099,103.706825,-56.592068,103.707025,-56.313876,103.707022,-56.306881,103.705653,-55.384878,103.705598,-55.370302,103.704143,-55.130872,103.704084,-55.129342,103.703926,-55.023099,103.69598,-54.803258,103.619234,-53.720575,103.61543,-53.672172,103.50298,-52.368748,103.365948,-51.680332,103.001735,-50.53113,102.953856,-50.391425,102.609304,-49.457464,102.217999,-48.715519,101.987427,-48.390651,101.588826,-47.636254,100.502866,-46.443861,99.135971,-45.549393,98.895747,-45.406872,97.92181,-44.885523,97.037061,-44.5688,95.341139,-44.231993,94.64524,-44.171886,93.73429,-44.193506,92.878644,-44.154482,92.27652,-44.184185,91.15708,-44.346687,90.885503,-44.398265,88.359769,-44.99287,87.497523,-45.334258,87.023644,-45.607333,85.487602,-46.407639,85.434555,-46.377079,85.431056,-46.37497,85.317633,-46.31297,85.273225,-46.288686,85.272858,-46.288495,85.196496,-46.246754,83.922918,-45.618684,83.822135,-45.571814,83.76938,-45.547199,83.048101,-45.229435,82.926702,-45.179175,82.920628,-45.176517,82.795823,-45.128131,82.750439,-45.110524,82.749951,-45.110347,82.668336,-45.078705,81.323477,-44.622193,81.253628,-44.600213,81.252623,-44.599897,81.187915,-44.579535,81.187245,-44.579341,81.111928,-44.555659,81.036566,-44.532985,80.281347,-44.315937,80.159377,-44.286331,80.009272,-44.249692,78.616463,-43.972635,78.509342,-43.953755,78.454741,-43.944061,77.675733,-43.822301,77.551288,-43.80576,77.540202,-43.804055,77.405942,-43.78936,77.353286,-43.783585,77.352738,-43.783537,77.265054,-43.77394,75.847913,-43.681075,75.729822,-43.675871,75.680373,-43.673663,74.874107,-43.654446,74.796202,-43.654342,74.762195,-43.65357,74.619675,-43.656616,74.571419,-43.657637,74.570943,-43.657658,74.482403,-43.65955,73.065202,-43.752419,72.993155,-43.758657,72.993127,-43.758659,72.992024,-43.758755,72.932782,-43.763884,72.932022,-43.763966,72.887264,-43.767853,72.818151,-43.774617,71.999666,-43.863771,71.869479,-43.88377,71.708279,-43.908434,70.315521,-44.185481,70.200631,-44.210782,70.156894,-44.220388,69.373273,-44.408848,69.301499,-44.427865,69.265158,-44.436647,69.124448,-44.477441,69.076401,-44.49136,69.07597,-44.491495,68.990264,-44.516343,67.645304,-44.97289,67.526158,-45.016004,67.525424,-45.016286,67.480273,-45.032637,67.418186,-45.055857,66.649313,-45.352594,66.527182,-45.406144,66.374169,-45.473135,65.100519,-46.101238,64.990662,-46.158101,64.990249,-46.158325,64.955983,-46.176061,64.169228,-46.602912,64.155168,-46.611399,64.155059,-46.611458,63.905095,-46.762346,62.724313,-47.551343,62.625347,-47.620226,62.624994,-47.620482,62.59292,-47.642806,61.86833,-48.167825,61.855892,-48.17775,61.855849,-48.177781,61.62519,-48.361832,60.557495,-49.298163,60.470686,-49.377177,60.470356,-49.377489,60.441125,-49.404095,59.790557,-50.01862,59.779489,-50.030103,59.779189,-50.030387,59.66528,-50.148601,59.583805,-50.233135,59.58361,-50.233357,59.572451,-50.244938,58.636169,-51.312576,58.562316,-51.399915,58.561966,-51.400344,58.536294,-51.430704,57.970816,-52.12439,57.904734,-52.213804,57.782856,-52.37869,56.993838,-53.559502,56.93371,-53.652989,56.933394,-53.653499,56.911559,-53.687451,56.440776,-54.448423,56.433616,-54.46134,56.433545,-54.461456,56.28599,-54.727693,55.6579,-56.001314,55.611744,-56.099068,55.611501,-56.099607,55.594143,-56.13637,55.225862,-56.952049,55.220577,-56.965447,55.220518,-56.965579,55.126676,-57.203522,55.113033,-57.238115,55.107707,-57.25162,54.651225,-58.596385,54.619114,-58.696384,54.618931,-58.696988,54.606418,-58.735954,54.346902,-59.592532,54.343542,-59.605956,54.343521,-59.606025,54.268085,-59.907394,53.991005,-61.300319,53.972708,-61.400708,53.972598,-61.401373,53.965177,-61.442088,53.818862,-62.325062,53.817307,-62.338544,53.817278,-62.338718,53.78922,-62.582027,53.782929,-62.636567,53.782926,-62.636606,53.781354,-62.650242,53.688491,-64.067355,53.683559,-64.166232,53.683535,-64.166933,53.681454,-64.208649,53.650812,-65.102875,53.651019,-65.116209,53.651011,-65.116455,53.653664,-65.286228,53.655732,-65.419173,53.655745,-65.419365,53.655954,-65.432766,53.748803,-66.849679,53.756513,-66.945209,53.756567,-66.945773,53.759959,-66.987816,53.845388,-67.878683,53.84725,-67.891351,53.847266,-67.891515,53.876269,-68.08875,53.891904,-68.195109,53.891921,-68.195196,53.893796,-68.207945,54.170868,-69.60083,54.190301,-69.691568,54.190425,-69.692106,54.199374,-69.733896,54.399611,-70.606424,54.437769,-70.740919,54.491019,-70.928655,54.947521,-72.273486,54.97752,-72.357925,54.977776,-72.358614,54.992152,-72.39908,55.303623,-73.238091,55.342748,-73.328896,55.437296,-73.548357,56.065458,-74.822123,56.104801,-74.899233,56.105161,-74.899916,56.124882,-74.938567,56.54251,-75.730234,56.621777,-75.863284,56.716631,-76.022537,57.505691,-77.203414,57.552907,-77.272107,57.553416,-77.272827,57.578166,-77.308834,58.0947,-78.039569,58.101698,-78.048447,58.10192,-78.04876,58.222133,-78.20122,58.300189,-78.300235,58.300353,-78.300422,58.307436,-78.309405,59.243743,-79.377072,59.297567,-79.436901,59.29821,-79.437598,59.327659,-79.470332,59.934737,-80.128165,60.049949,-80.240481,60.182149,-80.369384,61.249928,-81.30579,61.308552,-81.355954,61.30925,-81.356537,61.343106,-81.385506,62.030046,-81.958988,62.038267,-81.965139,62.038419,-81.965266,62.258652,-82.130034,62.300924,-82.161663,62.300956,-82.161684,62.309308,-82.167933,63.490069,-82.956901,63.552236,-82.997398,63.553117,-82.997957,63.590717,-83.022449,64.346394,-83.502205,64.476744,-83.575436,64.652304,-83.67409,65.926082,-84.302264,65.990216,-84.333004,65.991161,-84.333444,66.031946,-84.352992,66.84327,-84.73074,66.901518,-84.754106,67.171716,-84.862499,68.516542,-85.319002,68.58116,-85.340168,68.582182,-85.340491,68.62555,-85.354695,69.47892,-85.624122,69.487879,-85.62642,69.48816,-85.626509,69.661743,-85.671023,69.815404,-85.710443,69.81566,-85.710494,69.824629,-85.712794,71.217369,-85.989823,71.281223,-86.001846,71.282288,-86.002035,71.327383,-86.010527,72.208514,-86.167127,72.217079,-86.168166,72.21721,-86.168189,72.439887,-86.195187,72.556566,-86.209338,72.556635,-86.209343,72.565291,-86.210392,73.982357,-86.303274,74.044126,-86.306718,74.045333,-86.306774,74.091559,-86.309351,74.98557,-86.350465]}