{"Inners":[{"Index":-1,"Tolerance":1.1296570000000017E-06,"Coordinates":[14.913514,-36.128,14.74532,-36.10202,14.742451,-36.101109,14.153223,-35.749748,14.050248,-35.614672,13.967664,-35.462826,13.909161,-35.299931,13.876132,-35.129601,13.869514,-34.956886,13.889421,-34.784433,13.935283,-34.617508,14.005963,-34.459843,14.100307,-34.31415,14.21568,-34.184704,14.349052,-34.074708,14.498006,-33.986165,14.658731,-33.921378,14.827241,-33.88195,15.0,-33.868686,15.172758,-33.88195,15.341259,-33.921376,15.502017,-33.986176,15.650943,-34.074704,15.784321,-34.184705,15.899674,-34.314129,15.993803,-34.459488,16.064753,-34.617755,16.11059,-34.784561,16.130484,-34.956905,16.123867,-35.129584,16.090858,-35.299807,16.032322,-35.462808,15.949572,-35.61497,15.844598,-35.752692,15.719793,-35.872805,15.578123,-35.972451,15.422956,-36.049279,15.257896,-36.101511,15.086434,-36.128]}],"Index":-1,"Tolerance":2.3965358999999997E-05,"Coordinates":[20.761373,-65.059416,23.953335,-64.917215,24.025657,-64.913166,25.728778,-64.798314,26.335298,-64.697898,27.805755,-64.305443,28.29148,-64.132552,30.517075,-63.130346,30.949391,-62.893789,32.048579,-62.176386,32.098149,-62.143367,34.647917,-60.410159,35.40584,-59.687557,36.786202,-57.851708,36.948129,-57.61478,37.932457,-56.02483,37.972042,-55.959129,38.657495,-54.789736,38.888947,-54.305257,39.640256,-52.316309,40.015465,-51.373831,40.118954,-51.070062,40.760309,-48.821252,40.78672,-48.722663,41.199837,-47.075083,41.281867,-46.593858,41.458544,-44.678852,41.46985,-44.503215,41.580394,-41.481693,41.576959,-41.177693,41.492617,-39.753856,41.48914,-39.702277,41.330273,-37.600638,41.297849,-37.328527,41.084454,-36.020724,41.046273,-35.825441,40.397272,-32.982141,40.361858,-32.841814,39.921782,-31.251658,39.858075,-31.048273,39.02762,-28.678879,38.671683,-27.965066,37.631655,-26.405041,37.573666,-26.321017,35.103364,-22.861951,34.085188,-21.941053,29.443789,-19.28411,29.124599,-18.983474,28.944459,-18.826174,28.835348,-18.737912,28.034097,-18.089265,27.843114,-17.94619,27.688885,-17.839454,27.429949,-17.658639,27.32757,-17.590064,27.313572,-17.581077,25.932713,-16.666816,25.7467,-16.552651,25.446896,-16.382545,25.431597,-16.372722,25.120171,-16.196698,24.62511,-15.952571,24.526106,-15.905853,24.484962,-15.887299,24.017519,-15.6663,23.965678,-15.642359,23.066547,-15.236886,22.91408,-15.172853,22.815499,-15.134439,22.812282,-15.132988,22.527509,-15.020743,22.031678,-14.852424,21.932257,-14.820487,21.909447,-14.813571,21.445373,-14.664422,21.395085,-14.648719,20.429439,-14.355955,20.267159,-14.311414,20.192587,-14.293056,20.190465,-14.292413,19.888553,-14.216813,19.37647,-14.114949,19.281794,-14.097604,19.257378,-14.093512,18.7628,-14.002857,18.715144,-13.994497,17.727465,-13.828971,17.571223,-13.806763,17.488969,-13.79715,17.487049,-13.796828,17.330863,-13.778671,17.261605,-13.770577,17.259944,-13.770427,17.169767,-13.759944,16.648667,-13.725795,16.560516,-13.721248,16.533072,-13.720214,16.017343,-13.693584,15.973092,-13.691609,14.956221,-13.653317,14.761918,-13.651948,14.703926,-13.653314,14.41501,-13.65733,13.894045,-13.691468,13.814194,-13.697713,13.785744,-13.700299,13.255567,-13.741763,13.215666,-13.745137,12.201887,-13.8373,12.004219,-13.86154,11.944804,-13.870725,11.669796,-13.910462,11.157569,-14.012353,11.087042,-14.027216,11.058511,-14.033568,10.496777,-14.152285,10.46331,-14.159547,9.493489,-14.375463,9.295431,-14.426301,9.234718,-14.443987,8.98002,-14.515344,8.485599,-14.683176,8.425229,-14.70435,8.328327,-14.739436,7.872468,-14.89859,7.838077,-14.910819,6.881798,-15.257068,6.719485,-15.321958,6.714428,-15.323789,6.707165,-15.326883,6.687648,-15.334686,6.646434,-15.352758,6.390748,-15.461694,5.922418,-15.692654,5.872586,-15.717775,5.818225,-15.745782,5.330285,-15.991591,5.304595,-16.004679,4.410354,-16.465399,4.258335,-16.549443,4.254784,-16.551273,4.251096,-16.553446,4.247534,-16.555415,4.198151,-16.584637,3.944649,-16.733985,3.510444,-17.02412,3.470949,-17.050942,3.465111,-17.054972,3.458911,-17.059146,2.951652,-17.404128,2.933683,-17.416439,2.04648,-18.028762,1.981509,-18.078914,1.974003,-18.084094,1.891588,-18.148324,1.778625,-18.235521,1.768283,-18.244422,1.683824,-18.310245,1.291227,-18.65454,1.261535,-18.68091,1.257045,-18.684948,1.253849,-18.687745,0.907443,-18.996001,0.894989,-19.007143,0.010773,-19.802356,-0.051332,-19.861607,-0.091361,-19.897599,-0.355838,-20.165378,-0.700221,-20.558076,-0.720876,-20.581866,-0.839704,-20.720109,-1.009482,-20.914701,-1.024004,-20.931462,-1.880537,-21.927134,-1.905927,-21.960533,-1.913281,-21.969088,-2.028621,-22.121929,-2.112788,-22.232645,-2.117597,-22.239834,-2.156557,-22.291461,-2.45773,-22.74827,-2.687754,-23.092108,-2.701946,-23.11351,-3.433161,-24.22589,-3.441164,-24.239891,-3.44271,-24.242236,-3.559734,-24.447332,-3.629399,-24.569212,-3.630162,-24.570763,-3.64552,-24.59768,-3.927537,-25.175465,-4.246938,-25.824934,-4.254904,-25.841249,-4.596957,-26.546937,-4.671433,-26.699513,-4.826795,-27.077763,-5.027664,-27.673201,-5.105947,-27.903406,-5.108322,-27.910416,-5.570823,-29.280949,-5.676331,-29.675776,-5.94703,-31.033572,-6.136262,-31.979704,-6.190768,-32.388949,-6.201761,-32.55176,-6.29127,-33.857895,-6.292505,-33.876737,-6.301487,-34.020332,-6.349458,-34.726626,-6.349588,-34.78924,-6.350264,-34.800048,-6.350003,-34.989303,-6.350324,-35.144236,-6.349777,-35.152817,-6.349704,-35.205668,-6.212769,-37.301826,-6.198867,-37.519853,-6.198163,-37.525381,-6.196869,-37.545189,-6.146923,-37.935682,-5.894935,-39.251679,-5.891973,-39.266944,-5.762458,-39.925843,-5.715636,-40.169606,-5.685848,-40.284263,-5.683712,-40.293566,-5.661707,-40.377185,-5.612755,-40.565604,-5.59046,-40.633201,-5.572632,-40.693587,-5.200109,-41.829804,-5.192604,-41.852407,-4.972362,-42.507521,-4.881265,-42.783762,-4.731378,-43.15701,-4.70619,-43.209801,-4.667632,-43.297464,-4.139387,-44.403785,-4.126924,-44.429587,-4.009291,-44.670338,-3.941716,-44.811957,-3.923777,-44.848935,-3.692771,-45.317365,-3.647195,-45.397728,-3.646728,-45.398614,-3.601709,-45.477933,-3.511845,-45.636389,-3.504699,-45.647448,-3.423005,-45.782244,-2.879833,-46.623164,-2.866756,-46.643242,-2.545444,-47.132545,-2.544315,-47.134243,-2.525008,-47.164133,-2.497885,-47.205416,-2.207786,-47.639565,-2.068178,-47.824954,-2.031123,-47.875634,-2.005173,-47.90862,-1.992328,-47.925677,-1.984067,-47.935448,-1.892713,-48.051571,-1.230987,-48.834287,-1.211922,-48.856628,-0.855114,-49.270842,-0.854364,-49.271706,-0.817616,-49.315174,-0.780074,-49.358773,-0.435677,-49.751484,-0.190484,-50.001776,-0.18554,-50.006295,-0.170661,-50.02146,-0.046443,-50.141365,0.693808,-50.818019,0.726925,-50.847866,1.021681,-51.109797,1.152774,-51.229627,1.201506,-51.273259,1.593975,-51.61744,1.661532,-51.670536,1.663097,-51.671844,1.730039,-51.72438,1.862754,-51.828688,1.864612,-51.829993,1.89411,-51.853143,2.02969,-51.953838,2.458068,-52.254654,2.693044,-53.792903,2.999468,-54.750736,3.386261,-55.516612,3.573255,-55.838503,5.901393,-59.35444,6.325473,-59.868542,6.857507,-60.390882,7.412201,-60.8261,10.288297,-62.606781,11.094933,-62.962883,13.547687,-63.660484,13.595162,-63.673589,17.080246,-64.60662,17.126162,-64.618546,18.472948,-64.957628,19.231152,-65.054,20.600326,-65.062502]}