{"Index":-1,"Tolerance":2.40092665E-05,"Coordinates":[235.544233,-61.849793,236.700525,-61.35,277.623184,-61.35,281.342928,-57.630256,281.342928,-17.601341,277.623184,-13.881597,232.402748,-13.881597,228.683004,-17.601341,228.683004,-18.16352,228.093694,-18.342169,227.428432,-25.47783,227.439997,-26.174191,227.573352,-27.22548,227.710135,-27.827679,227.952419,-28.557518,228.273065,-29.24012,228.683004,-29.897228,228.683004,-49.776738,228.209136,-50.317641,227.39803,-52.419286,227.361997,-54.511952,227.476803,-55.4169,228.36757,-58.640521,230.395286,-60.877405,233.050881,-61.90013]}