{"Inners":[{"Index":-1,"Tolerance":1.1296570000000017E-06,"Coordinates":[14.913514,-36.128,14.743067,-36.101672,14.575812,-36.048693,14.44445,-35.983651,14.400762,-35.957599,14.280212,-35.872808,14.155567,-35.752823,14.050258,-35.614685,13.967663,-35.462818,13.941787,-35.39077,13.941786,-35.390766,13.909156,-35.299914,13.876128,-35.12959,13.869513,-34.956928,13.889426,-34.784416,13.935283,-34.617509,14.00597,-34.459829,14.100306,-34.31415,14.215676,-34.184707,14.34905,-34.074709,14.498011,-33.986162,14.658729,-33.921378,14.827241,-33.88195,15.0,-33.868686,15.172758,-33.88195,15.341256,-33.921375,15.502023,-33.986179,15.650941,-34.074702,15.784331,-34.184713,15.800019,-34.202315,15.89967,-34.314123,15.9938,-34.459482,16.06478,-34.617818,16.110588,-34.784528,16.130484,-34.956883,16.123867,-35.129586,16.090857,-35.299817,16.032295,-35.462889,15.970975,-35.57564,15.949614,-35.614916,15.844597,-35.752695,15.719796,-35.872803,15.578123,-35.972451,15.422947,-36.049284,15.257842,-36.101529,15.086483,-36.128]}],"Index":-1,"Tolerance":2.1350991999999997E-05,"Coordinates":[15.089802,-56.351404,15.265568,-56.351178,17.214676,-56.218281,17.667894,-56.18752,17.669941,-56.187247,17.678208,-56.186684,18.082216,-56.132963,19.575859,-55.835848,19.621995,-55.826315,20.369517,-55.666052,20.724768,-55.568034,20.870102,-55.518703,22.451892,-54.99053,22.806244,-54.878195,23.251611,-54.698988,23.291032,-54.679549,23.291149,-54.679501,24.584975,-54.042123,25.080597,-53.812146,25.381162,-53.65259,25.407071,-53.637003,25.433631,-53.62282,26.135699,-53.20046,26.262977,-53.119716,26.276983,-53.110358,26.303377,-53.093613,27.540724,-52.266821,27.559079,-52.253662,27.565311,-52.249498,27.735217,-52.12769,28.301158,-51.693063,28.330417,-51.66904,28.330873,-51.66869,28.490561,-51.537588,29.620778,-50.546426,29.75372,-50.422947,29.757523,-50.419206,29.782543,-50.395967,30.292806,-49.894108,30.310922,-49.874926,30.313118,-49.872766,30.473956,-49.702464,31.43145,-48.610638,31.462763,-48.574385,31.768898,-48.214488,31.775327,-48.206204,31.775997,-48.205417,31.950589,-47.980482,32.390542,-47.357948,32.41559,-47.321506,32.428685,-47.302975,32.47566,-47.234626,33.345897,-45.932317,33.468431,-45.72008,33.517586,-45.636676,33.525893,-45.620551,33.55389,-45.572059,33.621163,-45.43563,33.645957,-45.387503,33.670652,-45.338535,34.240257,-44.18437,34.571484,-43.546154,34.695375,-43.255544,34.735687,-43.163051,34.740255,-43.15027,34.760184,-43.103522,34.821176,-42.923842,34.844849,-42.857601,34.861519,-42.809753,35.253248,-41.65586,35.385342,-41.302068,35.452512,-41.102141,35.473291,-41.032744,35.613604,-40.564866,35.685289,-40.277894,35.977365,-38.823703,36.024161,-38.626979,36.074328,-38.369166,36.077813,-38.346236,36.080987,-38.329921,36.173576,-37.720645,36.202535,-37.455612,36.210897,-37.330721,36.350453,-35.252688,36.350568,-35.111364,36.35189,-35.058473,36.35067,-34.986146,36.350795,-34.831876,36.344476,-34.735443,36.342541,-34.68562,36.251885,-33.19529,36.251623,-33.181352,36.238479,-32.946306,36.229128,-32.845971,36.181761,-32.31158,36.13345,-31.973919,35.854711,-30.568665,35.846542,-30.509455,35.80511,-30.274641,35.640721,-29.5116,35.522207,-29.099087,35.318636,-28.53674,34.804471,-27.022043,34.645405,-26.638009,33.979847,-25.288292,33.899257,-25.103569,33.786309,-24.870993,33.58701,-24.499855,33.524748,-24.382803,33.518709,-24.372663,33.512447,-24.361002,33.437936,-24.23704,33.367756,-24.119204,33.360804,-24.108719,33.354044,-24.097472,33.276458,-23.981502,32.933802,-23.464682,32.76551,-22.872781,31.122174,-20.848755,30.811023,-20.685228,30.620418,-20.467881,30.582226,-20.425116,30.192988,-19.997114,30.187447,-19.991668,30.185412,-19.989439,30.084504,-19.8905,29.938873,-19.74738,29.935635,-19.744536,29.933922,-19.742857,28.811589,-18.758314,28.622393,-18.57837,28.431017,-18.410435,28.332079,-18.330402,28.330417,-18.328945,28.011735,-18.071275,27.779465,-17.90031,25.964777,-16.687612,25.798389,-16.583706,25.724207,-16.540507,25.698945,-16.52413,25.581733,-16.457539,25.513086,-16.417564,25.481816,-16.400775,25.375756,-16.34052,23.820254,-15.573465,23.721191,-15.526721,23.719693,-15.526046,23.682977,-15.50872,23.111101,-15.250827,23.097448,-15.245445,23.09729,-15.245374,22.910504,-15.171756,22.826465,-15.138629,22.826391,-15.138604,22.812632,-15.133181,21.20392,-14.587072,21.104424,-14.555113,21.103044,-14.554695,21.065145,-14.54252,20.478972,-14.364804,20.404389,-14.346131,20.164129,-14.285958,18.499159,-13.954766,18.404445,-13.937414,18.402808,-13.93714,18.362787,-13.929807,17.758907,-13.828604,17.746687,-13.827183,17.746483,-13.827149,17.429155,-13.790258,15.735223,-13.679253,15.647069,-13.674705,15.645043,-13.674629,15.603598,-13.672491,14.991856,-13.649454,14.980586,-13.649611,14.980386,-13.649603,14.653137,-13.654155,12.959362,-13.765151,12.879465,-13.771401,12.877386,-13.77159,12.835078,-13.774898,12.224776,-13.830381,12.104001,-13.847852,11.882851,-13.879812,10.217937,-14.210993,10.147367,-14.225866,10.121452,-14.231636,10.078582,-14.240678,9.510029,-14.367257,9.501285,-14.369705,9.496242,-14.370828,9.165394,-14.463517,7.55796,-15.00916,7.497554,-15.030347,7.494729,-15.03137,7.453949,-15.045664,6.877863,-15.254252,6.870263,-15.25749,6.869978,-15.257593,6.668226,-15.343562,6.554475,-15.392022,6.554322,-15.392097,6.546595,-15.39539,5.0243,-16.146116,4.974421,-16.171262,4.971426,-16.172805,4.93172,-16.192822,4.387368,-16.473275,4.381351,-16.47682,4.381207,-16.476894,4.071192,-16.659544,2.659821,-17.602619,2.620344,-17.62943,2.616893,-17.631811,2.579795,-17.657007,2.075922,-18.004766,1.95877,-18.09608,1.781401,-18.234295,0.50499,-19.353664,0.47529,-19.380041,0.469592,-19.385165,0.467565,-19.386943,0.437864,-19.41332,-0.017437,-19.822791,-0.020848,-19.826245,-0.020936,-19.826324,-0.209919,-20.017691,-0.281608,-20.09028,-0.281639,-20.090315,-0.285104,-20.093824,-1.404297,-21.370033,-1.424958,-21.393829,-1.433528,-21.403799,-1.437823,-21.408697,-1.458479,-21.432488,-1.857729,-21.896969,-1.859622,-21.899463,-1.861107,-21.901189,-1.979233,-22.056978,-2.090352,-22.203311,-2.091558,-22.205116,-2.096879,-22.212134,-2.27384,-22.477967,-3.06411,-23.660651,-3.077092,-23.680236,-3.312797,-24.038695,-3.401854,-24.17247,-3.409522,-24.185796,-3.413917,-24.192479,-3.508632,-24.358024,-3.608336,-24.531283,-3.793018,-24.906861,-4.470851,-26.282657,-4.479171,-26.29967,-4.575162,-26.49747,-4.65282,-26.655421,-4.658584,-26.669371,-4.659925,-26.672134,-4.691278,-26.748495,-4.810786,-27.037719,-5.365243,-28.67396,-5.568778,-29.273855,-5.676119,-29.674438,-5.966397,-31.132429,-6.121083,-31.908857,-6.138738,-31.997133,-6.138874,-31.998158,-6.139719,-32.002401,-6.168879,-32.224849,-6.193583,-32.41149,-6.193824,-32.415141,-6.194466,-32.420042,-6.206035,-32.600465,-6.21665,-32.761555,-6.34985,-34.77353,-6.349856,-34.783087,-6.349931,-34.784231,-6.35,-35.029153,-6.350094,-35.189747,-6.350045,-35.190497,-6.350048,-35.20041,-6.211346,-37.323562,-6.207315,-37.385582,-6.196491,-37.553177,-6.196351,-37.554277,-6.195248,-37.57125,-6.171318,-37.751167,-6.146843,-37.943664,-6.143112,-37.963228,-6.13886,-37.995198,-6.106562,-38.154896,-6.039513,-38.506496,-6.034794,-38.530731,-6.032888,-38.54032,-6.02392,-38.587349,-6.019107,-38.612059,-5.687767,-40.277775,-5.636265,-40.473879,-5.589909,-40.650623,-5.399061,-41.232718,-5.388582,-41.264126,-5.386711,-41.269636,-5.382963,-41.281069,-5.372484,-41.312477,-4.826794,-42.920044,-4.727969,-43.163051,-4.683826,-43.271609,-4.432051,-43.799264,-4.414424,-43.835609,-4.413179,-43.838135,-4.398372,-43.869167,-4.38043,-43.90615,-3.629762,-45.428341,-3.449225,-45.746763,-3.446085,-45.752301,-3.128115,-46.24457,-3.103464,-46.28209,-3.087038,-46.307521,-3.059916,-46.348802,-2.116892,-47.760091,-1.901573,-48.04604,-1.89899,-48.049095,-1.894605,-48.054918,-1.50149,-48.51991,-1.473085,-48.552888,-1.470723,-48.555682,-1.433188,-48.599274,-0.313882,-49.875613,-0.068755,-50.125845,-0.065183,-50.129111,-0.059432,-50.134979,0.370148,-50.527651,0.403176,-50.557234,0.42383,-50.576113,0.472534,