{"Inners":[{"Index":-1,"Tolerance":7.489000000000001E-06,"Coordinates":[14.425971,-42.478,13.291099,-42.3027,12.193642,-41.954951,11.489983,-41.606546,10.862751,-41.232522,10.227914,-40.786,9.400901,-39.989898,8.704803,-39.076801,8.156272,-38.068223,7.875056,-37.285216,7.768096,-36.9874,7.549448,-35.85984,7.515743,-34.980101,7.505508,-34.712978,7.637199,-33.572101,7.941383,-32.464947,8.410974,-31.41744,9.035364,-30.453225,9.799489,-29.595888,10.685096,-28.865501,11.672132,-28.278775,11.862608,-28.201996,12.737098,-27.849498,13.855155,-27.587894,15.0,-27.5,16.144844,-27.587894,17.262901,-27.849498,18.327922,-28.278802,19.314903,-28.865501,20.200518,-29.595894,20.964614,-30.453201,21.588798,-31.417098,22.058634,-32.465155,22.3628,-33.572101,22.494491,-34.712931,22.450546,-35.859847,22.231933,-36.987212,21.843751,-38.068158,21.694718,-38.342191,21.2952,-39.076795,20.599227,-39.989882,19.771799,-40.786202,18.832603,-41.4468,18.538336,-41.592501,17.803592,-41.956296,16.708947,-42.302683,16.621465,-42.316197,15.574051,-42.478]}],"Index":-1,"Tolerance":1.5000205000000001E-05,"Coordinates":[16.837535,-49.879236,17.063603,-49.863682,17.064138,-49.863575,17.073797,-49.862908,18.110136,-49.65676,18.849575,-49.498231,18.852835,-49.497124,18.854085,-49.496856,20.422298,-48.977341,20.629232,-48.91174,20.647466,-48.902748,20.64811,-48.902535,21.607214,-48.430307,22.165101,-48.171437,22.181495,-48.161574,22.194558,-48.155513,22.299315,-48.097884,22.797698,-47.79806,22.918892,-47.719758,22.945869,-47.701732,22.95929,-47.693658,23.852205,-47.097014,23.861166,-47.090132,23.876762,-47.079711,24.411286,-46.670768,24.441159,-46.64627,24.455447,-46.63374,24.471032,-46.621771,25.279419,-45.912843,25.29536,-45.897165,25.308197,-45.885907,25.817688,-45.384808,25.82641,-45.374862,25.838045,-45.363419,26.548663,-44.553105,26.818133,-44.236314,26.82119,-44.231988,26.82536,-44.227086,27.29514,-43.562345,27.307403,-43.543994,27.333218,-43.507465,27.936416,-42.60478,27.940379,-42.596743,27.94115,-42.59559,27.988494,-42.503693,28.468593,-41.530889,28.812419,-40.868398,28.815861,-40.858258,28.816446,-40.857131,28.856713,-40.744458,29.192911,-39.75414,29.367559,-39.286372,29.378074,-39.251254,29.378232,-39.250831,29.488746,-38.882462,29.766311,-37.528352,29.796238,-37.402545,29.808103,-37.324469,29.816149,-37.285216,29.87724,-36.874291,29.880859,-36.820575,30.00085,-35.050436,30.000481,-35.044813,30.000591,-35.043187,30.000027,-35.001637,29.919095,-33.671169,29.91688,-33.553258,29.902607,-33.400104,29.9022,-33.39342,29.871617,-33.04211,29.605771,-31.655527,29.602368,-31.630861,29.474559,-31.037613,29.267935,-30.466833,28.858265,-29.259974,28.300908,-28.129684,28.181036,-27.854919,27.990894,-27.500832,27.990643,-27.500456,27.990617,-27.500408,27.18204,-26.27454,27.164023,-26.245178,27.054901,-25.86139,26.782753,-25.718361,25.957774,-24.777638,25.618033,-24.404064,25.615027,-24.401428,25.614774,-24.40115,24.670163,-23.572349,24.412627,-23.327409,24.388022,-23.307506,24.387891,-23.307381,24.13137,-23.0998,22.518129,-22.021722,22.37689,-21.94011,22.370476,-21.936947,22.365017,-21.933408,21.175915,-21.347033,21.155816,-21.337969,21.137591,-21.328982,20.599383,-21.086272,20.592485,-21.08393,20.585803,-21.080917,19.330421,-20.654753,19.309914,-20.648536,19.291006,-20.642117,18.746285,-20.47697,18.739717,-20.475663,18.733168,-20.473678,17.432849,-20.215021,17.411055,-20.211368,17.391074,-20.207394,16.829831,-20.113335,16.823689,-20.112932,16.81748,-20.111892,15.494524,-20.025197,15.471764,-20.02434,15.451027,-20.022981,14.8824,-20.001568,14.876798,-20.001935,14.871059,-20.001719,13.548103,-20.088414,13.5248,-20.090533,13.503596,-20.091922,12.936858,-20.143445,12.931883,-20.144435,12.926709,-20.144905,11.626389,-20.403561,11.602828,-20.408807,11.581646,-20.41302,11.026185,-20.536685,11.021879,-20.538147,11.017359,-20.539153,9.761905,-20.965317,9.73855,-20.973773,9.717732,-20.98084,9.186508,-21.173185,9.18292,-21.174955,9.175249,-21.177732,7.98622,-21.764107,7.940615,-21.787603,7.920676,-21.797436,7.43749,-22.046375,7.434605,-22.048303,7.431462,-22.049922,6.329122,-22.786503,6.307189,-22.801641,6.288616,-22.814051,5.820493,-23.137137,5.818311,-23.139051,5.815853,-23.140747,4.819061,-24.0149,4.798576,-24.033323,4.781621,-24.048192,4.362017,-24.425559,4.360437,-24.42736,4.355037,-24.432217,3.480881,-25.429012,3.424558,-25.494538,3.409827,-25.511335,3.076424,-25.899211,3.075403,-25.900739,3.074179,-25.902163,2.337595,-27.004503,2.320795,-27.030052,2.308745,-27.048086,1.996056,-27.523625,1.995484,-27.524786,1.99475,-27.525903,1.913622,-27.691061,1.229518,-29.080581,1.136427,-29.273023,1.136176,-29.273763,1.135183,-29.275785,0.795289,-30.279468,0.511161,-31.117719,0.22877,-32.535614,0.12931,-33.034573,0.129267,-33.035226,0.129133,-33.035897,0.102286,-33.441278,3.7E-05,-34.980101,0.000204,-34.982679,0.000145,-34.983573,1E-05,-34.994103,0.125371,-36.913049,0.127232,-36.94175,0.127253,-36.941862,0.127346,-36.943281,0.231171,-37.48775,0.235454,-37.509281,0.241092,-37.538848,0.499749,-38.839168,0.500368,-38.841055,0.500747,-38.842962,0.678051,-39.38375,0.685245,-39.404942,0.694152,-39.43211,1.120316,-40.687561,1.121408,-40.689851,1.122206,-40.6922,1.355499,-41.181125,1.365685,-41.201794,1.389027,-41.250712,1.975399,-42.439744,1.97707,-42.44233,1.978407,-42.445044,2.272799,-42.900811,2.28548,-42.919801,2.313875,-42.963761,3.050459,-44.0661,3.052816,-44.068888,3.05479,-44.071844,3.405419,-44.486582,3.420255,-44.50351,3.453284,-44.542579,4.327439,-45.539373,4.330551,-45.542218,4.333241,-45.545287,4.753351,-45.929303,4.769466,-45.943425,4.788064,-45.960425,5.784857,-46.834578,5.792629,-46.840036,5.796119,-46.843094,6.257838,-47.167324,6.275709,-47.179265,6.295376,-47.193076,7.397716,-47.929657,7.401855,-47.931755,7.406712,-47.935,7.980952,-48.227583,8.153406,-48.312631,8.154526,-48.313199,9.297341,-48.876783,11.21623,-49.52203,11.337485,-49.544084,13.046978,-49.872609,13.179146,-49.89724,13.180191,-49.897282,13.192363,-49.899703,13.906425,-49.928272,15.001996,-50.000064,15.05607,-50.001804,15.057412,-50.001712,15.061477,-50.001978]}