{"Inners":[{"Index":-1,"Tolerance":1.1296570000000017E-06,"Coordinates":[14.913514,-36.128,14.777452,-36.106983,14.131334,-35.721035,14.050247,-35.61467,13.967663,-35.462826,13.909162,-35.299937,13.876133,-35.129602,13.869515,-34.956875,13.88942,-34.784437,13.935283,-34.617508,14.005962,-34.459845,14.100307,-34.314151,14.215682,-34.184702,14.349052,-34.074708,14.498002,-33.986167,14.658735,-33.921377,14.827241,-33.88195,15.0,-33.868686,15.172758,-33.88195,15.341259,-33.921376,15.502017,-33.986176,15.650943,-34.074704,15.784321,-34.184705,15.899674,-34.314129,15.993803,-34.459487,16.064748,-34.617742,16.110591,-34.784568,16.130485,-34.956918,16.123869,-35.129577,16.09086,-35.299799,16.032327,-35.46279,15.949559,-35.614987,15.844599,-35.752691,15.719795,-35.872803,15.578119,-35.972453,15.422956,-36.049279,15.257921,-36.101503,15.086413,-36.128]}],"Index":-1,"Tolerance":2.7352579999999998E-05,"Coordinates":[25.247556,-67.145654,25.4557,-67.131208,28.418454,-66.827503,28.689433,-66.787858,29.742052,-66.587171,30.143573,-66.483065,33.244828,-65.458809,33.697745,-65.269307,34.854876,-64.676347,35.848249,-64.204238,35.975907,-64.140007,37.537747,-63.309612,38.10159,-62.927295,39.260673,-61.945005,39.629049,-61.804345,39.824185,-61.715857,40.212027,-61.567765,40.407161,-61.479278,40.795011,-61.331183,40.990147,-61.242695,41.377997,-61.0946,41.573135,-61.006111,41.960992,-60.858013,42.156107,-60.769534,42.543968,-60.621435,42.896764,-60.461453,44.766279,-59.472138,44.873819,-59.412537,46.466861,-58.488869,47.058325,-58.179209,47.42291,-57.955872,49.0535,-56.799341,49.295821,-56.609161,49.874359,-56.107932,50.760382,-55.46088,51.151909,-55.122866,52.006824,-54.253831,52.16,-54.086579,53.646794,-52.341975,53.769546,-52.188568,54.555355,-51.14171,54.846633,-50.674233,55.76985,-48.859169,55.989337,-48.45946,56.1761,-48.054307,56.347336,-47.60173,56.451994,-47.271859,56.573121,-46.802845,57.27545,-44.660875,57.387387,-44.211012,57.657395,-42.646489,57.70373,-42.108211,57.705533,-39.9553,57.717733,-39.719955,57.743301,-39.390295,57.737919,-38.836706,57.687798,-38.32082,57.652245,-38.064166,57.648264,-38.042096,57.532877,-36.769481,57.41376,-36.149378,57.107473,-35.119751,57.014269,-34.851076,56.371994,-33.236901,56.332438,-33.141992,55.979184,-32.33161,55.788691,-31.962525,54.676531,-30.114907,54.634798,-30.047495,53.992801,-29.03884,53.615553,-28.555996,52.598832,-27.48554,51.678275,-26.417719,51.408977,-26.141235,50.589229,-25.396031,50.308541,-25.168619,49.458236,-24.556363,47.845408,-23.043158,47.378213,-22.680233,45.499333,-21.482956,45.233603,-21.331106,43.489243,-20.442907,42.333877,-19.842978,41.871961,-19.647684,40.344216,-19.139607,39.892799,-18.950761,38.658563,-18.211917,36.540198,-16.712039,36.524432,-16.700948,33.463094,-14.561196,32.755596,-14.18899,31.512387,-13.723072,31.170068,-13.616385,31.003213,-13.574549,30.696562,-13.449326,30.26549,-13.341242,29.958845,-13.216021,29.527754,-13.107932,29.221115,-12.982714,28.131707,-12.709563,27.613675,-12.624347,26.675658,-12.548757,26.169592,-12.548374,23.565741,-12.754235,22.080389,-13.253802,20.382873,-14.341837,20.361022,-14.335212,20.059078,-14.259603,18.818648,-14.01286,18.694325,-13.99069,17.360697,-13.780146,17.007574,-13.744465,14.979464,-13.653496,14.740381,-13.651781,14.246991,-13.666819,14.073604,-13.676856,12.159068,-13.840311,11.807856,-13.890169,10.549942,-14.14106,10.480989,-14.15561,9.425608,-14.390575,9.094782,-14.483258,7.894364,-14.89074,7.800301,-14.924329,6.572559,-15.384637,6.24409,-15.529443,4.349713,-16.495859,4.028289,-16.684359,2.975905,-17.38756,2.920685,-17.425305,1.914681,-18.128613,1.616143,-18.365177,-0.057671,-19.863291,-0.338693,-20.148685,-1.874036,-21.918323,-2.12515,-22.249171,-3.447601,-24.2508,-3.65301,-24.61071,-4.67564,-26.709584,-4.829863,-27.085384,-5.570654,-29.280435,-5.676004,-29.674433,-6.13644,-31.980515,-6.190954,-32.391916,-6.349866,-34.781312,-6.350112,-35.199432,-6.196559,-37.549959,-6.14479,-37.94991,-5.703104,-40.219454,-5.598881,-40.616333,-4.856202,-42.84693,-4.705525,-43.219168,-3.73544,-45.238496,-3.551083,-45.569978,-2.889113,-46.608966,-2.851306,-46.666904,-2.142663,-47.727428,-1.906558,-48.037722,-0.693105,-49.44427,-0.739111,-50.287833,-0.733474,-50.717278,-0.676447,-51.422084,-0.593132,-51.931792,0.160677,-54.96851,0.193942,-55.091852,0.505075,-56.15957,1.375521,-57.592104,3.329676,-59.458111,3.365429,-59.491727,4.768098,-60.790275,4.834342,-60.849897,5.52138,-61.451021,6.131203,-61.87036,11.649379,-64.785159,12.038807,-64.958535,12.577254,-65.156156,12.704109,-65.199697,16.093679,-66.283657,16.431187,-66.371495,17.412754,-66.570162,17.500417,-66.586627,18.40172,-66.742833,18.434626,-66.748358,20.931575,-67.154129,21.179775,-67.184491,21.911343,-67.244874,22.288525,-67.253534]}