{"Index":-1,"Tolerance":2.4624505999999994E-05,"Coordinates":[227.732919,-62.51533,229.097995,-62.345333,229.235296,-62.305495,229.28911,-62.298793,229.426396,-62.258959,229.480202,-62.252258,229.617492,-62.212423,229.67129,-62.205723,229.80859,-62.165885,229.8624,-62.159184,229.999694,-62.119348,230.053501,-62.112647,230.190791,-62.072812,230.244608,-62.06611,230.381899,-62.026274,230.43571,-62.019573,230.787329,-61.917548,231.146197,-61.830157,232.516291,-61.702466,232.53236,-61.700436,233.057899,-61.902832,235.566167,-61.846473,236.700545,-61.35,254.103239,-61.35,254.870089,-61.36135,254.929076,-61.361675,258.019113,-61.35,277.623184,-61.35,281.342928,-57.630256,281.342928,-17.601341,277.623184,-13.881597,232.402748,-13.881597,232.308612,-13.975733,232.234503,-13.971904,231.653619,-13.873163,231.627081,-13.868767,229.443913,-13.51667,229.383507,-13.505222,229.089489,-13.463627,227.905173,-13.352232,227.378314,-13.346512,226.774453,-13.390109,226.294708,-13.41667,225.90083,-13.463263,224.936267,-13.638971,224.274048,-13.835774,223.252152,-14.26489,222.761613,-14.523282,221.843453,-15.114485,221.189325,-15.673778,220.636376,-16.294062,220.291829,-16.663372,219.801935,-17.352915,219.614673,-17.708518,219.343435,-18.149683,219.031906,-18.866833,218.89795,-19.236149,218.698429,-19.914377,218.56123,-20.311622,218.401667,-21.043016,218.350771,-21.565825,218.341947,-21.676502,218.311302,-22.169556,218.181916,-23.664876,218.171635,-23.839741,218.151322,-24.491742,218.149977,-24.625826,218.170278,-26.456906,218.170801,-26.489222,218.177956,-26.825607,218.192436,-27.068409,218.305521,-28.220228,218.360373,-28.789702,218.471364,-29.369965,218.778743,-30.431061,218.921668,-30.825111,219.310681,-31.710598,219.683986,-32.34761,220.391698,-33.285895,220.960599,-33.867692,222.042171,-34.722171,223.29455,-35.327801,223.465146,-35.368145,223.485116,-35.377802,224.233449,-35.554775,224.55222,-35.642261,224.628439,-35.662166,225.069604,-35.771549,225.29502,-35.8395,225.642108,-35.923178,226.249544,-36.03394,226.321288,-36.046174,227.103284,-36.170318,227.297471,-36.176991,227.393753,-36.188507,228.683004,-36.313936,228.683004,-44.402352,228.53344,-44.439921,228.405357,-44.52739,228.325375,-44.547481,228.251376,-44.593713,228.156866,-44.617453,228.082854,-44.663693,227.988344,-44.687433,227.914345,-44.733665,227.819835,-44.757405,227.745829,-44.803641,227.651319,-44.827381,227.577313,-44.873617,227.482803,-44.897357,227.408797,-44.943593,227.314287,-44.967333,227.240275,-45.013573,227.145765,-45.037313,227.071766,-45.083545,226.977256,-45.107285,226.90325,-45.153521,226.808745,-45.17726,226.803729,-45.180394,226.657266,-45.19389,226.586032,-45.231127,226.467718,-45.242685,226.398207,-45.279266,226.277934,-45.291691,226.217348,-45.32379,226.100139,-45.336245,226.048304,-45.363805,225.93566,-45.375775,225.883826,-45.403334,225.771183,-45.415304,225.719346,-45.442865,225.606701,-45.454835,225.554866,-45.482395,225.442222,-45.494365,225.390387,-45.521924,225.277749,-45.533894,225.225909,-45.561456,225.113261,-45.573427,225.061429,-45.600985,224.948787,-45.612955,224.89695,-45.640516,224.784305,-45.652486,224.73247,-45.680046,224.621039,-45.691887,224.569152,-45.71945,224.45721,-45.731345,224.405273,-45.758921,224.293314,-45.770819,224.241364,-45.79839,224.129402,-45.810288,224.077429,-45.83786,223.965537,-45.84975,223.913531,-45.877327,223.797441,-45.889663,221.624559,-47.044936,220.721045,-48.119089,220.024546,-48.941202,219.435886,-49.98059,219.07369,-51.045826,218.899226,-51.54474,218.724175,-52.441916,218.698628,-52.962972,218.698328,-52.969218,218.631258,-54.394594,218.70373,-55.236541,218.851492,-55.901213,218.969462,-56.304117,219.483617,-57.708603,219.738545,-58.244162,220.078921,-58.815088,220.341823,-59.191354,221.268585,-60.332453,222.061213,-61.031359,222.869848,-61.534522,223.562817,-61.857668,224.969954,-62.317861,225.289189,-62.404157,226.050918,-62.568064,227.255298,-62.595524]}