{"Index":-1,"Tolerance":2.64560755E-05,"Coordinates":[220.310209,-64.508227,220.408698,-64.501923,222.055926,-64.370768,222.410808,-64.32226,223.599238,-64.090943,223.668634,-64.07663,228.297608,-63.067938,228.326233,-63.061562,228.391971,-63.0466,231.742225,-62.327566,234.305253,-61.884359,234.667543,-61.896486,235.388431,-61.758186,238.076766,-61.519473,239.178299,-61.428135,242.001651,-61.354056,246.824261,-61.357356,246.829007,-61.357356,247.868897,-61.356513,248.00628,-61.356607,248.010472,-61.356607,249.186324,-61.355862,250.79958,-61.359172,256.606277,-61.399324,256.772154,-61.396137,257.768214,-61.350948,258.0191,-61.35,277.623184,-61.35,281.342928,-57.630256,281.342928,-17.601341,277.623184,-13.881597,234.662177,-13.881597,234.069008,-13.811659,233.918983,-13.79757,233.86338,-13.793677,232.685021,-13.65474,232.522516,-13.625747,232.497112,-13.621321,230.053062,-13.205716,229.614465,-13.126447,229.582034,-13.120759,227.255157,-12.725081,226.53497,-12.593548,225.880594,-12.464554,225.829078,-12.45484,222.790694,-11.907848,222.652997,-11.882376,222.334098,-11.839948,219.752045,-11.628746,218.774603,-11.699648,216.472833,-12.229954,215.812468,-12.460954,215.142174,-12.781907,214.65988,-13.067599,213.723754,-13.740161,213.180548,-14.234727,212.680386,-14.808835,212.307138,-15.337377,211.258816,-17.198159,210.965927,-17.905334,210.711617,-18.816185,210.611137,-19.346157,210.300654,-22.365385,210.289272,-22.50723,210.244675,-23.279849,210.240509,-23.546954,210.260003,-24.283294,210.260231,-24.291508,210.346753,-27.268508,210.427538,-27.894411,210.839147,-29.671051,210.851562,-29.722671,210.982118,-30.246218,211.203681,-30.859052,211.542652,-31.561761,211.895833,-32.131507,213.011507,-33.567901,213.718508,-34.23648,214.574145,-34.827567,215.36218,-35.223762,217.580593,-35.976632,218.410431,-36.139832,219.021443,-36.17727,219.047387,-36.178753,221.275193,-36.296963,221.504788,-36.300833,223.24954,-36.267148,223.765837,-36.285816,223.770812,-36.285992,228.683004,-36.455893,228.683004,-44.441489,227.841593,-44.595958,227.701902,-44.594558,227.528374,-44.597563,224.188828,-44.746743,222.91257,-44.702237,222.692905,-44.702178,220.232897,-44.78664,219.852672,-44.822659,219.197462,-44.924754,218.049903,-45.067233,217.283179,-45.26131,216.072161,-45.734239,215.811532,-45.849754,215.021809,-46.243072,214.467853,-46.594479,213.05814,-47.707934,212.136581,-48.872402,211.421643,-50.40423,211.375704,-50.507408,211.072544,-51.222254,210.84687,-52.049831,210.748114,-52.79742,210.470009,-54.79089,210.548097,-56.06242,210.927498,-57.48128,211.226899,-59.195323,212.32535,-61.120482,213.940983,-62.499976,214.033546,-62.576038,214.955516,-63.304952,216.073308,-63.87555,216.996782,-64.136095,217.301576,-64.206095,218.922048,-64.495134,219.635334,-64.540897]}