{"Index":-1,"Tolerance":2.03430775E-05,"Coordinates":[218.848178,-58.343465,219.881552,-58.331874,220.074191,-58.295691,220.080276,-58.295623,221.301575,-58.067118,221.780309,-57.995152,222.667999,-57.809127,225.264818,-57.242685,225.753365,-57.131489,225.8013,-57.120987,227.021047,-56.846228,230.534478,-56.092173,233.812507,-55.525326,234.169387,-55.526255,234.26916,-55.482588,237.533576,-55.192721,238.832373,-55.085026,241.673244,-55.010487,248.170188,-55.006474,249.494243,-55.007924,249.554076,-55.007769,250.827933,-55.009216,256.567233,-55.048902,258.00703,-55.0,274.992928,-55.0,274.992928,-20.231597,235.033004,-20.231597,235.033004,-20.313044,232.000268,-19.96799,231.419883,-19.879295,228.501288,-19.378135,226.555974,-19.047341,226.280842,-18.997086,224.678195,-18.69973,222.661543,-18.335981,221.625355,-18.14671,221.586541,-18.14208,221.566277,-18.138425,218.984626,-17.830475,218.950727,-17.827669,218.494691,-17.773271,217.877298,-17.722164,217.392865,-17.8427,216.038375,-18.689898,216.014539,-18.72394,215.980454,-18.875903,215.345276,-20.924651,215.246699,-21.466593,215.203811,-22.284411,215.219353,-26.794904,215.255367,-27.027762,215.506979,-28.810124,215.694146,-29.038893,216.27975,-29.894728,216.957011,-30.093704,217.66541,-30.341197,219.257885,-30.290519,221.121169,-30.351074,223.324701,-30.36519,226.725877,-30.522524,227.221935,-30.54662,233.603077,-30.919629,235.033004,-30.964971,235.033004,-49.487894,234.701091,-49.54075,234.581676,-49.551102,234.24393,-49.596492,234.052622,-49.535518,233.393606,-49.710769,231.625624,-49.948372,229.61363,-50.190284,225.566991,-50.451332,224.735598,-50.520232,224.296827,-50.525043,223.018763,-50.549579,220.041442,-50.635672,219.030976,-50.627169,218.823297,-50.619629,218.397649,-50.754527,217.332696,-50.92483,216.481917,-51.563774,216.17719,-51.866308,215.635049,-52.653095,215.519042,-53.218257,215.533877,-54.076818,215.354871,-55.066705,215.760918,-56.515248,215.812171,-56.80867,215.965444,-56.93954,216.794566,-58.049712,217.149954,-58.112017,218.010008,-58.408319]}