{"Index":-1,"Tolerance":2.0458517999999997E-05,"Coordinates":[217.409923,-58.495682,219.086659,-58.476874,219.279293,-58.440692,219.285382,-58.440624,219.576269,-58.386994,220.818227,-58.200294,222.98695,-57.745816,224.431582,-57.430699,224.759745,-57.356024,224.805125,-57.346088,227.021047,-56.846228,230.534478,-56.092173,233.812507,-55.525326,234.169387,-55.526255,234.26916,-55.482588,237.533576,-55.192721,238.82658,-55.085506,238.846263,-55.084662,241.673244,-55.010487,247.539132,-55.006863,249.364643,-55.008862,249.599732,-55.008255,250.827933,-55.009216,256.567233,-55.048902,258.00703,-55.0,274.992928,-55.0,274.992928,-20.231597,235.033004,-20.231597,235.033004,-20.313044,232.000268,-19.96799,231.419883,-19.879295,228.501288,-19.378135,226.761362,-19.082267,226.21205,-18.981923,224.678195,-18.69973,222.450937,-18.294874,221.745199,-18.165956,221.735051,-18.164746,221.715238,-18.161144,221.566277,-18.138425,220.50481,-18.013316,217.272503,-17.601873,216.593104,-17.61916,215.472261,-18.140151,214.815487,-19.407899,214.488312,-19.886787,214.4838,-20.226667,214.277106,-21.363002,214.132875,-24.113263,214.138884,-25.856998,214.364101,-27.313227,214.392197,-28.643092,214.416213,-29.028757,215.009562,-29.901287,215.361335,-30.337686,215.753245,-30.387333,216.781706,-30.746645,219.850184,-30.648996,220.723393,-30.578393,221.500208,-30.558824,222.583142,-30.588764,225.593764,-30.60805,227.067138,-30.676207,228.909901,-30.765718,230.849064,-30.879071,235.033004,-31.011741,235.033004,-49.487894,234.24393,-49.596492,234.052622,-49.535518,233.591114,-49.658246,232.750845,-49.745191,232.380036,-49.795025,231.835429,-49.842236,231.413958,-49.896462,230.920013,-49.939281,230.891422,-49.942959,226.746306,-50.286049,224.57099,-50.309904,223.952718,-50.321773,221.496341,-50.338671,218.871615,-50.300051,218.448744,-50.296493,217.739282,-50.270733,216.285197,-50.731565,216.087205,-50.763228,215.92903,-50.882018,214.941467,-51.862475,214.720946,-52.182508,214.477207,-53.369959,214.504602,-54.955406,214.482908,-55.116256,214.50873,-55.206045,214.698351,-56.766897,215.536608,-57.747412,215.715137,-58.073323,216.324142,-58.24826,217.109736,-58.518909]}