{"Inners":[{"Index":-1,"Tolerance":7.489000000000001E-06,"Coordinates":[14.425971,-42.478,13.291099,-42.3027,12.196207,-41.95622,11.178044,-41.45209,11.157504,-41.439842,10.227898,-40.785988,9.400901,-39.989898,8.704803,-39.076801,8.156272,-38.068218,7.768096,-36.9874,7.549446,-35.859836,7.505508,-34.712992,7.637199,-33.572101,7.941383,-32.464947,8.410979,-31.417427,9.035376,-30.453209,9.799491,-29.595886,10.685096,-28.865501,11.672133,-28.278774,12.737098,-27.849498,13.855155,-27.587894,15.0,-27.5,16.144844,-27.587894,17.262901,-27.849498,18.327926,-28.278804,19.314903,-28.865501,20.200523,-29.595897,20.964614,-30.453201,21.588798,-31.417098,22.058653,-32.4652,22.3628,-33.572101,22.494491,-34.712906,22.450546,-35.859847,22.231933,-36.987212,21.843727,-38.068231,21.295197,-39.0768,20.59922,-39.98989,19.771797,-40.786205,18.832603,-41.4468,17.803589,-41.956298,16.708901,-42.302699,15.574051,-42.478]}],"Index":-1,"Tolerance":1.5000004500000001E-05,"Coordinates":[15.033101,-49.997792,16.961664,-49.871414,18.857228,-49.494349,18.881238,-49.489202,20.71107,-48.868029,20.736593,-48.859938,22.470081,-48.005113,22.514913,-47.980763,24.122335,-46.906686,24.142429,-46.891255,25.595974,-45.616545,25.614113,-45.598705,26.888881,-44.145094,26.914356,-44.111141,27.988494,-42.503693,28.843866,-40.769213,28.856713,-40.744458,29.488888,-38.882298,29.866602,-36.98345,29.871894,-36.954915,30.000027,-35.001637,29.871617,-33.04211,29.493604,-31.141757,29.488433,-31.115098,29.481304,-31.095404,28.858265,-29.259974,27.990418,-27.500027,26.913301,-25.888064,26.905319,-25.868368,26.896482,-25.863724,25.618,-24.405874,25.606969,-24.393744,24.131397,-23.099705,22.518129,-22.021722,22.495617,-22.007127,20.754344,-21.148464,20.735182,-21.139823,18.896852,-20.515765,18.877458,-20.509885,16.973322,-20.131119,16.953341,-20.12777,15.016057,-20.000818,14.995813,-20.000055,13.058529,-20.127008,13.038352,-20.128842,11.134216,-20.507608,11.11444,-20.512011,9.276004,-21.136069,9.256954,-21.142966,7.515787,-22.00163,7.497774,-22.01091,5.883552,-23.089531,5.866886,-23.101033,4.407223,-24.381108,4.392156,-24.394658,3.112078,-25.854325,3.098872,-25.869688,2.020248,-27.48391,2.009115,-27.500841,1.150455,-29.242011,1.141585,-29.260223,0.517527,-31.098655,0.511245,-31.117302,0.511109,-31.117701,0.128336,-33.041854,0.126953,-33.062069,1E-06,-34.999353,0.128268,-36.957376,0.131965,-36.976764,0.134081,-36.9874,0.510731,-38.8809,0.517043,-38.900154,1.141102,-40.738586,1.149827,-40.756872,2.008487,-42.498043,2.019477,-42.515058,3.098102,-44.12928,3.111182,-44.144752,4.39126,-45.604418,4.406217,-45.61809,5.865879,-46.898165,5.882456,-46.909805,7.496678,-47.988426,7.521252,-48.000879,9.260919,-48.858803,9.288723,-48.868042,11.120898,-49.489975,11.150279,-49.495318,13.046978,-49.872609,13.072688,-49.873638,15.001996,-50.000064]}