{"Index":-1,"Tolerance":2.2426618E-05,"Coordinates":[75.243009,-86.347976,75.322991,-86.347215,75.323669,-86.34719,75.42073,-86.346243,76.335211,-86.286303,76.393866,-86.281913,76.396032,-86.281731,76.398716,-86.281542,76.6681,-86.261312,76.699579,-86.258791,77.723726,-86.17163,77.780538,-86.165218,77.838646,-86.160334,78.019805,-86.134787,78.095547,-86.124122,78.096112,-86.124026,78.192432,-86.110443,79.091489,-85.931612,79.146077,-85.920255,79.14908,-85.919603,79.153543,-85.918694,79.226359,-85.903525,79.249397,-85.898637,80.434915,-85.642488,80.511149,-85.623704,80.564053,-85.612205,80.736896,-85.564251,80.815526,-85.542457,80.816221,-85.542243,80.910536,-85.516076,81.778168,-85.221557,81.82786,-85.204229,81.831739,-85.20284,81.837588,-85.200827,81.908393,-85.176118,81.932521,-85.167588,83.095147,-84.751317,83.12071,-84.741334,83.19343,-84.715298,83.358627,-84.645263,83.437315,-84.611915,83.437671,-84.611752,83.527804,-84.57354,84.349772,-84.16818,84.394025,-84.145925,84.398486,-84.143638,84.416787,-84.134491,84.505868,-84.089375,84.519841,-84.082254,85.561565,-83.548177,85.596581,-83.529374,85.685543,-83.483744,85.783859,-83.425942,85.835926,-83.396693,85.88903,-83.36411,86.000733,-83.298437,86.762511,-82.789427,86.800955,-82.76333,86.805951,-82.759885,86.814086,-82.754405,86.873441,-82.71409,86.890294,-82.702565,87.896947,-82.009343,87.938027,-81.979249,87.995025,-81.939944,88.140892,-81.826309,88.207214,-81.774683,88.208078,-81.773969,88.286248,-81.713072,88.975247,-81.108845,89.007648,-81.080036,89.012965,-81.075243,89.021589,-81.067626,89.150078,-80.953325,89.166422,-80.938685,90.005019,-80.182243,90.029094,-80.159224,90.042117,-80.147479,90.490894,-80.242399,92.301347,-80.686363,92.933125,-80.775449,94.424734,-80.834685,94.760588,-80.830254,95.617063,-80.773582,95.851785,-80.749265,96.436534,-80.666629,97.142082,-80.482644,97.753081,-80.245809,98.110412,-80.081183,99.912955,-79.111228,100.471158,-78.729278,101.601983,-77.764177,102.663957,-76.008024,103.407068,-72.738019,103.42272,-72.665204,103.634432,-71.620784,103.697873,-70.992823,103.698248,-70.719595,103.700601,-70.696304,103.701,-70.405576,103.714527,-68.93527,103.714658,-68.910414,103.716267,-67.737507,103.716265,-67.728021,103.71121,-64.599847,103.710982,-64.566597,103.709213,-64.42024,103.710012,-63.83738,103.709783,-63.794648,103.707958,-63.64362,103.708757,-63.060676,103.708528,-63.017938,103.695478,-61.938477,103.70488,-59.299406,103.704897,-59.283382,103.704683,-59.139166,103.705062,-59.03272,103.705081,-59.023689,103.705278,-58.74899,103.707025,-56.313872,103.707022,-56.30688,103.705653,-55.384877,103.705598,-55.370298,103.697059,-53.965109,103.697,-53.963579,103.696842,-53.857352,103.688896,-53.63751,103.612687,-52.562427,103.54507,-50.639297,103.400188,-49.794714,103.044528,-48.663549,102.576341,-46.648797,102.111717,-45.58262,101.022555,-43.968572,98.936719,-42.579434,96.497114,-42.090284,94.427559,-41.557894,93.124834,-41.496457,91.88105,-41.69404,91.169514,-41.893874,90.122317,-42.324395,87.696957,-43.212222,87.037007,-43.545118,85.33624,-44.667821,85.22838,-44.742262,84.399908,-45.33965,84.268417,-45.439766,84.000714,-45.654825,83.930721,-45.622293,83.883216,-45.600686,83.064189,-45.23626,82.921768,-45.17699,82.758871,-45.113797,82.758257,-45.113528,82.632395,-45.064732,82.588013,-45.047515,82.587569,-45.047354,82.505964,-45.015716,81.638088,-44.721116,81.502522,-44.678457,81.501855,-44.678263,81.105243,-44.553557,81.016397,-44.52704,80.253459,-44.311416,80.143553,-44.282468,80.110281,-44.274338,80.109698,-44.274169,79.982339,-44.243077,79.929538,-44.230175,79.929048,-44.230066,79.84383,-44.209262,78.944979,-44.030461,78.808141,-44.006341,78.807356,-44.00622,78.631663,-43.975294,78.582729,-43.967075,77.692537,-43.824686,77.537198,-43.803756,77.375225,-43.785991,77.374563,-43.785889,77.239976,-43.771157,77.187562,-43.765408,77.187043,-43.765363,77.099364,-43.755765,76.184785,-43.695833,76.048972,-43.68985,76.048576,-43.689841,76.011708,-43.688216,75.995926,-43.687858,75.715334,-43.675211,75.648013,-43.672891,74.874167,-43.654448,74.731459,-43.654254,74.600094,-43.657028,74.599281,-43.65701,74.458398,-43.660021,74.408687,-43.661071,74.408114,-43.661096,74.319489,-43.66299,73.404957,-43.722919,73.272617,-43.734376,73.272109,-43.734431,73.234748,-43.737666,73.218456,-43.739421,72.885866,-43.76793,72.799847,-43.776484,71.980347,-43.869263,71.857941,-43.885537,71.831272,-43.889612,71.83065,-43.889679,71.689398,-43.91129,71.639308,-43.918944,71.638871,-43.919021,71.551032,-43.93246,70.652249,-44.111246,70.52567,-44.139123,70.52501,-44.139283,70.339096,-44.180269,70.291154,-44.191228,69.389662,-44.404661,69.237732,-44.444625,69.116447,-44.479758,69.11568,-44.479943,68.976886,-44.520184,68.927251,-44.534562,68.926713,-44.534731,68.840877,-44.559618,67.97295,-44.854237,67.853807,-44.89735,67.853348,-44.897526,67.817328,-44.910561,67.801458,-44.916665,67.478771,-45.033139,67.401254,-45.062266,66.636918,-45.360904,66.519799,-45.409381,66.500585,-45.417787,66.499768,-45.418101,66.369961,-45.474932,66.318019,-45.497656,66.317383,-45.497952,66.235158,-45.533951,65.413285,-45.939259,65.303479,-45.996094,65.303022,-45.996342,65.268639,-46.014139,65.253794,-46.022194,64.987283,-46.15983,64.930069,-46.19012,64.233677,-46.567945,64.107547,-46.640161,64.028872,-46.687629,64.028268,-46.687957,63.901635,-46.764398,63.855768,-46.792071,63.855348,-46.792338,63.778303,-46.838845,63.01634,-47.347988,62.917381,-47.416866,62.917018,-47.417129,62.884934,-47.43946,62.871024,-47.449539,62.615976,-47.62672,62.554392,-47.6706,61.863155,-48.175625,61.756357,-48.257174,61.743362,-48.267539,61.742798,-48.267948,61.627793,-48.359722,61.583381,-48.395146,61.582968,-48.395492,61.512329,-48.451861,60.823392,-49.056033,60.736503,-49.135123,60.736197,-49.135412,60.707106,-49.161891,60.694409,-49.173884,60.46131,-49.385683,60.407244,-49.435967,59.788257,-50.025241,59.691756,-50.121134,59.682455,-50.130781,59.681894,-50.131311,59.579224,-50.237853,59.538348,-50.280249,59.537932,-50.280701,59.474955,-50.346053,58.8707,-51.035082,58.796846,-51.122422,58.796353,-51.123026,58.57725,-51.382267,58.535771,-51.432376,57.974529,-52.124715,57.888079,-52.236343,57.88099,-52.245929,57.880498,-52.246533,57.790131,-52.368798,57.755931,-52.415047,57.755592,-52.415529,57.701454,-52.488777,57.192333,-53.250709,57.132162,-53.344266,57.131757,-53.34492,56.945765,-53.634261,56.912023,-53.687922,56.445785,-54.446093,56.373661,-54.56952,56.369444,-54.577124,56.369054,-54.577755,56.294762,-54.711801,56.266106,-54.763477,56.265841,-54.763984,56.221499,-54.84399,55.816195,-55.665852,55.770045,-55.763593,55.769733,-55.764285,55.640391,-56.038388,55.618045,-56.086792,55.247095,-56.908383,55.1875,-57.049339,55.173374,-57.08513,55.173043,-57.085864,55.115832,-57.230929,55.094158,-57.285845,55.093948,-57.286417,55.060241,-57.371885,54.765677,-58.239654,54.733568,-58.339649,54.733353,-58.340359,54.639514,-58.632843,54.62412,-58.6822,54.362784,-59.544786,54.321639,-59.693523,54.313273,-59.726904,54.312997,-59.727814,54.275794,-59.876441,54.260141,-59.938896,54.259966,-59.939675,54.237561,-60.029184,54.058754,-60.928078,54.040456,-61.028469,54.040332,-61.02922,54.000079,-61.250388,53.992265,-61.295138,53.829693,-62.267134,53.807194,-62.426326,53.803429,-62.458899,53.803284,-62.459772,53.785296,-62.615761,53.778034,-62.678581,53.77797,-62.679291,53.76736,-62.771296,53.707434,-63.685775,53.702502,-63.784649,53.702476,-63.785407,53.688949,-64.057888,53.686907,-64.106579,53.654135,-65.062998,53.652651,-65.220755,53.652849,-65.233581,53.652833,-65.234046,53.655327,-65.3941,53.656309,-65.457747,53.656324,-65.458117,53.657766,-65.550675,53.717688,-66.465099,53.725395,-66.560601,53.725453,-66.561205,53.747846,-66.83797,53.752227,-66.887327,53.845507,-67.852581,53.863396,-67.999622,53.863876,-68.004625,53.886678,-68.15969,53.896757,-68.228331,53.896853,-68.228885,53.910406,-68.321055,54.089206,-69.21991,54.108639,-69.310653,54.108798,-69.311346,