{"Index":-1,"Tolerance":2.6805868499999997E-05,"Coordinates":[218.050334,-64.804878,219.633701,-64.787116,220.185241,-64.732646,220.367852,-64.698347,220.371372,-64.698004,221.070849,-64.568538,222.092774,-64.414915,222.272037,-64.382686,224.222363,-63.973973,224.247801,-63.968534,226.007189,-63.584761,226.035165,-63.578526,226.186383,-63.544108,226.212735,-63.538359,226.235165,-63.533381,228.386415,-63.047792,231.742225,-62.327566,234.349289,-61.876744,234.814284,-61.877955,235.391862,-61.757881,238.076766,-61.519473,239.1783,-61.428135,241.758475,-61.360436,247.695249,-61.356768,249.395926,-61.358631,249.407597,-61.358622,249.588042,-61.358156,250.803345,-61.359198,256.588201,-61.399199,256.717943,-61.397445,258.114849,-61.35,277.623184,-61.35,281.342928,-57.630256,281.342928,-17.601341,277.623184,-13.881597,234.67723,-13.881597,232.839136,-13.672465,232.436954,-13.611003,229.573403,-13.119295,229.568336,-13.118429,227.812681,-12.819886,227.41608,-12.747439,225.823355,-12.45384,225.811366,-12.451653,224.656226,-12.243298,222.75956,-11.896835,222.612101,-11.874594,222.598303,-11.872105,222.407119,-11.8436,219.124998,-11.455928,219.111042,-11.454311,218.902644,-11.43063,218.856493,-11.425125,217.757933,-11.285288,217.275559,-11.260866,216.224401,-11.287613,214.953585,-11.585535,211.976703,-12.969251,210.455086,-14.426976,209.046551,-17.145823,208.832677,-17.667149,208.670818,-18.189225,208.57959,-18.561564,208.23577,-20.451771,208.188824,-20.854097,208.05468,-23.412028,208.050341,-23.589279,208.05986,-26.351585,208.097197,-26.826581,208.383859,-28.680109,208.390258,-28.982974,208.395688,-29.113242,208.464729,-30.222,209.017978,-31.838824,210.256765,-33.660482,210.410373,-33.867735,211.44252,-35.148184,213.593395,-36.348989,214.349634,-36.44479,215.461236,-36.833149,216.61917,-37.010701,220.793349,-36.877865,220.86562,-36.87474,220.93394,-36.871006,220.956696,-36.871394,224.859379,-36.896395,226.681155,-36.980668,228.148563,-37.051946,228.683004,-37.083187,228.683004,-43.770668,225.946208,-43.997475,224.419756,-44.014213,224.393627,-44.014607,222.475496,-44.051432,221.239581,-44.059933,219.862506,-44.039672,219.842513,-44.039441,218.736243,-44.030132,217.694881,-43.992321,216.612517,-44.139674,215.344674,-44.541482,214.630917,-44.655623,213.204724,-45.260895,212.079184,-46.106186,211.748488,-46.392139,210.567195,-47.564934,210.188894,-48.01757,209.358294,-49.222984,208.857555,-50.39784,208.447146,-52.397273,208.382581,-53.092621,208.404904,-54.384507,208.351317,-54.680828,208.419345,-56.12113,208.611537,-56.80676,208.813557,-58.469677,209.568194,-60.186579,210.813967,-61.643768,211.138143,-62.23557,213.122555,-63.822935,214.285189,-64.156902,215.88247,-64.70719,217.175055,-64.872603]}