{"Index":-1,"Tolerance":2.2729933499999996E-05,"Coordinates":[94.749904,-39.048679,95.437541,-38.902369,95.915792,-38.760611,95.945686,-38.74913,97.725838,-38.421644,99.76094,-37.16116,100.547905,-36.112186,100.668212,-36.015258,101.550556,-34.900828,102.145754,-33.658434,102.156624,-33.63551,102.701794,-32.473809,102.985405,-31.465579,103.041797,-30.953316,103.483911,-28.928145,103.556193,-28.326826,103.560893,-28.133652,103.569459,-28.062391,103.574159,-27.869222,103.582725,-27.797961,103.588097,-27.577175,103.610583,-27.128964,103.610693,-27.126751,103.667828,-25.97177,103.671619,-25.838316,103.687041,-23.748695,103.687117,-23.733515,103.687775,-23.480504,103.689093,-23.426319,103.690021,-23.357356,103.690749,-23.077489,103.692068,-23.023261,103.692996,-22.954298,103.693724,-22.674395,103.695042,-22.620208,103.69597,-22.551238,103.705441,-18.905,103.705395,-18.877775,103.704133,-18.666646,103.704169,-18.652827,103.70414,-18.628735,103.695191,-16.839429,103.695174,-16.836326,103.679525,-14.21899,103.679516,-14.217506,103.661798,-11.468963,103.661555,-11.462293,103.658436,-10.940635,103.658139,-10.93243,103.655016,-10.410128,103.654719,-10.401927,103.651597,-9.879766,103.644684,-9.688457,103.610984,-9.180659,103.51604,-8.592446,103.398021,-8.137451,103.027603,-6.550471,102.96656,-6.326324,102.639043,-5.276724,101.963201,-4.088024,100.819895,-2.814291,100.476998,-2.485422,98.798845,-1.10113,96.808264,-0.356188,93.803732,-0.276664,93.6538,-0.276236,92.516883,-0.29984,91.649022,-0.438964,90.992013,-0.640151,90.949753,-0.653415,90.832819,-0.691014,90.653789,-0.486867,90.594952,-0.424854,90.594306,-0.424146,90.567462,-0.39588,90.482528,-0.306361,90.481439,-0.3053,90.423815,-0.244623,90.350736,-0.170161,89.753322,0.418877,89.680858,0.488104,89.412926,0.7361,89.411762,0.737234,89.353084,0.791488,89.345857,0.798178,89.34556,0.798446,89.289093,0.850656,88.643278,1.417016,88.454971,1.56984,88.454762,1.569997,88.437215,1.584238,88.430765,1.589076,88.266512,1.722692,88.150963,1.812347,87.451924,2.32939,87.400455,2.366667,87.259963,2.466294,87.25868,2.467257,87.189773,2.516069,87.180997,2.522292,87.18066,2.522524,87.117412,2.567327,86.403488,3.044372,86.202697,3.168013,86.202466,3.168144,86.182465,3.18046,86.175166,3.184589,85.984938,3.302032,85.861241,3.374593,85.106256,3.794854,85.047801,3.826595,84.902743,3.903406,84.901377,3.904179,84.82315,3.945553,84.811867,3.951527,84.811464,3.951733,84.742321,3.988302,83.972098,4.368138,83.762896,4.462076,83.762476,4.462246,83.740192,4.472252,83.731859,4.475638,83.517095,4.572349,83.387906,4.627125,82.589944,4.944846,82.525177,4.969817,82.378763,5.024437,82.377397,5.024992,82.292276,5.056701,82.27708,5.06237,82.276584,5.062547,82.202788,5.090037,81.389551,5.366091,81.310438,5.389884,81.309679,5.390127,81.28063,5.398849,81.176082,5.430292,81.174694,5.430657,80.898611,5.513552,80.770999,5.548984,79.946098,5.759597,79.875776,5.7767,79.731052,5.810156,79.729562,5.810548,79.636481,5.832019,79.619847,5.835864,79.619308,5.83598,79.54178,5.853863,78.699578,6.021391,78.618536,6.03466,78.61779,6.034795,78.592247,6.038964,78.486092,6.056345,78.484532,6.056546,78.368589,6.075471,78.290915,6.087164,77.49522,6.196908,77.369882,6.211663,77.004654,6.247315,77.003184,6.247505,76.907674,6.256782,76.885151,6.258981,76.884455,6.259038,76.804749,6.26678,75.947799,6.322938,75.866434,6.325575,75.86567,6.325612,75.840974,6.3264,75.73806,6.329735,75.736466,6.329734,75.611147,6.333732,75.535691,6.335242,74.72623,6.341817,74.596991,6.340237,74.244193,6.328737,74.24275,6.328736,74.140394,6.325353,74.118446,6.324638,74.117829,6.324608,74.037104,6.32194,73.180173,6.265785,73.09999,6.257945,73.099383,6.257895,73.078452,6.255839,72.977719,6.245989,72.976265,6.2458,72.619975,6.210797,72.492659,6.195688,71.692943,6.084371,71.617237,6.072901,71.496282,6.053081,71.494718,6.052877,71.39281,6.036125,71.366574,6.031826,71.365775,6.031681,71.285218,6.018439,70.442907,5.850888,70.364877,5.832834,70.364157,5.832679,70.34348,5.827883,70.251021,5.806491,70.249429,5.80607,70.109631,5.773647,70.037509,5.756029,69.216509,5.545271,69.090943,5.510275,68.806793,5.424758,68.805319,5.424368,68.701581,5.393092,68.675514,5.385247,68.674792,5.385016,68.596016,5.361266,67.782848,5.085236,67.708514,5.05749,67.70809,5.057339,67.694861,5.052394,67.604382,5.018622,67.602957,5.018041,67.271886,4.894288,67.162963,4.851267,66.401239,4.534053,66.320584,4.499148,66.220827,4.454326,66.219568,4.453813,66.118912,4.408535,66.090465,4.395754,66.089771,4.395427,66.014277,4.361468,65.244184,3.981696,65.174866,3.94498,65.174452,3.944768,65.161615,3.937961,65.081706,3.895635,65.080434,3.894914,64.756747,3.723271,64.657235,3.668197,63.947162,3.258432,63.869033,3.211842,63.782293,3.158417,63.780839,3.157592,63.684077,3.097924,63.655824,3.080522,63.655002,3.079995,63.583588,3.035957,62.869421,2.558749,62.805794,2.513607,62.805443,2.513365,62.795931,2.506609,62.724432,2.455882,62.723155,2.454921,62.413987,2.235333,62.325107,2.169852,61.677908,1.67545,61.60393,1.617181,61.530751,1.557761,61.529458,1.556788,61.438193,1.482605,61.411278,1.460751,61.410548,1.460135,61.344994,1.406851,60.69951,0.840785,60.642797,0.788282,60.642613,0.788116,60.637529,0.783405,60.574037,0.724626,60.572917,0.723532,60.310831,0.480666,60.236848,0.409857,59.638182,-0.181914,59.566703,-0.25488,59.505817,-0.319066,59.504696,-0.320161,59.421853,-0.407581,59.395391,-0.435477,59.394717,-0.436216,59.336142,-0.498027,58.769738,-1.143895,58.72056,-1.202996,58.720372,-1.203216,58.71608,-1.20838,58.664402,-1.270485,58.663323,-1.271852,58.427223,-1.555907,58.365135,-1.633021,57.850244,-2.293331,57.786739,-2.377624,57.739051,-2.443161,57.738118,-2.444343,57.665279,-2.544544,57.641543,-2.577164,57.640982,-2.577968,57.590585,-2.647297,57.113509,-3.36127,57.065542,-3.437076,57.051614,-3.458699,57.039074,-3.478906,57.028956,-3.494896,57.0237,-3.503678,57.01279,-3.521258,56.871059,-3.744665,56.829518,-3.811983,56.407209,-4.515826,56.342205,-4.629406,56.261727,-4.776997,56.260883,-4.778408,56.200385,-4.889496,56.179731,-4.927373,56.179214,-4.928369,56.13777,-5.004469,55.757957,-5.774642,55.694115,-5.912293,55.693777,-5.913069,55.679291,-5.944306,55.673852,-5.956809,55.596722,-6.122536,55.567808,-6.186504,55.209384,-7.003386,55.155853,-7.133105,55.098103,-7.282317,55.097462,-7.28379,55.05022,-7.406035,55.03423,-7.447348,55.033859,-7.448369,55.002382,-7.52982,54.726372,-8.34293,54.682852,-8.481468,54.682414,-8.482983,54.619513,-8.683565,54.602474,-8.739712,54.341272,-9.629946,54.303392,-9.770973,54.267838,-9.916635,54.267401,-9.918145,54.235511,-10.049074,54.224499,-10.094188,54.224265,-10.095246,54.203435,-10.180765,54.035895,-11.023014,54.011792,-11.159746,54.011671,-11.160535,54.005412,-11.196037,54.003013,-11.211633,53.961445,-11.446093,53.950099,-11.514418,53.815686,-12.382315,53.797298,-12.521246,53.78465,-12.636274,53.784431,-12.6377,53.769511,-12.773965,53.764009,-12.824005,53.763917,-12.825059,53.754276,-12.913107,53.698117,-13.770116,53.692219,-13.902263,53.692197,-13.903189,53.690549,-13.940135,53.690146,-13.957108,53.676984,-14.247352,53.674413,-14.325056,53.655813,-15.217879,53.655782,-15.348648,53.656742,-15.395798,53.656704,-15.397392,53.659654,-15.538855,53.660694,-15.589936,53.660743,-15.591087,53.662608,-15.680498,53.718759,-16.537364,53.729479,-16.662789,53.729574,-16.663693,53.732771,-16.701103,53.734578,-16.718239,53.756429,-16.976423,53.763239,-17.04739,53.862361,-17.97121,53.880004,-18.107688,53.886152,-18.148306,53.886314,-18.149839,53.907856,-18.291689,53.916103,-18.346171,53.916307,-18.347337,53.929838,-18.436435,54.097395,-19.278774,54.122896,-19.395458,54.123268,-19.39702,54.1756,-19.635895,54.187325,-19.687363,54.41129,-20.634103,54.449728,-20.780848,54.469103,-20.84821,54.469471,-20.849753,54.510097,-20.990732,54.526035,-21.046143,54.526407,-21.047331,54.551556,-21.134601,54.827618,-21.947862,54.865787,-22.054068,54.866389,-22.055655,54.966862,-22.334756,54.986796,-22.3886,55.329539,-23.289256,55.385113,