{"Index":-1,"Tolerance":1.2677695499999998E-05,"Coordinates":[267.712314,-57.630256,267.712314,-17.601341,263.99257,-13.881597,246.076667,-13.881597,242.356923,-17.601341,242.356923,-57.630256,246.076667,-61.35,263.99257,-61.35]}