{"Inners":[{"Index":-1,"Tolerance":7.489000000000001E-06,"Coordinates":[14.425971,-42.478,13.291099,-42.3027,12.193181,-41.954722,11.546691,-41.634624,10.809163,-41.19483,10.227917,-40.786002,9.400901,-39.989898,8.704803,-39.076801,8.156272,-38.068224,7.768096,-36.9874,7.549449,-35.85984,7.505508,-34.712971,7.637199,-33.572101,7.941383,-32.464947,8.410972,-31.417444,9.035363,-30.453226,9.799489,-29.595888,10.685096,-28.865501,11.672132,-28.278775,12.435649,-27.971009,12.737098,-27.849498,13.855155,-27.587894,15.0,-27.5,16.144844,-27.587894,17.262901,-27.849498,18.327922,-28.278802,19.314903,-28.865501,20.200518,-29.595894,20.964614,-30.453201,21.588798,-31.417098,22.058626,-32.465135,22.3628,-33.572101,22.494491,-34.712939,22.49449,-34.712974,22.450546,-35.859847,22.231933,-36.987212,21.94432,-37.78811,21.843756,-38.068144,21.627764,-38.465299,21.2952,-39.076795,20.599231,-39.989878,20.306702,-40.271409,19.771799,-40.786202,18.832603,-41.4468,17.803594,-41.956295,17.693349,-41.991181,16.708956,-42.302679,16.565546,-42.324834,15.574051,-42.478]}],"Index":-1,"Tolerance":1.5000227999999997E-05,"Coordinates":[16.87912,-49.876356,17.083991,-49.862135,17.084473,-49.862039,17.094185,-49.861362,17.974302,-49.686289,18.843819,-49.499873,18.850328,-49.497664,18.851585,-49.497393,20.48017,-48.962225,20.609711,-48.921159,20.61884,-48.916658,20.619471,-48.91645,21.447242,-48.509047,22.106187,-48.203285,22.122581,-48.193422,22.135644,-48.187361,22.299315,-48.097884,22.797698,-47.79806,22.999688,-47.667557,23.026665,-47.649531,23.040086,-47.641457,23.80309,-47.131619,23.812051,-47.124737,23.827647,-47.114316,23.876762,-47.079711,24.411286,-46.670768,24.500905,-46.597273,24.515193,-46.584743,24.530778,-46.572774,25.221864,-45.966716,25.237822,-45.951021,25.250641,-45.939779,25.279419,-45.912843,25.838045,-45.363419,25.858403,-45.342029,25.867119,-45.33209,25.878761,-45.32064,26.486805,-44.627289,26.803679,-44.254769,26.812717,-44.24198,26.816974,-44.236955,27.371297,-43.452586,27.38356,-43.434234,27.409375,-43.397706,27.926947,-42.62316,27.93091,-42.615123,27.931681,-42.61397,27.988494,-42.503693,28.398017,-41.673894,28.804366,-40.890932,28.80781,-40.880787,28.808392,-40.879665,28.856713,-40.744458,29.140874,-39.907423,29.346213,-39.357453,29.356729,-39.322334,29.356886,-39.321912,29.488746,-38.882462,29.759433,-37.579683,29.782963,-37.480765,29.797227,-37.386901,29.816149,-37.285216,29.87724,-36.874291,29.886312,-36.740438,30.001,-35.059308,30.000631,-35.05367,30.00074,-35.052054,30.000027,-35.001637,29.926183,-33.71531,29.924828,-33.643178,29.917574,-33.565347,29.917227,-33.559296,29.871617,-33.04211,29.626094,-31.748419,29.622329,-31.721133,29.472037,-31.023525,29.229127,-30.352508,28.858265,-29.259974,28.355532,-28.240456,28.214571,-27.917354,27.990981,-27.500979,27.990693,-27.500548,27.990664,-27.500494,27.230365,-26.343935,27.210416,-26.311424,27.082098,-25.860121,26.762075,-25.691931,26.019551,-24.845232,25.620045,-24.40594,25.61553,-24.401981,25.615279,-24.401705,24.765201,-23.655744,24.462099,-23.367467,24.437501,-23.347569,24.437363,-23.347438,24.13137,-23.0998,22.518129,-22.021722,22.353144,-21.926706,22.346724,-21.92354,22.341271,-21.920005,21.252565,-21.383137,21.232478,-21.374079,21.21424,-21.365085,20.572223,-21.075562,20.565325,-21.07322,20.558643,-21.070207,19.409252,-20.680023,19.388718,-20.673797,19.369837,-20.667388,18.720051,-20.470386,18.713473,-20.469078,18.706934,-20.467095,17.516399,-20.230276,17.494605,-20.226624,17.474624,-20.222649,16.805129,-20.110448,16.798985,-20.110045,16.792777,-20.109005,15.581517,-20.029629,15.558758,-20.028772,15.53802,-20.027413,14.859718,-20.00187,14.854106,-20.002238,14.848376,-20.002022,13.637116,-20.081397,13.61381,-20.083516,13.59261,-20.084905,12.91656,-20.146365,12.911606,-20.147353,12.90641,-20.147825,11.715876,-20.384644,11.66882,-20.39512,11.647243,-20.399422,11.008534,-20.54162,11.004228,-20.543082,10.999708,-20.544088,9.850251,-20.934271,9.826896,-20.942727,9.806078,-20.949794,9.167822,-21.180893,9.164233,-21.182663,9.160394,-21.184053,8.071753,-21.720921,8.048954,-21.732667,8.028987,-21.742514,7.425433,-22.053468,7.422548,-22.055396,7.419405,-22.057015,6.410135,-22.731407,6.388233,-22.746523,6.369628,-22.758955,5.811214,-23.144358,5.809034,-23.146271,5.806575,-23.147968,4.893941,-23.948317,4.853033,-23.985108,4.835716,-24.000302,4.351662,-24.435631,4.350082,-24.437432,4.348288,-24.439046,3.547936,-25.351682,3.529127,-25.373564,3.514409,-25.390347,3.073157,-25.903694,3.07214,-25.905217,3.069689,-25.908068,2.395295,-26.917338,2.345524,-26.993031,2.333182,-27.011507,1.996056,-27.523625,1.994339,-27.527113,1.992138,-27.53046,1.455272,-28.619103,1.320481,-28.895822,1.229518,-29.080581,1.135925,-29.274504,1.135702,-29.275162,1.13402,-29.278615,0.748641,-30.417092,0.511161,-31.117719,0.269001,-32.333616,0.129487,-33.033249,0.1294,-33.034559,0.129334,-33.034889,0.09337,-33.575479,4.3E-05,-34.9766,9.9E-05,-34.977464,4E-05,-34.97835,1E-05,-34.994103,0.125298,-36.911949,0.127043,-36.938909,0.127068,-36.93904,0.127345,-36.943281,0.239727,-37.530762,0.243982,-37.552152,0.260933,-37.641046,0.497752,-38.83158,0.499612,-38.837254,0.499991,-38.839158,0.710252,-39.480469,0.717446,-39.501662,0.726353,-39.528829,1.116537,-40.678284,1.117627,-40.680569,1.118426,-40.682922,1.398793,-41.270501,1.408998,-41.291208,1.432518,-41.340501,1.969383,-42.429144,1.971054,-42.431731,1.972391,-42.434444,2.326326,-42.982394,2.339046,-43.001443,2.367402,-43.045343,3.041797,-44.054613,3.044158,-44.057405,3.046128,-44.060356,3.484384,-44.578745,3.498966,-44.595373,3.515484,-44.614911,4.315836,-45.527547,4.318939,-45.530383,4.321637,-45.53346,4.804513,-45.97485,4.821247,-45.989537,4.857491,-46.022667,5.770125,-46.823016,5.774023,-46.825753,5.777491,-46.828797,6.312935,-47.204798,6.331156,-47.216985,6.370453,-47.24458,7.379723,-47.918972,7.383881,-47.921079,7.388719,-47.924315,7.980952,-48.227583,8.268495,-48.36939,8.269667,-48.369984,9.303963,-48.880052,11.233564,-49.527859,11.374853,-49.553557,13.046978,-49.872609,13.20558,-49.902166,13.206619,-49.902208,13.218797,-49.90463,14.058043,-49.938207,15.001996,-50.000064,15.066885,-50.002152,15.068221,-50.002059,15.072292,-50.002326]}