{"Inners":[{"Index":-1,"Tolerance":7.489000000000001E-06,"Coordinates":[14.425971,-42.478,13.291099,-42.3027,12.188334,-41.952324,12.14231,-41.929536,10.227946,-40.786022,9.400901,-39.989898,8.704803,-39.076801,8.156271,-38.068233,7.768096,-36.9874,7.549453,-35.859847,7.505508,-34.712918,7.637199,-33.572101,7.941383,-32.464947,8.410959,-31.417472,9.035354,-30.45324,9.799489,-29.595888,10.685096,-28.865501,11.672124,-28.278779,12.737098,-27.849498,13.855155,-27.587894,15.0,-27.5,16.144844,-27.587894,17.262901,-27.849498,18.32792,-28.278801,19.314903,-28.865501,20.200511,-29.595889,20.964614,-30.453201,21.588798,-31.417098,22.058583,-32.465035,22.3628,-33.572101,22.494491,-34.712991,22.450546,-35.859847,22.231933,-36.987212,21.843801,-38.068005,21.295201,-39.076793,20.599241,-39.989865,19.771804,-40.786197,18.832603,-41.4468,17.803602,-41.956291,16.709066,-42.302644,15.574051,-42.478]}],"Index":-1,"Tolerance":2.10011565E-05,"Coordinates":[23.003147,-60.879371,24.911949,-60.803671,27.634706,-60.524568,28.349087,-60.388368,28.653808,-60.261281,28.883331,-60.211922,29.188048,-60.084837,29.417575,-60.035477,29.722295,-59.90839,29.95182,-59.859031,30.256537,-59.731945,30.486064,-59.682586,30.790786,-59.555498,31.020308,-59.50614,31.294662,-59.379956,32.043438,-58.981848,33.057993,-58.499672,34.25599,-57.862724,34.797258,-57.403225,34.800925,-57.401276,35.923457,-56.447254,38.021754,-54.202519,38.740084,-53.382625,40.114556,-51.58951,40.393472,-51.251,41.742564,-49.265299,41.876624,-48.995615,42.822326,-47.246851,43.313955,-45.77266,43.494314,-45.282737,43.784105,-44.092036,43.999461,-42.761636,44.065088,-42.160158,44.171303,-40.982188,44.065508,-39.550836,43.877913,-38.087346,43.784381,-37.472658,43.354,-35.729821,43.153805,-35.09216,42.668796,-33.701359,42.309972,-32.810595,41.904023,-31.879243,41.261132,-30.712999,41.173025,-30.525241,39.67236,-28.073426,39.369173,-27.781424,38.319961,-26.381092,38.128474,-26.233987,36.540945,-24.557202,35.312688,-23.670175,34.992206,-23.44536,34.786528,-23.247543,34.540187,-23.075908,34.494188,-23.047622,34.468553,-23.022967,32.878681,-21.900091,30.152863,-19.994854,29.922489,-19.898471,29.596196,-19.816658,29.451824,-19.732125,28.858471,-19.583352,28.714099,-19.498818,28.120745,-19.350045,27.976374,-19.265511,27.383018,-19.116737,27.238649,-19.032205,26.841969,-18.932744,26.417817,-18.898564,24.84733,-19.022727,24.195965,-19.435183,22.659173,-20.425242,22.576774,-20.530873,22.841552,-21.273557,22.905588,-21.650972,23.05111,-22.059149,22.471202,-21.858538,22.862038,-22.249428,22.518129,-22.021722,22.110903,-21.79144,21.329214,-21.419241,20.531483,-21.059496,20.29571,-20.9678,19.527498,-20.717929,18.667582,-20.45722,17.641724,-20.253159,16.545756,-20.080135,15.712008,-20.036278,14.814353,-20.002475,14.527251,-20.011226,12.875962,-20.152206,11.826543,-20.361513,10.973232,-20.55149,9.98277,-20.887702,9.14195,-21.192145,8.969852,-21.267468,7.40132,-22.067655,6.531654,-22.648764,5.709149,-23.223786,4.32647,-24.461325,3.058465,-25.922829,2.597243,-26.612261,1.964712,-27.578307,1.121799,-29.308325,0.511161,-31.117719,0.131279,-33.020346,1E-05,-34.994103,0.12679,-36.934799,0.490762,-38.805023,0.83015,-39.840177,1.105199,-40.650452,1.906215,-42.317846,2.447692,-43.167716,3.028803,-44.037382,3.608785,-44.723409,4.301549,-45.512659,5.623781,-46.707471,6.463428,-47.308044,7.140769,-47.771684,7.356882,-47.905048,8.05358,-48.267899,7.357406,-48.128358,6.803144,-48.484678,6.087331,-49.071477,5.671326,-49.352707,5.64384,-49.68628,5.613161,-50.419212,5.632043,-50.652581,6.308249,-53.376675,6.367034,-53.578408,7.278613,-54.452972,7.281961,-54.461102,7.682588,-54.838183,7.697283,-54.848652,9.049246,-56.100258,9.424254,-56.428371,10.842384,-57.180026,14.426766,-59.070787,14.702171,-59.171866,16.281975,-59.677076,16.717817,-59.799733,17.071877,-59.929681,17.507721,-60.052339,17.861779,-60.182286,18.628725,-60.337514,19.469648,-60.483256,21.826723,-60.866296,22.245688,-60.900877]}