{"Inners":[{"Index":-1,"Tolerance":8.9296855E-06,"Coordinates":[228.765853,-49.193309,227.21606,-49.114627,225.041018,-49.032263,223.133308,-48.996333,222.948825,-48.989347,221.897351,-48.969543,221.701771,-48.978434,219.467832,-48.878901,216.315369,-48.429541,215.826843,-48.3742,214.256084,-47.924063,214.191656,-47.913521,213.434091,-47.696423,212.603961,-47.470752,211.271955,-46.822889,210.893112,-46.675087,209.561101,-46.027221,208.576533,-45.643101,208.11906,-45.533411,207.797857,-44.906992,207.390633,-44.409054,207.351042,-44.331843,207.326329,-44.201008,207.211395,-44.079108,207.253609,-42.025653,206.824365,-41.570394,207.202052,-41.392327,207.322726,-41.146737,208.256273,-36.553648,209.539031,-35.362562,209.636926,-35.233911,209.978657,-34.916601,210.13886,-34.706064,210.362853,-34.506016,211.290731,-34.096429,212.294636,-33.642573,212.328919,-33.630384,214.107662,-32.82495,216.169703,-32.366394,218.690825,-31.916382,221.075804,-31.727483,222.14848,-31.640306,222.379317,-31.614126,223.221155,-31.553128,223.384856,-31.534562,224.96113,-31.483039,228.198791,-31.373573,229.35239,-31.40097,233.2226,-31.445075,233.83321,-31.501779,235.033004,-31.655583,235.033004,-49.061335,234.425918,-49.130764,232.559271,-49.213428,231.467824,-49.232944]}],"Index":-1,"Tolerance":2.3051901999999997E-05,"Coordinates":[206.127089,-61.376514,206.412245,-61.344333,207.229998,-61.293174,209.275039,-60.957452,210.237986,-60.737671,215.047053,-59.593806,215.966885,-59.386862,221.566763,-58.09336,227.021047,-56.846228,230.530703,-56.092983,233.280725,-55.622695,234.169387,-55.526255,234.40264,-55.470877,238.251142,-55.133221,239.633437,-55.068778,242.284933,-55.028905,246.194387,-55.032576,246.270387,-55.028652,246.477939,-55.028731,250.827933,-55.009216,256.567233,-55.048902,258.00703,-55.0,274.992928,-55.0,274.992928,-20.231597,235.033004,-20.231597,235.033004,-20.313044,232.000268,-19.96799,231.419883,-19.879295,226.768313,-19.083449,225.085497,-18.776035,222.500612,-18.282854,219.340982,-17.684759,218.491316,-17.536238,211.468022,-16.183058,210.678866,-16.09004,209.663186,-15.98813,206.193122,-15.315618,205.738118,-15.424994,203.945781,-15.806076,203.543282,-15.869338,203.194137,-16.108584,202.881575,-16.786187,202.451943,-17.180238,202.354152,-18.220362,202.164124,-18.957008,202.173098,-23.871245,202.150565,-25.732053,202.225771,-33.1236,202.227224,-33.491465,202.706659,-38.945767,203.60327,-40.756055,203.822266,-43.220169,204.646659,-44.810034,203.478312,-46.1143,203.025931,-48.421237,202.620708,-50.050822,202.211659,-54.538487,202.189955,-55.362464,202.432608,-59.304921,202.444054,-60.221929,203.180532,-60.840246,203.913153,-61.239505,204.523072,-61.338859,205.573993,-61.419422]}