{"Inners":[{"Index":-1,"Tolerance":1.1296570000000017E-06,"Coordinates":[14.913514,-36.128,14.777452,-36.106983,14.131334,-35.721035,14.050247,-35.61467,13.967663,-35.462826,13.909162,-35.299937,13.876133,-35.129602,13.869515,-34.956875,13.88942,-34.784437,13.935283,-34.617508,14.005962,-34.459845,14.100307,-34.314151,14.215682,-34.184702,14.349052,-34.074708,14.498002,-33.986167,14.658735,-33.921377,14.827241,-33.88195,15.0,-33.868686,15.172758,-33.88195,15.341259,-33.921376,15.502017,-33.986176,15.650943,-34.074704,15.784321,-34.184705,15.899674,-34.314129,15.993803,-34.459487,16.064748,-34.617742,16.110591,-34.784568,16.130485,-34.956918,16.123869,-35.129577,16.09086,-35.299799,16.032327,-35.46279,15.949559,-35.614987,15.844599,-35.752691,15.719795,-35.872803,15.578119,-35.972453,15.422956,-36.049279,15.257921,-36.101503,15.086413,-36.128]}],"Index":-1,"Tolerance":4.6346316499999995E-05,"Coordinates":[75.577358,-86.343794,77.803057,-86.165817,78.197535,-86.109206,80.502245,-85.629356,80.902676,-85.518235,83.16024,-84.729515,83.543391,-84.566779,85.654554,-83.50187,86.009682,-83.292816,87.963161,-81.965175,88.296037,-81.704992,89.403315,-80.714184,93.414227,-82.146691,93.640716,-82.218153,96.454524,-82.991568,97.103695,-83.099462,99.095244,-83.221411,99.271906,-83.2273,101.179442,-83.237769,101.462298,-83.270902,105.651601,-83.346687,105.769995,-83.346621,106.325726,-83.33595,106.711624,-83.374594,108.371776,-83.348844,109.116361,-83.377931,109.655487,-83.35317,111.165836,-83.154426,112.959614,-82.918385,113.231204,-82.870574,115.030224,-82.472661,115.323903,-82.392773,116.148784,-82.125336,116.445681,-82.012384,117.374726,-81.604667,117.876381,-81.571147,119.719337,-81.682316,119.833409,-81.687141,121.89655,-81.737261,122.038837,-81.737529,124.844291,-81.679939,125.385115,-81.622329,127.662081,-81.180355,127.993991,-81.09716,128.054622,-81.07844,128.465748,-81.04461,131.224077,-80.916617,135.641986,-80.750678,135.67827,-80.749107,136.407685,-80.713351,137.298868,-80.751086,137.394398,-80.753691,141.762858,-80.80707,142.001232,-80.801031,142.66327,-80.75935,142.880317,-80.738183,148.073789,-80.050991,148.384389,-79.994063,148.412664,-79.987413,148.644579,-79.982288,148.88095,-79.968236,150.379124,-79.822962,150.571142,-79.798414,151.085816,-79.716607,153.728896,-79.722237,154.452973,-79.640435,155.848765,-79.317849,156.676126,-79.171696,156.83293,-79.139903,160.002187,-78.413754,161.368559,-78.134874,161.430029,-78.121693,163.841562,-77.579546,164.013045,-77.553484,164.776651,-77.33751,165.494029,-77.033832,165.580536,-76.995684,167.096489,-76.30003,168.1928,-75.474329,169.425688,-74.039871,169.882295,-73.554097,170.497938,-72.608806,171.400148,-70.475373,171.598431,-69.814673,171.843252,-68.492061,171.894633,-68.018186,171.970436,-65.72034,171.97044,-65.511053,171.900173,-63.378281,171.854215,-61.265431,171.848048,-59.834856,171.826655,-45.311961,171.830776,-38.72933,171.830776,-38.725897,171.825689,-27.549679,171.825608,-27.528502,171.792704,-22.910635,171.809983,-19.337268,171.810002,-19.311255,171.794852,-14.799286,171.8237,-13.75421,171.972462,-9.809801,171.812666,-8.683633,171.112219,-6.567141,170.969382,-6.209726,170.567573,-5.357983,169.917634,-4.442152,168.187111,-2.73972,166.654087,-1.895569,164.562914,-1.407123,163.638276,-1.329645,163.55777,-1.334664,162.965681,-1.300102,162.777426,-1.294707,162.150349,-1.295338,161.058641,-1.193835,161.017069,-1.190246,150.953518,-0.38782,150.828944,-0.380347,150.097666,-0.350888,149.119641,-0.219971,147.81664,-0.313871,147.808626,-0.316149,147.604725,-0.313652,147.374329,-0.319193,144.02199,-0.521694,142.272952,-0.599343,142.161795,-0.606233,141.486008,-0.660032,137.984264,-0.735001,137.867938,-0.739626,137.843832,-0.741027,137.798556,-0.733475,134.689514,-0.278667,134.562226,-0.262666,133.884584,-0.191354,133.359488,-0.072402,131.499448,0.111007,131.307813,0.124066,127.08915,0.283584,126.971191,0.285851,125.995775,0.286472,124.957273,0.404741,124.913857,0.409383,121.452242,0.755458,115.394738,1.574985,115.309142,1.585384,113.952653,1.73152,113.621581,1.749785,111.162933,1.756935,111.136017,1.756899,108.459725,1.741994,108.415519,1.74144,103.660298,1.648733,103.621452,1.647738,100.911775,1.561724,100.88891,1.560916,95.920155,1.367342,95.782599,1.358991,95.077987,1.30084,94.709323,1.248525,91.272579,0.553344,90.495283,0.288194,90.083018,0.085017,89.781245,0.392949,89.605394,0.559216,88.389673,1.623949,88.16085,1.80643,86.825517,2.774164,86.625851,2.907649,85.964688,3.314362,85.817297,3.399668,84.439914,4.148293,84.22277,4.255794,83.493032,4.583027,83.333324,4.649481,81.865767,5.213742,81.639297,5.291156,80.882251,5.518464,80.72146,5.562178,79.215834,5.929376,78.928613,5.985548,77.542446,6.190871,77.385675,6.210121,76.500788,6.296501,76.259269,6.310818,74.735948,6.342988,74.461169,6.336898,72.755962,6.225154,72.49008,6.196449,70.998133,5.971491,70.711578,5.9147,69.207019,5.543883,68.946124,5.467604,67.386144,4.938069,67.144087,4.844715,65.767439,4.248106,65.542438,4.139901,64.739024,3.713873,64.604878,3.638521,63.400545,2.923094,63.18349,2.781877,62.39728,2.223467,62.275999,2.132901,61.19075,1.281472,60.992391,1.112248,60.288567,0.460034,60.171849,0.346167,59.139387,-0.714159,58.942598,-0.936111,57.883066,-2.249897,57.759673,-2.413424,57.347016,-2.998648,57.217328,-3.198024,56.130214,-5.014669,55.961528,-5.337139,55.229498,-6.956034,55.160178,-7.121653,54.93218,-7.712778,54.856878,-7.931402,54.354004,-9.584537,54.307122,-9.755693,54.157999,-10.366622,54.110233,-10.599975,53.8115,-12.400706,53.775464,-12.712904,53.67997,-14.170171,53.673306,-14.348844,53.660793,-15.720043,53.677922,-16.079798,53.830627,-17.538841,53.381794,-17.681465,50.543268,-18.32933,47.945598,-18.698392,47.887133,-18.707255,47.248085,-18.810223,45.358123,-19.05307,45.305246,-19.060317,42.560177,-19.460051,41.69175,-19.400047,39.926317,-18.970826,38.658563,-18.211917,36.540198,-16.712039,36.524432,-16.700948,33.463094,-14.561196,32.755596,-14.18899,31.602557,-13.756865,31.445676,-13.702702,29.859374,-13.201031,29.795706,-13.181627,28.316928,-12.747842,27.676578,-12.629416,26.675658,-12.548757,26.169592,-12.548374,23.565741,-12.754235,22.080389,-13.253802,20.382598,-14.342013,20.087382,-14.265233,18.818648,-14.01286,18.694325,-13.99069,17.360697,-13.780146,17.007574,-13.744465,14.905482,-13.650178,14.51833,-13.656425,12.181467,-13.836936,11.773498,-13.895247,9.457113,-14.381336,9.040183,-14.498991,6.640677,-15.356539,6.265978,-15.518276,4.335112,-16.503308,3.986471,-16.710193,1.955572,-18.097751,1.628873,-18.353784,-0.057671,-19.863291,-0.338693,-20.148685,-1.874036,-21.918323,-2.12515,-22.249171,-3.447601,-24.2508,-3.65301,-24.61071,-4.67564,-26.709584,-4.829863,-27.085384,-5.570654,-29.280435,-5.676004,-29.674433,-6.13644,-31.980515,-6.190954,-32.391916,-6.349866,-34.781312,-6.350112,-35.199432,-6.196559,-37.549959,-6.14479,-37.94991,-5.703104,-40.219454,-5.598881,-40.616333,-4.856202,-42.84693,-4.705525,-43.219168,-3.727804,-45.254391,-3.524297,-45.615574,-2.172533,-47.686153,-1.917657,-48.024857,-0.684637,-49.454086,-0.728331,-50.899935,-0.633654,-51.773555,0.427332,-55.997094,1.331739,-57.550297,3.336536,-59.464662,3.38625,-59.511125,5.437345,-61.387331,6.100073,-61.853917,11.649379,-64.785159,12.038807,-64.958535,12.577254,-65.156156,12.704109,-65.199697,16.115858,-66.29075,16.499156,-66.387512,18.338677,-66.731844,18.413571,-66.744937,20.931575,-67.154129,21.179775,-67.184491,21.911343,-67.244874,22.288525,-67.253534,25.247556,-67.145654,25.4557,-67.131208,28.418454,-66.827503,28.689433,-66.787858,29.742052,-66.587171,30.143573,-66.483065,33.222531,-65.466173,33.633377,-65.297828,35.91265,-64.172034,35.997101,-64.128739,37.537747,-63.309612,38.10159,-62.927295,39.265866,-61.940603,40.718634,-61.359295,40.739958,-61.350673,41.291884,-61.125174,42.711506,-61.487437,42.956047,-61.539681,48.041411,-62.418389,50.709558,-63.339128,50.972931,-63.409395,51.500388,-63.624755,52.60457,-63.860116,52.764041,-63.889871,53.696094,