{"Index":-1,"Tolerance":2.0557605999999998E-05,"Coordinates":[216.431982,-58.653223,218.028217,-58.652316,218.699931,-58.564119,220.096666,-58.354151,223.226163,-57.698332,223.806655,-57.57171,224.5679,-57.398447,224.64213,-57.38196,227.021047,-56.846228,230.534478,-56.092173,233.812507,-55.525326,234.169387,-55.526255,234.26916,-55.482588,237.533576,-55.192721,238.251142,-55.133221,238.872716,-55.103203,239.85725,-55.058344,241.580302,-55.012937,241.768217,-55.011961,247.099356,-55.007192,249.267443,-55.009566,249.670574,-55.008525,250.827933,-55.009216,256.567233,-55.048902,258.00703,-55.0,274.992928,-55.0,274.992928,-20.231597,235.033004,-20.231597,235.033004,-20.313044,232.000268,-19.96799,231.419883,-19.879295,226.768313,-19.083449,224.678195,-18.69973,222.252949,-18.258719,221.457589,-18.108163,220.570373,-17.953078,217.50301,-17.562631,215.257362,-17.619768,215.062877,-17.710168,214.948916,-17.930144,213.536947,-19.996852,213.521989,-21.12341,213.343823,-24.417953,213.285251,-25.155082,213.301097,-25.603924,213.356396,-28.221374,213.416796,-29.191295,213.732839,-29.656041,214.605272,-30.738355,215.577247,-30.861485,216.118928,-31.050732,217.735066,-30.999301,220.771776,-30.75377,223.473262,-30.685713,227.239324,-30.789835,229.315779,-30.876634,230.768299,-30.892236,231.856646,-30.922713,232.861012,-30.954561,235.033004,-31.015745,235.033004,-49.487894,234.24393,-49.596492,234.052622,-49.535518,233.591114,-49.658246,232.750845,-49.745191,232.380036,-49.795025,231.835429,-49.842236,230.961538,-49.936469,229.922929,-49.972131,228.254336,-50.110412,227.202742,-50.121944,223.744484,-50.114265,222.341239,-50.123919,220.762865,-50.100695,218.707165,-50.025204,217.184225,-50.018427,216.92627,-50.009061,216.306249,-50.20556,215.477865,-50.369552,215.16018,-50.427788,214.062281,-51.765326,214.000236,-51.820301,213.651692,-53.201744,213.384248,-55.193673,213.744188,-56.445268,213.781035,-56.748571,213.943924,-56.939104,214.569812,-58.081689,215.522058,-58.355223,216.191242,-58.677843]}