{"Index":-1,"Tolerance":2.0145334999999997E-05,"Coordinates":[221.005561,-58.115139,221.073892,-58.114372,221.236233,-58.082971,221.236852,-58.082922,221.294922,-58.071619,222.387877,-57.860214,226.514672,-56.960664,226.680731,-56.922868,226.722981,-56.91366,227.021047,-56.846228,230.534478,-56.092173,233.812507,-55.525326,234.169387,-55.526255,234.26916,-55.482588,237.533576,-55.192721,238.832373,-55.085026,241.8048,-55.007036,244.461608,-55.008855,246.509094,-55.007196,246.686516,-55.00726,249.122686,-55.005896,249.308872,-55.0061,250.827933,-55.009216,256.567233,-55.048902,257.612271,-55.001491,258.00703,-55.0,274.992928,-55.0,274.992928,-20.231597,235.033004,-20.231597,235.033004,-20.313044,234.66952,-20.276449,233.40028,-20.126798,233.269504,-20.117641,232.000268,-19.96799,231.419883,-19.879295,228.956067,-19.46033,228.501288,-19.378135,226.250822,-18.995451,225.264952,-18.815395,224.678195,-18.69973,221.54936,-18.136509,221.546544,-18.136279,221.445589,-18.117841,219.444251,-17.951763,218.315166,-18.232698,217.895362,-18.329417,217.344273,-18.676033,216.682441,-20.057122,216.648271,-20.121665,216.325511,-23.260275,216.315652,-23.431069,216.360468,-24.9891,216.362763,-26.783208,216.777653,-28.409467,216.787519,-28.479358,217.263704,-29.061386,217.508037,-29.375957,217.702046,-29.443575,218.968506,-29.921403,219.667955,-29.943815,221.531129,-30.042676,222.603915,-30.021965,224.791799,-30.101072,228.733508,-30.237406,232.112928,-30.463853,235.033004,-30.704869,235.033004,-49.621076,234.545274,-49.721664,234.245809,-49.57763,234.052622,-49.535518,233.828399,-49.614609,233.539787,-49.669483,233.447934,-49.710657,233.120964,-49.782727,232.70214,-49.89597,232.283316,-50.009214,232.191463,-50.050388,231.864492,-50.122458,231.445668,-50.235701,231.38253,-50.258882,230.672739,-50.350377,228.283592,-50.699494,225.780716,-50.836292,224.179293,-50.907829,223.71715,-50.891713,220.209868,-51.012133,219.293937,-51.154853,218.98166,-51.193625,218.72177,-51.295118,217.690117,-51.808928,217.303792,-52.114065,216.863329,-53.057802,216.801723,-53.203068,216.777005,-53.390186,216.549924,-55.017904,216.643454,-55.36768,216.921661,-56.96039,218.092111,-57.959767,218.126875,-58.006314,219.243051,-58.201999,219.360415,-58.242433]}