{"Index":-1,"Tolerance":2.54991115E-05,"Coordinates":[224.057221,-63.229758,224.713299,-63.236466,225.881845,-63.028471,226.053158,-62.963494,227.095875,-62.75671,227.22589,-62.726553,227.55045,-62.681348,227.861667,-62.593462,228.494985,-62.490828,228.506961,-62.487152,228.524693,-62.484944,228.661981,-62.445109,228.715783,-62.438409,228.853083,-62.398571,228.906893,-62.39187,229.044186,-62.352034,229.097995,-62.345333,229.235296,-62.305495,229.28911,-62.298793,229.426396,-62.258959,229.480202,-62.252258,229.617492,-62.212423,229.67129,-62.205723,229.80859,-62.165885,229.8624,-62.159184,229.999694,-62.119348,230.053501,-62.112647,230.190791,-62.072812,230.244608,-62.06611,230.381899,-62.026274,230.43571,-62.019573,230.772304,-61.921908,230.918956,-61.890881,231.108541,-61.833667,232.516291,-61.702466,232.53236,-61.700436,233.057899,-61.902832,235.566167,-61.846473,236.700545,-61.35,254.103239,-61.35,254.870089,-61.36135,254.929076,-61.361675,258.019113,-61.35,277.623184,-61.35,281.342928,-57.630256,281.342928,-17.601341,277.623184,-13.881597,232.402748,-13.881597,232.308612,-13.975733,232.234503,-13.971904,231.653618,-13.873163,231.627078,-13.868767,230.483855,-13.68439,228.841774,-13.125341,228.708939,-13.083346,228.687427,-13.077061,228.647203,-13.063366,228.514358,-13.021367,228.254648,-12.945485,227.976941,-12.877744,227.600191,-12.803625,225.88833,-12.466078,225.851658,-12.45907,225.539857,-12.401389,225.230823,-12.359783,224.397092,-12.288969,223.938175,-12.283237,222.05419,-12.395952,221.235337,-12.435623,219.956148,-12.77029,218.917905,-13.28905,218.147132,-13.829281,216.602138,-15.295614,215.763781,-16.612567,215.026336,-18.821108,214.873728,-19.257492,214.746567,-19.739455,214.663241,-20.198661,214.622175,-20.514253,214.6009,-20.782016,214.599649,-20.798291,214.486765,-22.317928,214.480625,-22.425069,214.443898,-23.33485,214.441344,-23.476816,214.449446,-25.330002,214.45199,-26.383289,214.456995,-26.55401,214.496844,-27.262255,214.535511,-27.608829,214.62859,-28.164346,214.656873,-28.311693,214.906242,-29.4632,214.972003,-29.785871,215.106681,-30.257367,215.367028,-30.958782,215.83567,-31.802354,216.747137,-32.979755,217.497788,-33.680055,218.559626,-34.39008,219.09363,-34.630075,219.296659,-34.754524,220.475767,-35.188509,221.992791,-35.426251,223.123986,-35.401062,223.128219,-35.400204,223.190758,-35.417485,223.263867,-35.416334,223.356174,-35.441841,223.429344,-35.440689,223.521666,-35.4662,223.594811,-35.465049,223.687136,-35.49056,223.76028,-35.489409,223.85263,-35.514927,223.927428,-35.513749,224.021085,-35.539571,224.169351,-35.537183,224.55222,-35.642261,224.628439,-35.662166,225.069604,-35.771549,225.29502,-35.8395,225.642108,-35.923178,226.249544,-36.03394,226.321288,-36.046174,227.103284,-36.170318,227.297471,-36.176991,227.393753,-36.188507,228.683004,-36.313936,228.683004,-44.402352,228.53344,-44.439921,228.405357,-44.52739,228.325375,-44.547481,228.251376,-44.593713,228.156866,-44.617453,228.082854,-44.663693,227.988344,-44.687433,227.914345,-44.733665,227.819835,-44.757405,227.745829,-44.803641,227.651319,-44.827381,227.577313,-44.873617,227.482803,-44.897357,227.408797,-44.943593,227.314287,-44.967333,227.240275,-45.013573,227.145765,-45.037313,227.071766,-45.083545,226.977256,-45.107285,226.90325,-45.153521,226.808745,-45.17726,226.803729,-45.180394,226.657266,-45.19389,226.586032,-45.231127,226.467718,-45.242685,226.398207,-45.279266,226.277934,-45.291691,226.217348,-45.32379,226.100139,-45.336245,226.048304,-45.363805,225.93566,-45.375775,225.883826,-45.403334,225.771183,-45.415304,225.719346,-45.442865,225.606701,-45.454835,225.554866,-45.482395,225.442222,-45.494365,225.390387,-45.521924,225.277749,-45.533894,225.225909,-45.561456,225.113261,-45.573427,225.061429,-45.600985,224.948787,-45.612955,224.89695,-45.640516,224.784305,-45.652486,224.73247,-45.680046,224.621039,-45.691887,224.569152,-45.71945,224.45721,-45.731345,224.405273,-45.758921,224.293314,-45.770819,224.241364,-45.79839,224.129402,-45.810288,224.077429,-45.83786,223.965537,-45.84975,223.913531,-45.877327,223.801667,-45.889214,223.749612,-45.916804,223.63776,-45.928691,223.585704,-45.95627,223.473874,-45.968154,223.212658,-46.106485,222.817569,-46.177201,222.753765,-46.214069,222.400913,-46.280106,222.270839,-46.358605,221.631315,-46.509378,221.492835,-46.547319,220.380828,-46.761041,220.379454,-46.761875,219.91985,-46.828394,217.811035,-48.042379,217.303571,-48.683107,216.717389,-49.204318,215.795858,-50.607218,215.461576,-51.621425,215.276491,-52.107256,215.095155,-52.824593,214.9949,-53.584261,214.973443,-53.807199,214.921035,-54.669806,214.951256,-55.340851,215.099332,-56.316063,215.152118,-56.584963,215.372676,-57.498159,215.695545,-58.317363,216.196642,-59.205114,216.515034,-59.776012,217.027744,-60.460103,217.829403,-61.274375,218.771421,-61.936142,219.008754,-62.045447,219.327222,-62.272892,220.371136,-62.763142,221.947657,-63.179039,222.905385,-63.28146]}