{"Index":-1,"Tolerance":4.473196000000001E-06,"Coordinates":[94.715324,-28.001135,95.641383,-27.011821,96.067086,-26.301191,96.181825,-23.444209,96.22287,-20.472643,96.180862,-16.14021,96.071082,-14.318538,95.692926,-13.284138,95.102304,-12.307492,94.926553,-11.992066,93.598002,-11.70709,91.914614,-11.484168,91.54885,-11.551857,91.43218,-11.643673,91.288431,-11.939268,90.84594,-13.749623,90.464423,-17.741416,90.454326,-17.807409,90.171988,-21.117269,88.388556,-24.03999,87.276478,-25.514189,87.446788,-26.41313,88.046231,-26.920052,92.019461,-27.811914,93.351485,-28.19175]}