{"Index":-1,"Tolerance":1.52083875E-05,"Coordinates":[92.875629,-30.413454,93.618479,-30.424747,94.608427,-30.240901,95.307241,-29.762103,95.987249,-29.393812,96.132729,-29.276603,96.885876,-27.731986,97.235525,-25.836397,97.296319,-24.824104,97.339126,-17.014916,97.339903,-15.849294,97.114724,-12.456576,96.860232,-11.47543,96.482204,-10.396458,95.638807,-9.683512,94.288229,-9.127563,92.721853,-9.07004,91.082054,-9.507387,90.809913,-9.706821,89.990288,-10.61002,89.799088,-11.335647,89.677863,-11.978901,89.531267,-11.243407,88.995789,-9.613865,88.984962,-9.586132,88.984665,-9.585232,88.857402,-9.258452,88.00163,-7.522832,87.778781,-7.165678,87.769323,-7.151523,87.76017,-7.136272,87.054695,-6.080467,87.048032,-6.072046,87.042213,-6.063338,86.653469,-5.57206,86.642501,-5.559553,86.631759,-5.545978,85.794506,-4.591264,85.786494,-4.583455,85.779314,-4.575268,85.330686,-4.138019,85.318488,-4.127322,85.306417,-4.115557,84.351702,-3.278303,84.342397,-3.271323,84.333892,-3.263864,84.316081,-3.249424,83.832731,-2.887906,83.819579,-2.879118,83.806461,-2.869277,82.750656,-2.163788,82.740173,-2.157858,82.730392,-2.151322,82.710127,-2.138856,82.185267,-1.84294,82.171471,-1.836137,82.157585,-1.828281,81.018748,-1.266663,81.007157,-1.261954,80.996236,-1.256568,80.973725,-1.246473,80.415871,-1.020771,80.401674,-1.015952,80.387335,-1.010126,79.18488,-0.601952,79.172361,-0.598661,79.160418,-0.594607,79.135955,-0.587262,78.554458,-0.435313,78.540162,-0.432469,78.525622,-0.428647,77.280194,-0.180909,77.266911,-0.179197,77.254138,-0.176656,76.690141,-0.102166,76.632984,-0.096586,76.618877,-0.095662,76.604405,-0.093796,75.337298,-0.010761,75.323447,-0.01077,75.310029,-0.009891,74.739271,-0.008498,74.683614,-0.010312,74.669918,-0.01121,74.655785,-0.011219,73.388679,-0.094254,73.374505,-0.0961,73.360659,-0.097007,73.30462,-0.102512,72.739428,-0.177901,72.726395,-0.180494,72.712806,-0.182263,71.467379,-0.430001,71.453123,-0.433769,71.439108,-0.436557,70.858543,-0.589097,70.83355,-0.596619,70.821363,-0.600756,70.808556,-0.604141,69.606102,-1.012314,69.59203,-1.018054,69.578097,-1.022783,69.550092,-1.03325,68.998056,-1.259359,68.986877,-1.264872,68.975042,-1.269699,67.836205,-1.831318,67.82261,-1.839031,67.809024,-1.845731,67.781843,-1.860144,67.264145,-2.154865,67.254146,-2.161546,67.2434,-2.167643,66.187596,-2.873132,66.174719,-2.882821,66.161806,-2.891449,66.136016,-2.909766,65.661276,-3.268043,65.652555,-3.275691,65.64304,-3.28285,64.688324,-4.120103,64.676498,-4.131657,64.66448,-4.142197,64.216395,-4.580004,64.209036,-4.588395,64.200826,-4.596417,63.363574,-5.55113,63.353021,-5.564504,63.342241,-5.576796,62.95422,-6.068529,62.94825,-6.077464,62.941424,-6.086114,62.235937,-7.141919,62.226972,-7.1569,62.217638,-7.170869,61.895937,-7.708454,61.891369,-7.717716,61.88594,-7.726789,61.324319,-8.865624,61.317167,-8.882064,61.309563,-8.897483,61.059681,-9.471872,61.0565,-9.481243,61.052458,-9.490534,60.644284,-10.69299,60.63918,-10.710641,60.633516,-10.727326,60.459504,-11.329077,60.457656,-11.338366,60.454966,-11.347669,60.207226,-12.593096,60.204361,-12.611721,60.200845,-12.629396,60.105593,-13.248598,60.105002,-13.257624,60.103596,-13.266761,60.020564,-14.533869,60.020105,-14.553174,60.018901,-14.571554,60.004026,-15.197787,60.004589,-15.20638,60.00438,-15.215184,60.087413,-16.482292,60.089489,-16.50198,60.090719,-16.520743,60.156416,-17.143659,60.158012,-17.151682,60.158889,-17.159998,60.406629,-18.405425,60.41133,-18.425149,60.415075,-18.443978,60.560292,-19.053325,60.562782,-19.060662,60.564619,-19.068368,60.972793,-20.270824,60.980165,-20.290244,60.986457,-20.308779,61.208711,-20.894241,61.211947,-20.900802,61.214596,-20.907781,61.776217,-22.046616,61.78622,-22.065294,61.795085,-22.083271,62.090902,-22.635654,62.094735,-22.641391,62.098053,-22.647586,62.80354,-23.703391,62.816179,-23.721076,62.827484,-23.737994,63.191641,-24.24752,63.195893,-24.252369,63.199727,-24.257733,64.036979,-25.212449,64.052119,-25.228721,64.065794,-25.244315,64.492603,-25.703047,64.49713,-25.707017,64.501329,-25.71153,65.456044,-26.548781,65.47356,-26.563311,65.489397,-26.5772,65.971532,-26.977157,65.976179,-26.980262,65.980586,-26.983918,67.03639,-27.689404,67.056005,-27.701801,67.073871,-27.713739,67.603495,-28.048467,67.608142,-28.050758,67.612598,-28.053575,68.751435,-28.615196,68.772955,-28.62519,68.792527,-28.634842,69.360559,-28.89864,69.365066,-28.90017,69.369431,-28.902197,70.571885,-29.310371,70.594995,-29.317671,70.616012,-29.324805,71.213335,-29.513481,71.217568,-29.514323,71.221747,-29.515643,72.467174,-29.763383,72.491624,-29.767758,72.513655,-29.77214,73.130277,-29.882466,73.134162,-29.882721,73.138032,-29.883413,74.405139,-29.966446,74.43053,-29.967671,74.453231,-29.969159,75.078885,-29.999354,75.082329,-29.999128,75.085824,-29.999297,76.35293,-29.916264,76.378969,-29.91416,76.40184,-29.912661,77.023232,-29.862445,77.026198,-29.861856,77.032309,-29.861362,78.277737,-29.613622,78.304528,-29.607925,78.326613,-29.603538,78.939187,-29.473278,78.941633,-29.472448,78.94419,-29.471904,80.146645,-29.06373,80.172688,-29.054566,80.19464,-29.047114,80.482608,-28.947416,80.77944,-28.841326,80.781362,-28.840377,80.789628,-28.837468,81.155926,-28.655373,82.298116,-28.091227,82.531084,-27.97201,82.53258,-27.971009,82.537068,-27.968778,82.823989,-27.776027,83.941175,-27.028519,84.159789,-26.878859,84.160801,-26.877971,84.164058,-26.875783,85.555544,-25.654427,85.556937,-25.65296,85.559672,-25.65056,86.258002,-24.915035,86.220251,-25.043716,85.658324,-26.383256,85.66592,-26.395038,85.663323,-26.401229,85.67832,-26.455148,86.029444,-26.999778,86.191074,-27.718703,87.170303,-28.559377,87.42217,-28.800666,88.490108,-29.385472,90.118425,-29.927518,90.524708,-30.111391,91.603351,-30.371675,92.303117,-30.425273]}