{"Index":-1,"Tolerance":1.9468012E-05,"Coordinates":[223.035713,-57.291958,223.509645,-57.249296,224.804462,-56.916475,225.29761,-56.639667,225.760503,-56.547869,225.985329,-56.488042,226.243501,-56.452084,226.30733,-56.424185,226.629327,-56.360329,227.048653,-56.292374,227.115294,-56.26141,227.239528,-56.245939,227.30499,-56.215048,227.43063,-56.199402,227.496093,-56.168511,227.621731,-56.152865,227.687194,-56.121974,227.812832,-56.106328,227.878297,-56.075436,228.003934,-56.05979,228.069396,-56.028899,228.195035,-56.013253,228.260497,-55.982362,228.386137,-55.966716,228.4516,-55.935825,228.577238,-55.920179,228.642701,-55.889288,228.768339,-55.873642,228.833802,-55.842751,228.959441,-55.827105,229.024903,-55.796214,229.150542,-55.780568,229.216006,-55.749676,229.341643,-55.73403,229.598206,-55.656603,230.087151,-55.551341,231.823582,-55.389507,232.082103,-55.348219,232.185616,-55.348211,233.849428,-55.029796,233.8879,-55.169025,233.948543,-55.19238,233.987015,-55.331608,234.047658,-55.354963,234.08613,-55.494191,234.169387,-55.526255,235.371813,-55.0,252.440767,-55.0,252.869973,-55.006266,253.003616,-55.004677,256.357419,-55.033736,256.783227,-55.013183,256.989616,-55.003844,258.00703,-55.0,274.992928,-55.0,274.992928,-20.231597,235.033004,-20.231597,235.033004,-20.531707,234.592488,-20.457108,232.460317,-20.342042,231.867277,-20.3114,231.633136,-20.305415,231.254905,-20.246474,230.602751,-20.135619,228.578819,-19.809204,228.509057,-19.694382,228.508763,-19.694284,228.505383,-19.684594,228.417938,-19.654823,228.200673,-19.591341,227.834161,-19.468878,226.610952,-19.080727,224.678195,-18.69973,223.790885,-18.539482,223.78535,-18.539015,223.684146,-18.520293,222.184491,-18.392916,221.813891,-18.362694,221.507101,-18.433376,221.000342,-18.629019,220.49921,-18.91598,220.408094,-18.981443,220.222525,-19.19445,219.928734,-19.650201,219.801908,-20.012858,219.598408,-21.134266,219.44362,-23.082515,219.442552,-23.109855,219.448509,-25.576265,219.513171,-26.725514,219.645965,-27.518054,219.750394,-28.000277,220.01309,-28.532722,220.154082,-28.714789,220.65319,-29.048527,221.132758,-29.172335,221.315834,-29.173611,221.6816,-29.090244,221.702494,-29.093518,221.800062,-29.073742,221.881126,-29.086446,221.978695,-29.06667,222.059758,-29.079374,222.157326,-29.059598,222.23839,-29.072302,222.335958,-29.052526,222.417022,-29.06523,222.51459,-29.045454,222.595654,-29.058158,222.693222,-29.038382,222.774286,-29.051086,222.871854,-29.03131,222.952918,-29.044014,223.050486,-29.024238,223.13155,-29.036942,223.229118,-29.017166,223.310182,-29.02987,223.40775,-29.010094,223.488813,-29.022798,223.722623,-29.001223,223.873733,-29.018243,224.002804,-29.053908,224.039206,-29.042604,224.168276,-29.07827,224.499221,-29.126993,224.535623,-29.11569,225.015131,-29.194026,225.804928,-29.401259,226.194835,-29.508268,226.7511,-29.64619,226.956825,-29.708205,227.352842,-29.780416,227.712438,-29.837503,227.774548,-29.831977,228.078339,-29.875129,229.98745,-30.060862,230.088505,-30.051185,230.276099,-30.072637,230.330579,-30.062971,230.534069,-30.081603,230.588485,-30.071931,230.792039,-30.090568,230.846518,-30.080903,231.050009,-30.099534,231.10449,-30.089868,231.307978,-30.108499,231.362456,-30.098834,231.823918,-30.126431,231.878399,-30.116765,232.339857,-30.144362,233.015101,-30.162225,233.282922,-30.14069,233.445354,-30.147688,233.706255,-30.10079,233.818755,-30.105636,234.192156,-30.063584,234.453053,-30.016686,234.565557,-30.021533,235.033004,-29.962576,235.033004,-49.956247,234.245809,-49.57763,234.052622,-49.535518,233.828399,-49.614609,233.539787,-49.669483,233.447934,-49.710657,233.120964,-49.782727,233.029115,-49.823899,232.70214,-49.89597,232.610286,-49.937144,232.283316,-50.009214,232.191463,-50.050388,231.864492,-50.122458,231.772642,-50.16363,231.445668,-50.235701,231.369072,-50.274906,231.17908,-50.32263,231.155119,-50.356295,231.010564,-50.392606,230.981025,-50.427672,230.842048,-50.462582,230.81251,-50.497648,230.673532,-50.532558,230.643994,-50.567624,230.505017,-50.602534,230.475479,-50.6376,230.336501,-50.67251,230.306963,-50.707576,230.167985,-50.742486,230.138447,-50.777552,229.999469,-50.812462,229.969931,-50.847528,229.830953,-50.882438,229.801415,-50.917504,229.662438,-50.952414,229.6329,-50.98748,229.493922,-51.02239,229.464384,-51.057456,229.325406,-51.092366,229.295867,-51.127433,229.15689,-51.162342,229.126773,-51.198095,228.988374,-51.232318,228.948404,-51.279769,228.819859,-51.302294,228.778256,-51.351683,228.627719,-51.389218,228.488152,-51.402079,228.46665,-51.427642,228.323673,-51.441609,228.302912,-51.466292,228.159194,-51.481139,228.138825,-51.505355,227.994715,-51.520669,227.974346,-51.544885,227.830236,-51.560199,227.809867,-51.584415,227.665756,-51.599729,227.645387,-51.623945,227.501277,-51.639259,227.480908,-51.663475,227.336798,-51.678789,227.316429,-51.703005,227.172319,-51.718319,227.151949,-51.742536,227.00784,-51.75785,226.987471,-51.782066,226.84336,-51.79738,226.822991,-51.821596,226.678881,-51.83691,226.658512,-51.861126,226.514402,-51.87644,226.493999,-51.90066,226.349923,-51.91597,226.329503,-51.940191,226.185443,-51.9555,226.165006,-51.979723,226.020964,-51.99503,226.000511,-52.019255,225.856485,-52.03456,225.836015,-52.058787,225.692006,-52.07409,225.671519,-52.098319,225.527527,-52.113621,225.507024,-52.137851,225.363047,-52.153151,225.34373,-52.175963,225.031396,-52.231867,225.015208,-52.251087,224.698298,-52.310397,224.684736,-52.327521,224.3652,-52.388928,224.185089,-52.445317,223.699003,-52.54599,223.199355,-52.663786,223.019129,-52.720191,222.699708,-52.781582,222.686146,-52.798706,222.496198,-52.83521,221.84316,-52.732372,221.360112,-52.639547,221.262349,-52.638984,221.225358,-52.653723,221.158026,-52.700262,220.546605,-52.957461,220.249647,-53.300668,220.091202,-53.667995,219.964617,-54.000264,219.867745,-54.734304,219.86171,-54.833634,219.920881,-55.22332,219.964811,-55.525355,220.096857,-55.980775,220.365904,-56.463192,220.85624,-56.961246,221.387718,-57.206023,221.757651,-57.298718]}