{"Index":-1,"Tolerance":2.4043482499999997E-05,"Coordinates":[235.566167,-61.846473,236.700545,-61.35,253.97995,-61.35,253.993074,-61.351116,254.662003,-61.360991,254.704999,-61.361334,254.93588,-61.361615,254.953954,-61.361586,257.5431,-61.35,277.623184,-61.35,281.342928,-57.630256,281.342928,-17.601341,277.623184,-13.881597,232.402748,-13.881597,232.308612,-13.975733,232.254883,-13.972957,232.090391,-13.941782,232.001998,-13.929277,231.940045,-13.917536,231.645992,-13.875935,231.068175,-13.821587,230.541328,-13.815867,230.359609,-13.828986,229.566572,-13.820639,228.807535,-13.904153,228.297595,-14.023388,227.640609,-14.12056,226.544357,-14.494513,225.711045,-14.96134,225.608021,-15.021627,225.002226,-15.391578,224.552196,-15.724063,224.020444,-16.19456,223.802672,-16.406666,223.323271,-16.920534,223.071894,-17.274359,222.798007,-17.60439,222.32679,-18.37081,221.842637,-19.485349,221.708679,-19.854674,221.590826,-20.255295,221.569182,-20.332451,221.336869,-21.202705,221.249673,-21.663391,221.163456,-22.421371,221.075164,-23.193471,221.055158,-23.494539,221.0383,-24.389067,221.014178,-25.163312,221.012833,-25.297393,221.019289,-25.879753,221.019812,-25.912065,221.049763,-27.320356,221.063756,-27.558155,221.126413,-28.206903,221.13248,-28.264271,221.311281,-29.819686,221.554692,-30.726964,222.221907,-32.263033,222.564701,-32.863707,223.279505,-33.849473,224.106836,-34.6414,225.399125,-35.494856,226.522708,-35.960295,227.342533,-36.128007,227.447373,-36.147625,228.398796,-36.309174,228.618822,-36.310275,228.679303,-36.316294,228.683004,-36.316651,228.683004,-44.402352,228.53344,-44.439921,228.405357,-44.52739,228.325375,-44.547481,228.251376,-44.593713,228.156866,-44.617453,228.082854,-44.663693,227.988344,-44.687433,227.914345,-44.733665,227.819835,-44.757405,227.745829,-44.803641,227.651319,-44.827381,227.577313,-44.873617,227.482803,-44.897357,227.408797,-44.943593,227.314287,-44.967333,227.240275,-45.013573,227.145765,-45.037313,227.071766,-45.083545,226.977256,-45.107285,226.90325,-45.153521,226.808745,-45.17726,226.774919,-45.198393,226.593543,-45.217669,224.420698,-46.372935,223.798393,-47.112768,223.125393,-47.757537,222.288679,-49.092028,221.908348,-50.26623,221.732524,-50.769029,221.557461,-51.666397,221.471923,-53.413088,221.544101,-54.261153,221.776802,-55.307954,221.909858,-55.919272,222.230972,-56.776871,222.92378,-58.038332,223.149721,-58.392137,223.782726,-59.252331,224.669901,-60.073227,225.708443,-60.719778,225.850949,-60.803432,226.562656,-61.196684,227.568802,-61.549521,228.777671,-61.756741,228.974252,-61.795728,229.441497,-61.852869,229.92546,-61.87592,230.268881,-61.873696,231.701513,-61.786849,231.804071,-61.769045,232.517835,-61.702288,232.532389,-61.700447,233.057899,-61.902832]}