{"Index":-1,"Tolerance":2.83058355E-05,"Coordinates":[212.467108,-66.484077,212.813445,-66.446573,213.261908,-66.37295,213.412507,-66.344479,214.559696,-66.098782,216.405223,-65.712622,217.60495,-65.473808,217.681017,-65.457696,220.956671,-64.721833,221.831355,-64.544138,221.895281,-64.530464,222.278882,-64.444275,222.292452,-64.441194,224.49969,-63.935088,228.393934,-63.046179,231.732669,-62.329617,234.354965,-61.881171,235.195746,-61.815307,235.439309,-61.754316,238.67667,-61.47028,239.829104,-61.416553,243.244974,-61.365186,247.275532,-61.366885,248.228236,-61.367964,248.306458,-61.36599,248.398448,-61.366037,248.408962,-61.366025,250.8149,-61.359277,256.588201,-61.399199,256.717943,-61.397445,258.114849,-61.35,277.623184,-61.35,281.342928,-57.630256,281.342928,-17.601341,277.623184,-13.881597,234.67723,-13.881597,232.839136,-13.672465,232.435059,-13.610714,227.874331,-12.83041,225.458096,-12.389018,221.34678,-11.610776,221.302963,-11.6028,219.340011,-11.259675,216.302625,-10.674462,216.073533,-10.63894,212.605552,-10.230169,212.550867,-10.224203,210.33337,-10.001705,208.423245,-10.398551,206.232189,-11.623252,204.690181,-12.287097,202.731967,-14.671074,202.040593,-17.898257,202.020419,-18.000604,201.937073,-18.463377,201.888475,-18.921701,201.696368,-24.725186,201.694955,-24.784804,201.666313,-26.786565,201.57434,-28.69866,201.571027,-28.8987,201.615913,-31.901966,201.659331,-32.380222,202.435797,-37.011167,206.038269,-40.023168,209.347186,-39.983646,210.182884,-40.106463,211.4622,-40.035804,213.584564,-39.479679,213.864786,-39.392231,216.037619,-38.602261,216.691184,-38.464496,220.452672,-38.003934,220.542596,-37.991616,221.722515,-37.81278,221.726256,-37.812476,222.894958,-37.756779,222.93109,-37.75485,226.730626,-37.530349,228.683004,-37.502293,228.683004,-43.184988,227.970721,-43.148107,227.967528,-43.147943,222.645454,-42.877746,222.604621,-42.875936,222.422635,-42.869044,222.245798,-42.852777,222.226043,-42.851022,217.844566,-42.475548,217.260419,-42.409375,216.465703,-42.203991,216.137216,-42.137358,212.934318,-41.661932,211.971329,-41.665786,211.289226,-41.772623,210.657571,-41.668451,208.53766,-42.0372,205.749071,-43.589311,204.292479,-45.258419,203.280386,-47.851501,203.095665,-48.550372,202.826353,-50.398665,202.297838,-52.69283,202.217907,-53.316129,202.183477,-54.517019,201.91751,-55.771782,201.848617,-56.389352,201.82479,-58.178866,202.043888,-59.386849,202.077756,-59.473611,202.197724,-61.083714,203.213525,-63.223714,204.825717,-64.752363,205.562442,-65.274784,207.051064,-66.040012,207.988007,-66.350205,209.340252,-66.574812,210.030799,-66.613376]}