{"Index":-1,"Tolerance":1.9744482E-05,"Coordinates":[221.295786,-57.71542,222.331588,-57.622181,223.345543,-57.539264,226.144266,-56.916669,229.359382,-56.088369,231.361451,-55.769853,233.94524,-55.191108,233.948543,-55.19238,233.987015,-55.331608,234.047658,-55.354963,234.08613,-55.494191,234.169387,-55.526255,235.085807,-55.125174,235.652543,-55.161438,236.154406,-55.183643,238.158635,-55.112281,240.289499,-55.0,250.970271,-55.0,251.645091,-55.006287,254.3656,-55.036225,254.61619,-55.036965,254.844708,-55.03948,256.567233,-55.048902,257.612271,-55.001491,258.00703,-55.0,274.992928,-55.0,274.992928,-20.231597,235.033004,-20.231597,235.033004,-20.531707,234.592488,-20.457108,231.867277,-20.3114,231.633136,-20.305415,231.254905,-20.246474,230.602751,-20.135619,229.796671,-20.005616,229.167022,-19.666789,227.460897,-19.351375,226.610952,-19.080727,224.678195,-18.69973,223.04371,-18.405157,223.038225,-18.404699,222.936971,-18.385968,221.937718,-18.301095,221.043467,-18.22817,220.303188,-18.398723,219.964235,-18.529582,219.629046,-18.72152,219.420373,-18.871441,218.995386,-19.359266,218.837675,-19.603919,218.437464,-21.028364,218.418328,-21.179941,218.355575,-22.785482,218.274901,-24.907461,218.286207,-25.345657,218.363552,-26.720319,218.441365,-27.184726,218.618983,-27.897001,219.018882,-28.726016,219.047902,-28.763378,219.664979,-29.189664,220.016248,-29.308875,220.4426,-29.417361,221.334081,-29.423574,222.564068,-29.143229,223.329555,-29.042887,223.450203,-29.020145,223.722623,-29.001223,223.873733,-29.018243,224.002804,-29.053908,224.499221,-29.126993,224.535623,-29.11569,225.015131,-29.194026,225.804928,-29.401259,226.194835,-29.508268,226.7511,-29.64619,226.956825,-29.708205,227.352842,-29.780416,227.712438,-29.837503,227.774548,-29.831977,228.078339,-29.875129,229.98745,-30.060862,230.088505,-30.051185,230.276099,-30.072637,230.588485,-30.071931,230.792039,-30.090568,231.307978,-30.108499,231.362456,-30.098834,231.823918,-30.126431,231.878399,-30.116765,232.339857,-30.144362,233.015101,-30.162225,233.282922,-30.14069,233.445354,-30.147688,233.706255,-30.10079,233.818755,-30.105636,234.192156,-30.063584,234.453053,-30.016686,234.565557,-30.021533,235.033004,-29.962576,235.033004,-49.956247,234.245809,-49.57763,234.052622,-49.535518,233.828399,-49.614609,233.539787,-49.669483,233.447934,-49.710657,233.120964,-49.782727,233.029115,-49.823899,232.70214,-49.89597,232.610286,-49.937144,232.283316,-50.009214,232.191463,-50.050388,231.864492,-50.122458,231.772642,-50.16363,231.445668,-50.235701,231.369072,-50.274906,231.17908,-50.32263,231.155119,-50.356295,231.010564,-50.392606,230.981025,-50.427672,230.842048,-50.462582,230.81251,-50.497648,230.673532,-50.532558,230.643994,-50.567624,230.505017,-50.602534,230.475479,-50.6376,230.336501,-50.67251,230.306963,-50.707576,230.167985,-50.742486,230.138447,-50.777552,229.999469,-50.812462,229.969931,-50.847528,229.830953,-50.882438,229.801415,-50.917504,229.662438,-50.952414,229.6329,-50.98748,229.493922,-51.02239,229.464384,-51.057456,229.325406,-51.092366,229.295867,-51.127433,229.15689,-51.162342,229.126773,-51.198095,228.988374,-51.232318,228.948404,-51.279769,228.819859,-51.302294,228.778256,-51.351683,228.627719,-51.389218,228.488152,-51.402079,228.46665,-51.427642,228.323673,-51.441609,228.302912,-51.466292,228.159194,-51.481139,227.994715,-51.520669,227.974346,-51.544885,227.830236,-51.560199,227.809867,-51.584415,227.665756,-51.599729,227.645387,-51.623945,227.336798,-51.678789,227.172319,-51.718319,227.151949,-51.742536,226.987471,-51.782066,226.84336,-51.79738,226.822991,-51.821596,226.678881,-51.83691,225.856485,-52.03456,225.836015,-52.058787,225.34373,-52.175963,225.031396,-52.231867,225.015208,-52.251087,224.698298,-52.310397,224.684736,-52.327521,224.3652,-52.388928,224.185089,-52.445317,223.961041,-52.49337,222.512746,-52.178688,222.08427,-52.116141,221.790371,-52.104995,221.475402,-52.116266,220.608631,-52.111275,220.119711,-52.306075,219.215402,-52.930695,218.791746,-53.928063,218.682734,-54.753292,218.643392,-55.118232,218.651906,-55.176765,219.062566,-56.593104,219.898668,-57.444248,219.917782,-57.453051,220.9717,-57.717134]}