{"Inners":[{"Index":-1,"Tolerance":1.1296570000000017E-06,"Coordinates":[14.913514,-36.128,14.777452,-36.106983,14.131334,-35.721035,14.050247,-35.61467,13.967663,-35.462826,13.909162,-35.299937,13.876133,-35.129602,13.869515,-34.956875,13.88942,-34.784437,13.935283,-34.617508,14.005962,-34.459845,14.100307,-34.314151,14.215682,-34.184702,14.349052,-34.074708,14.498002,-33.986167,14.658735,-33.921377,14.827241,-33.88195,15.0,-33.868686,15.172758,-33.88195,15.341259,-33.921376,15.502017,-33.986176,15.650943,-34.074704,15.784321,-34.184705,15.899674,-34.314129,15.993803,-34.459487,16.064748,-34.617742,16.110591,-34.784568,16.130485,-34.956918,16.123869,-35.129577,16.09086,-35.299799,16.032327,-35.46279,15.949559,-35.614987,15.844599,-35.752691,15.719795,-35.872803,15.578119,-35.972453,15.422956,-36.049279,15.257921,-36.101503,15.086413,-36.128]}],"Index":-1,"Tolerance":2.7352468E-05,"Coordinates":[23.201222,-67.226306,23.23693,-67.225091,25.262752,-67.14475,25.460748,-67.13069,28.418454,-66.827503,28.689433,-66.787858,29.742052,-66.587171,30.143573,-66.483065,33.244828,-65.458809,33.697745,-65.269307,34.854876,-64.676347,35.848249,-64.204238,35.975907,-64.140007,37.537747,-63.309612,38.10159,-62.927295,39.42539,-61.805412,40.007633,-61.496298,40.259896,-61.347062,42.313576,-60.000496,42.682896,-59.717642,43.785456,-58.737252,44.647135,-58.088863,45.020971,-57.758596,45.792293,-56.961049,46.510242,-56.265276,46.724726,-56.035793,47.191625,-55.483906,47.295783,-55.354032,49.116928,-52.95713,49.536973,-52.437039,49.837505,-51.992996,51.212956,-49.537498,51.416462,-49.098992,52.198082,-47.012423,52.32678,-46.576058,52.981743,-43.579491,53.046063,-43.139692,53.232497,-40.66689,53.226591,-40.120149,53.139921,-39.228102,53.130788,-38.676123,53.101927,-38.298186,53.003738,-37.58008,52.993647,-37.511817,52.792032,-36.243342,52.732357,-35.95489,52.461567,-34.89608,52.435792,-34.801416,52.16682,-33.870534,52.084582,-33.624172,51.640975,-32.45653,51.5714,-32.288118,51.084508,-31.199181,51.023937,-31.071427,50.439807,-29.907079,50.260053,-29.594417,49.576736,-28.54815,49.188549,-27.836503,48.93134,-27.438676,47.354146,-25.357518,47.334215,-25.331498,46.833969,-24.685372,46.465017,-24.284952,45.93772,-23.802917,45.379065,-23.264873,45.057687,-22.835945,44.448197,-22.219074,43.12844,-21.205203,42.885419,-20.992131,40.943925,-19.585691,40.575463,-19.35544,40.473765,-19.301179,40.40583,-19.256214,39.90207,-18.95238,39.887573,-18.943689,38.653338,-18.208217,36.540198,-16.712039,36.524432,-16.700948,33.463094,-14.561196,32.755596,-14.18899,31.512387,-13.723072,31.170068,-13.616385,31.003213,-13.574549,30.696562,-13.449326,30.26549,-13.341242,29.958845,-13.216021,29.527754,-13.107932,29.221115,-12.982714,28.131707,-12.709563,27.613675,-12.624347,26.675658,-12.548757,26.169592,-12.548374,23.565741,-12.754235,22.080389,-13.253802,20.382873,-14.341837,20.361022,-14.335212,20.059078,-14.259603,18.818648,-14.01286,18.694325,-13.99069,17.360697,-13.780146,17.007574,-13.744465,14.979464,-13.653496,14.740381,-13.651781,14.246991,-13.666819,14.073604,-13.676856,12.159068,-13.840311,11.807856,-13.890169,10.549942,-14.14106,10.480989,-14.15561,9.425608,-14.390575,9.094782,-14.483258,7.894364,-14.89074,7.800301,-14.924329,6.572559,-15.384637,6.24409,-15.529443,4.349713,-16.495859,4.028289,-16.684359,2.975905,-17.38756,2.920685,-17.425305,1.914681,-18.128613,1.616143,-18.365177,-0.057671,-19.863291,-0.338693,-20.148685,-1.874036,-21.918323,-2.12515,-22.249171,-3.447601,-24.2508,-3.65301,-24.61071,-4.67564,-26.709584,-4.829863,-27.085384,-5.570654,-29.280435,-5.676004,-29.674433,-6.13644,-31.980515,-6.190954,-32.391916,-6.349866,-34.781312,-6.350112,-35.199432,-6.196559,-37.549959,-6.14479,-37.94991,-5.703104,-40.219454,-5.598881,-40.616333,-4.856202,-42.84693,-4.705525,-43.219168,-3.73544,-45.238496,-3.551083,-45.569978,-2.889113,-46.608966,-2.851306,-46.666904,-2.151491,-47.714217,-1.936057,-48.000301,-1.221451,-48.845567,-1.183,-48.890202,-0.693313,-49.448091,-0.739111,-50.287833,-0.733474,-50.717278,-0.676447,-51.422084,-0.593132,-51.931792,0.160677,-54.96851,0.193942,-55.091852,0.505075,-56.15957,1.375521,-57.592104,3.329676,-59.458111,3.365429,-59.491727,4.768098,-60.790275,4.834342,-60.849897,5.52138,-61.451021,6.131203,-61.87036,11.649379,-64.785159,12.038807,-64.958535,12.577254,-65.156156,12.704109,-65.199697,16.093679,-66.283657,16.431187,-66.371495,17.412754,-66.570162,17.500417,-66.586627,18.40172,-66.742833,18.434626,-66.748358,20.931575,-67.154129,21.179775,-67.184491,21.898585,-67.243821,22.250137,-67.25331]}