{"Index":-1,"Tolerance":1.4999226000000003E-05,"Coordinates":[75.031443,-79.999474,75.035532,-79.999662,76.749422,-79.887325,76.77388,-79.885266,76.797138,-79.883742,76.983645,-79.868044,76.987418,-79.867294,76.991286,-79.866968,78.675853,-79.531894,78.700106,-79.526625,78.723104,-79.522051,78.906,-79.48232,78.909445,-79.481151,78.913034,-79.480371,80.539476,-78.928273,80.563008,-78.919848,80.58544,-78.912233,80.761653,-78.849141,80.764737,-78.84762,80.767991,-78.846455,82.308384,-78.086798,82.330914,-78.075247,82.35224,-78.06473,82.518802,-77.979336,82.521485,-77.977543,82.524382,-77.976058,83.952464,-77.021833,83.973572,-77.007278,83.993418,-76.994017,84.147487,-76.887777,84.149742,-76.885799,84.152262,-76.884061,85.44361,-75.751592,85.482056,-75.716935,85.500382,-75.700857,85.61994,-75.593081,85.621792,-75.59097,85.6239,-75.589069,86.756369,-74.297721,86.773339,-74.277867,86.789312,-74.259654,86.910926,-74.117378,86.912367,-74.115221,86.91408,-74.113216,87.868305,-72.685134,87.910407,-72.620494,87.952125,-72.558015,87.96277,-72.540101,87.989336,-72.499314,88.000798,-72.476105,88.008768,-72.462693,88.869023,-70.718159,88.869088,-70.717968,88.872239,-70.711587,89.501712,-68.849862,89.627614,-68.200258,89.88375,-66.894046,89.901398,-66.800774,89.901553,-66.797715,89.910221,-66.754138,89.998028,-65.02371,90.001195,-64.975392,90.01091,-64.775418,90.01074,-64.773188,90.013533,-64.718151,90.045135,-64.955112,90.342904,-67.772923,90.406812,-68.119554,91.089362,-69.140029,92.346063,-69.702976,93.223921,-69.744501,94.923318,-69.42386,96.361257,-68.702333,96.707674,-68.362246,96.773793,-68.085105,96.86269,-63.876177,97.072946,-58.008553,97.072285,-56.396612,97.076542,-56.102994,96.611179,-53.910352,95.213638,-52.742315,95.005914,-52.599687,93.892622,-52.378791,92.99805,-52.271949,90.405977,-52.513081,89.984175,-52.602073,88.505468,-53.111359,87.456135,-53.909199,87.16451,-54.963068,87.134208,-55.985577,87.203099,-56.222137,85.7612,-54.559006,85.610206,-54.39657,85.609382,-54.395846,84.150503,-53.116454,84.076486,-53.059587,84.06603,-53.052601,84.060187,-53.047681,82.632105,-52.093438,82.616617,-52.084105,82.601869,-52.07425,82.441546,-51.977636,82.432713,-51.97328,82.424197,-51.968148,80.883805,-51.208499,80.867054,-51.20117,80.85096,-51.193233,80.679516,-51.118219,80.670385,-51.11512,80.661475,-51.111221,79.035033,-50.559124,79.017235,-50.553958,79.000075,-50.548133,78.820312,-50.495954,78.811059,-50.494113,78.801914,-50.491459,77.117348,-50.156365,77.098822,-50.153516,77.080854,-50.149942,76.895863,-50.121495,76.886668,-50.120892,76.87745,-50.119475,75.163559,-50.007165,75.144598,-50.006736,75.126124,-50.005525,74.939012,-50.001287,74.93002,-50.001876,74.920911,-50.00167,73.20702,-50.11398,73.187968,-50.116032,73.169274,-50.117257,72.983223,-50.137296,72.974587,-50.139014,72.965747,-50.139966,71.281181,-50.475059,71.26235,-50.479611,71.243764,-50.483308,71.061797,-50.527294,71.053661,-50.530056,71.045204,-50.5321,69.418763,-51.084196,69.400464,-51.091234,69.382357,-51.09738,69.20766,-51.164566,69.200129,-51.16828,69.192214,-51.171324,67.651821,-51.930973,67.634411,-51.940419,67.617073,-51.948969,67.452535,-52.038238,67.445718,-52.042793,67.438447,-52.046738,66.010366,-53.000981,65.994171,-53.012716,65.977919,-53.023575,65.826381,-53.133375,65.820369,-53.138647,65.813851,-53.14337,64.522502,-54.275838,64.507811,-54.289715,64.492953,-54.302745,64.356866,-54.431292,64.351732,-54.437146,64.346024,-54.442538,63.213556,-55.733888,63.200631,-55.749743,63.187497,-55.76472,63.069255,-55.909771,63.065052,-55.916061,63.060218,-55.921991,62.105976,-57.350072,62.095095,-57.36766,62.083918,-57.384387,61.985458,-57.543537,61.982203,-57.550137,61.978292,-57.556459,61.218643,-59.096852,61.210049,-59.115886,61.201055,-59.134124,61.124033,-59.304715,61.121732,-59.311493,61.11876,-59.318076,60.566663,-60.944518,60.560536,-60.964742,60.553946,-60.984155,60.499674,-61.163292,60.498321,-61.170091,60.496282,-61.176823,60.161189,-62.86139,60.157699,-62.882448,60.153661,-62.90275,60.12306,-63.087417,60.122619,-63.094144,60.121505,-63.100868,60.009196,-64.814758,60.008458,-64.836294,60.007091,-64.857155,60.000682,-65.044197,60.00111,-65.050726,60.000884,-65.057316,60.113194,-66.771206,60.115269,-66.792839,60.116651,-66.813936,60.134517,-67.000242,60.135754,-67.006462,60.136363,-67.01281,60.471456,-68.697376,60.476371,-68.718793,60.48053,-68.739701,60.522403,-68.922164,60.524378,-68.927981,60.525758,-68.933996,61.077854,-70.560438,61.085588,-70.58127,61.09249,-70.601604,61.157618,-70.77704,61.160234,-70.782344,61.162313,-70.787945,61.921963,-72.328337,61.932429,-72.348177,61.942021,-72.367627,62.02934,-72.533151,62.032514,-72.537901,62.035199,-72.542991,62.989442,-73.971073,63.002521,-73.989576,63.014677,-74.007768,63.122727,-74.160625,63.12635,-74.164756,63.129561,-74.169299,64.262029,-75.460648,64.277575,-75.477494,64.292097,-75.494053,64.41903,-75.631597,64.423013,-75.63509,64.426637,-75.639017,65.717987,-76.771486,65.73576,-76.786324,65.752459,-76.800968,65.896134,-76.920914,65.90036,-76.923738,65.904306,-76.927032,67.332387,-77.881258,67.352151,-77.893806,67.37075,-77.906233,67.528763,-78.006551,67.533149,-78.008714,67.537301,-78.01135,69.077694,-78.771007,69.099085,-78.780966,69.119351,-78.790961,69.289013,-78.869955,69.293434,-78.871456,69.297713,-78.873448,70.924155,-79.425545,70.946866,-79.432715,70.968453,-79.440043,71.146952,-79.496399,71.151344,-79.497273,71.155634,-79.498627,72.8402,-79.833702,72.86389,-79.837912,72.886411,-79.842392,73.070691,-79.875143,73.074936,-79.875421,73.079177,-79.876175,74.793067,-79.988511,74.817324,-79.989627,74.840429,-79.991141,75.027399,-79.999739]}