{"Index":-1,"Tolerance":2.4554597E-05,"Coordinates":[228.282534,-62.401407,229.480211,-62.252256,229.617495,-62.212422,229.67129,-62.205723,229.80859,-62.165885,229.8624,-62.159184,229.999694,-62.119348,230.053501,-62.112647,230.190791,-62.072812,230.244608,-62.06611,230.381899,-62.026274,230.43571,-62.019573,230.787329,-61.917548,230.87123,-61.897117,231.009027,-61.879956,231.19696,-61.825426,232.516291,-61.702466,232.53236,-61.700436,233.057899,-61.902832,235.566167,-61.846473,236.700545,-61.35,254.103239,-61.35,254.870089,-61.36135,254.929076,-61.361675,258.019113,-61.35,277.623184,-61.35,281.342928,-57.630256,281.342928,-17.601341,277.623184,-13.881597,232.402748,-13.881597,232.308612,-13.975733,232.234503,-13.971904,231.653619,-13.873163,231.627081,-13.868767,229.95959,-13.599837,229.744703,-13.565181,229.684286,-13.553731,229.390261,-13.512135,228.277297,-13.40745,227.750437,-13.40173,226.958663,-13.458894,226.680481,-13.474296,226.286617,-13.520888,225.22638,-13.714023,224.564157,-13.910827,223.650622,-14.294441,223.160085,-14.552832,222.150499,-15.202904,221.496368,-15.762199,221.043743,-16.269943,220.648463,-16.693636,220.158578,-17.383167,220.02065,-17.645086,219.694415,-18.1757,219.362576,-18.939613,219.228624,-19.308918,218.875246,-20.51015,218.780568,-20.939933,218.723259,-21.325499,218.700573,-21.51863,218.524741,-23.550745,218.51446,-23.725604,218.488129,-24.570745,218.486784,-24.704832,218.505456,-26.389002,218.505979,-26.421314,218.515822,-26.884101,218.530301,-27.126906,218.632224,-28.165035,218.701409,-28.883311,218.812401,-29.463576,219.096538,-30.444431,219.239459,-30.838472,219.664764,-31.806573,220.038072,-32.443592,220.713552,-33.339142,221.28246,-33.920944,222.42318,-34.822146,223.675551,-35.42777,224.277105,-35.570032,224.604059,-35.65582,224.645775,-35.666464,225.069602,-35.771549,225.29502,-35.8395,225.642108,-35.923178,226.249544,-36.03394,226.321288,-36.046174,227.103284,-36.170318,227.297471,-36.176991,227.393753,-36.188507,228.683004,-36.313936,228.683004,-44.402352,228.53344,-44.439921,228.405357,-44.52739,228.325375,-44.547481,228.251376,-44.593713,228.156866,-44.617453,228.082854,-44.663693,227.988344,-44.687433,227.914345,-44.733665,227.819835,-44.757405,227.745829,-44.803641,227.651319,-44.827381,227.577313,-44.873617,227.482803,-44.897357,227.408797,-44.943593,227.314287,-44.967333,227.240275,-45.013573,227.145765,-45.037313,227.071766,-45.083545,226.977256,-45.107285,226.90325,-45.153521,226.808745,-45.17726,226.803729,-45.180394,226.657266,-45.19389,226.586032,-45.231127,226.467718,-45.242685,226.398207,-45.279266,226.277934,-45.291691,226.217348,-45.32379,226.100139,-45.336245,226.048304,-45.363805,225.93566,-45.375775,225.883826,-45.403334,225.771183,-45.415304,225.719346,-45.442865,225.606701,-45.454835,225.554866,-45.482395,225.442222,-45.494365,225.390387,-45.521924,225.277749,-45.533894,225.225909,-45.561456,225.113261,-45.573427,225.061429,-45.600985,224.948787,-45.612955,224.89695,-45.640516,224.784305,-45.652486,224.73247,-45.680046,224.621039,-45.691887,224.569152,-45.71945,224.45721,-45.731345,224.405273,-45.758921,224.293314,-45.770819,224.241364,-45.79839,224.126379,-45.810609,221.953503,-46.965888,220.962061,-48.144582,220.3557,-48.860296,219.767036,-49.899691,219.455619,-50.815587,219.232562,-51.453464,219.057514,-52.350608,219.027481,-52.963051,219.02718,-52.969327,218.965499,-54.280188,219.037965,-55.122107,219.206067,-55.878304,219.324044,-56.281235,219.797896,-57.575627,220.052816,-58.11117,220.450542,-58.7783,220.713453,-59.154581,221.57297,-60.212882,222.365567,-60.911769,223.259315,-61.467905,223.952313,-61.79107,225.226581,-62.20781,225.545909,-62.294126,226.42597,-62.483468,227.630163,-62.510924]}