{"Index":-1,"Tolerance":2.37342015E-05,"Coordinates":[281.245333,-57.630256,281.245333,-17.601341,277.525589,-13.881597,232.482246,-13.881597,228.762502,-17.601341,228.762502,-57.630256,232.482246,-61.35,277.525589,-61.35]}