{"Inners":[{"Index":-1,"Tolerance":7.489000000000001E-06,"Coordinates":[14.425971,-42.478,13.291099,-42.3027,12.188334,-41.952324,12.14231,-41.929536,10.227946,-40.786022,9.400901,-39.989898,8.704803,-39.076801,8.156271,-38.068233,7.768096,-36.9874,7.549453,-35.859847,7.505508,-34.712918,7.637199,-33.572101,7.941383,-32.464947,8.410959,-31.417472,9.035354,-30.45324,9.799489,-29.595888,10.685096,-28.865501,11.672124,-28.278779,12.737098,-27.849498,13.855155,-27.587894,15.0,-27.5,16.144844,-27.587894,17.262901,-27.849498,18.32792,-28.278801,19.314903,-28.865501,20.200511,-29.595889,20.964614,-30.453201,21.588798,-31.417098,22.058583,-32.465035,22.3628,-33.572101,22.494491,-34.712991,22.450546,-35.859847,22.231933,-36.987212,21.843801,-38.068005,21.295201,-39.076793,20.599241,-39.989865,19.771804,-40.786197,18.832603,-41.4468,17.803602,-41.956291,16.709066,-42.302644,15.574051,-42.478]}],"Index":-1,"Tolerance":3.9994422E-05,"Coordinates":[77.09827,-79.851905,79.004484,-79.455023,80.869399,-78.803482,82.61076,-77.925108,84.21911,-76.832027,85.742694,-75.468702,87.008698,-73.988365,87.988142,-72.49853,88.671147,-71.153472,88.902226,-72.554541,88.976933,-72.667935,90.012118,-73.845009,90.275804,-74.069368,91.365747,-74.672226,95.438186,-76.126708,97.820222,-76.781444,99.395134,-76.877881,101.721011,-76.890646,101.890147,-76.927603,105.707266,-76.996655,106.78002,-76.976055,106.979639,-77.019673,108.446525,-76.996921,109.094587,-77.022237,110.216369,-76.83847,110.337391,-76.858699,111.165928,-76.749673,111.994464,-76.640647,113.510271,-76.305376,114.039308,-76.133856,115.673325,-75.416759,115.727945,-75.290134,115.978139,-75.333827,117.764381,-75.214471,117.92061,-75.131039,118.290827,-75.234605,120.044696,-75.3404,121.979643,-75.387406,124.442083,-75.336858,124.55749,-75.247624,124.902596,-75.247469,125.015207,-75.160397,125.363109,-75.158081,125.475721,-75.071008,125.823622,-75.068692,125.936233,-74.98162,126.284135,-74.979304,126.843324,-74.806652,128.02401,-74.73724,128.058094,-74.706693,130.957747,-74.572142,131.284277,-74.533751,132.304971,-74.520165,135.385499,-74.405834,136.386504,-74.356764,137.519762,-74.404749,141.721227,-74.456087,142.155452,-74.428749,147.084304,-73.776571,147.606869,-73.65367,148.385921,-73.636454,149.669916,-73.511948,150.591026,-73.365538,153.378082,-73.371475,154.580655,-73.093545,155.492725,-72.932428,157.136858,-72.550969,157.258109,-72.546902,157.489546,-72.473876,157.611185,-72.469796,158.931119,-72.052725,159.419365,-71.627573,159.787704,-71.223287,159.948261,-70.913968,160.349864,-70.066536,160.533721,-68.941164,160.610292,-68.690617,160.589592,-65.728238,160.607302,-65.444772,160.583416,-64.931708,160.582391,-64.053535,160.559632,-58.532298,160.553422,-47.004325,160.560491,-45.184128,160.555369,-43.580302,160.554809,-33.55217,160.557287,-31.142501,160.553646,-29.414343,160.551956,-21.629735,160.556994,-20.408711,160.547902,-17.333501,160.576147,-11.118307,160.517794,-10.373659,160.291395,-8.678557,160.271048,-8.556935,159.884719,-7.826757,159.80554,-7.725263,159.225747,-7.417549,158.875968,-7.391037,158.826485,-7.39592,158.805155,-7.384599,150.510999,-6.722689,149.547441,-6.683873,149.398384,-6.616738,148.924568,-6.600496,148.655442,-6.676996,147.642187,-6.664587,144.354215,-6.8632,142.610214,-6.940625,141.806207,-7.004632,138.178375,-7.0823,137.443868,-7.125002,136.816512,-7.0074,133.833853,-6.57108,132.581015,-6.439236,132.342524,-6.35292,130.971904,-6.21777,126.908161,-6.06411,125.633341,-6.063299,124.260442,-5.906947,120.710492,-5.552041,114.586118,-4.723467,113.437327,-4.599706,111.157924,-4.593077,108.517194,-4.607784,105.234781,-4.679298,103.803499,-4.699682,101.124676,-4.784716,96.236205,-4.975162,95.785813,-5.012332,92.934039,-5.589186,90.503718,-6.786923,89.122397,-7.533361,88.939543,-7.956236,88.888219,-8.268293,88.855073,-9.253728,88.385056,-8.240831,88.00163,-7.522832,87.314527,-6.438622,87.042213,-6.063338,86.179229,-5.00388,85.330686,-4.138019,84.316081,-3.249424,83.196479,-2.438034,82.710127,-2.138856,81.514,-1.488746,80.973725,-1.246473,79.698594,-0.756198,79.135955,-0.587262,77.853435,-0.274476,76.690141,-0.102166,76.004254,-0.035212,74.739271,-0.008498,74.043561,-0.031174,73.30462,-0.102512,72.089323,-0.285756,70.858543,-0.589097,70.258709,-0.769624,69.550092,-1.03325,68.407004,-1.528639,67.781843,-1.860144,66.754965,-2.470154,66.136016,-2.909766,65.21288,-3.63401,64.66448,-4.142197,63.792364,-5.03785,62.890239,-6.156456,62.60514,-6.560779,61.88594,-7.726789,61.67253,-8.119237,61.052458,-9.490534,60.89837,-9.890034,60.454966,-11.347669,60.355125,-11.756699,60.101599,-13.284924,60.022226,-14.496184,60.012172,-15.597915,60.080802,-16.40539,60.211322,-17.500728,60.573273,-19.098454,60.931802,-20.156957,61.344073,-21.205662,62.126657,-22.695313,62.451691,-23.17473,60.954017,-21.649958,60.651126,-21.450687,57.557684,-22.989825,57.400877,-23.116348,57.02089,-23.187975,55.05271,-23.813392,51.69836,-24.578989,48.868072,-24.9811,48.158005,-25.095511,46.193869,-25.347889,42.801581,-25.841871,40.715826,-25.697755,38.072256,-25.055037,37.214811,-24.748471,35.187998,-23.53517,32.878681,-21.900091,30.152863,-19.994854,29.451824,-19.732125,27.976374,-19.265511,26.841969,-18.932744,26.417817,-18.898564,24.84733,-19.022727,22.659173,-20.425242,22.576774,-20.530873,22.841552,-21.273557,22.905588,-21.650972,23.05111,-22.059149,22.471202,-21.858538,22.862038,-22.249428,22.110903,-21.79144,20.531483,-21.059496,19.527498,-20.717929,18.667582,-20.45722,17.641724,-20.253159,16.545756,-20.080135,14.814353,-20.002475,12.875962,-20.152206,10.973232,-20.55149,9.98277,-20.887702,8.969852,-21.267468,7.40132,-22.067655,5.709149,-23.223786,4.32647,-24.461325,3.058465,-25.922829,1.964712,-27.578307,1.121799,-29.308325,0.511161,-31.117719,0.131279,-33.020346,1E-05,-34.994103,0.12679,-36.934799,0.490762,-38.805023,1.105199,-40.650452,1.906215,-42.317846,3.028803,-44.037382,4.301549,-45.512659,5.623781,-46.707471,6.463428,-47.308044,7.356882,-47.905048,8.05358,-48.267899,7.357406,-48.128358,6.803144,-48.484678,6.087331,-49.071477,5.671326,-49.352707,5.613161,-50.419212,5.632043,-50.652581,6.367034,-53.578408,7.697283,-54.848652,9.424254,-56.428371,14.426766,-59.070787,14.702171,-59.171866,17.861779,-60.182286,19.469648,-60.483256,21.826723,-60.866296,22.245688,-60.900877,24.911949,-60.803671,27.634706,-60.524568,28.349087,-60.388368,31.020308,-59.50614,32.043438,-58.981848,33.057993,-58.499672,34.25599,-57.862724,35.827687,-56.530754,36.22329,-56.318569,38.348922,-55.468022,40.862177,-54.441188,42.1536,-54.791579,44.160455,-55.303694,49.080172,-56.153779,49.373747,-56.171177,50.33764,-56.434954,50.444113,-56.530067,51.044969,-56.679043,51.15144,-56.774155,51.752295,-56.923131,51.858767,-57.018244,52.459621,-57.16722,52.566093,-57.262332,53.118582,-57.368102,53.377212,-57.532155,53.738798,-57.534252,53.849027,-57.632724,55.241445,-57.862624,58.192631,-58.328878,60.669557,-57.975885,60.875616,-57.875768,62.821906,-56.247608,61.892303,-57.711526,61.707024,-58.065621,61.066027,-59.451686,60.921241,-59.84196,60.462366,-61.312143,60.25152,-62.365065,60.072338,-63.542834,60.003112,-65.201618,60.075165,-66.301181,60.19173,-67.389847,60.624866,-69.282271,61.218655,-70.918803,62.105504,-72.661068,63.211574,-74.27339,63.901218,-75.059788,64.647013,-75.853099,66.140952,-77.103468,67.784463,-78.149652,69.402118,-78.915354,71.255522,-79.524016,73.181009,-79.888549,74.224724,-79.956959,75.279509,-79.997342]}