{"Index":-1,"Tolerance":2.13477515E-05,"Coordinates":[75.076576,-36.349598,75.286281,-36.347791,77.036774,-36.233082,77.084902,-36.229561,77.114543,-36.227166,77.160966,-36.223764,77.688005,-36.181172,77.693759,-36.18037,77.696565,-36.180143,78.060769,-36.12939,79.781481,-35.787106,79.822414,-35.778683,79.854596,-35.77184,79.855259,-35.771708,79.893223,-35.763915,80.40841,-35.654875,80.421296,-35.651338,80.426284,-35.650277,80.604345,-35.601088,80.77191,-35.555088,80.776506,-35.553528,80.793794,-35.548752,81.219074,-35.403295,82.542034,-34.954215,82.578572,-34.941564,82.872923,-34.837631,83.021023,-34.786968,83.046627,-34.776298,83.051375,-34.774622,83.119441,-34.745956,83.403435,-34.627612,84.039029,-34.312668,84.895049,-33.890681,85.417527,-34.173765,85.928202,-34.395078,87.86954,-35.041324,88.254277,-35.143135,90.483334,-35.58581,90.859647,-35.6374,92.510026,-35.76381,92.818219,-35.772411,93.823289,-35.751662,94.277885,-35.709487,96.813312,-35.288932,98.103621,-34.76977,99.766693,-33.630305,100.336998,-33.130093,101.486795,-31.849052,102.111403,-30.809533,102.569823,-29.556211,102.891426,-28.89791,103.162235,-28.076363,103.368907,-26.955898,103.415911,-26.569952,103.596386,-23.564875,103.602049,-23.391904,103.603901,-23.05395,103.60337,-22.975933,103.437364,-14.282216,103.430971,-14.132542,103.349271,-12.9016,103.254332,-12.313422,103.08699,-11.66826,103.01007,-11.41548,102.069092,-8.729735,101.107107,-7.331652,100.449841,-6.7753,99.412008,-5.761773,98.324698,-5.063669,95.56288,-3.998885,94.638059,-3.793003,93.263543,-3.696469,93.096302,-3.700419,92.201204,-2.360826,92.051008,-2.154498,92.050862,-2.154314,92.038586,-2.137449,91.69184,-1.699246,91.670533,-1.673675,91.670126,-1.67316,91.567412,-1.549888,90.410722,-0.230922,90.239462,-0.050417,90.239391,-0.050348,90.224537,-0.03469,89.824327,0.355368,89.800477,0.37742,89.799948,0.377936,89.677349,0.491289,88.358324,1.648031,88.170063,1.80082,88.169874,1.800962,88.152378,1.815162,87.705401,2.150472,87.679528,2.1688,87.679001,2.169196,87.537734,2.269266,86.079245,3.24383,85.878435,3.367481,85.878221,3.367602,85.85833,3.379851,85.372021,3.654963,85.344752,3.669385,85.344286,3.669649,85.185241,3.753765,83.61186,4.52968,83.40255,4.623661,83.402303,4.623761,83.380156,4.633706,82.862434,4.84405,82.834418,4.854486,82.833943,4.854679,82.659347,4.919717,80.998144,5.483613,80.784679,5.547813,80.784403,5.547886,80.760337,5.555124,80.219885,5.697198,80.191431,5.703762,80.19094,5.703891,80.003161,5.747205,78.282609,6.089453,78.068977,6.124426,78.068658,6.124467,78.04303,6.128663,77.488838,6.200101,77.460779,6.202826,77.46042,6.202872,77.261996,6.222146,75.511486,6.336859,75.30175,6.343656,75.301273,6.343656,75.274336,6.344528,74.715721,6.344152,74.688194,6.343242,74.687666,6.343242,74.482242,6.336445,72.731834,6.221739,72.529336,6.201937,72.529051,6.2019,72.501493,6.199206,71.947373,6.12705,71.921038,6.122722,71.920542,6.122657,71.711132,6.088231,69.990538,5.745974,69.798555,5.701552,69.798093,5.70143,69.770304,5.695,69.230138,5.552223,69.205542,5.544807,69.205189,5.544714,68.9959,5.481615,67.334765,4.917742,67.156298,4.851128,67.155782,4.850918,67.128145,4.840601,66.610837,4.629612,66.588012,4.619345,66.587644,4.619195,66.38245,4.52689,64.809291,3.751085,64.646812,3.665023,64.646395,3.664786,64.619629,3.650609,64.133549,3.374837,64.113176,3.362274,64.113018,3.362184,63.915595,3.240451,62.456839,2.265708,62.311946,2.162915,62.31142,2.16252,62.286095,2.144552,61.839664,1.808664,61.821658,1.794029,61.821416,1.793847,61.636821,1.643811,60.318032,0.487277,60.192601,0.37116,60.19215,0.370719,60.168669,0.348981,59.769032,-0.041487,59.75363,-0.057741,59.753362,-0.058003,59.585111,-0.235572,58.428369,-1.554597,58.322949,-1.681293,58.322525,-1.681831,58.301689,-1.706871,57.955551,-2.145524,57.942958,-2.162849,57.942844,-2.162993,57.795318,-2.365938,56.82076,-3.824423,56.736255,-3.957968,56.735865,-3.95862,56.717842,-3.987104,56.430956,-4.46651,56.421022,-4.48475,56.420844,-4.485047,56.297732,-4.711108,55.521842,-6.284429,55.457967,-6.422158,55.457676,-6.422827,55.443221,-6.453995,55.220318,-6.966367,55.213195,-6.984796,55.213099,-6.985018,55.117969,-7.231163,54.554087,-8.892329,54.510553,-9.030914,54.510338,-9.031656,54.49979,-9.065235,54.344568,-9.602008,54.340109,-9.620316,54.340059,-9.620488,54.276058,-9.88323,53.9338,-11.603818,53.909697,-11.740548,53.909576,-11.741336,53.903322,-11.77681,53.818365,-12.329078,53.816381,-12.347202,53.816332,-12.347518,53.786221,-12.62264,53.671516,-14.373073,53.665618,-14.505226,53.665596,-14.506151,53.663949,-14.543071,53.650682,-15.101614,53.65104,-15.118797,53.651038,-15.118898,53.656939,-15.402091,53.771643,-17.152531,53.782354,-17.277877,53.782462,-17.278903,53.785674,-17.31648,53.844279,-17.872137,53.846729,-17.88827,53.846745,-17.88842,53.890269,-18.175016,54.23253,-19.895615,54.258023,-20.012264,54.258267,-20.013288,54.266451,-20.050738,54.396004,-20.594363,54.400242,-20.609069,54.482328,-20.893919,55.046237,-22.55516,55.08441,-22.661373,55.084826,-22.662469,55.098125,-22.69947,55.296418,-23.221814,55.307316,-23.246853,55.423059,-23.512818,56.198979,-25.086201,56.24766,-25.18088,56.2482,-25.181889,56.266468,-25.217419,56.526714,-25.703379,56.53379,-25.715178,56.537425,-25.721967,56.696575,-25.987257,57.671218,-27.44587,57.728007,-27.528031,57.72875,-27.52907,57.75157,-27.562101,58.072586,-28.011265,58.08062,-28.021406,58.084886,-28.027374,58.281001,-28.274796,59.437643,-29.59371,59.50026,-29.663029,59.501272,-29.664117,59.528639,-29.694425,59.905212,-30.099164,59.913775,-30.107481,59.918391,-30.112443,60.14969,-30.337041,61.468776,-31.493832,61.535113,-31.550415,61.536447,-31.551522,61.567909,-31.578368,61.998378,-31.935467,62.007113,-31.941981,62.007145,-31.942008,62.270692,-32.138569,63.729423,-33.113291,63.797131,-33.157298,63.798577,-33.158212,63.834636,-33.181649,64.302151,-33.477122,64.311153,-33.48217,64.316085,-33.485287,64.608295,-33.649081,66.181614,-34.424968,66.248573,-34.457021,66.250337,-34.45784,66.289199,-34.476451,66.796397,-34.711997,66.80525,-34.715543,66.805348,-34.715589,67.122295,-34.84255,68.783431,-35.406424,68.847727,-35.427488,68.849724,-35.428119,68.891766,-35.441893,69.424886,-35.610289,69.498259,-35.629107,69.770305,-35.698891,71.490782,-36.041128,71.55104,-36.05251,71.577653,-36.057272,71.622393,-36.065717,72.147455,-36.159662,72.155378,-36.160628,72.155615,-36.16067,72.360986,-36.185686,72.499078,-36.202516,72.49924,-36.202527,72.50728,-36.203506,74.257673,-36.318208,74.312289,-36.321314,74.31487,-36.321438,74.360257,-36.324021,74.918744,-36.350975]}