{"Inners":[{"Index":-1,"Tolerance":2.696598999999999E-06,"Coordinates":[225.081532,-42.824752,225.040692,-42.822942,222.130481,-42.712739,220.978416,-42.606756,220.804798,-42.59557,220.242235,-42.574779,219.459821,-42.462402,219.365826,-42.45033,219.353454,-42.448928,217.230672,-42.144037,217.136656,-42.131963,216.724252,-42.085246,215.611519,-41.797674,213.416494,-41.227987,212.706504,-40.950991,212.292333,-40.821213,212.269295,-40.815689,212.456285,-40.711595,213.284688,-39.971749,215.636201,-39.087849,215.828796,-39.008148,216.113518,-38.879223,218.782298,-38.290842,218.891903,-38.271278,219.453642,-38.230576,219.582003,-38.218652,222.753679,-37.858937,225.005727,-37.785325,225.08928,-37.781492,227.671132,-37.628939,228.683004,-37.614398,228.683004,-43.007596]}],"Index":-1,"Tolerance":2.8735103499999995E-05,"Coordinates":[210.126631,-67.052459,210.457662,-67.015806,211.910618,-66.777283,212.061226,-66.74881,214.895267,-66.141833,214.965042,-66.126065,216.773282,-65.695965,220.025173,-64.964356,220.042853,-64.960325,222.029691,-64.501389,228.395077,-63.045933,231.732669,-62.329617,234.159294,-61.914634,235.051828,-61.817773,235.400314,-61.757738,238.676672,-61.47028,239.829105,-61.416553,242.787399,-61.372067,247.251526,-61.375282,247.403879,-61.371407,247.460431,-61.37142,247.472683,-61.3714,250.817447,-61.359295,256.588201,-61.399199,256.717943,-61.397445,258.114849,-61.35,277.623184,-61.35,281.342928,-57.630256,281.342928,-17.601341,277.623184,-13.881597,234.67723,-13.881597,232.839136,-13.672465,232.435059,-13.610714,227.87438,-12.830418,226.145709,-12.514629,220.923457,-11.526095,220.879638,-11.518118,219.489388,-11.275103,214.429093,-10.300135,214.200001,-10.264612,212.000215,-10.005323,211.945527,-9.999357,209.005947,-9.704409,208.474752,-9.695704,207.806313,-9.74071,207.041279,-9.887646,203.739661,-10.953555,202.555406,-11.643069,200.710535,-13.335152,199.660517,-15.448336,199.52459,-16.894083,199.219491,-18.645222,199.17231,-19.179231,199.164983,-21.132848,199.086383,-31.28632,199.082919,-31.485311,199.082541,-31.515109,199.060086,-34.315869,199.194385,-35.25808,200.623214,-40.025593,203.925666,-42.338465,202.999732,-43.399492,202.340157,-45.089384,201.780854,-45.890736,201.433379,-46.535823,200.568095,-48.709619,200.410236,-49.233389,199.616664,-53.019014,199.36467,-54.207851,199.295778,-54.825424,199.240461,-58.980237,199.459558,-60.188216,199.638557,-60.646773,199.642602,-61.187029,200.830698,-63.711085,202.235693,-64.890658,202.759175,-65.247784,202.787724,-65.263342,203.040001,-65.502547,203.77672,-66.024965,204.744231,-66.522318,205.681181,-66.832514,207.461302,-67.128192,208.167254,-67.165911]}