{"Index":-1,"Tolerance":2.1351396E-05,"Coordinates":[74.896079,-86.351314,74.896135,-86.351317,75.249929,-86.347868,77.337224,-86.211056,77.395857,-86.206667,77.397065,-86.206565,77.443551,-86.203086,77.670911,-86.18395,77.67889,-86.182825,77.679291,-86.182791,77.86392,-86.156732,78.023923,-86.134169,78.024265,-86.134101,78.032321,-86.132964,80.083736,-85.724921,80.138302,-85.713568,80.139632,-85.713279,80.185542,-85.703728,80.408628,-85.65527,80.415779,-85.653287,80.415897,-85.653261,80.604242,-85.601016,80.755427,-85.559084,80.755519,-85.559053,80.762667,-85.55707,82.743418,-84.884703,82.793135,-84.867365,82.794437,-84.866899,82.839052,-84.85134,83.054101,-84.774345,83.190088,-84.71669,83.394704,-84.629943,85.270738,-83.704762,85.314956,-83.682525,85.316296,-83.681838,85.358787,-83.66047,85.561733,-83.556423,85.567787,-83.552865,85.568349,-83.552577,85.732304,-83.456184,85.876942,-83.371185,85.877405,-83.370876,85.883538,-83.36727,87.622556,-82.205281,87.661022,-82.179169,87.662924,-82.177858,87.663453,-82.177504,87.701989,-82.151344,87.889971,-82.021714,87.894698,-82.018032,87.894754,-82.017993,88.185978,-81.791121,89.758665,-80.411928,89.791116,-80.383075,89.794242,-80.380257,89.795957,-80.378753,89.82843,-80.34988,89.99784,-80.197163,90.002205,-80.192739,90.002666,-80.192323,90.137911,-80.05519,90.258891,-79.932567,90.259257,-79.93215,90.263683,-79.927662,91.642692,-78.355185,91.669076,-78.324711,91.672933,-78.320199,91.675554,-78.31721,91.70195,-78.286723,91.850325,-78.11314,91.853524,-78.108916,91.8536,-78.108827,92.025451,-77.881894,92.076942,-77.813903,92.076962,-77.813874,92.080176,-77.809629,93.242293,-76.070417,93.262821,-76.039301,93.267061,-76.032792,93.341299,-75.921687,93.364861,-75.882637,93.412191,-75.80997,93.4738,-75.702091,93.492704,-75.670761,93.511627,-75.635855,93.596196,-75.487772,93.665735,-75.347586,93.676793,-75.326212,94.624874,-73.403745,95.410216,-73.251747,98.908989,-71.439003,99.775546,-70.781761,100.854966,-69.625515,101.68538,-67.934864,101.892184,-66.67017,101.928979,-66.332921,102.269875,-60.170361,102.274723,-59.993658,102.274328,-59.032498,102.304477,-56.953121,102.252821,-56.334075,101.55072,-52.497488,100.171916,-50.370099,97.791365,-48.735563,96.599895,-48.23353,95.673288,-48.049678,95.431806,-48.011359,93.799509,-47.816409,93.135347,-47.806869,89.332053,-48.150652,88.437171,-48.429812,88.313262,-48.321148,88.264717,-48.279433,88.080565,-48.124392,87.799336,-47.913075,87.795369,-47.910424,87.783299,-47.901354,86.007649,-46.714868,85.882375,-46.635329,85.882119,-46.635175,85.852195,-46.616175,85.656651,-46.498339,85.639271,-46.488838,85.639098,-46.488734,85.448017,-46.38429,85.42223,-46.370193,85.422206,-46.370181,85.404637,-46.360578,83.528737,-45.435472,83.397099,-45.374254,83.396788,-45.374118,83.364197,-45.358962,83.155011,-45.267442,83.137081,-45.260491,83.136942,-45.26043,82.884772,-45.162672,80.90401,-44.4903,80.768476,-44.44765,80.768063,-44.44753,80.733468,-44.436644,80.514131,-44.372982,80.474701,-44.363358,80.230177,-44.303662,78.178596,-43.895562,78.041762,-43.871443,78.041299,-43.871372,78.005152,-43.865001,77.779546,-43.830308,77.761061,-43.828285,77.76081,-43.828246,77.532077,-43.803219,77.504622,-43.800214,77.504592,-43.800212,77.485892,-43.798166,75.39865,-43.66139,75.262841,-43.655407,75.262421,-43.655398,75.225473,-43.653769,74.99712,-43.648601,74.941323,-43.649797,74.699619,-43.654963,72.612272,-43.791746,72.479905,-43.803205,72.479444,-43.803255,72.442022,-43.806495,72.215026,-43.830947,72.197588,-43.833615,72.197467,-43.833628,71.917967,-43.876395,69.866481,-44.284476,69.73986,-44.312362,69.739472,-44.312456,69.702436,-44.320612,69.480439,-44.37428,69.452849,-44.382281,69.189329,-44.458683,67.20849,-45.13108,67.089453,-45.174152,67.088931,-45.174353,67.052805,-45.187426,66.839712,-45.269381,66.824416,-45.276077,66.824355,-45.276101,66.559592,-45.39201,64.683552,-46.317184,64.573728,-46.37403,64.573315,-46.374254,64.538974,-46.392029,64.338286,-46.500912,64.32422,-46.509402,64.324114,-46.50946,64.074149,-46.660348,62.335028,-47.822427,62.236209,-47.891203,62.235742,-47.891542,62.203602,-47.913912,62.018717,-48.047868,61.936025,-48.113854,61.775607,-48.241852,60.202941,-49.621023,60.116182,-49.699991,60.115767,-49.700383,60.086495,-49.727028,59.920578,-49.883753,59.909874,-49.89486,59.909807,-49.894923,59.702724,-50.1098,58.323487,-51.682539,58.249682,-51.769819,58.249308,-51.770278,58.223602,-51.800678,58.079369,-51.977607,58.070323,-51.989846,58.070256,-51.989928,57.89122,-52.232161,56.729118,-53.971318,56.668945,-54.064877,56.668634,-54.06538,56.646867,-54.099224,56.526747,-54.293388,56.5196,-54.306282,56.519535,-54.306388,56.371981,-54.572624,55.446852,-56.44857,55.400703,-56.546309,55.400462,-56.546844,55.383045,-56.583732,55.289079,-56.791864,55.283885,-56.805033,55.171009,-57.091217,54.498624,-59.072022,54.466523,-59.171991,54.466345,-59.17258,54.453807,-59.211624,54.387615,-59.430102,54.384221,-59.443659,54.384169,-59.443832,54.317049,-59.712007,54.312195,-59.731398,54.308772,-59.745076,53.900676,-61.796633,53.882382,-61.897001,53.882268,-61.89769,53.874849,-61.938395,53.837523,-62.163639,53.835966,-62.177137,53.835937,-62.177312,53.807005,-62.428204,53.801589,-62.475156,53.801587,-62.475189,53.800013,-62.488837,53.663235,-64.576119,53.658302,-64.674986,53.658277,-64.675712,53.656204,-64.71726,53.648382,-64.945297,53.648591,-64.95876,53.648581,-64.959059,53.651176,-65.125093,53.6533,-65.261743,53.653316,-65.261989,53.653525,-65.275354,53.790287,-67.362399,53.79799,-67.45786,53.798049,-67.458473,53.801458,-67.500718,53.823267,-67.728079,53.825095,-67.740517,53.871637,-68.05707,54.279749,-70.10871,54.299175,-70.199421,54.299319,-70.200049,54.308255,-70.241775,54.359343,-70.464397,54.396635,-70.595845,54.450762,-70.786671,55.123148,-72.767479,55.153144,-72.851913,55.153381,-72.852553,55.167861,-72.893306,55.247373,-73.107456,55.294999,-73.217982,55.380953,-73.417495,56.306176,-75.293632,56.34556,-75.370819,56.345901,-75.371465,56.365582,-75.410039,56.472224,-75.612188,56.547928,-75.739258,56.646327,-75.904462,57.808529,-77.643768,57.855762,-77.712483,57.856203,-77.713107,57.880943,-77.7491,58.012738,-77.935555,58.019545,-77.944189,58.019586,-77.944247,58.225307,-78.205182,59.604562,-79.77794,59.658402,-79.837786,59.659001,-79.838435,59.688435,-79.871153,59.843311,-80.038979,59.93114,-80.12461,60.090813,-80.280307,61.663575,-81.659563,61.722158,-81.709694,61.722891,-81.710306,61.756771,-81.739296,61.932109,-81.885674,62.026544,-81.956324,62.211077,-82.094401,63.950441,-83.256621,64.012652,-83.297145,64.013471,-83.297665,64.05107,-83.322157,64.243844,-83.444542,64.252363,-83.449328,64.252389,-83.449345,64.550011,-83.616568,66.425982,-84.541718,66.490144,-84.572471,66.491032,-84.572885,66.531691,-84.592373,66.738854,-84.688834,66.882232,-84.746345,67.067218,-84.820561,69.048155,-85.492992,69.112843,-85.514179,69.113804,-85.514482,69.157052,-85.528649,69.374838,-85.59741,69.383481,-85.599627,69.383513,-85.599637,69.720289,-85.686019,71.771847,-86.094091,71.835602,-86.106096,71.836679,-86.106287,71.881867,-86.114796,72.106601,-86.154741,72.115211,-86.155785,72.115378,-86.155815,72.316342,-86.180181,72.454706,-86.196963,72.454823,-86.196971,72.463461,-86.198018,74.550718,-86.334827,74.612519,-86.338273,74.613629,-86.338324,74.659902,-86.340904,74.888015,-86.351393]}