{"Index":-1,"Tolerance":2.1346787999999997E-05,"Coordinates":[75.30024,-36.347671,76.938947,-36.240289,76.987061,-36.236769,77.01636,-36.234401,77.062076,-36.231056,77.703406,-36.179229,77.876502,-36.155073,78.072759,-36.127726,79.683743,-35.80727,79.724711,-35.79884,79.757893,-35.791784,79.760694,-35.791226,79.800933,-35.782941,80.428798,-35.64943,80.433426,-35.648155,80.436868,-35.647424,80.621286,-35.596424,80.791267,-35.549616,80.794399,-35.54855,80.80654,-35.545193,81.104298,-35.443143,82.546714,-34.952613,82.585864,-34.939014,82.890552,-34.83094,83.032464,-34.782297,83.059496,-34.771015,83.072892,-34.766263,83.234677,-34.697899,83.414519,-34.622838,83.726426,-34.468085,84.598214,-34.037495,85.534423,-34.544742,86.045096,-34.766054,88.807739,-35.685704,88.900706,-35.715074,89.429507,-35.873245,90.098802,-35.997488,92.294764,-36.165686,92.602951,-36.174287,93.904885,-36.14741,94.359646,-36.105209,96.621644,-35.72989,97.911785,-35.210757,99.926589,-33.830301,100.496894,-33.330089,101.353855,-32.37531,101.978463,-31.335792,102.220322,-30.67455,102.847363,-29.391032,103.118171,-28.569492,103.427522,-26.892371,103.474527,-26.50642,103.613866,-24.186286,103.619529,-24.013323,103.641311,-20.039685,103.64078,-19.961662,103.545007,-14.946043,103.538614,-14.796372,103.381985,-12.436479,103.287045,-11.848294,103.041656,-10.902244,102.964738,-10.649471,102.119238,-8.236239,101.157249,-6.838153,100.230022,-6.053292,99.499696,-5.340069,98.408358,-4.640397,95.778474,-3.630467,94.857631,-3.426109,93.109715,-3.303353,92.837359,-3.309785,92.226211,-2.395149,92.076111,-2.188942,92.075884,-2.188655,92.063502,-2.171646,91.648416,-1.647077,91.627122,-1.62152,91.626717,-1.621009,91.523996,-1.497728,90.441105,-0.262916,90.269845,-0.08241,90.269766,-0.082333,90.254924,-0.066688,89.775807,0.400278,89.75188,0.422402,89.751374,0.422895,89.6288,0.536224,88.393988,1.619115,88.205814,1.77184,88.205507,1.77207,88.187948,1.786321,87.652861,2.187729,87.626988,2.206057,87.626461,2.206453,87.485193,2.306523,86.119873,3.218831,85.919274,3.342363,85.918916,3.342566,85.898748,3.354984,85.316595,3.684314,85.289458,3.698666,85.289067,3.698887,85.129925,3.783059,83.656939,4.509463,83.447745,4.603397,83.447382,4.603544,83.425125,4.613538,82.805398,4.865327,82.777291,4.875797,82.776782,4.876004,82.602247,4.941017,81.047067,5.468924,80.833588,5.533128,80.83331,5.533201,80.809262,5.540434,80.162211,5.71053,80.133772,5.71709,80.133268,5.717223,79.945489,5.760537,78.334723,6.080947,78.12109,6.11592,78.120773,6.115961,78.09515,6.120156,77.431682,6.205681,77.403612,6.208407,77.403284,6.208449,77.204848,6.227725,75.566026,6.335119,75.356288,6.341916,75.355813,6.341916,75.328876,6.342788,74.65995,6.342338,74.632659,6.341435,74.632347,6.341435,74.4267,6.334639,72.787884,6.227246,72.585403,6.207446,72.585057,6.207401,72.557531,6.20471,71.894087,6.11832,71.867832,6.114004,71.86743,6.113952,71.657931,6.079514,70.047077,5.759087,69.855095,5.714665,69.854653,5.714548,69.826845,5.708114,69.180152,5.537179,69.155556,5.529763,69.155203,5.52967,68.945913,5.46657,67.390708,4.938655,67.212115,4.87199,67.211728,4.871832,67.184224,4.861566,66.564702,4.608888,66.542104,4.598722,66.541934,4.598653,66.336526,4.506261,64.863653,3.779912,64.701174,3.69385,64.700747,3.693608,64.673973,3.679426,64.092166,3.349341,64.071603,3.336662,64.071177,3.33642,63.873991,3.214821,62.508318,2.302276,62.363236,2.19934,62.362833,2.199037,62.337722,2.181222,61.803217,1.779068,61.78515,1.764384,61.784879,1.76418,61.600331,1.614181,60.36571,0.53146,60.240258,0.415323,60.239793,0.414868,60.216359,0.393174,59.73797,-0.07424,59.722422,-0.090647,59.722023,-0.091037,59.55391,-0.268471,58.471063,-1.503234,58.365696,-1.629864,58.365294,-1.630374,58.344322,-1.655578,57.929952,-2.180704,57.917379,-2.198001,57.917263,-2.198148,57.769729,-2.401104,56.857331,-3.766564,56.772778,-3.900189,56.772427,-3.900776,56.754464,-3.929164,56.410919,-4.503252,56.401085,-4.521309,56.400964,-4.521511,56.277769,-4.74771,55.551337,-6.220744,55.487435,-6.358537,55.487166,-6.359154,55.47275,-6.390238,55.205872,-7.003691,55.198743,-7.022138,55.198653,-7.022344,55.103523,-7.268489,54.575615,-8.823675,54.532072,-8.962294,54.531876,-8.962973,54.521328,-8.996549,54.335509,-9.639131,54.331011,-9.657595,54.330937,-9.657852,54.266971,-9.920472,53.946564,-11.531202,53.922464,-11.667909,53.922335,-11.668747,53.916078,-11.704241,53.814346,-12.36557,53.812398,-12.383372,53.812391,-12.383416,53.782236,-12.658821,53.674838,-14.29775,53.668937,-14.429997,53.668915,-14.430927,53.667276,-14.467649,53.651392,-15.136353,53.651752,-15.153602,53.651746,-15.153835,53.65765,-15.436937,53.765036,-17.075675,53.775756,-17.201103,53.775851,-17.202002,53.779058,-17.239529,53.849225,-17.904812,53.851675,-17.920943,53.851691,-17.921096,53.895214,-18.20769,54.215629,-19.818466,54.241103,-19.935039,54.24136,-19.936119,54.249572,-19.973693,54.404617,-20.624274,54.408959,-20.639342,54.409049,-20.639719,54.483265,-20.897198,54.486598,-20.90876,54.491045,-20.92419,55.01892,-22.479276,55.057114,-22.585545,55.057503,-22.586571,55.070788,-22.623533,55.308191,-23.248897,55.313958,-23.262148,55.43483,-23.539899,56.16124,-25.012887,56.209914,-25.107552,56.210442,-25.108538,56.22873,-25.144107,56.544615,-25.733964,56.551728,-25.74582,56.551802,-25.745959,56.710904,-26.01116,57.623319,-27.376646,57.680085,-27.458775,57.680929,-27.459956,57.704086,-27.493458,58.092949,-28.037554,58.100979,-28.047685,58.101084,-28.047832,58.297183,-28.295232,59.380025,-29.529994,59.442673,-29.599344,59.44366,-29.600405,59.471431,-29.631148,59.927105,-30.120905,59.935749,-30.129299,59.935973,-30.12954,60.134822,-30.322621,60.158079,-30.345206,60.158108,-30.345231,60.16719,-30.35405,61.402021,-31.43695,61.468248,-31.493442,61.46961,-31.494572,61.501697,-31.521941,62.016483,-31.948985,62.025188,-31.955477,62.025241,-31.955521,62.288796,-32.152088,63.654483,-33.064638,63.722232,-33.108671,63.723726,-33.109615,63.759638,-33.132957,64.325256,-33.490435,64.334267,-33.495486,64.334291,-33.495501,64.6265,-33.659295,66.099437,-34.385679,66.166413,-34.41774,66.168132,-34.418539,66.207499,-34.437383,66.814138,-34.71911,66.823027,-34.722671,66.82315,-34.722728,67.093407,-34.830984,67.131082,-34.846075,67.140059,-34.849671,68.695156,-35.37755,68.759408,-35.3986,68.761413,-35.399233,68.803527,-35.413031,69.436821,-35.61307,69.445105,-35.615197,69.449693,-35.616646,69.786917,-35.703174,71.397827,-36.023615,71.458093,-36.034999,71.460596,-36.035447,71.504025,-36.043658,72.162969,-36.161556,72.170883,-36.16252,72.171126,-36.162564,72.372213,-36.187058,72.51459,-36.20441,72.514765,-36.204421,72.52279,-36.205399,74.161482,-36.312782,74.216087,-36.315888,74.21875,-36.316016,74.264094,-36.318597,74.928527,-36.350662,74.935638,-36.350601,74.939512,-36.350788]}