{"Index":-1,"Tolerance":2.5185556499999996E-05,"Coordinates":[224.992059,-63.010952,226.130173,-62.963749,226.609243,-62.853215,227.09587,-62.756711,227.225886,-62.726553,227.55045,-62.681348,227.861667,-62.593462,228.494985,-62.490828,228.506961,-62.487152,228.524693,-62.484944,228.661981,-62.445109,228.715783,-62.438409,228.853083,-62.398571,228.906893,-62.39187,229.044186,-62.352034,229.097995,-62.345333,229.235296,-62.305495,229.28911,-62.298793,229.426396,-62.258959,229.480202,-62.252258,229.617492,-62.212423,229.67129,-62.205723,229.80859,-62.165885,229.8624,-62.159184,229.999694,-62.119348,230.053501,-62.112647,230.190791,-62.072812,230.244608,-62.06611,230.381899,-62.026274,230.43571,-62.019573,230.772304,-61.921908,230.918956,-61.890881,231.108541,-61.833667,232.516291,-61.702466,232.53236,-61.700436,233.057899,-61.902832,235.566167,-61.846473,236.700545,-61.35,254.103239,-61.35,254.870089,-61.36135,254.929076,-61.361675,258.019113,-61.35,277.623184,-61.35,281.342928,-57.630256,281.342928,-17.601341,277.623184,-13.881597,232.402748,-13.881597,232.308612,-13.975733,232.234503,-13.971904,231.653618,-13.873163,231.62708,-13.868767,229.799299,-13.573987,229.524528,-13.44157,228.628229,-13.162812,227.253564,-12.949458,226.207236,-12.747981,225.450575,-12.694236,224.217763,-12.753961,224.171782,-12.756523,222.974211,-12.831964,222.209555,-12.975279,220.503937,-13.517194,218.988812,-14.539345,218.045597,-15.678827,217.597325,-16.104274,216.758964,-17.421233,216.336836,-18.685451,216.297645,-18.811484,216.186189,-19.198069,216.006419,-19.718576,215.846857,-20.449969,215.708357,-21.872681,215.699533,-21.983357,215.685775,-22.204718,215.682243,-22.273616,215.624326,-23.70832,215.621772,-23.850284,215.632925,-26.401387,215.633043,-26.418128,215.637743,-26.905511,215.653619,-27.193538,215.70171,-27.67052,215.749673,-27.986239,216.071977,-29.567742,216.206678,-30.039307,216.56794,-31.012548,217.032504,-31.850793,217.432488,-32.369683,217.80978,-32.908218,218.773115,-33.810312,220.263846,-34.715054,221.561043,-35.159896,222.702601,-35.292025,222.781427,-35.304379,223.190758,-35.417485,223.263867,-35.416334,223.356174,-35.441841,223.429344,-35.440689,223.521666,-35.4662,223.594811,-35.465049,223.687136,-35.49056,223.76028,-35.489409,223.85263,-35.514927,223.927428,-35.513749,224.021085,-35.539571,224.169351,-35.537183,224.55222,-35.642261,224.628439,-35.662166,225.069604,-35.771549,225.29502,-35.8395,225.642108,-35.923178,226.249544,-36.03394,226.321288,-36.046174,227.103284,-36.170318,227.297471,-36.176991,227.393753,-36.188507,228.683004,-36.313936,228.683004,-44.402352,228.53344,-44.439921,228.405357,-44.52739,228.325375,-44.547481,228.251376,-44.593713,228.156866,-44.617453,228.082854,-44.663693,227.988344,-44.687433,227.914345,-44.733665,227.819835,-44.757405,227.745829,-44.803641,227.651319,-44.827381,227.577313,-44.873617,227.482803,-44.897357,227.408797,-44.943593,227.314287,-44.967333,227.240275,-45.013573,227.145765,-45.037313,227.071766,-45.083545,226.977256,-45.107285,226.90325,-45.153521,226.808745,-45.17726,226.803729,-45.180394,226.657266,-45.19389,226.586032,-45.231127,226.467718,-45.242685,226.398207,-45.279266,226.277934,-45.291691,226.217348,-45.32379,226.100139,-45.336245,226.048304,-45.363805,225.93566,-45.375775,225.883826,-45.403334,225.771183,-45.415304,225.719346,-45.442865,225.606701,-45.454835,225.554866,-45.482395,225.442222,-45.494365,225.390387,-45.521924,225.277749,-45.533894,225.225909,-45.561456,225.113261,-45.573427,225.061429,-45.600985,224.948787,-45.612955,224.89695,-45.640516,224.784305,-45.652486,224.73247,-45.680046,224.621039,-45.691887,224.569152,-45.71945,224.45721,-45.731345,224.405273,-45.758921,224.293314,-45.770819,224.241364,-45.79839,224.129402,-45.810288,224.077429,-45.83786,223.965537,-45.84975,223.913531,-45.877327,223.801667,-45.889214,223.749612,-45.916804,223.63776,-45.928691,223.585704,-45.95627,223.473874,-45.968154,223.212658,-46.106485,222.817569,-46.177201,222.753765,-46.214069,222.400913,-46.280106,222.270839,-46.358605,222.07532,-46.4047,222.013735,-46.419219,221.085705,-46.553532,218.976889,-47.767512,217.937654,-49.079651,217.54092,-49.547938,216.952266,-50.587314,216.712678,-51.291949,216.688624,-51.365633,216.35309,-52.437623,216.210289,-53.25699,216.168432,-54.258803,216.145142,-54.753134,216.224743,-55.62682,216.537783,-56.971056,216.646548,-57.337001,216.807708,-57.779872,216.94639,-58.103829,217.610481,-59.444331,218.441128,-60.493063,218.821707,-60.807817,219.142377,-61.187739,220.634938,-62.18484,221.685762,-62.519299,221.736137,-62.534873,223.080678,-62.938353,224.228181,-63.065349]}