{"Index":-1,"Tolerance":2.66534355E-05,"Coordinates":[219.848149,-64.614606,220.627318,-64.605865,221.178862,-64.551395,221.365812,-64.516281,221.378704,-64.515006,223.189737,-64.174367,223.295387,-64.158484,223.474638,-64.126257,223.823671,-64.053113,223.849112,-64.047673,227.048734,-63.349742,227.076707,-63.343508,227.227974,-63.309079,227.25434,-63.303328,227.277022,-63.298294,228.386606,-63.047752,231.742225,-62.327566,234.349289,-61.876744,234.814284,-61.877955,235.391862,-61.757881,238.076766,-61.519473,239.1783,-61.428135,241.758474,-61.360436,248.484441,-61.356281,249.550228,-61.357448,250.801627,-61.359186,256.606277,-61.399324,256.772154,-61.396137,257.768214,-61.350948,258.0191,-61.35,277.623184,-61.35,281.342928,-57.630256,281.342928,-17.601341,277.623184,-13.881597,234.67723,-13.881597,232.839136,-13.672465,232.431885,-13.610229,230.053066,-13.205717,229.614464,-13.126446,229.582032,-13.120758,227.556502,-12.776324,227.386565,-12.745284,225.83295,-12.455603,225.814569,-12.452231,223.218879,-11.984039,222.609677,-11.872765,222.562588,-11.865663,222.559599,-11.865124,222.481282,-11.853401,222.415212,-11.843436,222.412762,-11.843144,222.37204,-11.837048,220.659651,-11.632787,220.591958,-11.62595,220.169727,-11.575585,220.05558,-11.564056,218.405834,-11.427493,217.370406,-11.511169,215.536914,-11.967374,214.614828,-12.358619,212.334549,-13.784101,211.130458,-15.13096,210.343596,-16.772953,210.108034,-17.452325,209.485108,-20.229535,209.41964,-20.653958,209.370036,-21.23311,209.359396,-21.426653,209.260698,-25.471483,209.259756,-25.552999,209.261898,-27.226535,209.360814,-28.010353,209.501221,-28.560713,209.767966,-30.45027,210.467366,-32.046441,211.219359,-32.965581,212.072418,-34.21229,213.849341,-35.503081,216.572224,-36.303054,217.198175,-36.420547,217.763428,-36.468898,217.930924,-36.478776,221.255523,-36.586822,221.338314,-36.588432,222.023047,-36.59282,224.671801,-36.715347,224.704991,-36.716709,226.522495,-36.781737,228.683004,-36.926507,228.683004,-43.953288,228.390881,-43.988411,225.441035,-44.178705,225.410781,-44.180802,223.881706,-44.294117,219.574338,-44.422165,219.559736,-44.422633,218.931777,-44.444193,218.540071,-44.482021,216.189357,-44.857102,214.762032,-45.462564,213.43031,-46.4627,212.822647,-46.794683,211.433176,-48.275082,211.168193,-48.842837,210.500924,-49.811216,210.000186,-50.986067,209.749441,-52.207641,209.684875,-52.902995,209.68678,-53.013222,209.395668,-54.623039,209.463698,-56.063322,209.816959,-57.323558,210.117409,-59.043603,211.21586,-60.968763,212.011295,-61.647938,212.877557,-62.807838,214.94611,-64.08017,216.255256,-64.309685,217.007811,-64.568951,218.300393,-64.734364]}