{"Index":-1,"Tolerance":2.50498005E-05,"Coordinates":[225.650272,-62.9079,226.61317,-62.867965,226.746599,-62.837179,226.774167,-62.836036,227.283405,-62.718542,227.55045,-62.681348,227.861667,-62.593462,228.494985,-62.490828,228.506961,-62.487152,228.524693,-62.484944,228.661981,-62.445109,228.715783,-62.438409,228.853083,-62.398571,228.906893,-62.39187,229.044186,-62.352034,229.097995,-62.345333,229.235296,-62.305495,229.28911,-62.298793,229.426396,-62.258959,229.480202,-62.252258,229.617492,-62.212423,229.67129,-62.205723,229.80859,-62.165885,229.8624,-62.159184,229.999694,-62.119348,230.053501,-62.112647,230.190791,-62.072812,230.244608,-62.06611,230.381899,-62.026274,230.43571,-62.019573,230.772304,-61.921908,230.918956,-61.890881,231.108541,-61.833667,232.516291,-61.702466,232.53236,-61.700436,233.057899,-61.902832,235.566167,-61.846473,236.700545,-61.35,254.103239,-61.35,254.870089,-61.36135,254.929076,-61.361675,258.019113,-61.35,277.623184,-61.35,281.342928,-57.630256,281.342928,-17.601341,277.623184,-13.881597,232.402748,-13.881597,232.308612,-13.975733,232.234503,-13.971904,231.653618,-13.873163,231.62708,-13.868767,229.744867,-13.565208,228.923154,-13.309647,227.016213,-13.013681,226.574159,-12.92856,225.817494,-12.874814,225.222794,-12.903625,225.176811,-12.906187,223.646919,-13.002563,222.882267,-13.145877,220.980581,-13.750085,219.465454,-14.772237,218.329268,-16.144841,218.071959,-16.412161,217.50002,-17.231793,217.143716,-17.965315,216.948523,-18.473936,216.748002,-19.169448,216.517381,-19.837186,216.357819,-20.568579,216.23684,-21.811311,216.228016,-21.921986,216.175328,-22.76968,216.171796,-22.838577,216.130224,-23.868374,216.12767,-24.010339,216.135531,-25.808549,216.135649,-25.825296,216.145525,-26.849094,216.1614,-27.137109,216.237697,-27.893865,216.285661,-28.209592,216.543395,-29.474258,216.678098,-29.945828,217.083093,-31.03688,217.547648,-31.875109,217.855715,-32.274761,218.359221,-32.993447,219.322552,-33.895537,220.680261,-34.719547,221.977467,-35.164391,222.622159,-35.239009,223.356193,-35.441842,223.429348,-35.44069,223.521666,-35.4662,223.594811,-35.465049,223.687136,-35.49056,223.76028,-35.489409,223.85263,-35.514927,223.927428,-35.513749,224.021085,-35.539571,224.169351,-35.537183,224.55222,-35.642261,224.628439,-35.662166,225.069604,-35.771549,225.29502,-35.8395,225.642108,-35.923178,226.249544,-36.03394,226.321288,-36.046174,227.103284,-36.170318,227.297471,-36.176991,227.393753,-36.188507,228.683004,-36.313936,228.683004,-44.402352,228.53344,-44.439921,228.405357,-44.52739,228.325375,-44.547481,228.251376,-44.593713,228.156866,-44.617453,228.082854,-44.663693,227.988344,-44.687433,227.914345,-44.733665,227.819835,-44.757405,227.745829,-44.803641,227.651319,-44.827381,227.577313,-44.873617,227.482803,-44.897357,227.408797,-44.943593,227.314287,-44.967333,227.240275,-45.013573,227.145765,-45.037313,227.071766,-45.083545,226.977256,-45.107285,226.90325,-45.153521,226.808745,-45.17726,226.803729,-45.180394,226.657266,-45.19389,226.586032,-45.231127,226.467718,-45.242685,226.398207,-45.279266,226.277934,-45.291691,226.217348,-45.32379,226.100139,-45.336245,226.048304,-45.363805,225.93566,-45.375775,225.883826,-45.403334,225.771183,-45.415304,225.719346,-45.442865,225.606701,-45.454835,225.554866,-45.482395,225.442222,-45.494365,225.390387,-45.521924,225.277749,-45.533894,225.225909,-45.561456,225.113261,-45.573427,225.061429,-45.600985,224.948787,-45.612955,224.89695,-45.640516,224.784305,-45.652486,224.73247,-45.680046,224.621039,-45.691887,224.569152,-45.71945,224.45721,-45.731345,224.405273,-45.758921,224.293314,-45.770819,224.241364,-45.79839,224.129402,-45.810288,224.077429,-45.83786,223.965537,-45.84975,223.913531,-45.877327,223.801667,-45.889214,223.749612,-45.916804,223.63776,-45.928691,223.585704,-45.95627,223.473874,-45.968154,223.212658,-46.106485,222.817569,-46.177201,222.753765,-46.214069,222.400913,-46.280106,222.318963,-46.329563,221.585347,-46.43574,219.476539,-47.649716,218.522408,-48.8544,218.037648,-49.426584,217.448988,-50.465973,217.170285,-51.285652,217.146233,-51.359327,216.85458,-52.291122,216.711779,-53.110492,216.675461,-53.979751,216.641896,-54.692209,216.721497,-55.565883,216.997961,-56.753059,217.106717,-57.118982,217.344485,-57.772387,217.483176,-58.096369,218.078067,-59.297186,218.908714,-60.345918,219.216566,-60.600524,219.634036,-61.095131,221.12659,-62.092228,222.329042,-62.474949,222.379423,-62.490525,223.568726,-62.847419,224.716227,-62.974415]}