{"Index":-1,"Tolerance":2.4170103E-05,"Coordinates":[230.758739,-61.866629,231.013892,-61.851161,231.116453,-61.833357,231.211573,-61.82446,232.517835,-61.702288,232.532389,-61.700447,233.057899,-61.902832,235.566167,-61.846473,236.700545,-61.35,254.103238,-61.35,254.870674,-61.361359,254.930831,-61.361679,256.477984,-61.355263,256.596431,-61.355407,256.614506,-61.355378,257.816242,-61.35,277.623184,-61.35,281.342928,-57.630256,281.342928,-17.601341,277.623184,-13.881597,232.402748,-13.881597,232.308612,-13.975733,232.234504,-13.971904,231.653615,-13.873162,231.627071,-13.868766,231.398887,-13.831965,231.338497,-13.82052,231.044473,-13.778923,230.323955,-13.71115,229.797091,-13.70543,229.461623,-13.72965,228.865594,-13.723377,228.10656,-13.806891,227.439389,-13.96289,226.940145,-14.036731,225.843903,-14.410682,225.136979,-14.806704,225.033952,-14.866992,224.2772,-15.329129,223.827165,-15.661618,223.373092,-16.063386,223.155333,-16.275479,222.609998,-16.860016,222.249452,-17.367499,222.096041,-17.552358,221.624824,-18.31878,221.181289,-19.339815,221.047335,-19.709128,220.880218,-20.277205,220.858571,-20.354373,220.668219,-21.067441,220.581071,-21.527706,220.406312,-23.062299,220.386475,-23.361888,220.378374,-23.791737,220.340565,-25.005295,220.33922,-25.13938,220.348934,-26.015555,220.349457,-26.047863,220.374084,-27.205861,220.388564,-27.448666,220.429106,-27.861608,220.577105,-29.398119,220.688095,-29.978379,220.844395,-30.517941,220.987319,-30.911989,221.612244,-32.334474,221.985546,-32.971484,222.483714,-33.631958,223.052616,-34.213757,223.610864,-34.654793,223.829499,-34.812917,224.765652,-35.43117,225.889214,-35.896602,226.85651,-36.094486,226.961369,-36.114108,227.701595,-36.239795,227.921618,-36.240896,227.977246,-36.246432,227.98683,-36.247371,228.683004,-36.314516,228.683004,-44.402352,228.53344,-44.439921,228.405357,-44.52739,228.325375,-44.547481,228.251376,-44.593713,228.156866,-44.617453,228.082854,-44.663693,227.988344,-44.687433,227.914345,-44.733665,227.819835,-44.757405,227.745829,-44.803641,227.651319,-44.827381,227.577313,-44.873617,227.482803,-44.897357,227.408797,-44.943593,227.314287,-44.967333,227.240275,-45.013573,227.145765,-45.037313,227.071766,-45.083545,226.977256,-45.107285,226.90325,-45.153521,226.808745,-45.17726,226.803729,-45.180394,226.657266,-45.19389,226.586032,-45.231127,226.467718,-45.242685,226.398207,-45.279266,226.277934,-45.291691,226.217348,-45.32379,226.100139,-45.336245,226.048303,-45.363805,225.935663,-45.375775,223.762789,-46.531045,222.988404,-47.45168,222.456416,-47.961351,221.619693,-49.295856,221.30376,-50.271248,221.06589,-50.95148,220.890837,-51.848653,220.836163,-52.963739,220.835862,-52.969994,220.803818,-53.650999,220.876282,-54.492912,221.15628,-55.752489,221.27426,-56.155432,221.526439,-56.844291,221.781358,-57.379833,222.494522,-58.576064,222.757412,-58.95232,223.247107,-59.55528,224.039717,-60.254187,225.401614,-61.101635,226.094577,-61.42479,226.637738,-61.602435,226.957111,-61.688766,228.488238,-62.018181,229.692428,-62.045636]}