{"Inners":[{"Index":-1,"Tolerance":1.1296570000000017E-06,"Coordinates":[14.913514,-36.128,14.777452,-36.106983,14.131334,-35.721035,14.050247,-35.61467,13.967663,-35.462826,13.909162,-35.299937,13.876133,-35.129602,13.869515,-34.956875,13.88942,-34.784437,13.935283,-34.617508,14.005962,-34.459845,14.100307,-34.314151,14.215682,-34.184702,14.349052,-34.074708,14.498002,-33.986167,14.658735,-33.921377,14.827241,-33.88195,15.0,-33.868686,15.172758,-33.88195,15.341259,-33.921376,15.502017,-33.986176,15.650943,-34.074704,15.784321,-34.184705,15.899674,-34.314129,15.993803,-34.459487,16.064748,-34.617742,16.110591,-34.784568,16.130485,-34.956918,16.123869,-35.129577,16.09086,-35.299799,16.032327,-35.46279,15.949559,-35.614987,15.844599,-35.752691,15.719795,-35.872803,15.578119,-35.972453,15.422956,-36.049279,15.257921,-36.101503,15.086413,-36.128]}],"Index":-1,"Tolerance":4.6345876E-05,"Coordinates":[75.598789,-86.342081,77.803057,-86.165817,78.197535,-86.109206,80.502245,-85.629356,80.902676,-85.518235,83.16024,-84.729515,83.543391,-84.566779,85.654554,-83.50187,86.009682,-83.292816,87.963161,-81.965175,88.296037,-81.704992,89.403315,-80.714184,93.414227,-82.146691,93.640716,-82.218153,96.454524,-82.991568,97.103695,-83.099462,99.095244,-83.221411,99.271906,-83.2273,101.179442,-83.237769,101.462298,-83.270902,105.651601,-83.346687,105.769995,-83.346621,106.325726,-83.33595,106.711624,-83.374594,107.915408,-83.355922,107.935665,-83.359654,108.701984,-83.40677,109.634564,-83.351351,109.959714,-83.315155,110.621534,-83.206737,110.936395,-83.204364,111.523208,-83.09716,111.764934,-83.095338,112.400747,-82.979182,112.921809,-82.957299,113.949057,-82.695476,114.947918,-82.493125,115.297002,-82.401494,116.148784,-82.125336,116.445681,-82.012384,117.374727,-81.604667,117.876381,-81.571147,119.719337,-81.682316,119.833409,-81.687141,121.89655,-81.737261,122.038837,-81.737529,125.59315,-81.664567,125.784342,-81.597073,125.959127,-81.596995,126.235878,-81.502411,126.448915,-81.500993,126.703873,-81.412972,126.909426,-81.411604,127.164381,-81.323584,127.369941,-81.322216,127.624898,-81.234196,127.900182,-81.232363,128.308787,-81.081462,129.471783,-81.01309,129.512743,-80.996027,131.364159,-80.910116,131.587799,-80.891804,131.698387,-80.878802,132.427245,-80.8691,132.502747,-80.867197,135.639865,-80.750765,135.677563,-80.749142,136.407686,-80.713351,137.298868,-80.751086,137.394398,-80.753691,141.762858,-80.80707,142.001232,-80.801031,142.66327,-80.75935,142.880317,-80.738183,148.073006,-80.051095,148.86289,-80.105739,148.996867,-80.057014,149.233559,-80.076244,149.407643,-80.014113,149.661557,-80.034742,149.835641,-79.972611,150.089555,-79.99324,150.636609,-79.797994,151.46754,-79.71742,153.728896,-79.722237,154.452973,-79.640435,155.769275,-79.33622,156.326182,-79.252522,156.668922,-79.17355,156.982036,-79.120241,158.876971,-78.52628,159.907614,-77.980671,160.82111,-77.256931,161.197039,-76.906048,162.257878,-75.741681,162.73089,-75.063237,163.315082,-73.937768,163.366218,-73.834729,163.686302,-73.159311,163.951941,-72.307365,164.104041,-71.376382,164.124796,-71.22718,164.323728,-69.4974,164.34443,-69.10809,164.324377,-66.677612,164.300015,-54.608804,164.297619,-52.910146,164.297893,-48.699013,164.305152,-46.829934,164.305159,-46.807466,164.299976,-45.184175,164.298937,-31.308924,164.298967,-22.59497,164.303547,-21.484869,164.30356,-21.462381,164.294847,-18.515635,164.289054,-11.928265,164.289043,-11.922414,164.286608,-11.027916,164.283424,-10.894124,164.266541,-10.518136,164.259462,-10.405329,164.101724,-8.449361,164.064734,-8.158743,163.806976,-6.681321,163.483633,-5.736356,162.972046,-4.769439,162.843569,-4.548587,162.394736,-3.843872,161.914532,-3.257647,161.164692,-2.537369,160.45022,-2.020137,159.10831,-1.307944,157.868187,-0.944463,156.001615,-0.79049,155.979298,-0.792067,150.956861,-0.388043,150.83006,-0.380392,150.59568,-0.37095,150.540426,-0.363462,150.510228,-0.349847,150.356837,-0.338582,149.337163,-0.200394,149.06007,-0.243346,148.269104,-0.185256,147.808625,-0.316149,147.604725,-0.313652,147.374329,-0.319193,144.02199,-0.521694,142.272952,-0.599343,142.161795,-0.606233,141.486008,-0.660032,137.984264,-0.735001,137.867938,-0.739626,137.843832,-0.741027,137.798556,-0.733475,136.741425,-0.578832,134.689515,-0.278667,134.562226,-0.262666,133.875862,-0.190436,133.454542,-0.090492,132.056424,0.076057,131.853328,0.093661,131.290673,0.124278,131.238125,0.126701,127.08915,0.283584,126.971191,0.285851,125.995775,0.286472,124.957273,0.404741,124.913857,0.409383,121.452242,0.755458,115.394738,1.574985,115.309142,1.585384,113.952653,1.73152,113.621581,1.749785,111.162933,1.756935,111.136017,1.756899,108.45609,1.741974,108.404614,1.74127,105.120452,1.669718,103.685308,1.649279,103.629786,1.648002,100.911775,1.561724,100.88891,1.560916,95.920155,1.367342,95.782599,1.358991,95.077987,1.30084,94.709323,1.248525,91.272579,0.553344,90.495283,0.288194,90.083018,0.085017,89.810359,0.36324,89.696396,0.473855,88.975962,1.138952,88.821719,1.272432,88.248295,1.737316,88.11193,1.841884,86.825517,2.774164,86.625851,2.907649,85.964688,3.314362,85.817297,3.399668,84.439914,4.148293,84.22277,4.255794,83.493032,4.583027,83.333324,4.649481,81.865767,5.213742,81.639297,5.291156,80.882251,5.518464,80.72146,5.562178,79.215834,5.929376,78.928613,5.985548,77.542446,6.190871,77.385675,6.210121,76.500788,6.296501,76.259269,6.310818,74.78811,6.341886,74.617613,6.340909,73.735683,6.312163,73.533965,6.299152,72.610019,6.209953,72.441709,6.189155,70.998133,5.971491,70.711578,5.9147,69.260838,5.557147,69.105584,5.514682,68.331655,5.281759,68.139556,5.217191,67.257431,4.889015,67.101953,4.826455,65.767439,4.248106,65.542438,4.139901,64.739024,3.713873,64.604878,3.638521,63.400545,2.923094,63.18349,2.781877,62.39728,2.223467,62.275999,2.132901,61.19075,1.281472,60.992391,1.112248,60.288567,0.460034,60.171849,0.346167,59.139387,-0.714159,58.942598,-0.936111,57.883066,-2.249897,57.759673,-2.413424,57.359304,-2.981221,57.251774,-3.144129,56.435815,-4.467011,56.348834,-4.61705,56.038327,-5.188054,55.934571,-5.396756,55.229498,-6.956034,55.160178,-7.121653,54.93218,-7.712778,54.856878,-7.931402,54.354004,-9.584537,54.307122,-9.755693,54.157999,-10.366622,54.110233,-10.599975,53.8115,-12.400706,53.775464,-12.712904,53.67997,-14.170171,53.673306,-14.348844,53.661076,-15.689081,53.672356,-15.987102,53.75816,-16.996642,53.769058,-17.103439,53.822426,-17.551307,53.518614,-17.650237,50.543268,-18.32933,47.945598,-18.698392,47.887133,-18.707255,47.248085,-18.810223,45.358123,-19.05307,45.305246,-19.060317,42.560177,-19.460051,41.69175,-19.400047,39.926317,-18.970826,38.658563,-18.211917,36.540198,-16.712039,36.524432,-16.700948,33.463094,-14.561196,32.755596,-14.18899,31.512387,-13.723072,31.170068,-13.616385,31.003213,-13.574549,30.696562,-13.449326,30.26549,-13.341242,29.958845,-13.216021,29.180443,-13.02085,28.514121,-12.794256,27.743986,-12.634848,26.675658,-12.548757,26.169592,-12.548374,23.565741,-12.754235,22.080389,-13.253802,20.382873,-14.341837,20.361022,-14.335212,20.059078,-14.259603,18.818648,-14.01286,18.694325,-13.99069,17.360697,-13.780146,17.007574,-13.744465,14.979464,-13.653496,14.740381,-13.651781,14.246991,-13.666819,14.073604,-13.676856,12.143269,-13.84166,11.760936,-13.897883,9.481988,-14.376116,9.11316,-14.47702,7.894364,-14.89074,7.800301,-14.924329,6.572559,-15.384637,6.24409,-15.529443,4.335112,-16.503308,3.986471,-16.710193,1.955572,-18.097751,1.628873,-18.353784,-0.057671,-19.863291,-0.338693,-20.148685,-1.874036,-21.918323,-2.12515,-22.249171,-3.447601,-24.2508,-3.65301,-24.61071,-4.67564,-26.709584,-4.829863,-27.085384,-5.570654,-29.280435,-5.676004,-29.674433,-6.13644,-31.980515,-6.190954,-32.391916,-6.349866,-34.781312,-6.350112,-35.199432,-6.196559,-37.549959,-6.14479,-37.94991,-5.703104,-40.219454,-5.598881,-40.616333,-4.856202,-42.84693,-4.705525,-43.219168,-3.727804,-45.254391,-3.524297,-45.615574,-2.172533,-47.686153,-1.917657,-48.024857,-0.693105,-49.444271,-0.739111,