{"Index":-1,"Tolerance":2.47479295E-05,"Coordinates":[228.077751,-62.585137,228.409935,-62.499235,228.524693,-62.484944,228.661981,-62.445109,228.715783,-62.438409,228.853083,-62.398571,228.906893,-62.39187,229.044186,-62.352034,229.097995,-62.345333,229.235296,-62.305495,229.28911,-62.298793,229.426396,-62.258959,229.480202,-62.252258,229.617492,-62.212423,229.67129,-62.205723,229.80859,-62.165885,229.8624,-62.159184,229.999694,-62.119348,230.053501,-62.112647,230.190791,-62.072812,230.244608,-62.06611,230.381899,-62.026274,230.43571,-62.019573,230.772304,-61.921908,230.918956,-61.890881,231.108541,-61.833667,232.516291,-61.702466,232.53236,-61.700436,233.057899,-61.902832,235.566167,-61.846473,236.700545,-61.35,254.103239,-61.35,254.870089,-61.36135,254.929076,-61.361675,258.019113,-61.35,277.623184,-61.35,281.342928,-57.630256,281.342928,-17.601341,277.623184,-13.881597,232.402748,-13.881597,232.308612,-13.975733,232.234503,-13.971904,231.653618,-13.873163,231.62708,-13.868767,229.303702,-13.494058,228.953552,-13.426526,228.491635,-13.335912,227.989952,-13.278356,227.291559,-13.254081,227.160885,-13.24179,226.633921,-13.236078,226.405871,-13.25255,225.523128,-13.301422,225.12925,-13.348015,224.356049,-13.488864,223.693831,-13.685667,222.455213,-14.205789,221.964676,-14.464179,221.229574,-14.93751,220.575773,-15.496435,219.513165,-16.68807,219.071937,-17.324149,218.802718,-17.835384,218.641433,-18.097717,218.370528,-18.721378,218.236596,-19.090638,218.176659,-19.294381,217.879947,-20.153474,217.720383,-20.884875,217.646127,-21.647658,217.637303,-21.758331,217.525895,-23.550751,217.496268,-23.893143,217.485987,-24.068018,217.477709,-24.333734,217.476364,-24.467813,217.489631,-25.664441,217.499608,-26.698637,217.515483,-26.986652,217.679908,-28.617516,217.78953,-29.183726,218.143217,-30.404501,218.286107,-30.798431,218.602504,-31.51863,218.975807,-32.155639,219.747998,-33.179414,220.316916,-33.761225,221.280206,-34.522248,222.532574,-35.127868,222.703072,-35.168189,222.723035,-35.177843,223.506223,-35.363059,224.158788,-35.534284,224.55222,-35.642261,224.628439,-35.662166,225.069604,-35.771549,225.29502,-35.8395,225.642108,-35.923178,226.249544,-36.03394,226.321288,-36.046174,227.103284,-36.170318,227.297471,-36.176991,227.393753,-36.188507,228.683004,-36.313936,228.683004,-44.402352,228.53344,-44.439921,228.405357,-44.52739,228.325375,-44.547481,228.251376,-44.593713,228.156866,-44.617453,228.082854,-44.663693,227.988344,-44.687433,227.914345,-44.733665,227.819835,-44.757405,227.745829,-44.803641,227.651319,-44.827381,227.577313,-44.873617,227.482803,-44.897357,227.408797,-44.943593,227.314287,-44.967333,227.240275,-45.013573,227.145765,-45.037313,227.071766,-45.083545,226.977256,-45.107285,226.90325,-45.153521,226.808745,-45.17726,226.803729,-45.180394,226.657266,-45.19389,226.586032,-45.231127,226.467718,-45.242685,226.398207,-45.279266,226.277934,-45.291691,226.217348,-45.32379,226.100139,-45.336245,226.048304,-45.363805,225.93566,-45.375775,225.883826,-45.403334,225.771183,-45.415304,225.719346,-45.442865,225.606701,-45.454835,225.554866,-45.482395,225.442222,-45.494365,225.390387,-45.521924,225.277749,-45.533894,225.225909,-45.561456,225.113261,-45.573427,225.061429,-45.600985,224.948787,-45.612955,224.89695,-45.640516,224.784305,-45.652486,224.73247,-45.680046,224.621039,-45.691887,224.569152,-45.71945,224.45721,-45.731345,224.405273,-45.758921,224.293314,-45.770819,224.241364,-45.79839,224.129402,-45.810288,224.077429,-45.83786,223.965537,-45.84975,223.913531,-45.877327,223.801667,-45.889214,223.749612,-45.916804,223.63776,-45.928691,223.585704,-45.95627,223.473874,-45.968154,223.284254,-46.06857,222.917747,-46.121615,220.808947,-47.335581,220.081753,-48.253729,219.362247,-49.102995,218.773586,-50.142385,218.390573,-51.268847,218.366515,-51.342542,218.191884,-51.90048,218.04909,-52.719804,218.027532,-53.235689,217.966569,-54.529706,218.046171,-55.403384,218.22511,-56.171773,218.333864,-56.537688,218.775925,-57.752515,218.914622,-58.07651,219.324984,-58.904839,220.155683,-59.95361,220.269563,-60.047789,220.945117,-60.848169,222.437669,-61.845267,224.044466,-62.356686,224.094856,-62.372264,224.870277,-62.604956,226.017959,-62.731937]}