{"Index":-1,"Tolerance":2.3409203500000016E-05,"Coordinates":[278.412207,-57.630256,278.412207,-17.601341,274.692463,-13.881597,235.313544,-13.881597,231.5938,-17.601341,231.5938,-57.630256,235.313544,-61.35,274.692463,-61.35]}