{"Index":-1,"Tolerance":2.40092665E-05,"Coordinates":[235.544233,-61.849793,236.700524,-61.35,277.623184,-61.35,281.342928,-57.630256,281.342928,-17.601341,277.623184,-13.881597,232.402748,-13.881597,228.683004,-17.601341,228.683004,-18.043414,228.298844,-18.498032,227.520358,-20.861079,227.374175,-21.562026,227.104723,-24.452191,227.116288,-25.148551,227.382766,-27.249303,227.519548,-27.851502,227.830654,-28.788657,228.151303,-29.471265,228.683004,-30.323546,228.683004,-49.576893,228.164022,-50.169292,227.352917,-52.270942,227.31395,-54.534184,227.428756,-55.439124,228.268452,-58.477932,228.346403,-58.563924,228.367567,-58.640516,230.395284,-60.877404,233.050881,-61.90013]}