{"Inners":[{"Index":-1,"Tolerance":7.489000000000001E-06,"Coordinates":[14.425971,-42.478,13.291099,-42.3027,12.189015,-41.952661,12.05708,-41.887337,10.326851,-40.855588,10.227945,-40.786021,9.400901,-39.989898,8.704803,-39.076801,8.156272,-38.068231,7.768096,-36.9874,7.549452,-35.859846,7.505511,-34.712981,7.505508,-34.712928,7.637199,-33.572101,7.941383,-32.464947,8.410961,-31.417468,9.035354,-30.45324,9.799489,-29.595888,10.685096,-28.865501,11.672124,-28.278779,12.52357,-27.935569,12.737098,-27.849498,13.855155,-27.587894,15.0,-27.5,16.144844,-27.587894,17.262901,-27.849498,18.32792,-28.278801,19.314903,-28.865501,20.200511,-29.595889,20.964614,-30.453201,21.588798,-31.417098,22.058591,-32.465054,22.3628,-33.572101,22.494491,-34.712984,22.493024,-34.751269,22.450546,-35.859847,22.231933,-36.987212,21.843795,-38.068025,21.784596,-38.176883,21.295201,-39.076793,20.599241,-39.989865,20.599207,-39.989898,20.433817,-40.14907,19.771803,-40.786198,18.832603,-41.4468,17.8036,-41.956292,16.709048,-42.30265,16.603179,-42.319006,15.574051,-42.478]}],"Index":-1,"Tolerance":1.8300687999999996E-05,"Coordinates":[24.131722,-59.495878,25.481488,-59.135635,27.799002,-58.497712,28.063944,-58.398861,28.470718,-58.215069,31.003611,-56.388917,31.648339,-55.766561,32.470019,-54.702037,33.454116,-53.112462,34.430216,-51.447218,34.747743,-50.772976,35.060491,-50.074227,35.740113,-48.093344,36.111129,-46.792436,36.209427,-46.400407,36.567373,-43.254029,36.601386,-42.324356,36.399292,-38.912682,36.318143,-37.839185,35.928483,-35.853651,35.377082,-33.37346,34.429628,-30.694921,34.051458,-29.540943,33.818057,-29.162797,32.767934,-27.130154,29.845913,-23.693716,26.110129,-20.458481,25.888263,-20.358819,23.721714,-20.842326,23.65231,-20.903683,23.667919,-21.019434,24.232566,-22.491726,24.965312,-23.634132,25.444489,-24.201307,25.634288,-24.419186,25.596715,-24.383635,24.907346,-23.727982,24.882753,-23.708088,24.88261,-23.707953,24.13137,-23.0998,24.111812,-23.086265,23.936516,-22.960844,23.854436,-22.908143,23.83601,-22.895391,22.518129,-22.021722,22.162182,-21.82068,22.156,-21.817631,22.127563,-21.799373,21.942409,-21.70807,21.842,-21.66279,21.823752,-21.653791,21.329214,-21.419241,20.531483,-21.059496,20.354354,-20.991152,20.34734,-20.988758,20.314204,-20.973815,20.118729,-20.907458,20.032969,-20.881457,20.014973,-20.875315,19.527498,-20.717929,18.667582,-20.45722,18.509966,-20.419029,18.503285,-20.417689,18.470822,-20.407847,18.268351,-20.367571,18.177268,-20.352306,18.158263,-20.348495,17.641724,-20.253159,16.755724,-20.104674,16.595445,-20.086583,16.589413,-20.086198,16.570459,-20.083022,16.364463,-20.069522,16.274961,-20.066152,16.252802,-20.064739,15.712008,-20.036278,14.814353,-20.002475,14.655575,-20.004593,14.650439,-20.004978,14.644234,-20.004744,14.438237,-20.018243,14.27416,-20.033159,13.770636,-20.070871,12.875962,-20.152206,12.733872,-20.17265,12.72929,-20.173604,12.723722,-20.17411,12.521251,-20.214385,12.347061,-20.253166,11.826543,-20.361513,10.973232,-20.55149,10.849674,-20.586034,10.845667,-20.587428,10.840849,-20.588501,10.645363,-20.654859,10.484184,-20.713218,9.98277,-20.887702,9.14195,-21.192145,9.038151,-21.236324,9.034758,-21.238023,9.026695,-21.240943,8.841552,-21.332247,8.662611,-21.424439,8.200053,-21.656142,7.40132,-22.067655,7.352932,-22.099194,7.310894,-22.120852,7.139249,-22.235545,7.06305,-22.288135,7.0524,-22.295077,6.531654,-22.648764,5.792657,-23.158799,5.730245,-23.207593,5.728147,-23.209449,5.723067,-23.212955,5.642525,-23.285195,5.134988,-23.73419,4.32647,-24.461325,4.308871,-24.481379,4.287547,-24.500505,4.045762,-24.78119,3.78263,-25.081028,3.058465,-25.922829,3.044979,-25.942987,3.029283,-25.961209,2.805167,-26.301458,2.597243,-26.612261,1.98169,-27.548687,1.975951,-27.560356,1.96863,-27.571471,1.744422,-28.031147,1.455272,-28.619103,1.128122,-29.294478,1.12788,-29.295194,1.123545,-29.304081,0.74708,-30.420532,0.511161,-31.117719,0.28892,-32.232454,0.131081,-33.021335,0.130789,-33.02562,0.130725,-33.025942,0.110546,-33.322944,0.000102,-34.945096,0.000214,-34.946853,0.000155,-34.947719,1E-05,-34.994103,0.123804,-36.889091,0.125347,-36.913339,0.125409,-36.913664,0.12679,-36.934799,0.340298,-38.049834,0.412956,-38.414509,0.479779,-38.763291,0.486541,-38.783839,0.490762,-38.805023,0.83015,-39.840177,1.021292,-40.408731,1.082523,-40.594788,1.09444,-40.619674,1.105199,-40.650452,1.584736,-41.654763,1.853589,-42.205003,1.915239,-42.333746,1.920394,-42.341727,1.921684,-42.344367,1.960359,-42.413244,2.447692,-43.167716,2.751462,-43.628357,2.849143,-43.779583,2.963836,-43.951227,2.966305,-43.954147,2.968167,-43.956971,3.028803,-44.037382,3.608785,-44.723409,3.979075,-45.152715,3.99459,-45.170447,4.075288,-45.2659,4.211402,-45.42111,4.223948,-45.432578,4.226614,-45.435625,4.301549,-45.512659,4.961631,-46.116031,5.428124,-46.53391,5.443366,-46.547232,5.482333,-46.582851,5.637542,-46.718965,5.649299,-46.727221,5.652832,-46.730309,5.748028,-46.805674,6.463428,-47.308044,6.900379,-47.605758,7.04614,-47.708114,7.217784,-47.822806,7.222348,-47.825129,7.226781,-47.828149,7.356882,-47.905048,7.980952,-48.227583,9.350698,-48.90306,9.350868,-48.903117,9.363563,-48.909473,9.72525,-49.029662,9.29167,-49.084208,8.309388,-49.411772,8.022697,-49.676936,8.05248,-50.543073,8.293895,-52.123478,8.640378,-52.809532,10.147355,-55.085357,10.723531,-55.818761,12.234129,-57.198929,12.637476,-57.47233,13.979825,-57.977554,15.987173,-58.548476,17.846377,-59.046224,20.448307,-59.497919,23.281813,-59.537687]}