{"Index":-1,"Tolerance":2.6104884499999996E-05,"Coordinates":[221.463508,-64.064622,221.731487,-64.051875,222.875049,-63.948936,224.080413,-63.850366,224.511593,-63.785092,227.574688,-63.103686,227.677349,-63.07905,230.653207,-62.31239,232.457271,-62.025375,232.652445,-61.988028,233.048669,-61.899278,233.057898,-61.902832,235.566165,-61.846473,236.282141,-61.533118,238.411643,-61.457296,238.465735,-61.454908,240.456684,-61.35,250.940738,-61.35,251.580048,-61.355956,254.308506,-61.385981,254.334067,-61.38616,254.571896,-61.386862,254.783613,-61.389192,254.801187,-61.389337,256.613158,-61.399248,256.774445,-61.396033,257.768214,-61.350948,258.0191,-61.35,277.623184,-61.35,281.342928,-57.630256,281.342928,-17.601341,277.623184,-13.881597,232.402748,-13.881597,232.308428,-13.975917,232.23503,-13.971993,231.869046,-13.909782,231.740621,-13.840674,230.807657,-13.512494,229.00752,-13.1797,228.365703,-12.975326,228.016126,-12.885523,225.880891,-12.464612,225.82997,-12.455005,224.067674,-12.137398,223.938755,-12.113549,223.62973,-12.071945,222.469808,-11.973425,222.459162,-11.972539,221.071597,-11.859385,220.094949,-11.93035,218.657795,-12.261457,218.22656,-12.393644,217.452586,-12.692451,217.01774,-12.899426,216.331729,-13.292255,216.056741,-13.469105,215.41699,-13.928734,214.873763,-14.423322,214.057184,-15.360639,213.78219,-15.726437,213.24311,-16.562698,212.852876,-17.42898,212.260452,-19.537556,212.166975,-19.99931,212.101129,-20.520876,212.078538,-20.794678,212.010354,-22.53917,212.010223,-22.54255,211.925637,-24.76743,211.924401,-24.969994,211.939565,-25.557701,211.943522,-25.654173,212.033374,-27.251121,212.07204,-27.597692,212.199229,-28.356783,212.249937,-28.600424,212.536499,-29.749582,212.758065,-30.362423,213.44515,-31.786793,213.798337,-32.356546,214.331403,-33.042846,215.038396,-33.711415,216.418622,-34.664895,217.20666,-35.061091,218.092838,-35.361836,218.330342,-35.432237,219.249795,-35.666194,220.0134,-35.764524,221.657044,-35.775979,222.387172,-35.696401,223.618423,-35.415767,223.820471,-35.445514,224.15881,-35.53429,224.55222,-35.642261,224.628439,-35.662166,225.069604,-35.771549,225.29502,-35.8395,225.642108,-35.923178,226.249544,-36.03394,226.321288,-36.046174,227.103284,-36.170318,227.297471,-36.176991,227.393753,-36.188507,228.683004,-36.313936,228.683004,-44.402352,228.53344,-44.439921,228.405357,-44.52739,228.325375,-44.547481,228.251376,-44.593713,228.156866,-44.617453,228.082854,-44.663693,227.988344,-44.687433,227.914345,-44.733665,227.819835,-44.757405,227.745829,-44.803641,227.651319,-44.827381,227.577313,-44.873617,227.482803,-44.897357,227.408797,-44.943593,227.314287,-44.967333,227.240275,-45.013573,227.145765,-45.037313,227.071766,-45.083545,226.977256,-45.107285,226.90325,-45.153521,226.808745,-45.17726,226.803729,-45.180394,226.657266,-45.19389,226.586032,-45.231127,226.467718,-45.242685,226.285452,-45.338604,225.93566,-45.375775,225.883826,-45.403334,225.771183,-45.415304,225.512003,-45.553104,224.948787,-45.612955,224.574865,-45.811761,223.882538,-45.978152,223.753949,-45.950212,223.53837,-45.911105,222.833301,-45.808182,222.494771,-45.777144,221.91413,-45.755124,221.680183,-45.754874,221.380112,-45.765612,220.032268,-45.757851,218.827696,-45.98539,217.436733,-46.539591,216.805474,-46.877765,214.86406,-48.21873,213.723625,-49.617512,212.779125,-51.841048,212.552725,-52.67034,212.382444,-53.95938,212.373389,-54.034879,212.287066,-54.835627,212.301898,-55.636117,212.399526,-56.307301,212.492164,-56.734953,213.18338,-59.118908,213.979899,-60.480393,215.773317,-62.306075,216.717886,-62.970415,217.529955,-63.344415,218.087616,-63.540774,219.815001,-63.97361,220.606611,-64.069154]}