{"Index":-1,"Tolerance":2.6377074999999997E-05,"Coordinates":[221.394226,-64.370814,221.492713,-64.364511,222.465559,-64.287051,222.820438,-64.238544,223.544277,-64.097656,223.613617,-64.083355,226.432568,-63.469138,226.455321,-63.464093,229.064047,-62.875591,231.573081,-62.355502,231.846245,-62.311229,231.892721,-62.303342,232.274848,-62.235571,232.384098,-62.217864,232.418827,-62.212038,234.304314,-61.884943,235.732038,-61.773881,235.874607,-61.711484,237.04582,-61.614165,237.112061,-61.607962,237.305723,-61.587776,237.892021,-61.539059,237.95826,-61.532856,238.125146,-61.515461,239.178299,-61.428135,242.156243,-61.35,242.905276,-61.35,248.842645,-61.354062,248.850942,-61.354057,249.585585,-61.35264,250.002198,-61.356729,250.023977,-61.356868,250.796577,-61.359151,256.606277,-61.399324,256.772154,-61.396137,257.768214,-61.350948,258.0191,-61.35,277.623184,-61.35,281.342928,-57.630256,281.342928,-17.601341,277.623184,-13.881597,234.662177,-13.881597,234.069008,-13.811659,233.918983,-13.79757,233.86338,-13.793677,232.685021,-13.65474,232.522516,-13.625747,232.497112,-13.621321,230.053062,-13.205716,229.614465,-13.126447,229.582035,-13.120759,227.108377,-12.70012,227.100734,-12.698735,226.66322,-12.61883,225.880644,-12.464563,225.829218,-12.454866,223.110292,-11.965301,222.978129,-11.940852,222.669097,-11.899245,222.152541,-11.855369,222.141885,-11.854482,220.081049,-11.686425,219.104404,-11.75739,217.109905,-12.216903,216.678665,-12.349092,216.120444,-12.564605,215.685609,-12.771575,215.212952,-13.042229,214.937956,-13.219086,214.147057,-13.787308,213.603831,-14.281896,212.909137,-15.079308,212.535906,-15.60783,211.751826,-16.99958,211.458935,-17.70676,211.089562,-19.029737,210.989084,-19.559703,210.749318,-21.891253,210.737936,-22.033098,210.658927,-23.401891,210.654761,-23.668998,210.690885,-25.033474,210.691113,-25.041684,210.755418,-27.254279,210.836203,-27.880184,211.151625,-29.241647,211.164039,-29.293262,211.370712,-30.122054,211.592276,-30.734891,212.018274,-31.618015,212.371455,-32.187762,213.341478,-33.436634,214.048479,-34.105213,215.035263,-34.786898,215.823298,-35.183093,217.496296,-35.750865,217.733813,-35.821269,218.362463,-35.981228,219.126055,-36.079557,219.846979,-36.084582,221.224011,-36.157648,221.453604,-36.161518,223.344571,-36.12501,223.697572,-36.098472,224.127009,-36.041992,224.706069,-36.008401,226.401851,-36.055536,226.753477,-36.115705,226.978834,-36.146009,228.683004,-36.313323,228.683004,-44.483414,228.100359,-44.725357,227.407408,-45.013103,225.361649,-44.992607,225.188118,-44.995612,224.249777,-45.037529,221.498547,-44.941588,221.199174,-44.945266,220.77468,-44.97052,220.571985,-44.989113,218.412686,-45.257208,217.642478,-45.452644,216.039069,-46.080963,215.390025,-46.426433,214.846096,-46.802395,214.683393,-46.922691,213.4675,-47.883059,212.545942,-49.047523,211.926152,-50.375485,211.88021,-50.47867,211.498976,-51.377616,211.273304,-52.205189,211.143241,-53.189783,210.915789,-54.820155,210.993877,-56.091691,211.768778,-58.989612,212.046047,-59.685568,212.589764,-60.688049,213.420062,-61.675038,215.329004,-63.184258,216.446781,-63.754852,217.662161,-64.09776,217.96697,-64.167764,219.239898,-64.394812,219.953187,-64.440575]}