{"Inners":[{"Index":-1,"Tolerance":1.1296570000000017E-06,"Coordinates":[14.913514,-36.128,14.777452,-36.106983,14.131334,-35.721035,14.050247,-35.61467,13.967663,-35.462826,13.909162,-35.299937,13.876133,-35.129602,13.869515,-34.956875,13.88942,-34.784437,13.935283,-34.617508,14.005962,-34.459845,14.100307,-34.314151,14.215682,-34.184702,14.349052,-34.074708,14.498002,-33.986167,14.658735,-33.921377,14.827241,-33.88195,15.0,-33.868686,15.172758,-33.88195,15.341259,-33.921376,15.502017,-33.986176,15.650943,-34.074704,15.784321,-34.184705,15.899674,-34.314129,15.993803,-34.459487,16.064748,-34.617742,16.110591,-34.784568,16.130485,-34.956918,16.123869,-35.129577,16.09086,-35.299799,16.032327,-35.46279,15.949559,-35.614987,15.844599,-35.752691,15.719795,-35.872803,15.578119,-35.972453,15.422956,-36.049279,15.257921,-36.101503,15.086413,-36.128]}],"Index":-1,"Tolerance":2.7352468E-05,"Coordinates":[23.201222,-67.226306,23.23693,-67.225091,25.262752,-67.14475,25.460748,-67.13069,28.418454,-66.827503,28.689433,-66.787858,29.860991,-66.564495,30.490189,-66.375528,30.612646,-66.324456,31.058841,-66.184731,31.146868,-66.148018,31.593095,-66.008283,31.681132,-65.971566,32.127334,-65.831839,33.749602,-65.155254,33.890346,-65.092504,37.141171,-63.54752,37.929101,-63.016512,38.630113,-62.373377,38.871986,-62.125901,41.724414,-58.870168,41.856219,-58.709402,42.816675,-57.456406,42.896254,-57.347902,44.162536,-55.54235,44.203737,-55.482143,44.732983,-54.689367,44.81457,-54.560562,45.880443,-52.78491,46.01194,-52.5426,46.789314,-50.948808,47.102472,-50.369725,47.322029,-49.862927,47.553185,-49.169785,48.111946,-47.631621,48.219451,-47.270139,48.583937,-45.711339,48.604295,-45.617951,48.826295,-44.520501,48.886017,-44.037134,48.927964,-43.131211,49.023427,-42.256292,49.029331,-42.197033,49.106506,-41.341125,49.110704,-40.821096,49.034304,-39.787445,49.017172,-39.617773,48.911244,-38.791389,48.90088,-38.717443,48.434848,-35.654725,48.378356,-35.371021,48.116984,-34.312589,48.063782,-34.122686,47.249765,-31.529896,47.177176,-31.323784,46.293266,-29.065167,46.229094,-28.912976,45.959222,-28.316757,45.940999,-28.277221,45.090379,-26.464548,44.91745,-26.144949,44.030021,-24.707783,43.675066,-24.097566,43.466251,-23.783162,41.554016,-21.245083,41.315152,-20.96367,39.671132,-19.240551,39.196147,-18.832036,38.538185,-18.370483,37.736278,-17.599223,37.349805,-17.282051,37.063602,-17.082643,37.055822,-17.076216,36.535611,-16.708807,36.522899,-16.699876,33.512285,-14.595578,32.91708,-14.267987,32.152704,-13.948191,31.786283,-13.826373,31.43428,-13.682631,31.00321,-13.574548,30.696562,-13.449326,30.26549,-13.341242,29.958845,-13.216021,29.527754,-13.107932,29.221115,-12.982714,28.131707,-12.709563,27.613675,-12.624347,26.675658,-12.548757,26.169592,-12.548374,23.574584,-12.753536,22.104694,-13.243403,20.458982,-14.285497,20.418746,-14.318773,20.380217,-14.341607,20.160218,-14.283958,19.629578,-14.166303,19.524616,-14.144882,18.777646,-14.005517,18.720103,-13.995328,17.72746,-13.82897,17.57121,-13.806761,17.182276,-13.761306,16.980452,-13.744222,16.021927,-13.693801,15.974621,-13.691666,14.945247,-13.652903,14.728977,-13.652128,14.257308,-13.666505,14.104501,-13.674852,13.252626,-13.742006,13.214687,-13.745226,12.133104,-13.843553,11.7993,-13.891875,10.549942,-14.14106,10.480989,-14.15561,9.425608,-14.390575,9.094782,-14.483258,7.911364,-14.884969,7.850994,-14.906142,6.882823,-15.256697,6.690671,-15.333439,6.337729,-15.487913,6.167897,-15.568312,4.349713,-16.495859,4.028289,-16.684359,2.975905,-17.38756,2.920685,-17.425305,1.914681,-18.128613,1.616143,-18.365177,-0.050963,-19.857287,-0.320124,-20.129091,-1.000457,-20.904328,-1.021015,-20.927988,-1.880512,-21.927105,-2.11272,-22.232551,-2.689346,-23.094488,-2.70668,-23.120679,-3.457715,-24.267713,-3.655889,-24.616618,-4.67564,-26.709584,-4.829863,-27.085384,-5.570654,-29.280435,-5.676004,-29.674433,-6.13644,-31.980515,-6.190954,-32.391916,-6.349866,-34.781312,-6.350112,-35.199432,-6.196559,-37.549959,-6.14479,-37.94991,-5.704497,-40.212298,-5.604855,-40.595305,-5.198662,-41.834219,-5.188183,-41.865626,-4.846255,-42.872922,-4.701507,-43.227533,-3.73544,-45.238496,-3.551083,-45.569978,-2.889113,-46.608966,-2.851306,-46.666904,-2.151491,-47.714217,-1.936057,-48.000301,-1.221451,-48.845567,-1.183,-48.890202,-0.751552,-49.381741,-0.543615,-51.951698,-0.4603,-52.461407,0.007854,-54.347361,0.225052,-54.952684,0.954864,-56.480264,1.110188,-56.76663,1.719478,-57.764252,2.237439,-58.407235,3.315597,-59.437798,3.348283,-59.468601,4.650735,-60.678768,4.785679,-60.797221,5.711337,-61.56453,6.241911,-61.92098,7.908318,-62.811933,8.029525,-62.873438,8.08999,-62.90251,8.833798,-63.300191,8.848455,-63.307978,9.834982,-63.828818,9.837173,-63.829973,11.653636,-64.787168,12.04028,-64.959076,12.6297,-65.175404,12.863604,-65.251116,13.18102,-65.340445,13.419597,-65.428008,13.653504,-65.503721,13.970924,-65.593051,14.209501,-65.680614,14.443413,-65.756328,14.760824,-65.845656,14.999394,-65.933216,15.233309,-66.008931,15.550732,-66.098262,15.900616,-66.226677,16.365388,-66.358178,17.412754,-66.570162,17.500417,-66.586627,18.40172,-66.742833,18.434626,-66.748358,20.931575,-67.154129,21.179775,-67.184491,21.898585,-67.243821,22.250137,-67.25331]}