{"Inners":[{"Index":-1,"Tolerance":8.85825E-06,"Coordinates":[228.696176,-49.071621,227.351343,-49.082799,227.277086,-49.0814,227.133211,-49.07518,225.225517,-49.03925,225.041018,-49.032263,223.133308,-48.996333,221.897351,-48.969543,221.701771,-48.978434,219.467832,-48.878901,216.315369,-48.429541,215.91827,-48.384557,215.90007,-48.379341,215.835637,-48.368798,215.078077,-48.151702,215.013643,-48.141159,214.256084,-47.924063,214.191656,-47.913521,213.434091,-47.696423,212.603961,-47.470752,211.271955,-46.822889,210.893112,-46.675087,209.561101,-46.027221,209.182255,-45.879418,208.41543,-45.506448,208.203716,-45.417044,207.837447,-44.984201,207.797857,-44.906992,207.390633,-44.409054,207.326329,-44.201008,207.211395,-44.079108,207.253609,-42.025653,207.138695,-41.903775,207.165213,-41.409696,207.202052,-41.392327,207.322726,-41.146737,207.485419,-40.346283,207.810829,-39.41402,208.170105,-37.646368,208.495514,-36.714109,208.572452,-36.335572,208.659781,-36.254484,208.757677,-36.12583,209.099406,-35.808523,209.197303,-35.679869,209.539031,-35.362562,209.636926,-35.233911,209.978657,-34.916601,210.13886,-34.706064,210.362853,-34.506016,211.290731,-34.096429,214.109945,-32.825944,216.169703,-32.366394,217.544624,-32.120975,217.90343,-32.071824,218.841804,-31.904327,222.14848,-31.640306,222.379317,-31.614126,223.221155,-31.553128,223.384856,-31.534562,223.84906,-31.524708,224.153917,-31.514401,224.362414,-31.511421,227.863074,-31.393063,232.697241,-31.507872,233.090029,-31.522969,233.430231,-31.573095,235.033004,-31.778558,235.033004,-48.90042,234.204572,-48.995163,231.850554,-49.099411,231.282764,-49.109563]}],"Index":-1,"Tolerance":2.337834E-05,"Coordinates":[205.016065,-61.674581,205.64422,-61.603691,206.048337,-61.57841,207.058957,-61.412502,208.288137,-61.183943,208.796964,-61.067838,208.845889,-61.058741,209.218245,-60.97171,209.529739,-60.900633,210.301791,-60.718452,211.281625,-60.489435,215.251107,-59.553013,222.03071,-57.987278,227.021047,-56.846228,230.530703,-56.092983,233.280725,-55.622695,234.169387,-55.526255,234.40264,-55.470877,238.251142,-55.133221,239.633437,-55.068778,242.05611,-55.032346,245.705048,-55.036252,245.743832,-55.034208,245.949717,-55.034414,250.827933,-55.009216,256.567233,-55.048902,258.00703,-55.0,274.992928,-55.0,274.992928,-20.231597,235.033004,-20.231597,235.033004,-20.313044,232.000268,-19.96799,231.419883,-19.879295,226.768313,-19.083449,225.129428,-18.78406,221.224096,-18.038944,219.129321,-17.642419,218.566009,-17.543952,210.531255,-15.995894,210.17663,-15.957593,209.109794,-15.750836,206.018061,-15.229921,205.13817,-15.072628,204.552651,-15.01242,202.631699,-15.420849,201.889955,-15.53743,201.246533,-15.978326,200.766001,-17.020071,200.638496,-17.157498,200.568495,-17.694996,200.188809,-19.195715,200.189571,-19.612874,200.039737,-26.715759,200.042667,-27.730888,200.124315,-35.18826,200.234071,-36.497541,200.418128,-41.040149,200.761025,-44.15721,200.773749,-44.918173,200.496329,-47.058469,200.483384,-50.039855,200.045764,-54.155455,200.069189,-56.382267,200.124749,-59.571168,200.673174,-60.204467,200.675091,-60.460555,201.732782,-61.34855,202.106216,-61.552062,203.119372,-61.717102,203.797678,-61.7691]}