{"Index":-1,"Tolerance":1.9665491E-05,"Coordinates":[221.792908,-57.594431,223.699847,-57.422776,223.835764,-57.397626,225.089582,-57.074608,229.11201,-56.040678,229.203252,-55.989463,229.843071,-55.659637,231.298204,-55.438472,231.823582,-55.389507,232.082103,-55.348219,232.185616,-55.348211,233.849428,-55.029796,233.8879,-55.169025,233.948543,-55.19238,233.987015,-55.331608,234.047658,-55.354963,234.08613,-55.494191,234.169387,-55.526255,235.371813,-55.0,251.333974,-55.0,252.027805,-55.006464,255.323816,-55.042735,255.574436,-55.043476,255.802924,-55.04599,256.567233,-55.048902,257.612271,-55.001491,258.00703,-55.0,274.992928,-55.0,274.992928,-20.231597,235.033004,-20.231597,235.033004,-20.531707,234.592488,-20.457108,231.867277,-20.3114,231.633136,-20.305415,231.254905,-20.246474,230.602751,-20.135619,229.495391,-19.957026,228.964885,-19.67155,227.776353,-19.451825,226.610952,-19.080727,224.678195,-18.69973,223.257189,-18.443536,223.251689,-18.443075,223.150449,-18.424347,222.008225,-18.327329,221.263588,-18.266605,220.647163,-18.408624,220.260266,-18.557992,219.877664,-18.77708,219.702579,-18.90287,219.345997,-19.312176,219.110088,-19.678136,218.85477,-20.586873,218.76015,-21.108288,218.711268,-21.723534,218.601282,-24.537574,218.602724,-25.134835,218.692015,-26.721803,218.868928,-27.777661,218.907944,-27.876208,219.310649,-28.692433,219.34153,-28.73231,219.592892,-28.900388,219.972392,-29.162552,220.148812,-29.222425,220.639788,-29.347354,221.328868,-29.352156,222.669331,-29.046631,222.871854,-29.03131,222.952918,-29.044014,223.310182,-29.02987,223.722623,-29.001223,223.873733,-29.018243,224.002804,-29.053908,224.499221,-29.126993,224.535623,-29.11569,225.015131,-29.194026,225.804928,-29.401259,226.194835,-29.508268,226.7511,-29.64619,226.956825,-29.708205,227.352842,-29.780416,227.712438,-29.837503,227.774548,-29.831977,228.078339,-29.875129,229.98745,-30.060862,230.088505,-30.051185,230.276099,-30.072637,230.534069,-30.081603,230.588485,-30.071931,230.792039,-30.090568,231.050009,-30.099534,231.307978,-30.108499,231.362456,-30.098834,231.823918,-30.126431,231.878399,-30.116765,232.339857,-30.144362,233.015101,-30.162225,233.282922,-30.14069,233.445354,-30.147688,233.706255,-30.10079,233.818755,-30.105636,234.192156,-30.063584,234.453053,-30.016686,234.565557,-30.021533,235.033004,-29.962576,235.033004,-49.956247,234.245809,-49.57763,234.052622,-49.535518,233.828399,-49.614609,233.539787,-49.669483,233.447934,-49.710657,233.120964,-49.782727,233.029115,-49.823899,232.70214,-49.89597,232.610286,-49.937144,232.283316,-50.009214,232.191463,-50.050388,231.864492,-50.122458,231.772642,-50.16363,231.445668,-50.235701,231.369072,-50.274906,231.17908,-50.32263,231.155119,-50.356295,231.010564,-50.392606,230.981025,-50.427672,230.842048,-50.462582,230.81251,-50.497648,230.673532,-50.532558,230.643994,-50.567624,230.505017,-50.602534,230.475479,-50.6376,230.336501,-50.67251,230.306963,-50.707576,230.167985,-50.742486,230.138447,-50.777552,229.999469,-50.812462,229.969931,-50.847528,229.830953,-50.882438,229.801415,-50.917504,229.662438,-50.952414,229.6329,-50.98748,229.493922,-51.02239,229.464384,-51.057456,229.325406,-51.092366,229.295867,-51.127433,229.15689,-51.162342,229.126773,-51.198095,228.988374,-51.232318,228.948404,-51.279769,228.819859,-51.302294,228.778256,-51.351683,228.627719,-51.389218,228.488152,-51.402079,228.46665,-51.427642,228.323673,-51.441609,228.302912,-51.466292,228.159194,-51.481139,228.138825,-51.505355,227.994715,-51.520669,227.974346,-51.544885,227.830236,-51.560199,227.809867,-51.584415,227.665756,-51.599729,227.645387,-51.623945,227.501277,-51.639259,227.480908,-51.663475,227.336798,-51.678789,227.316429,-51.703005,227.172319,-51.718319,227.151949,-51.742536,227.00784,-51.75785,226.987471,-51.782066,226.84336,-51.79738,226.822991,-51.821596,226.678881,-51.83691,226.658512,-51.861126,226.514402,-51.87644,226.493999,-51.90066,226.349923,-51.91597,226.329503,-51.940191,226.185443,-51.9555,226.165006,-51.979723,226.020964,-51.99503,226.000511,-52.019255,225.856485,-52.03456,225.836015,-52.058787,225.692006,-52.07409,225.671519,-52.098319,225.527527,-52.113621,225.507024,-52.137851,225.363047,-52.153151,225.34373,-52.175963,225.031396,-52.231867,225.015208,-52.251087,224.698298,-52.310397,224.684736,-52.327521,224.3652,-52.388928,224.185089,-52.445317,223.699003,-52.54599,223.34218,-52.631214,222.110601,-52.337528,221.746312,-52.267525,220.795407,-52.262049,220.43561,-52.405403,219.780703,-52.858071,219.599102,-52.934464,219.510901,-53.036401,219.123304,-53.934972,219.10365,-53.986561,219.072458,-54.222916,218.987893,-55.007343,219.027021,-55.276362,219.358077,-56.418153,219.436677,-56.559086,220.17226,-57.306247,220.337763,-57.382471,221.196257,-57.597587]}