{"Index":-1,"Tolerance":1.5633326E-05,"Coordinates":[94.303038,-31.141821,94.758301,-30.966983,95.632556,-30.493487,96.132058,-30.091052,96.797753,-28.718229,97.227094,-26.390592,97.308302,-26.018609,97.313778,-25.793516,97.318133,-25.769908,97.322285,-25.724702,97.323102,-25.410318,97.325259,-25.321646,97.346546,-17.126412,97.345203,-16.90173,97.345278,-16.872739,97.329643,-14.257697,97.32937,-14.253589,97.326223,-13.727165,97.180151,-11.526334,96.76957,-9.943415,96.582497,-9.409471,95.435702,-8.456426,94.786738,-8.189287,94.032113,-8.161604,92.858651,-8.185967,91.434353,-8.622113,90.888154,-8.797739,89.884433,-10.108429,89.55987,-11.358805,89.548408,-11.313939,89.53812,-11.263733,89.428342,-10.926397,89.040287,-9.728398,89.029431,-9.700592,89.029162,-9.699765,88.857402,-9.258452,88.00163,-7.522832,87.704335,-7.048054,87.694867,-7.033885,87.685723,-7.018648,87.104625,-6.148982,87.097955,-6.140553,87.092142,-6.131853,87.042213,-6.063338,86.566627,-5.467729,86.555659,-5.455222,86.544917,-5.441647,85.855272,-4.65525,85.847266,-4.647448,85.840081,-4.639254,85.330686,-4.138019,85.233612,-4.048168,85.221414,-4.03747,85.209343,-4.025706,84.422945,-3.336061,84.413641,-3.329082,84.405134,-3.321621,84.316081,-3.249424,83.72765,-2.813391,83.714498,-2.804603,83.70138,-2.794762,82.831715,-2.213651,82.821225,-2.207717,82.81145,-2.201185,82.710127,-2.138856,82.074536,-1.784305,82.060733,-1.777498,82.046853,-1.769646,81.108794,-1.307041,81.097192,-1.302327,81.086282,-1.296947,80.973725,-1.246473,80.301728,-0.97819,80.287532,-0.973371,80.273192,-0.967545,79.28273,-0.631332,79.270211,-0.628041,79.258268,-0.623987,79.135955,-0.587262,78.439114,-0.408649,78.424818,-0.405805,78.410278,-0.401983,77.38442,-0.197922,77.371151,-0.196212,77.358364,-0.193668,76.690141,-0.102166,76.518669,-0.085427,76.504549,-0.084502,76.490091,-0.082638,75.446376,-0.014242,75.432524,-0.014251,75.419106,-0.013372,74.739271,-0.008498,74.5723,-0.01394,74.558604,-0.014838,74.544472,-0.014847,73.500757,-0.083243,73.486583,-0.085089,73.472737,-0.085996,73.30462,-0.102512,72.632939,-0.195351,72.619906,-0.197944,72.606317,-0.199713,71.580459,-0.403775,71.566199,-0.407544,71.552189,-0.410331,70.858543,-0.589097,70.733577,-0.626706,70.721387,-0.630844,70.708584,-0.634228,69.718123,-0.970441,69.704065,-0.976175,69.690118,-0.980909,69.550092,-1.03325,68.906002,-1.300719,68.894811,-1.306238,68.882988,-1.31106,67.944928,-1.773665,67.931333,-1.781378,67.917747,-1.788078,67.781843,-1.860144,67.181164,-2.205975,67.171175,-2.21265,67.160419,-2.218752,66.290754,-2.799863,66.277869,-2.809558,66.264965,-2.81818,66.136016,-2.909766,65.588333,-3.32727,65.579612,-3.334918,65.570097,-3.342077,64.783699,-4.031722,64.771864,-4.043286,64.759855,-4.053817,64.66448,-4.142197,64.15412,-4.645656,64.146761,-4.654047,64.138551,-4.662069,63.448907,-5.448465,63.438354,-5.461839,63.427574,-5.474131,63.342241,-5.576796,62.903035,-6.13887,62.89706,-6.147811,62.890239,-6.156456,62.30913,-7.026121,62.300157,-7.041115,62.290832,-7.055071,62.254235,-7.11297,61.88594,-7.726789,61.855947,-7.781794,61.851379,-7.791056,61.84595,-7.800129,61.383343,-8.738186,61.376187,-8.754634,61.368587,-8.770046,61.052458,-9.490534,61.030789,-9.546521,61.027607,-9.555896,61.023566,-9.565184,60.687353,-10.555645,60.682243,-10.573315,60.676586,-10.589981,60.454966,-11.347669,60.441352,-11.403446,60.439506,-11.412724,60.436813,-11.422038,60.23275,-12.447896,60.229885,-12.466521,60.226369,-12.484196,60.219988,-12.520496,60.101599,-13.284924,60.097605,-13.32125,60.097013,-13.330278,60.095608,-13.339414,60.027214,-14.38313,60.026755,-14.402435,60.025551,-14.420815,60.022226,-14.496184,60.005443,-15.267375,60.006006,-15.275968,60.005797,-15.284772,60.074191,-16.328488,60.076268,-16.348178,60.077497,-16.366938,60.080802,-16.40539,60.166308,-17.209014,60.167904,-17.217037,60.168781,-17.225353,60.372845,-18.25121,60.377544,-18.270929,60.381291,-18.289764,60.573273,-19.098454,60.5776,-19.113497,60.580088,-19.120826,60.581926,-19.128539,60.918139,-20.119001,60.925499,-20.138389,60.931802,-20.156957,61.232252,-20.948401,61.235488,-20.954962,61.238137,-20.961941,61.700744,-21.899999,61.710753,-21.918688,61.719612,-21.936653,62.119506,-22.683381,62.123339,-22.689118,62.126657,-22.695313,62.707766,-23.564979,62.720405,-23.582664,62.73171,-23.599582,63.223988,-24.288374,63.228242,-24.293224,63.232075,-24.298588,63.921719,-25.084986,63.936859,-25.101258,63.950534,-25.116852,64.527505,-25.736979,64.532032,-25.740949,64.536231,-25.745462,65.32263,-26.435105,65.340127,-26.44962,65.355982,-26.463524,66.007746,-27.004198,66.012398,-27.007306,66.016801,-27.010959,66.886466,-27.592068,66.906107,-27.604482,66.923947,-27.616402,67.639907,-28.068898,67.644558,-28.071192,67.649011,-28.074006,68.58707,-28.536613,68.608625,-28.546623,68.628162,-28.556258,69.396044,-28.912869,69.400551,-28.914399,69.404916,-28.916426,70.395377,-29.252638,70.418487,-29.259938,70.439504,-29.267072,71.242789,-29.520805,71.247037,-29.521652,71.255395,-29.524292,72.281252,-29.728355,72.306189,-29.732817,72.327733,-29.737112,73.1613,-29.886254,73.165172,-29.886506,73.169055,-29.887201,74.21277,-29.955595,74.263102,-29.958024,74.286312,-29.959536,75.106639,-29.999127,75.110083,-29.998901,75.113578,-29.99907,76.157293,-29.930676,76.183336,-29.928571,76.206202,-29.927073,77.047295,-29.859101,77.050253,-29.858514,77.056373,-29.858019,78.08223,-29.653955,78.109028,-29.648257,78.131107,-29.643872,78.959202,-29.467782,78.961648,-29.466952,78.964205,-29.466408,79.954667,-29.130195,79.980739,-29.121021,80.002661,-29.113579,80.482608,-28.947416,80.801593,-28.83244,80.803519,-28.83149,80.805581,-28.830764,81.74364,-28.368157,81.794619,-28.342436,81.815875,-28.331947,82.298116,-28.091227,82.546059,-27.963535,82.547486,-27.962579,82.549055,-27.961787,82.643622,-27.898147,83.941175,-27.028519,84.170343,-26.870938,84.171346,-26.870057,84.174619,-26.867855,85.539034,-25.669893,85.540428,-25.668425,85.543161,-25.666026,86.003018,-25.183122,85.750388,-26.044231,85.638328,-26.311365,85.645924,-26.323147,85.643327,-26.329338,85.67832,-26.455148,85.737745,-26.547322,86.073632,-28.041338,86.54627,-28.447101,87.681738,-29.534886,88.430584,-29.968505,88.723901,-30.127427,89.253504,-30.303725,90.144585,-30.707004,91.443061,-31.020336,91.935959,-31.198723,92.400812,-31.255759,93.676438,-31.27515]}