{"Inners":[{"Index":-1,"Tolerance":1.1296570000000017E-06,"Coordinates":[14.913514,-36.128,14.743282,-36.101705,14.575541,-36.048559,14.501168,-36.011735,14.347168,-35.919903,14.280212,-35.872808,14.155567,-35.752823,14.050257,-35.614684,13.967662,-35.462816,13.909156,-35.299916,13.876129,-35.129597,13.869513,-34.956917,13.889425,-34.784421,13.935284,-34.617506,14.00597,-34.459828,14.100303,-34.314154,14.215676,-34.184707,14.34905,-34.074709,14.498011,-33.986162,14.658729,-33.921378,14.827241,-33.88195,15.0,-33.868686,15.172758,-33.88195,15.341256,-33.921375,15.502023,-33.986179,15.650938,-34.0747,15.78433,-34.184712,15.858473,-34.2679,15.89967,-34.314123,15.993801,-34.459485,16.064777,-34.61781,16.110589,-34.784532,16.130484,-34.956882,16.123867,-35.129587,16.090857,-35.299816,16.032297,-35.462885,15.949612,-35.614919,15.844597,-35.752695,15.719796,-35.872803,15.578123,-35.972451,15.422947,-36.049284,15.257851,-36.101527,15.086477,-36.128]}],"Index":-1,"Tolerance":2.1351374999999995E-05,"Coordinates":[15.102014,-56.351737,15.279493,-56.351444,17.255288,-56.215506,17.691173,-56.18565,17.693106,-56.185392,17.701497,-56.184815,18.103558,-56.131227,19.440024,-55.865378,19.486162,-55.855844,20.364087,-55.667624,20.539468,-55.619215,20.688307,-55.57875,20.699482,-55.575047,20.719966,-55.569393,20.856329,-55.523074,22.494388,-54.980287,22.786687,-54.887626,22.846924,-54.863388,22.855232,-54.860632,22.933592,-54.828516,23.23201,-54.708441,23.289686,-54.680001,24.426235,-54.120292,25.021661,-53.844004,25.163838,-53.76853,25.201551,-53.749367,25.238783,-53.728746,25.322178,-53.684476,25.362382,-53.66029,25.42564,-53.625254,25.524049,-53.568425,26.114687,-53.213101,26.200972,-53.159292,26.342798,-53.067661,26.384174,-53.041412,27.491609,-52.301426,27.509958,-52.288272,27.516195,-52.284104,27.6861,-52.162297,28.360902,-51.644067,28.39015,-51.620053,28.390619,-51.619693,28.550308,-51.488591,29.563222,-50.600299,29.696163,-50.476821,29.699983,-50.473064,29.724985,-50.449841,30.333528,-49.851322,30.351638,-49.832146,30.353819,-49.830001,30.514666,-49.65969,31.36959,-48.684825,31.400901,-48.648573,31.754396,-48.233002,31.928915,-48.008154,31.936542,-47.997362,31.94467,-47.986861,32.46671,-47.248172,32.491708,-47.211801,32.504826,-47.193239,32.551813,-47.124873,33.336347,-45.950817,33.460471,-45.73585,33.508585,-45.654155,33.516392,-45.639002,33.544208,-45.590827,33.611532,-45.454324,33.645981,-45.387456,33.67066,-45.338519,34.169659,-44.327419,34.563412,-43.568727,34.688192,-43.276042,34.727758,-43.185229,34.732164,-43.1729,34.752087,-43.126169,34.813137,-42.946333,34.844838,-42.857631,34.861516,-42.809763,35.201211,-41.809144,35.363991,-41.373165,35.431152,-41.173272,35.455543,-41.091812,35.611697,-40.571266,35.680946,-40.296406,35.983583,-38.819979,36.010882,-38.705223,36.061056,-38.447374,36.072673,-38.370936,36.084377,-38.304688,36.176961,-37.68193,36.204306,-37.42836,36.216115,-37.253086,36.350544,-35.263719,36.350697,-35.121293,36.352042,-35.067689,36.350832,-34.995922,36.350998,-34.841959,36.345126,-34.752186,36.342543,-34.685646,36.260944,-33.344228,36.259576,-33.271354,36.246432,-33.036279,36.229382,-32.853327,36.183156,-32.325389,36.137922,-32.001612,35.851222,-30.513121,35.825078,-30.364945,35.638199,-29.497512,35.519683,-29.084992,35.279835,-28.422435,34.80447,-27.022042,34.645406,-26.63801,34.034462,-25.399049,33.932794,-25.16601,33.819848,-24.933438,33.513759,-24.363429,33.496859,-24.335262,33.492619,-24.327552,33.434211,-24.230844,33.35822,-24.104187,33.282038,-23.989915,32.981232,-23.534576,32.792706,-22.871511,31.14937,-20.847486,30.790345,-20.658798,30.682192,-20.535471,30.643993,-20.492698,30.194329,-19.998254,29.938744,-19.747232,29.936699,-19.745439,29.935306,-19.744071,28.906282,-18.841381,28.671836,-18.618402,28.480452,-18.450463,28.402446,-18.387363,28.01321,-18.072396,27.779978,-17.900653,25.96154,-16.685448,25.788414,-16.57763,25.694616,-16.523316,25.675171,-16.51071,25.552129,-16.440808,25.479112,-16.398527,25.454745,-16.385482,25.352001,-16.327112,23.896966,-15.609599,23.798027,-15.562911,23.796428,-15.56219,23.759561,-15.544794,23.083945,-15.240118,23.070269,-15.234727,23.070131,-15.234665,22.885476,-15.161886,22.799306,-15.12792,22.799239,-15.127897,22.785474,-15.122472,21.282772,-14.612349,21.183311,-14.5804,21.181847,-14.579956,21.143952,-14.567783,20.452869,-14.358261,20.439778,-14.354983,20.439604,-14.35493,20.137743,-14.279345,18.582711,-13.970021,18.487996,-13.952669,18.48636,-13.952395,18.446339,-13.945062,17.734207,-13.825717,17.72198,-13.824295,17.721781,-13.824262,17.404452,-13.787371,15.822241,-13.683687,15.734137,-13.679142,15.732206,-13.679069,15.690552,-13.676921,14.975539,-13.649997,14.964259,-13.650151,14.957742,-13.649906,14.630472,-13.654457,13.048381,-13.758133,12.968481,-13.764382,12.966239,-13.764586,12.924735,-13.767823,12.210016,-13.832798,12.20009,-13.834233,12.194981,-13.834697,11.862664,-13.882711,10.307441,-14.192072,10.236899,-14.206938,10.210818,-14.212745,10.168574,-14.221647,9.492479,-14.37217,9.483707,-14.374626,9.478541,-14.375776,9.147725,-14.468457,7.646351,-14.978099,7.58604,-14.999251,7.583176,-15.000288,7.542277,-15.014625,6.862845,-15.260632,6.833354,-15.273198,6.531885,-15.40164,5.109816,-16.102939,5.059905,-16.128101,5.056982,-16.129607,5.017271,-16.149626,4.37531,-16.480368,4.369286,-16.483917,4.36915,-16.483987,4.059134,-16.666637,2.74083,-17.547526,2.701346,-17.574341,2.697912,-17.576711,2.660806,-17.601911,2.066812,-18.011871,2.062238,-18.015436,2.062155,-18.015493,1.771977,-18.241644,0.579882,-19.28707,0.550201,-19.313429,0.544469,-19.318584,0.542405,-19.320394,0.512718,-19.346758,-0.022439,-19.828051,-0.025757,-19.831411,-0.027583,-19.833053,-0.291824,-20.100619,-1.337249,-21.292712,-1.357921,-21.316522,-1.385135,-21.348183,-1.389472,-21.353128,-1.41017,-21.376967,-1.859623,-21.899856,-1.861841,-21.902776,-1.864311,-21.90565,-2.096645,-22.211562,-2.977564,-23.529908,-2.990553,-23.549503,-3.03447,-23.616293,-3.064827,-23.661723,-3.079252,-23.683504,-3.413361,-24.192531,-3.418823,-24.200839,-3.615605,-24.545189,-3.909414,-25.143109,-4.471418,-26.283806,-4.480858,-26.303133,-4.57799,-26.503697,-4.654379,-26.659128,-4.660837,-26.674765,-4.664481,-26.682288,-4.729664,-26.841401,-4.812252,-27.041355,-5.173703,-28.108472,-5.569142,-29.275119,-5.676138,-29.674601,-6.034853,-31.475725,-6.138704,-31.996804,-6.138993,-31.998986,-6.139279,-32.000425,-6.166199,-32.204455,-6.192966,-32.406607,-6.193063,-32.408057,-6.193333,-32.410106,-6.228026,-32.93396,-6.349828,-34.769282,-6.349957,-34.964893,-6.350708,-35.060137,-6.350035,-35.083586,-6.350103,-35.186046,-6.344724,-35.26874,-6.344051,-35.292217,-6.21126,-37.324874,-6.197513,-37.536707,-6.197058,-37.540407,-6.19596,-37.557044,-6.171309,-37.749842,-6.152928,-37.899353,-6.150453,-37.912967,-6.14661,-37.943022,-6.014003,-38.638429,-6.009203,-38.663069,-6.007389,-38.67219,-6.004064,-38.689623,-5.99926,-38.714285,-5.689956,-40.269215,-5.688845,-40.273452,-5.68877,-40.273827,-5.645748,-40.437757,-5.593004,-40.638846,-5.592858,-40.639291,-5.591758,-40.643483,-5.36687,-41.329406,-5.356404,-41.360777,-5.354496,-41.366399,-5.350745,-41.377838,-5.340277,-41.409214,-4.830651,-42.910537,-4.828619,-42.915534,-4.82853,-42.915797,-4.76958,-43.06074,-4.689677,-43.257262,-4.689515,-43.257602,-4.687515,-43.262519,-4.376617,-43.914083,-4.358654,-43.951109,-4.35782,-43.952799,-4.35491,-43.958899,-4.336948,-43.995924,-3.635732,-45.417834,-3.632645,-45.423279,-3.632616,-45.423337,-3.577757,-45.520079,-3.455093,-45.736412,-3.455014,-45.736534,-3.451964,-45.741913,-3.060262,-46.348332,-3.035693,-46.385726,-3.033548,-46.389047,-3.006401,-46.430367,-2.125596,-47.748542,-2.121001,-47.754645,-2.120871,-47.754839,-2.045451,-47.854982,-1.910377,-48.034371,-1.910107,-48.03469,-1.90563,-48.040635,-1.439258,-48.59228,-1.410935,-48.625161,-1.408556,-48.627975,-1.370999,-48.671593,-0.325479,-49.863795,-0.080334,-50.114043,-0.076744,-50.117324,-0.071011,-50.123175,0.439528,-50.589852,