{"Index":-1,"Tolerance":2.1803201999999997E-05,"Coordinates":[212.515684,-60.009855,212.753293,-59.96559,214.97729,-59.500238,216.719785,-59.153383,219.452547,-58.539478,220.820733,-58.261527,221.341257,-58.144572,223.709982,-57.601438,227.021047,-56.846228,230.530703,-56.092983,233.570176,-55.573195,233.800313,-55.541896,234.169387,-55.526255,234.26916,-55.482588,238.251142,-55.133221,239.633437,-55.068778,243.312225,-55.013457,248.396411,-55.016035,248.470805,-55.012194,248.679503,-55.012213,250.827933,-55.009216,256.567233,-55.048902,258.00703,-55.0,274.992928,-55.0,274.992928,-20.231597,235.033004,-20.231597,235.033004,-20.313044,232.000268,-19.96799,231.419883,-19.879295,226.768313,-19.083449,224.125095,-18.600592,220.293455,-17.875291,218.155199,-17.501524,215.683471,-17.025296,212.040874,-16.595944,211.179722,-16.509539,209.310785,-17.554189,209.190393,-17.641154,209.168664,-17.925966,208.753127,-20.233191,208.641137,-23.616374,208.590498,-27.155525,208.538874,-28.228772,208.588926,-31.577685,208.85738,-33.178779,209.984629,-33.165315,211.117776,-33.331845,213.324218,-32.753689,214.345139,-32.382516,214.910126,-32.263423,216.567467,-32.060495,220.341524,-31.488476,221.259719,-31.413933,224.764514,-31.246904,226.262488,-31.158394,233.441549,-31.055229,233.779923,-31.078004,235.033004,-31.206662,235.033004,-49.487894,234.24393,-49.596492,234.052622,-49.535518,233.591114,-49.658246,233.006256,-49.720121,231.781212,-49.741162,230.653176,-49.701267,222.790293,-49.294135,221.854487,-49.255981,216.252889,-48.752424,216.191941,-48.749576,212.938749,-48.266684,211.346462,-48.516081,211.16589,-48.486302,210.128328,-49.063803,209.758328,-50.01178,209.422513,-52.316481,209.007487,-54.118015,208.933545,-56.69709,208.832127,-57.17555,208.828483,-57.449275,208.87817,-57.576562,209.010997,-59.35925,209.313603,-59.646175,210.091998,-60.04631,210.51122,-60.115943]}