{"Inners":[{"Index":-1,"Tolerance":1.1296570000000017E-06,"Coordinates":[14.913514,-36.128,14.777452,-36.106983,14.131334,-35.721035,14.050247,-35.61467,13.967663,-35.462826,13.909162,-35.299937,13.876133,-35.129602,13.869515,-34.956875,13.88942,-34.784437,13.935283,-34.617508,14.005962,-34.459845,14.100307,-34.314151,14.215682,-34.184702,14.349052,-34.074708,14.498002,-33.986167,14.658735,-33.921377,14.827241,-33.88195,15.0,-33.868686,15.172758,-33.88195,15.341259,-33.921376,15.502017,-33.986176,15.650943,-34.074704,15.784321,-34.184705,15.899674,-34.314129,15.993803,-34.459487,16.064748,-34.617742,16.110591,-34.784568,16.130485,-34.956918,16.123869,-35.129577,16.09086,-35.299799,16.032327,-35.46279,15.949559,-35.614987,15.844599,-35.752691,15.719795,-35.872803,15.578119,-35.972453,15.422956,-36.049279,15.257921,-36.101503,15.086413,-36.128]}],"Index":-1,"Tolerance":4.6346316499999995E-05,"Coordinates":[75.577358,-86.343794,77.803057,-86.165817,78.197535,-86.109206,80.502245,-85.629356,80.902676,-85.518235,83.16024,-84.729515,83.543391,-84.566779,85.654554,-83.50187,86.009682,-83.292816,87.963161,-81.965175,88.296037,-81.704992,89.403315,-80.714184,93.414227,-82.146691,93.640716,-82.218153,96.454524,-82.991568,97.103695,-83.099462,99.095244,-83.221411,99.271906,-83.2273,101.179442,-83.237769,101.462298,-83.270902,105.651601,-83.346687,105.769995,-83.346621,106.325726,-83.33595,106.711624,-83.374594,108.371776,-83.348844,109.116361,-83.377931,109.655489,-83.35317,112.959613,-82.918385,113.231203,-82.870574,115.030224,-82.472661,115.323903,-82.392773,116.148784,-82.125336,116.445681,-82.012384,117.374726,-81.604667,117.854968,-81.572578,117.978268,-81.577293,119.719337,-81.682316,119.833409,-81.687141,121.89655,-81.737261,122.038837,-81.737529,124.844291,-81.679939,125.385115,-81.622329,127.662081,-81.180355,127.993991,-81.09716,128.054622,-81.07844,128.465748,-81.04461,131.224077,-80.916617,135.641986,-80.750678,135.67827,-80.749107,136.407685,-80.713351,137.298868,-80.751086,137.394398,-80.753691,141.762858,-80.80707,142.001232,-80.801031,142.66327,-80.75935,142.880317,-80.738183,148.073789,-80.050991,148.384389,-79.994063,148.412664,-79.987413,148.644579,-79.982288,148.88095,-79.968236,150.379124,-79.822962,150.571142,-79.798414,151.085816,-79.716607,153.728896,-79.722237,154.452973,-79.640435,155.848765,-79.317849,156.676126,-79.171696,156.83293,-79.139903,160.002187,-78.413754,161.368559,-78.134874,161.430028,-78.121693,165.099764,-77.296685,165.101396,-77.296317,165.946689,-77.105816,166.046189,-77.072185,166.70086,-76.934602,167.49288,-76.655137,168.77361,-76.002497,169.681858,-75.585713,170.778164,-74.760019,171.203948,-74.264625,172.633623,-72.743635,173.249275,-71.798334,173.687106,-70.763005,173.885388,-70.102306,174.325152,-67.726541,174.440666,-67.303769,174.553056,-66.409697,174.524706,-64.704078,174.487697,-60.202378,174.495525,-52.558451,174.532486,-46.402806,174.532536,-46.390631,174.536003,-44.792497,174.53601,-44.784052,174.534899,-42.516224,174.534876,-42.505655,174.51222,-36.573092,174.518675,-25.190477,174.518663,-25.179742,174.510758,-22.370644,174.564292,-18.105173,174.564542,-18.06708,174.565641,-16.074863,174.593001,-13.790108,174.593202,-13.765085,174.607011,-10.391233,174.573036,-9.914472,174.405266,-8.776527,174.211573,-8.058252,173.301555,-5.782635,172.196493,-4.363909,170.827495,-3.37053,170.397345,-2.947364,168.864325,-2.103216,166.326006,-1.510327,165.404799,-1.432642,165.375009,-1.434467,164.138402,-1.399455,163.114963,-1.307422,162.827255,-1.294657,162.150349,-1.295338,161.058641,-1.193835,161.017069,-1.190246,150.953518,-0.38782,150.828944,-0.380347,150.097666,-0.350888,149.119641,-0.219971,147.81664,-0.313871,147.808626,-0.316149,147.604725,-0.313652,147.374329,-0.319193,144.02199,-0.521694,142.272952,-0.599343,142.161795,-0.606233,141.486008,-0.660032,137.984264,-0.735001,137.867938,-0.739626,137.843832,-0.741027,137.798556,-0.733475,134.689514,-0.278667,134.562226,-0.262666,133.884584,-0.191354,133.359488,-0.072402,131.499448,0.111007,131.307813,0.124066,127.08915,0.283584,126.971191,0.285851,125.995775,0.286472,124.957273,0.404741,124.913857,0.409383,121.452242,0.755458,115.394738,1.574985,115.309142,1.585384,113.952653,1.73152,113.621581,1.749785,111.162933,1.756935,111.136017,1.756899,108.459725,1.741994,108.415519,1.74144,103.660298,1.648733,103.621452,1.647738,100.911775,1.561724,100.88891,1.560916,95.920155,1.367342,95.782599,1.358991,95.077987,1.30084,94.709323,1.248525,91.272579,0.553344,90.495283,0.288194,90.083018,0.085017,89.781245,0.392949,89.605394,0.559216,88.389673,1.623949,88.16085,1.80643,86.776916,2.809385,86.473725,3.003896,84.50695,4.113589,84.245733,4.245497,83.493032,4.583027,83.333324,4.649481,81.811922,5.234445,81.47425,5.343064,79.26281,5.920413,78.867802,5.99721,76.649703,6.284208,76.309077,6.309767,74.735948,6.342988,74.461169,6.336898,72.755962,6.225154,72.49008,6.196449,70.998133,5.971491,70.711578,5.9147,69.207019,5.543883,68.946124,5.467604,67.386144,4.938069,67.144087,4.844715,65.723089,4.228885,65.413287,4.074052,63.473432,2.968507,63.206833,2.798457,62.39728,2.223467,62.275999,2.132901,61.19075,1.281472,60.992391,1.112248,60.288567,0.460034,60.171849,0.346167,59.139387,-0.714159,58.942598,-0.936111,57.883066,-2.249897,57.759673,-2.413424,57.347016,-2.998648,57.217328,-3.198024,56.119998,-5.031741,55.935111,-5.390636,54.998067,-7.534008,54.858536,-7.919035,54.205357,-10.16345,54.121617,-10.531352,53.8115,-12.400706,53.775464,-12.712904,53.67997,-14.170171,53.673306,-14.348844,53.660793,-15.720043,53.677922,-16.079798,53.830627,-17.538841,53.381794,-17.681465,50.550524,-18.327674,45.30625,-19.060225,45.287973,-19.062832,42.560176,-19.460051,41.69175,-19.400047,39.926317,-18.970826,38.658563,-18.211917,36.540198,-16.712039,36.524432,-16.700948,33.463094,-14.561196,32.755596,-14.18899,31.589058,-13.751806,31.404637,-13.68907,28.372236,-12.760266,27.695436,-12.630935,26.675658,-12.548757,26.169592,-12.548374,23.565741,-12.754235,22.080389,-13.253802,20.382598,-14.342013,20.087382,-14.265233,18.818648,-14.01286,18.694325,-13.99069,17.360697,-13.780146,17.007574,-13.744465,14.905482,-13.650178,14.51833,-13.656425,12.181467,-13.836936,11.773498,-13.895247,9.457113,-14.381336,9.040183,-14.498991,6.640677,-15.356539,6.265978,-15.518276,4.335112,-16.503308,3.986471,-16.710193,1.955572,-18.097751,1.628873,-18.353784,-0.057671,-19.863291,-0.338693,-20.148685,-1.874036,-21.918323,-2.12515,-22.249171,-3.447601,-24.2508,-3.65301,-24.61071,-4.67564,-26.709584,-4.829863,-27.085384,-5.570654,-29.280435,-5.676004,-29.674433,-6.13644,-31.980515,-6.190954,-32.391916,-6.349866,-34.781312,-6.350112,-35.199432,-6.196559,-37.549959,-6.14479,-37.94991,-5.703104,-40.219454,-5.598881,-40.616333,-4.856202,-42.84693,-4.705525,-43.219168,-3.727804,-45.254391,-3.524297,-45.615574,-2.172533,-47.686153,-1.917657,-48.024857,-0.684637,-49.454086,-0.728331,-50.899935,-0.633654,-51.773555,0.427332,-55.997094,1.331739,-57.550297,3.336536,-59.464662,3.38625,-59.511125,5.437345,-61.387331,6.100073,-61.853917,11.703937,-64.813978,12.210343,-65.027758,16.100096,-66.286402,16.493796,-66.386509,18.338677,-66.731844,18.413571,-66.744937,20.931575,-67.154129,21.179775,-67.184491,21.911343,-67.244874,22.288525,-67.253534,25.247556,-67.145654,25.4557,-67.131208,28.418454,-66.827503,28.689433,-66.787858,29.742052,-66.587171,30.143573,-66.483065,33.222531,-65.466173,33.633377,-65.297828,35.91265,-64.172034,35.997101,-64.128739,37.537747,-63.309612,38.10159,-62.927295,39.265866,-61.940603,40.718634,-61.359295,40.739958,-61.350673,41.303957,-61.120241,42.684003,-61.481126,42.946777,-61.538079,48.041411,-62.418389,50.709558,-63.339128,50.972931,-63.409395,51.500388,-63.624755,52.60457,-63.860116,52.764041,-63.889871,53.696094,-64.039252,53.651541,-65.106828,53.655577,-65.447067,53.743035,-66.781713,53.754286,-66.912138,53.897825,-68.252735,53.959866,-68.623413,54.478528,-70.889509,54.588988,-71.264408,55.315929,-73.267917,