{"Index":-1,"Tolerance":1.4173896999999997E-05,"Coordinates":[269.177615,-57.630256,269.177615,-17.601341,265.457871,-13.881597,244.549565,-13.881597,240.829821,-17.601341,240.829821,-57.630256,244.549565,-61.35,265.457871,-61.35]}