{"Index":-1,"Tolerance":2.0408991E-05,"Coordinates":[218.12905,-58.419574,219.484106,-58.404374,219.67674,-58.368192,219.682829,-58.368124,220.455905,-58.224504,221.299268,-58.097723,222.827475,-57.777471,224.8482,-57.336692,225.175444,-57.26221,225.221648,-57.252102,227.021047,-56.846228,230.534478,-56.092173,233.812507,-55.525326,234.169387,-55.526255,234.26916,-55.482588,237.533576,-55.192721,238.832373,-55.085026,241.673244,-55.010487,247.854629,-55.006668,249.429443,-55.008393,249.568813,-55.008033,250.827933,-55.009216,256.567233,-55.048902,258.00703,-55.0,274.992928,-55.0,274.992928,-20.231597,235.033004,-20.231597,235.033004,-20.313044,232.000268,-19.96799,231.419883,-19.879295,228.501288,-19.378135,226.658504,-19.064776,226.291633,-18.997761,224.678195,-18.69973,223.235518,-18.43951,221.685277,-18.156333,221.627061,-18.149389,221.566277,-18.138425,218.460792,-17.770465,218.387114,-17.762914,217.514821,-17.658863,217.35498,-17.645632,217.229563,-17.676838,216.856103,-17.910427,215.745184,-18.426806,215.226215,-19.428553,214.976943,-20.232573,214.761903,-21.414797,214.668343,-23.198837,214.679119,-26.325951,215.077678,-28.902991,215.081959,-28.922612,215.860711,-30.064784,215.870576,-30.071232,217.223558,-30.543921,220.294737,-30.446186,220.821937,-30.463319,224.459232,-30.48662,226.896508,-30.599365,228.065918,-30.656169,232.226071,-30.89935,235.033004,-30.988356,235.033004,-49.487894,234.24393,-49.596492,234.052622,-49.535518,233.591114,-49.658246,233.295464,-49.697979,232.750845,-49.745191,231.264312,-49.94497,230.252526,-50.066622,228.217562,-50.197897,225.740952,-50.40314,224.433908,-50.417473,221.163791,-50.480252,220.686548,-50.478212,218.73986,-50.461831,218.28129,-50.445181,217.341423,-50.743046,216.70995,-50.844029,216.205474,-51.222896,215.559329,-51.864392,215.177998,-52.417802,214.998125,-53.294108,215.021127,-54.625339,214.937131,-55.089829,215.232821,-56.144683,215.309895,-56.779114,215.94929,-57.527018,216.350463,-58.064177,216.452254,-58.082023,217.559872,-58.463614]}