{"Index":-1,"Tolerance":1.95075075E-05,"Coordinates":[222.787152,-57.352452,223.558524,-57.283017,225.665972,-56.741315,226.160707,-56.463615,226.243501,-56.452084,226.30733,-56.424185,226.629327,-56.360329,227.048653,-56.292374,227.115294,-56.26141,227.239528,-56.245939,227.30499,-56.215048,227.43063,-56.199402,227.496093,-56.168511,227.621731,-56.152865,227.687194,-56.121974,227.812832,-56.106328,227.878297,-56.075436,228.003934,-56.05979,228.069396,-56.028899,228.195035,-56.013253,228.260497,-55.982362,228.386137,-55.966716,228.4516,-55.935825,228.577238,-55.920179,228.642701,-55.889288,228.768339,-55.873642,228.833802,-55.842751,228.959441,-55.827105,229.024903,-55.796214,229.150542,-55.780568,229.216006,-55.749676,229.341643,-55.73403,229.598206,-55.656603,230.087151,-55.551341,231.823582,-55.389507,232.082103,-55.348219,232.185616,-55.348211,233.849428,-55.029796,233.8879,-55.169025,233.948543,-55.19238,233.987015,-55.331608,234.047658,-55.354963,234.08613,-55.494191,234.169387,-55.526255,235.371813,-55.0,252.211659,-55.0,252.453997,-55.003658,252.793234,-55.006819,253.951034,-55.01956,256.462326,-55.041319,256.705543,-55.02958,257.300232,-55.00267,258.00703,-55.0,274.992928,-55.0,274.992928,-20.231597,235.033004,-20.231597,235.033004,-20.531707,234.592488,-20.457108,232.460317,-20.342042,231.867277,-20.3114,231.633136,-20.305415,231.254905,-20.246474,230.602751,-20.135619,228.809511,-19.846409,228.794313,-19.806834,228.56061,-19.681074,228.416771,-19.654482,228.200673,-19.591341,227.834161,-19.468878,226.610952,-19.080727,224.678195,-18.69973,223.684146,-18.520293,223.678626,-18.519828,223.577406,-18.501103,222.149238,-18.379799,221.703831,-18.343477,221.335114,-18.428425,220.852327,-18.614814,220.374901,-18.8882,220.266991,-18.965728,220.047219,-19.217995,219.699279,-19.757746,219.658391,-19.874663,219.430756,-21.12907,219.29715,-22.810719,219.274298,-23.395399,219.279352,-25.487979,219.34894,-26.724772,219.491849,-27.577684,219.57493,-27.961328,219.872602,-28.564664,219.991571,-28.718293,220.528905,-29.077591,221.034164,-29.207339,221.318441,-29.20932,221.86715,-29.084256,221.881126,-29.086446,221.978695,-29.06667,222.059758,-29.079374,222.157326,-29.059598,222.23839,-29.072302,222.335958,-29.052526,222.417022,-29.06523,222.51459,-29.045454,222.595654,-29.058158,222.693222,-29.038382,222.774286,-29.051086,222.871854,-29.03131,222.952918,-29.044014,223.050486,-29.024238,223.13155,-29.036942,223.229118,-29.017166,223.310182,-29.02987,223.40775,-29.010094,223.488813,-29.022798,223.722623,-29.001223,223.873733,-29.018243,224.002804,-29.053908,224.168276,-29.07827,224.499221,-29.126993,224.535623,-29.11569,225.015131,-29.194026,225.804928,-29.401259,226.194835,-29.508268,226.7511,-29.64619,226.956825,-29.708205,227.352842,-29.780416,227.712438,-29.837503,227.774548,-29.831977,228.078339,-29.875129,229.98745,-30.060862,230.088505,-30.051185,230.276099,-30.072637,230.330579,-30.062971,230.534069,-30.081603,230.588485,-30.071931,230.792039,-30.090568,230.846518,-30.080903,231.050009,-30.099534,231.10449,-30.089868,231.307978,-30.108499,231.362456,-30.098834,231.823918,-30.126431,231.878399,-30.116765,232.339857,-30.144362,233.015101,-30.162225,233.282922,-30.14069,233.445354,-30.147688,233.706255,-30.10079,233.818755,-30.105636,234.192156,-30.063584,234.453053,-30.016686,234.565557,-30.021533,235.033004,-29.962576,235.033004,-49.956247,234.245809,-49.57763,234.052622,-49.535518,233.828399,-49.614609,233.539787,-49.669483,233.447934,-49.710657,233.120964,-49.782727,233.029115,-49.823899,232.70214,-49.89597,232.610286,-49.937144,232.283316,-50.009214,232.191463,-50.050388,231.864492,-50.122458,231.772642,-50.16363,231.445668,-50.235701,231.369072,-50.274906,231.17908,-50.32263,231.155119,-50.356295,231.010564,-50.392606,230.981025,-50.427672,230.842048,-50.462582,230.81251,-50.497648,230.673532,-50.532558,230.643994,-50.567624,230.505017,-50.602534,230.475479,-50.6376,230.336501,-50.67251,230.306963,-50.707576,230.167985,-50.742486,230.138447,-50.777552,229.999469,-50.812462,229.969931,-50.847528,229.830953,-50.882438,229.801415,-50.917504,229.662438,-50.952414,229.6329,-50.98748,229.493922,-51.02239,229.464384,-51.057456,229.325406,-51.092366,229.295867,-51.127433,229.15689,-51.162342,229.126773,-51.198095,228.988374,-51.232318,228.948404,-51.279769,228.819859,-51.302294,228.778256,-51.351683,228.627719,-51.389218,228.488152,-51.402079,228.46665,-51.427642,228.323673,-51.441609,228.302912,-51.466292,228.159194,-51.481139,228.138825,-51.505355,227.994715,-51.520669,227.974346,-51.544885,227.830236,-51.560199,227.809867,-51.584415,227.665756,-51.599729,227.645387,-51.623945,227.501277,-51.639259,227.480908,-51.663475,227.336798,-51.678789,227.316429,-51.703005,227.172319,-51.718319,227.151949,-51.742536,227.00784,-51.75785,226.987471,-51.782066,226.84336,-51.79738,226.822991,-51.821596,226.678881,-51.83691,226.658512,-51.861126,226.514402,-51.87644,226.493999,-51.90066,226.349923,-51.91597,226.329503,-51.940191,226.185443,-51.9555,226.165006,-51.979723,226.020964,-51.99503,226.000511,-52.019255,225.856485,-52.03456,225.836015,-52.058787,225.692006,-52.07409,225.671519,-52.098319,225.527527,-52.113621,225.507024,-52.137851,225.363047,-52.153151,225.34373,-52.175963,225.031396,-52.231867,225.015208,-52.251087,224.698298,-52.310397,224.684736,-52.327521,224.3652,-52.388928,224.185089,-52.445317,223.699003,-52.54599,223.199355,-52.663786,223.019129,-52.720191,222.699708,-52.781582,222.642339,-52.7967,221.437352,-52.565143,221.16896,-52.563597,221.067408,-52.604059,220.882562,-52.731824,220.357104,-52.952862,220.101898,-53.247814,219.897622,-53.72139,219.792424,-53.997523,219.688093,-54.788084,219.68446,-54.847883,219.720081,-55.082481,219.777253,-55.475556,219.949101,-56.06825,220.180058,-56.482371,220.719444,-57.030246,221.177727,-57.241312,221.645372,-57.358492]}