{"Index":-1,"Tolerance":2.7723897E-05,"Coordinates":[214.855357,-65.769092,215.235582,-65.721755,216.204001,-65.541343,218.800341,-65.12345,218.915658,-65.102699,219.568218,-64.972802,219.644281,-64.95669,220.076891,-64.859507,223.259404,-64.212969,223.323335,-64.199295,224.584945,-63.915827,224.598508,-63.912748,225.039082,-63.811727,225.044628,-63.810481,225.054935,-63.808147,228.393745,-63.046219,231.736016,-62.328898,234.033151,-61.933522,234.370865,-61.876801,234.814278,-61.877956,235.391863,-61.757881,238.076752,-61.519474,238.661493,-61.470988,239.87359,-61.41448,241.507226,-61.391703,241.511296,-61.391643,243.529634,-61.360914,246.21441,-61.358118,249.069499,-61.361244,249.141117,-61.360515,249.22219,-61.358775,250.805171,-61.35921,256.588201,-61.399199,256.717943,-61.397445,258.114849,-61.35,277.623184,-61.35,281.342928,-57.630256,281.342928,-17.601341,277.623184,-13.881597,234.67723,-13.881597,232.839136,-13.672465,232.435059,-13.610714,227.874364,-12.830416,224.598482,-12.231985,221.875932,-11.716626,221.832112,-11.708649,219.153281,-11.240391,218.644539,-11.142372,218.415448,-11.10685,216.698645,-10.904491,216.641505,-10.898279,212.692218,-10.505118,210.994653,-10.797199,207.748016,-12.325679,206.203263,-13.848921,204.889681,-16.540496,204.574407,-17.701835,204.344823,-20.711188,204.335624,-20.957851,204.339115,-23.152964,204.316069,-24.311327,204.189615,-27.485964,204.198209,-27.877978,204.276475,-28.811454,204.284484,-28.894004,204.680905,-32.490875,204.967621,-33.505432,205.899707,-35.479816,207.958897,-37.245671,211.502035,-38.295252,212.282978,-38.424094,213.553248,-38.473691,214.219593,-38.429619,215.872965,-38.143912,218.485518,-37.747938,221.434376,-37.508536,223.668593,-37.402059,227.497612,-37.333926,228.534702,-37.318237,228.683004,-37.319598,228.683004,-43.429168,227.75871,-43.39648,227.655803,-43.394509,226.722546,-43.39177,222.775391,-43.241411,220.78994,-43.145392,218.498955,-42.939444,218.311241,-42.928159,216.653356,-42.877695,214.578569,-42.763133,213.783837,-42.818966,213.198714,-42.934799,212.863792,-42.996195,211.228893,-43.135276,209.193536,-44.080194,207.627419,-45.643244,206.517255,-46.626906,205.522198,-48.262911,205.216666,-49.473872,205.147501,-49.834923,204.623449,-53.8003,204.527764,-54.456982,204.509516,-54.60724,204.457245,-55.144307,204.46287,-55.814296,204.503761,-56.172027,204.743512,-59.84817,205.167969,-61.247816,206.152113,-62.951752,207.523665,-64.237477,210.329641,-65.624858,211.966259,-65.952912]}