{"Index":-1,"Tolerance":2.0065414499999996E-05,"Coordinates":[220.315223,-58.122236,221.509941,-58.02711,222.33295,-57.866919,226.779038,-56.898168,227.163458,-56.811447,227.720722,-56.695933,229.465083,-56.320913,229.642567,-56.284123,230.534478,-56.092173,233.865886,-55.516096,233.949104,-55.509182,234.169387,-55.526255,234.26916,-55.482588,234.794444,-55.438941,235.021216,-55.415304,235.640646,-55.363835,235.867447,-55.340195,237.533576,-55.192721,238.832373,-55.085026,241.978415,-55.002481,248.008545,-55.006607,248.938959,-55.005686,249.190857,-55.005858,250.827933,-55.009216,256.567233,-55.048902,257.612271,-55.001491,258.00703,-55.0,274.992928,-55.0,274.992928,-20.231597,235.033004,-20.231597,235.033004,-20.313044,234.66952,-20.276449,233.40028,-20.126798,233.269504,-20.117641,232.000268,-19.96799,231.863219,-19.958393,231.419883,-19.879295,228.956067,-19.46033,228.501288,-19.378135,226.103133,-18.970336,225.393203,-18.840677,224.678195,-18.69973,221.869578,-18.194076,221.864169,-18.193632,221.762839,-18.174887,219.832801,-18.016774,218.411324,-18.344268,218.261644,-18.415939,217.86824,-18.698581,217.757028,-18.826237,217.143436,-19.915369,217.026218,-20.335209,216.774175,-22.786143,216.729904,-23.553108,216.751298,-24.361198,216.821128,-26.763874,217.123464,-28.068856,217.194133,-28.352248,217.27493,-28.519745,217.838008,-29.24469,217.97421,-29.33878,219.287143,-29.784355,219.358067,-29.802401,219.610366,-29.80416,221.479945,-29.903361,223.602842,-29.862376,223.662403,-29.857569,229.052034,-30.007376,229.303164,-29.993679,229.98745,-30.060862,230.588485,-30.071931,230.792039,-30.090568,231.79199,-30.125321,233.901167,-30.265131,235.033004,-30.301501,235.033004,-49.956247,234.245809,-49.57763,234.052622,-49.535518,233.828399,-49.614609,233.539787,-49.669483,233.447934,-49.710657,233.120964,-49.782727,233.029115,-49.823899,232.70214,-49.89597,232.610286,-49.937144,232.283316,-50.009214,232.191463,-50.050388,231.864492,-50.122458,231.772642,-50.16363,231.445668,-50.235701,231.17908,-50.32263,230.673532,-50.532558,230.475479,-50.6376,230.336501,-50.67251,229.830953,-50.882438,229.780734,-50.909073,229.103093,-51.033476,228.359908,-51.091968,226.944977,-51.077792,224.240236,-51.198615,222.342971,-51.132454,220.85753,-51.183455,220.469606,-51.243902,219.346283,-51.383372,218.411403,-51.748463,218.374444,-51.766871,217.71315,-52.289191,217.367837,-53.029059,217.228157,-53.358424,217.172113,-53.782682,216.995705,-55.047173,217.380001,-56.484337,217.476406,-57.03625,217.922962,-57.417537,218.525983,-57.894289,218.792342,-57.96944,219.791206,-58.147603]}