{"Index":-1,"Tolerance":1.4998830000000002E-05,"Coordinates":[75.026821,-29.999582,75.030315,-29.999751,76.744205,-29.887441,76.770245,-29.885337,76.793115,-29.883838,76.978167,-29.868884,76.981129,-29.868295,76.984183,-29.868048,78.668749,-29.532955,78.695081,-29.527356,78.717626,-29.522871,78.899157,-29.48427,78.901601,-29.48344,78.904161,-29.482896,80.530603,-28.930799,80.556651,-28.921633,80.578598,-28.914183,80.753736,-28.852553,80.755666,-28.851601,80.757724,-28.850877,82.298116,-28.091227,82.323557,-28.078391,82.344323,-28.06815,82.510096,-27.984509,82.511537,-27.983546,82.513093,-27.982761,83.941175,-27.028519,83.966104,-27.011607,83.984713,-26.999172,84.140295,-26.893621,84.141252,-26.892781,84.142936,-26.891639,85.588565,-25.623495,85.589962,-25.622023,85.592693,-25.619628,85.807749,-25.393117,85.811003,-25.389209,85.867452,-25.329753,86.227586,-24.897214,86.912649,-24.116039,87.013007,-23.991204,87.022734,-23.976646,87.04646,-23.949592,87.544175,-23.204716,87.568292,-23.16017,87.646301,-23.043423,87.748427,-22.88213,87.952678,-22.559543,88.043123,-22.392487,88.863865,-20.728232,88.909984,-20.630141,88.911642,-20.625256,88.925358,-20.597444,89.151199,-19.93213,89.162928,-19.884985,89.228488,-19.691849,89.305778,-19.451567,89.460357,-18.971004,89.522044,-18.723048,89.791471,-17.428889,89.861312,-17.077769,89.881281,-16.997502,89.912631,-16.839888,89.923236,-16.592003,89.922741,-16.411423,89.941067,-15.983036,89.940572,-15.80246,89.958898,-15.374069,89.958403,-15.193494,89.959867,-15.15926,90.005782,-16.98191,89.787192,-19.012413,88.831615,-22.109793,88.610896,-22.594551,86.118908,-25.78936,86.014767,-25.97548,86.604929,-26.516194,88.058486,-27.745401,89.074747,-27.973519,89.971091,-28.229118,92.791438,-28.789217,93.16417,-28.817767,93.341716,-28.814101,95.376035,-28.476771,95.624832,-28.306306,96.5555,-27.269406,96.807962,-26.579175,96.848111,-23.650666,96.831142,-21.606153,96.812294,-17.479624,96.609833,-14.120009,95.778459,-11.850051,95.303802,-11.38651,93.388101,-10.644327,93.056658,-10.67557,91.417934,-10.978834,90.739723,-11.512565,89.916391,-13.205602,89.913848,-13.219094,89.503859,-11.162102,89.500467,-11.152109,89.500433,-11.151939,89.397514,-10.848817,89.036973,-9.786688,88.906794,-9.3848,88.858013,-9.259852,88.857837,-9.259334,88.85771,-9.259077,88.857494,-9.258523,88.561328,-8.657974,88.00163,-7.522832,87.927674,-7.400926,87.918208,-7.386759,87.909062,-7.37152,86.954837,-5.943437,86.948174,-5.935016,86.942355,-5.926308,86.827153,-5.780722,86.816193,-5.768224,86.805443,-5.754639,85.672974,-4.463293,85.664968,-4.45549,85.657782,-4.447296,85.524835,-4.317721,85.512647,-4.307032,85.500566,-4.295258,84.209217,-3.162788,84.199912,-3.155808,84.191407,-3.148349,84.042891,-3.036937,84.02974,-3.028149,84.016621,-3.018308,82.588539,-2.064062,82.578049,-2.058128,82.568274,-2.051596,82.406731,-1.96021,82.392928,-1.953403,82.379048,-1.945551,80.838656,-1.185905,80.82707,-1.181198,80.816145,-1.17581,80.644158,-1.105934,80.629976,-1.10112,80.615622,-1.095288,78.98918,-0.543192,78.976656,-0.5399,78.964717,-0.535847,78.940255,-0.528502,78.785146,-0.488641,78.77085,-0.485797,78.75631,-0.481975,77.071743,-0.146885,77.05846,-0.145173,77.045687,-0.142632,77.019631,-0.138379,76.861613,-0.118904,76.847506,-0.11798,76.833034,-0.116114,75.119144,-0.003801,75.105292,-0.00381,75.091874,-0.002931,74.934069,-0.002148,74.906241,-0.003056,74.892545,-0.003953,74.878413,-0.003963,73.164522,-0.116276,73.150347,-0.118122,73.136503,-0.119029,73.108483,-0.121781,72.952406,-0.143001,72.939373,-0.145594,72.925784,-0.147363,71.241217,-0.482454,71.226957,-0.486223,71.212947,-0.48901,71.058487,-0.528921,71.033494,-0.536443,71.021304,-0.540581,71.008501,-0.543965,69.38206,-1.096061,69.367988,-1.101801,69.354055,-1.10653,69.326049,-1.116998,69.182164,-1.176637,69.170984,-1.18215,69.15915,-1.186977,67.618757,-1.946623,67.60515,-1.954343,67.591576,-1.961037,67.430106,-2.052646,67.420108,-2.059327,67.409361,-2.065424,65.981279,-3.01967,65.968394,-3.029365,65.95549,-3.037987,65.80716,-3.149587,65.798427,-3.157246,65.788926,-3.164394,64.497576,-4.296864,64.485741,-4.308427,64.473732,-4.318959,64.340946,-4.4487,64.333588,-4.457091,64.325377,-4.465113,63.192909,-5.756459,63.182365,-5.769822,63.171575,-5.782125,63.056588,-5.927846,63.050613,-5.936787,63.043792,-5.945432,62.08955,-7.373515,62.08059,-7.388487,62.071251,-7.402464,61.975918,-7.561773,61.971355,-7.571026,61.96592,-7.580108,61.206271,-9.120498,61.199119,-9.136939,61.191515,-9.152357,61.117464,-9.322573,61.114283,-9.331944,61.110241,-9.341235,60.558145,-10.967678,60.553041,-10.985329,60.547377,-11.002014,60.49581,-11.180339,60.493962,-11.189628,60.491272,-11.198931,60.156179,-12.883497,60.153314,-12.902123,60.149798,-12.919797,60.121571,-13.103293,60.12098,-13.112308,60.119573,-13.121456,60.007263,-14.835348,60.006804,-14.854676,60.005601,-14.873033,60.001193,-15.058612,60.001756,-15.067205,60.001547,-15.076009,60.113857,-16.789901,60.115931,-16.809564,60.117162,-16.828352,60.136631,-17.012949,60.138229,-17.020984,60.139105,-17.029287,60.474198,-18.713854,60.478898,-18.733577,60.482644,-18.752407,60.525678,-18.932983,60.528169,-18.940322,60.530005,-18.948025,61.082101,-20.574468,61.089471,-20.593881,61.095765,-20.612424,61.161628,-20.785921,61.164864,-20.792482,61.167513,-20.799461,61.927163,-22.339851,61.937171,-22.35854,61.946031,-22.376505,62.033694,-22.5402,62.03753,-22.545941,62.040845,-22.552131,62.995088,-23.980214,63.007713,-23.997879,63.019031,-24.014817,63.126946,-24.165812,63.131204,-24.170667,63.135033,-24.176025,64.267501,-25.467375,64.282655,-25.483663,64.296316,-25.49924,64.422798,-25.635182,64.42732,-25.639148,64.431523,-25.643665,65.722873,-26.776132,65.740388,-26.790662,65.756226,-26.804551,65.899103,-26.923075,65.903756,-26.926184,65.908157,-26.929835,67.336239,-27.884078,67.35588,-27.896492,67.37372,-27.908412,67.53067,-28.007606,67.535316,-28.009897,67.539773,-28.012714,69.080166,-28.772363,69.101672,-28.782351,69.121257,-28.792009,69.289589,-28.870184,69.294093,-28.871713,69.29846,-28.873741,70.924902,-29.425837,70.948015,-29.433138,70.969029,-29.440271,71.146041,-29.496184,71.150275,-29.497026,71.154453,-29.498346,72.839019,-29.833439,72.863467,-29.837813,72.8855,-29.842196,73.068231,-29.87489,73.072118,-29.875145,73.075987,-29.875837,74.789877,-29.988147,74.815268,-29.989372,74.837969,-29.99086,75.023377,-29.999808]}