{"Index":-1,"Tolerance":2.2411033499999998E-05,"Coordinates":[94.706446,-38.410877,95.622263,-38.216011,96.100492,-38.074259,97.716343,-37.453709,98.10192,-37.275212,98.615223,-36.994496,99.084681,-36.680632,100.666299,-35.406365,101.545848,-34.297671,102.614706,-32.077618,102.87749,-31.272673,103.088856,-30.126765,103.52371,-28.134848,103.595992,-27.533529,103.601365,-27.312716,103.623867,-26.864177,103.624012,-26.861252,103.667866,-25.970702,103.671622,-25.837961,103.681036,-24.562391,103.684066,-24.15174,103.684142,-24.136555,103.684799,-23.883616,103.686118,-23.829421,103.687047,-23.76042,103.701635,-18.143981,103.701589,-18.116752,103.700327,-17.905542,103.700362,-17.89186,103.700333,-17.867737,103.695191,-16.839433,103.695174,-16.836327,103.679525,-14.21899,103.679516,-14.217506,103.665218,-11.999495,103.664975,-11.992825,103.661857,-11.471351,103.654942,-11.280022,103.561909,-9.878314,103.466969,-9.290129,102.790051,-6.6804,102.660601,-6.288207,102.260304,-5.297014,101.322252,-4.017032,98.498783,-1.687983,96.508201,-0.943042,95.2011,-0.908447,95.05117,-0.908019,92.41856,-0.962676,91.550693,-1.101802,91.266024,-1.188973,90.608277,-0.43895,90.549381,-0.376871,90.548682,-0.376105,90.521278,-0.347249,90.437164,-0.258589,90.436023,-0.257477,90.423832,-0.24464,90.350742,-0.170167,89.753324,0.418875,89.680863,0.488099,89.485743,0.668701,89.484567,0.669847,89.425377,0.724575,89.418668,0.730785,89.418391,0.731034,89.361897,0.78327,88.589905,1.460282,88.523838,1.513903,88.523053,1.514565,88.495442,1.53695,88.401731,1.613007,88.400337,1.614053,88.260295,1.727587,88.148842,1.813916,87.451929,2.329386,87.400472,2.366655,87.338757,2.41042,87.337491,2.411369,87.268865,2.459982,87.259822,2.466395,87.259478,2.466632,87.196225,2.511439,86.342696,3.081768,86.271141,3.125829,86.270449,3.126273,86.241819,3.143885,86.141904,3.205409,86.140654,3.206116,85.978329,3.30597,85.859,3.37584,85.106256,3.794854,85.047801,3.826595,84.985807,3.859422,84.984425,3.860204,84.905478,3.901958,84.894916,3.907551,84.894538,3.907744,84.825367,3.944328,83.904563,4.398422,83.828325,4.432655,83.827571,4.43301,83.800414,4.445188,83.69537,4.492356,83.693877,4.492963,83.510225,4.575318,83.385588,4.628048,82.589941,4.944847,82.525168,4.96982,82.46439,4.992493,82.463005,4.993056,82.377461,5.024922,82.362678,5.030437,82.362192,5.03061,82.288396,5.0581,81.31616,5.388128,81.237014,5.411931,81.236294,5.412161,81.208511,5.420503,81.102677,5.452332,81.101284,5.452698,80.898612,5.513551,80.770999,5.548984,79.94609,5.759599,79.875751,5.776706,79.817556,5.790159,79.816072,5.790549,79.72294,5.812031,79.70633,5.815871,79.705795,5.815986,79.628293,5.833863,78.621414,6.034149,78.540388,6.047415,78.539621,6.047554,78.513166,6.051872,78.407925,6.069103,78.406389,6.069301,78.368589,6.075471,78.290915,6.087164,77.495221,6.196908,77.369887,6.211662,77.090405,6.238944,77.088919,6.239136,76.991698,6.24858,76.970892,6.250611,76.970253,6.250663,76.890482,6.258412,75.865988,6.325548,75.784631,6.328185,75.783862,6.328222,75.759065,6.329013,75.656251,6.332345,75.654656,6.332344,75.611147,6.333732,75.535691,6.335242,74.726234,6.341817,74.597004,6.340237,74.327677,6.331459,74.326233,6.331458,74.224623,6.3281,74.201945,6.327361,74.201302,6.327329,74.120584,6.324662,73.096096,6.257525,73.015956,6.249689,73.015337,6.249638,72.993824,6.247525,72.893617,6.237726,72.892182,6.237539,72.619973,6.210797,72.492658,6.195688,71.692935,6.08437,71.617213,6.072897,71.57629,6.066191,71.574778,6.065994,71.469848,6.048748,71.446349,6.044897,71.445678,6.044775,71.365151,6.03154,70.358073,5.831215,70.279978,5.813145,70.279377,5.813016,70.261952,5.808975,70.166137,5.786805,70.164504,5.786373,70.109637,5.773648,70.037511,5.756029,69.216511,5.545272,69.090947,5.510276,68.881786,5.447327,68.88028,5.446929,68.776661,5.415689,68.750519,5.407821,68.74977,5.407581,68.670991,5.38383,67.698834,5.053831,67.624541,5.026101,67.624054,5.025927,67.608961,5.020285,67.520367,4.987217,67.518964,4.986645,67.271891,4.89429,67.162965,4.851268,66.401243,4.534055,66.320599,4.499154,66.289894,4.485358,66.288609,4.484834,66.185959,4.43866,66.159521,4.426781,66.158875,4.426477,66.083317,4.392489,65.162639,3.938455,65.093275,3.901715,65.092875,3.90151,65.080671,3.895039,65.000162,3.852395,64.998873,3.851664,64.756751,3.723274,64.657236,3.668198,63.947157,3.25843,63.869019,3.211833,63.844668,3.196834,63.843269,3.196041,63.745822,3.135953,63.717982,3.118806,63.71721,3.11831,63.645888,3.074332,62.792055,2.5038,62.728355,2.458606,62.728038,2.458388,62.719653,2.452432,62.647069,2.400936,62.645738,2.399934,62.413996,2.23534,62.32511,2.169855,61.677908,1.67545,61.60393,1.617181,61.585711,1.602387,61.584538,1.601505,61.491784,1.526121,61.465915,1.505115,61.46529,1.504587,61.399812,1.451371,60.628003,0.774518,60.571325,0.722049,60.57102,0.721774,60.563061,0.714399,60.502594,0.658422,60.50148,0.657333,60.310824,0.480659,60.236846,0.409855,59.638176,-0.181921,59.566685,-0.254899,59.552376,-0.269984,59.551168,-0.271164,59.466464,-0.360553,59.442165,-0.38617,59.441512,-0.386886,59.382776,-0.448871,58.705745,-1.220885,58.656496,-1.280072,58.656377,-1.280211,58.653629,-1.283518,58.600419,-1.347464,58.599324,-1.348851,58.427231,-1.555897,58.365137,-1.633018,57.850244,-2.293331,57.786739,-2.377624,57.777443,-2.3904,57.776505,-2.391588,57.7031,-2.492567,57.679931,-2.524408,57.679385,-2.52519,57.62897,-2.594544,57.058611,-3.448124,57.018043,-3.512237,57.017912,-3.512438,57.014721,-3.517486,56.974058,-3.581749,56.973275,-3.583058,56.86687,-3.751399,56.828158,-3.81425,56.407208,-4.515827,56.342202,-4.629411,56.291716,-4.721999,56.290877,-4.723402,56.230083,-4.835031,56.209722,-4.872373,56.209218,-4.873345,56.167764,-4.949462,55.713689,-5.870218,55.681926,-5.938704,55.681903,-5.938753,55.681388,-5.939866,55.649848,-6.007871,55.649192,-6.009378,55.593087,-6.130514,55.566633,-6.18918,55.209383,-7.003387,55.155852,-7.133107,55.119769,-7.226336,55.119131,-7.227803,55.072048,-7.349635,55.055898,-7.391363,55.055524,-7.392394,55.024051,-7.473833,54.69407,-8.445937,54.65055,-8.584476,54.650105,-8.586013,54.61952,-8.683545,54.602476,-8.739705,54.34127,-9.629951,54.303389,-9.770986,54.28144,-9.86091,54.280994,-9.862451,54.249015,-9.993751,54.238118,-10.038393,54.237882,-10.039459,54.217043,-10.125019,54.016752,-11.131917,53.992649,-11.268647,53.99242,-11.270136,53.960285,-11.452948,53.949744,-11.516708,53.815686,-12.38231,53.7973,-12.521233,53.790643,-12.581774,53.790422,-12.583211,53.775547,-12.719065,53.770001,-12.769503,53.769907,-12.770577,53.760267,-12.858618,53.693129,-13.883173,53.68723,-14.015329,53.687192,-14.016947,53.676769,-14.253205,53.674373,-14.327008,53.655812,-15.217894,53.655784,-15.339211,53.655642,-15.345199,53.658573,-15.485725,53.659633,-15.537792,53.659683,-15.538947,53.661546,-15.628299,53.728677,-16.652747,53.739405,-16.778251,53.739569,-16.779808,53.757009,-16.982681,53.763462,-17.049473,53.862363,-17.971226,53.877909,-18.091486,53.878894,-18.100822,53.900706,-18.244449,53.908692,-18.297202,53.908885,-18.298303,53.922418,-18.387416,54.122733,-19.394432,54.148234,-19.511119,54.148606,-19.51268,54.175604,-19.635914,54.187326,-19.68737,54.411291,-20.634106,54.449731,-20.780858,54.456124,-20.803083,54.456491,-20.804625,54.496969,-20.945089,54.513058,-21.001025,54.513435,-21.002228,54.538577,-21.089474,54.868611,-22.061735,54.906784,-22.16795,54.907364,-22.169479,54.966862,-22.334757,54.986796,-22.388601,55.329537,-23.28925,55.372262,-23.394138,55.378696,-23.411089,55.439159,-23.550026,55.462617,-23.603996,55.463077,-23.604988,55.499568,-23.688841,55.953664,-24.609638,56.002282,-24.704199,56.003014,-24.705566,56.066691,-24.829267,56.090715,-24.875018,56.564997,-25.760653,56.620003,-25.857667,56.630559,-25.877376,56.709638,-26.009183,56.741476,-26.062306,56.742111,-26.063309,56.789602,-26.142466,57.359944,-26.996017,57.416709,-27.078145,57.417644,-27.079454,57.499708,-27.198052,57.527514,-27.23759,58.111277,-28.054387,58.173946,-28.137665,58.190039,-28.160182,58.287358,