{"Index":-1,"Tolerance":2.2700158999999998E-05,"Coordinates":[208.411658,-61.007939,210.13068,-60.725737,211.408228,-60.45212,215.194344,-59.551571,217.294715,-59.079029,221.087331,-58.202982,227.021047,-56.846228,230.530703,-56.092983,233.280725,-55.622695,234.169387,-55.526255,234.40264,-55.470877,238.251142,-55.133221,239.633437,-55.068778,242.513541,-55.025467,246.683725,-55.0289,246.759047,-55.025011,246.966873,-55.025076,250.827933,-55.009216,256.567233,-55.048902,258.00703,-55.0,274.992928,-55.0,274.992928,-20.231597,235.033004,-20.231597,235.033004,-20.313044,232.000268,-19.96799,231.419883,-19.879295,226.768313,-19.083449,225.041498,-18.767998,223.777127,-18.526763,219.552643,-17.7271,218.416623,-17.528524,212.404788,-16.370222,210.981534,-16.202463,209.149742,-16.018667,207.411764,-15.68184,205.541529,-16.131416,205.259862,-16.191303,205.141741,-16.238843,205.092622,-16.345328,204.16207,-17.198813,204.04243,-18.471325,203.941904,-19.048305,203.912212,-26.963869,203.899319,-28.629369,203.831364,-32.533755,203.822134,-33.684967,204.819381,-37.01244,204.857207,-37.442587,205.025287,-37.781946,206.455744,-38.348099,206.734783,-38.216542,207.033672,-37.608257,205.750525,-37.171436,208.181585,-36.454105,210.362853,-34.506016,210.500211,-34.454385,214.103095,-32.82296,216.855005,-32.214281,218.390818,-31.940143,220.003128,-31.81466,220.233939,-31.788483,221.075804,-31.727483,222.838131,-31.527609,226.735916,-31.400204,227.908368,-31.330928,229.212416,-31.312188,233.294843,-31.358712,234.679605,-31.487305,235.033004,-31.532608,235.033004,-49.222249,234.647264,-49.266364,233.267988,-49.327446,231.652884,-49.356325,229.661436,-49.327113,225.998019,-49.141124,221.57311,-48.973562,221.397666,-48.957422,219.536001,-48.888618,216.315369,-48.429541,215.735421,-48.363844,212.963723,-47.56955,212.64551,-47.486962,209.588622,-46.294346,208.011538,-45.916204,207.800137,-45.503925,206.149438,-47.885762,205.379428,-48.745351,205.311786,-49.090294,204.233455,-53.426743,204.118663,-54.686125,204.041792,-57.604534,204.119588,-58.868523,204.209289,-59.484974,204.213017,-59.983303,204.628283,-60.331943,205.720091,-60.926949,205.926772,-60.960617,206.95061,-61.039103,207.209821,-61.082158]}