{"Inners":[{"Index":-1,"Tolerance":2.440578000000002E-06,"Coordinates":[221.920587,-42.618735,221.712783,-42.621375,221.698902,-42.622006,220.058584,-42.548922,217.186876,-42.139581,217.137661,-42.132958,217.097279,-42.127845,215.134561,-41.578331,215.111451,-41.571955,214.84516,-41.499564,213.943617,-41.06107,213.990795,-40.889385,214.224546,-39.739318,216.126681,-38.882117,217.419555,-38.593665,218.533848,-38.394768,218.828936,-38.354345,218.955956,-38.334317,219.654328,-38.20966,222.662818,-37.969448,222.680676,-37.967971,223.74119,-37.877268,226.717928,-37.797103,226.954709,-37.795944,227.658283,-37.847101,227.766597,-37.853118,228.683004,-37.888339,228.683004,-42.545498,228.005667,-42.551276,227.814253,-42.558687,227.458976,-42.58319,227.110121,-42.584802,226.906287,-42.592295,226.544819,-42.617225,226.195962,-42.618837,225.992127,-42.62633,225.63066,-42.65126,225.281807,-42.652872,225.077977,-42.660364,224.835317,-42.6771]},{"Index":-1,"Tolerance":1.1296570000000017E-06,"Coordinates":[14.913514,-36.128,14.777452,-36.106983,14.131334,-35.721035,14.050247,-35.61467,13.967663,-35.462826,13.909162,-35.299937,13.876133,-35.129602,13.869515,-34.956875,13.88942,-34.784437,13.935283,-34.617508,14.005962,-34.459845,14.100307,-34.314151,14.215682,-34.184702,14.349052,-34.074708,14.498002,-33.986167,14.658735,-33.921377,14.827241,-33.88195,15.0,-33.868686,15.172758,-33.88195,15.341259,-33.921376,15.502017,-33.986176,15.650943,-34.074704,15.784321,-34.184705,15.899674,-34.314129,15.993803,-34.459487,16.064748,-34.617742,16.110591,-34.784568,16.130485,-34.956918,16.123869,-35.129577,16.09086,-35.299799,16.032327,-35.46279,15.949559,-35.614987,15.844599,-35.752691,15.719795,-35.872803,15.578119,-35.972453,15.422956,-36.049279,15.257921,-36.101503,15.086413,-36.128]}],"Index":-1,"Tolerance":4.6346316499999995E-05,"Coordinates":[75.577358,-86.343794,77.803057,-86.165817,78.197535,-86.109206,80.502245,-85.629356,80.902676,-85.518235,83.16024,-84.729515,83.543391,-84.566779,85.654554,-83.50187,86.009682,-83.292816,87.963161,-81.965175,88.296037,-81.704992,89.403316,-80.714183,93.414227,-82.146691,93.640716,-82.218153,96.454524,-82.991568,97.103695,-83.099462,99.074318,-83.22013,99.209039,-83.225512,106.888692,-83.369082,106.94419,-83.369635,109.296592,-83.372487,109.71512,-83.345323,112.999403,-82.91315,113.349235,-82.846997,115.79565,-82.240682,116.243551,-82.093669,117.439036,-81.60037,117.801126,-81.576175,119.743503,-81.683442,119.841471,-81.687337,121.89655,-81.737261,122.038837,-81.737529,124.844291,-81.679939,125.385115,-81.622329,127.662081,-81.180355,127.993991,-81.09716,128.054622,-81.07844,128.451912,-81.045748,136.385466,-80.71241,137.298868,-80.751086,137.394398,-80.753691,141.762858,-80.80707,142.001232,-80.801031,142.66327,-80.75935,142.880317,-80.738183,147.870416,-80.077901,150.955167,-79.716328,153.693212,-79.722161,154.347159,-79.655694,156.804089,-79.14558,156.845015,-79.136802,161.445738,-78.118145,161.455984,-78.115858,165.635288,-77.176002,165.664719,-77.169236,173.318299,-75.37143,173.444744,-75.338972,174.908611,-74.930951,175.322826,-74.845084,176.561318,-74.450584,176.83833,-74.34793,177.595946,-74.026364,180.515731,-72.996209,181.298043,-72.591223,182.495117,-71.743477,182.517694,-71.738054,183.752698,-71.13994,184.311248,-70.700806,185.927432,-69.667843,186.028966,-69.600167,187.324734,-68.700053,188.220288,-68.755636,188.280657,-68.777062,190.365924,-69.48011,191.279045,-69.64561,194.143193,-69.741359,194.782843,-69.698143,196.321123,-69.436723,197.80212,-69.464503,198.383595,-69.421983,200.354977,-69.094234,202.037947,-68.948277,202.406386,-68.894427,204.047532,-68.555334,206.154831,-68.168552,206.287986,-68.141154,206.750965,-68.035512,206.851568,-68.014634,212.706463,-66.677526,212.728563,-66.672395,216.625161,-65.753167,228.39907,-63.045076,231.732669,-62.329617,234.241988,-61.900492,235.106283,-61.783535,238.616113,-61.475593,241.57509,-61.394356,244.320501,-61.397375,244.501337,-61.392421,244.704208,-61.381074,250.817338,-61.359294,256.588201,-61.399199,256.717943,-61.397445,258.114849,-61.35,277.623184,-61.35,281.342928,-57.630256,281.342928,-17.601341,277.623184,-13.881597,234.67723,-13.881597,232.889116,-13.678152,227.868194,-12.829289,226.338443,-12.549837,217.19536,-10.80765,212.726856,-9.948806,212.684491,-9.940961,207.318701,-8.984972,207.217456,-8.964044,203.207124,-8.247138,202.973087,-8.214233,199.235812,-7.829939,198.341157,-7.864216,197.33676,-8.046005,195.995781,-8.186903,195.765214,-8.193421,194.264234,-8.1289,192.758755,-8.430417,191.209697,-9.156446,189.296203,-9.107249,187.05391,-8.173403,185.866527,-7.658957,185.318468,-7.106764,183.140297,-5.91801,182.783546,-5.751114,180.757701,-4.952353,180.576895,-4.887313,177.085709,-3.749497,176.025889,-3.352093,175.305805,-3.212728,175.021684,-3.105341,173.925249,-3.009129,168.562126,-1.872621,168.459107,-1.852563,166.698893,-1.53995,166.328397,-1.49639,163.058239,-1.305505,163.055358,-1.305338,160.924945,-1.182926,149.211784,-0.253324,148.780129,-0.248471,141.558193,-0.658487,138.284932,-0.728564,137.451727,-0.682739,133.187875,-0.058999,133.039849,-0.040884,131.499448,0.111007,131.307813,0.124066,127.08915,0.283584,126.971191,0.285851,125.964206,0.286492,121.464332,0.753822,115.394738,1.574985,115.309142,1.585384,113.945466,1.732294,113.599917,1.75057,108.478429,1.742161,108.421753,1.741562,103.660298,1.648733,103.621452,1.647738,100.911775,1.561724,100.88891,1.560916,95.920155,1.367342,95.782599,1.358991,95.077987,1.30084,94.709323,1.248525,91.272579,0.553344,90.495283,0.288194,90.083018,0.085017,89.781245,0.392949,89.605394,0.559216,88.389673,1.623949,88.16085,1.80643,86.776916,2.809385,86.473725,3.003896,84.454358,4.143263,84.081861,4.322563,81.88603,5.208619,81.499572,5.336454,79.26281,5.920413,78.867802,5.99721,76.649703,6.284208,76.309077,6.309767,74.735948,6.342988,74.461169,6.336898,72.755962,6.225154,72.49008,6.196449,70.998133,5.971491,70.711578,5.9147,69.207019,5.543883,68.946124,5.467604,67.386144,4.938069,67.144087,4.844715,65.723089,4.228885,65.413287,4.074052,63.433477,2.945737,63.092548,2.721268,61.219003,1.307249,60.899542,1.030988,59.182951,-0.665451,58.910415,-0.972001,57.477105,-2.810599,57.256479,-3.132599,56.119998,-5.031741,55.935111,-5.390636,54.998067,-7.534008,54.858536,-7.919035,54.205357,-10.16345,54.121617,-10.531352,53.804533,-12.442699,53.764055,-12.840045,53.658143,-15.579409,53.67304,-16.033144,53.829813,-17.531061,53.350892,-17.688518,50.550524,-18.327674,45.30625,-19.060225,45.287973,-19.062832,42.560176,-19.460051,41.69175,-19.400047,39.926317,-18.970826,38.649616,-18.206561,33.474608,-14.567897,32.759762,-14.190551,31.589058,-13.751806,31.404637,-13.68907,28.372236,-12.760266,27.695436,-12.630935,26.675658,-12.548757,26.169592,-12.548374,23.565741,-12.754235,22.080389,-13.253802,20.384412,-14.34085,19.992354,-14.243157,17.451934,-13.791681,17.03821,-13.745839,14.905482,-13.650178,14.51833,-13.656425,12.181467,-13.836936,11.773498,-13.895247,9.457113,-14.381336,9.040183,-14.498991,6.640677,-15.356539,6.265978,-15.518276,4.335112,-16.503308,3.986471,-16.710193,1.955572,-18.097751,1.628873,-18.353784,-0.057671,-19.863291,-0.338693,-20.148685,-1.874036,-21.918323,-2.12515,-22.249171,-3.447601,-24.2508,-3.65301,-24.61071,-4.67564,-26.709584,-4.829863,-27.085384,-5.570654,-29.280435,-5.676004,-29.674433,-6.13644,-31.980515,-6.190954,-32.391916,-6.349866,-34.781312,-6.350112,-35.199432,-6.196559,-37.549959,-6.14479,-37.94991,-5.703104,-40.219454,-5.598881,-40.616333,-4.856202,-42.84693,-4.705525,-43.219168,-3.727804,-45.254391,-3.524297,-45.615574,-2.172533,-47.686153,-1.917657,-48.024857,-0.684637,-49.454086,-0.728331,-50.899935,-0.633654,-51.773555,0.427332,-55.997094,1.331739,-57.550297,3.336536,-59.464662,3.38625,-59.511125,5.437345,-61.387331,6.100073,-61.853917,11.703937,-64.813978,12.210343,-65.027758,16.100096,-66.286402,16.493796,-66.386509,18.35706,-66.735285,18.468912,-66.754161,21.59286,-67.22412,22.182132,-67.257413,