{"Index":-1,"Tolerance":2.0438153999999998E-05,"Coordinates":[217.769487,-58.457628,219.285382,-58.440624,219.478016,-58.404442,219.484106,-58.404374,220.02071,-58.305054,221.058748,-58.149009,222.907212,-57.761643,224.639891,-57.383696,224.805125,-57.346088,224.8482,-57.336692,227.021047,-56.846228,230.534478,-56.092173,233.812507,-55.525326,234.169387,-55.526255,234.26916,-55.482588,237.533576,-55.192721,238.832373,-55.085026,241.673244,-55.010487,247.696529,-55.006766,249.397043,-55.008628,249.58262,-55.008149,250.827933,-55.009216,256.567233,-55.048902,258.00703,-55.0,274.992928,-55.0,274.992928,-20.231597,235.033004,-20.231597,235.033004,-20.313044,232.000268,-19.96799,231.419883,-19.879295,228.501288,-19.378135,226.709913,-19.073518,226.269592,-18.993085,224.678195,-18.69973,223.522003,-18.491185,221.715238,-18.161144,221.647312,-18.153041,221.566277,-18.138425,218.387114,-17.762914,218.168258,-17.738045,218.079493,-17.727457,217.195668,-17.614954,217.038351,-17.618957,215.608722,-18.283478,214.814444,-19.816646,214.792777,-19.886533,214.519504,-21.3889,214.400609,-23.65605,214.409001,-26.091475,214.723555,-28.125348,214.737464,-28.783664,214.749352,-28.974578,215.435136,-29.983035,215.613356,-30.204129,215.811911,-30.229282,217.002632,-30.645283,220.555223,-30.532228,220.842523,-30.516527,221.031082,-30.52174,225.026498,-30.547335,226.981823,-30.637786,228.48791,-30.710943,231.537567,-30.889211,235.033004,-31.000049,235.033004,-49.487894,234.24393,-49.596492,234.052622,-49.535518,233.591114,-49.658246,232.750845,-49.745191,232.380036,-49.795025,231.835429,-49.842236,231.083657,-49.943268,230.571974,-50.00479,229.542848,-50.071179,226.243629,-50.344595,224.502449,-50.363688,222.558255,-50.401013,221.214708,-50.410255,219.779082,-50.389132,218.594302,-50.379162,218.010286,-50.357957,216.81331,-50.737306,216.398578,-50.803628,216.067252,-51.052457,215.250398,-51.863434,214.949472,-52.300155,214.737666,-53.332033,214.764752,-54.8996,214.72826,-55.101391,214.856719,-55.559658,215.004123,-56.773005,216.067503,-58.016848,216.096911,-58.070534,216.197231,-58.099351,217.334804,-58.491262]}