{"Index":-1,"Tolerance":2.64836E-05,"Coordinates":[221.918208,-64.398812,222.273876,-64.350242,223.617596,-64.088699,223.68709,-64.074364,228.089449,-63.114908,228.11798,-63.108552,228.359291,-63.053629,228.36372,-63.052663,231.742225,-62.327566,234.349289,-61.876744,234.814284,-61.877955,235.391862,-61.757881,238.076766,-61.519473,239.178299,-61.428135,241.943759,-61.355575,245.641948,-61.358105,245.646694,-61.358105,246.686642,-61.357262,246.823966,-61.357356,246.828159,-61.357356,249.186324,-61.355862,250.79958,-61.359172,256.606277,-61.399324,256.772154,-61.396137,257.768214,-61.350948,258.0191,-61.35,277.623184,-61.35,281.342928,-57.630256,281.342928,-17.601341,277.623184,-13.881597,234.662177,-13.881597,234.069008,-13.811659,233.918983,-13.79757,233.863379,-13.793677,232.851935,-13.674421,232.431885,-13.610229,230.053066,-13.205717,229.614464,-13.126446,229.582034,-13.120759,227.304402,-12.733455,226.492237,-12.585124,225.880581,-12.464551,225.829037,-12.454832,222.684182,-11.888701,222.546066,-11.863151,222.226768,-11.820691,219.641389,-11.609541,218.664351,-11.680476,216.30085,-12.225003,215.640491,-12.455999,215.017875,-12.754121,214.535575,-13.039816,214.138941,-13.324779,213.435641,-13.763356,212.228421,-15.112217,211.781341,-16.045164,211.094479,-17.264354,210.801591,-17.971524,210.585636,-18.745001,210.485155,-19.274975,210.1511,-22.523427,210.139719,-22.665264,210.106591,-23.23916,210.102425,-23.506271,210.116376,-24.033235,210.116604,-24.041449,210.210531,-27.273249,210.291316,-27.899154,210.763551,-29.937472,210.846955,-30.232088,211.108818,-31.011613,211.614625,-31.954826,212.901521,-33.611663,213.608535,-34.280251,214.420458,-34.841134,215.208479,-35.237319,217.526518,-36.024001,218.382336,-36.188719,221.291783,-36.343388,221.521693,-36.347274,222.899995,-36.320664,224.165339,-36.366415,224.170313,-36.366591,228.683004,-36.522674,228.683004,-44.331191,227.5724,-44.493479,227.143789,-44.516906,224.168513,-44.649814,223.37063,-44.62199,223.150966,-44.621931,220.01701,-44.729532,219.636782,-44.765552,218.805584,-44.895069,217.928362,-45.003984,217.161639,-45.198061,216.175617,-45.583124,215.914988,-45.698638,214.793699,-46.257091,214.23974,-46.608501,212.921686,-47.649562,212.000131,-48.814023,211.253474,-50.41381,211.207529,-50.517002,210.934246,-51.161404,210.711265,-51.969259,210.321389,-54.786358,210.399955,-56.054353,210.681982,-57.109066,211.041985,-59.170038,212.140436,-61.095197,214.036773,-62.714365,214.129333,-62.790426,214.831016,-63.345181,215.948814,-63.915782,216.774986,-64.148873,217.079777,-64.218873,218.864465,-64.537202,219.676511,-64.576741]}