{"Index":-1,"Tolerance":1.4996860500000004E-05,"Coordinates":[75.019882,-29.999639,75.023377,-29.999808,76.793115,-29.883838,76.819098,-29.881738,76.842024,-29.880236,76.972151,-29.86972,76.975113,-29.869131,76.978167,-29.868884,78.717626,-29.522871,78.743905,-29.517283,78.766502,-29.512788,78.894153,-29.485644,78.896597,-29.484814,78.899157,-29.48427,80.578598,-28.914183,80.604749,-28.904981,80.626592,-28.897566,80.749748,-28.854229,80.751678,-28.853277,80.753736,-28.852553,82.344323,-28.06815,82.369885,-28.055253,82.390529,-28.045072,82.503988,-27.987827,82.505431,-27.986863,82.510096,-27.984509,83.984713,-26.999172,84.059446,-26.948471,84.096724,-26.923562,84.137655,-26.895603,84.138615,-26.894761,84.140295,-26.893621,85.592693,-25.619628,85.59549,-25.616682,85.598219,-25.614288,85.748046,-25.456481,85.7513,-25.452573,85.807749,-25.393117,86.09028,-25.053783,86.912649,-24.116039,86.979554,-24.032815,86.989278,-24.018262,87.013007,-23.991204,87.646301,-23.043423,87.670419,-22.998876,87.748427,-22.88213,87.952678,-22.559543,88.043123,-22.392487,88.863865,-20.728232,88.894611,-20.662838,88.896271,-20.657947,88.909984,-20.630141,89.228488,-19.691849,89.240215,-19.644711,89.305778,-19.451567,89.383068,-19.211286,89.460357,-18.971004,89.522044,-18.723048,89.611853,-18.291662,89.701662,-17.860275,89.771506,-17.509141,89.791471,-17.428889,89.903256,-16.866899,89.941067,-15.983036,89.940572,-15.80246,89.958898,-15.374069,89.958403,-15.193494,89.976729,-14.765102,89.976234,-14.584525,89.99456,-14.156134,89.993779,-13.871157,89.953884,-13.545066,89.934085,-13.436316,89.933936,-13.382021,89.818027,-12.745371,89.500433,-11.151939,89.497042,-11.141952,89.497007,-11.141776,88.858055,-9.259776,88.857837,-9.259334,88.857653,-9.258792,88.425717,-8.382937,88.00163,-7.522832,87.946285,-7.430332,87.931958,-7.40889,87.927674,-7.400926,86.942355,-5.926308,86.935686,-5.91788,86.929872,-5.909179,86.848864,-5.806804,86.837887,-5.794287,86.827153,-5.780722,85.657782,-4.447296,85.649776,-4.439493,85.642591,-4.4313,85.549103,-4.340184,85.536924,-4.329504,85.524835,-4.317721,84.191407,-3.148349,84.182096,-3.141364,84.173596,-3.13391,84.069161,-3.055566,84.05601,-3.046779,84.042891,-3.036937,82.568274,-2.051596,82.557791,-2.045666,82.54801,-2.03913,82.434414,-1.974868,82.420598,-1.968054,82.406731,-1.96021,80.816145,-1.17581,80.804554,-1.171101,80.793633,-1.165715,80.672694,-1.116579,80.658498,-1.11176,80.644158,-1.105934,78.964717,-0.535847,78.952197,-0.532556,78.940255,-0.528502,78.813982,-0.495307,78.799686,-0.492463,78.785146,-0.488641,77.045687,-0.142632,77.032404,-0.14092,77.019631,-0.138379,76.890191,-0.121694,76.876087,-0.12077,76.861613,-0.118904,75.091874,-0.002931,75.078023,-0.00294,75.064605,-0.002061,74.934069,-0.002148,74.920358,-0.003046,74.906241,-0.003056,73.136503,-0.119029,73.122344,-0.120873,73.108483,-0.121781,72.979028,-0.138638,72.96598,-0.141233,72.952406,-0.143001,71.212947,-0.48901,71.198672,-0.492783,71.184677,-0.495567,71.058487,-0.528921,71.046297,-0.533059,71.033494,-0.536443,69.354055,-1.10653,69.340002,-1.112262,69.326049,-1.116998,69.205177,-1.166297,69.193992,-1.171813,69.182164,-1.176637,67.591576,-1.961037,67.577974,-1.968754,67.564396,-1.97545,67.450851,-2.039869,67.440862,-2.046544,67.430106,-2.052646,65.95549,-3.037987,65.942612,-3.047676,65.9297,-3.056304,65.825396,-3.13478,65.816669,-3.142434,65.807161,-3.149587,64.473733,-4.318959,64.461888,-4.330532,64.449889,-4.341055,64.356515,-4.432287,64.349157,-4.440678,64.340946,-4.4487,63.171575,-5.782125,63.161022,-5.795499,63.150242,-5.807791,63.069384,-5.910261,63.063414,-5.919196,63.056588,-5.927846,62.071251,-7.402464,62.062278,-7.417458,62.052953,-7.431414,61.985915,-7.543438,61.981347,-7.5527,61.975918,-7.561773,61.191515,-9.152357,61.184359,-9.168806,61.176759,-9.184217,61.124687,-9.303911,61.121506,-9.313282,61.117464,-9.322573,60.547377,-11.002014,60.542267,-11.019684,60.53661,-11.03635,60.500348,-11.161746,60.4985,-11.171038,60.49581,-11.180339,60.149798,-12.919797,60.146932,-12.938426,60.143417,-12.956098,60.123568,-13.08513,60.122977,-13.094156,60.121571,-13.103293,60.005601,-14.873033,60.005142,-14.892338,60.003938,-14.910718,60.000839,-15.041216,60.001402,-15.049809,60.001193,-15.058612,60.117162,-16.828352,60.119239,-16.848041,60.120468,-16.866803,60.134158,-16.99661,60.135754,-17.004633,60.136631,-17.012949,60.482644,-18.752407,60.487343,-18.772126,60.49109,-18.790961,60.521351,-18.91794,60.523842,-18.925277,60.525678,-18.932983,61.095765,-20.612424,61.103128,-20.631821,61.109428,-20.650379,61.155743,-20.772381,61.158979,-20.778942,61.161628,-20.785921,61.946031,-22.376505,61.95604,-22.395195,61.964899,-22.413159,62.026543,-22.528268,62.030376,-22.534005,62.033694,-22.5402,63.019031,-24.014817,63.031656,-24.032482,63.042974,-24.04942,63.118859,-24.155598,63.123113,-24.160449,63.126946,-24.165812,64.296316,-25.49924,64.311472,-25.51553,64.325132,-25.531106,64.414072,-25.626699,64.418599,-25.630669,64.422798,-25.635182,65.756227,-26.804551,65.773741,-26.81908,65.78958,-26.83297,65.89005,-26.916315,65.894703,-26.919424,65.899104,-26.923075,67.37372,-27.908412,67.39336,-27.920825,67.411201,-27.932746,67.521566,-28.002499,67.526224,-28.004796,67.53067,-28.007606,69.121257,-28.792009,69.142763,-28.801996,69.162348,-28.811655,69.280718,-28.866627,69.285222,-28.868156,69.289589,-28.870184,70.969029,-29.440271,70.992182,-29.447584,71.013156,-29.454704,71.137629,-29.494021,71.141854,-29.494861,71.146041,-29.496184,72.8855,-29.842196,72.909938,-29.846568,72.93198,-29.850953,73.060475,-29.873943,73.064362,-29.874198,73.068231,-29.87489,74.837969,-29.99086,74.863359,-29.992085,74.886061,-29.993573,75.016438,-29.999865]}