{"Index":-1,"Tolerance":2.586791E-05,"Coordinates":[222.954878,-63.701654,223.222848,-63.688907,224.383815,-63.584403,224.89041,-63.497085,227.646949,-62.78854,228.317183,-62.519642,228.494985,-62.490828,228.506961,-62.487152,228.524693,-62.484944,228.661981,-62.445109,228.715783,-62.438409,228.853083,-62.398571,228.906893,-62.39187,229.044186,-62.352034,229.097995,-62.345333,229.235296,-62.305495,229.28911,-62.298793,229.426396,-62.258959,229.480202,-62.252258,229.617492,-62.212423,229.67129,-62.205723,229.80859,-62.165885,229.8624,-62.159184,229.999694,-62.119348,230.053501,-62.112647,230.190791,-62.072812,230.244608,-62.06611,230.381899,-62.026274,230.43571,-62.019573,230.772304,-61.921908,230.918956,-61.890881,231.108541,-61.833667,232.516291,-61.702466,232.53236,-61.700436,233.057899,-61.902832,235.566167,-61.846473,236.700545,-61.35,252.163722,-61.35,252.367325,-61.353073,252.385662,-61.353297,252.728248,-61.356489,253.884874,-61.369216,253.892302,-61.369289,256.497628,-61.391863,256.678239,-61.38829,257.001915,-61.372667,257.455813,-61.352128,258.019106,-61.35,277.623184,-61.35,281.342928,-57.630256,281.342928,-17.601341,277.623184,-13.881597,232.402748,-13.881597,232.308612,-13.975733,232.234503,-13.971904,231.653618,-13.873163,231.62708,-13.868767,230.789396,-13.733667,230.201251,-13.526781,229.947168,-13.479808,229.823649,-13.438536,229.777772,-13.423594,228.361081,-12.974047,228.014557,-12.885214,225.881325,-12.464698,225.831274,-12.455248,224.701628,-12.251334,224.579204,-12.228686,224.270171,-12.18708,222.681328,-12.052129,222.670679,-12.051242,221.73196,-11.974692,220.755321,-12.045656,219.689729,-12.291156,219.258487,-12.423345,218.340678,-12.777683,217.905836,-12.984657,217.077587,-13.458933,216.802594,-13.635786,216.263605,-14.023023,215.720381,-14.517609,215.109018,-15.219367,214.834022,-15.585167,214.158735,-16.632724,213.829161,-17.307215,213.582093,-18.013693,213.454932,-18.495641,213.154381,-20.151858,213.113308,-20.4675,212.96204,-22.371448,212.954488,-22.498921,212.926571,-23.213202,212.924157,-23.344884,212.929577,-25.588713,212.934582,-25.759434,213.018762,-27.255576,213.057429,-27.602149,213.241548,-28.701011,213.26983,-28.848354,213.451234,-29.686027,213.707958,-30.421588,214.318999,-31.660074,214.65685,-32.200597,215.285081,-33.011855,216.035427,-33.711753,217.446389,-34.655218,218.428512,-35.094249,219.831013,-35.454405,220.601463,-35.554478,221.641406,-35.561725,222.371528,-35.482147,222.654238,-35.417711,222.76672,-35.415206,222.783875,-35.411729,222.945355,-35.408133,222.962505,-35.404657,223.123987,-35.401061,223.141137,-35.397585,223.302619,-35.393989,223.319769,-35.390513,223.430186,-35.388054,223.820468,-35.445513,224.15881,-35.53429,224.55222,-35.642261,224.628439,-35.662166,225.069604,-35.771549,225.29502,-35.8395,225.642108,-35.923178,226.249544,-36.03394,226.321288,-36.046174,227.103284,-36.170318,227.297471,-36.176991,227.393753,-36.188507,228.683004,-36.313936,228.683004,-44.402352,228.53344,-44.439921,228.405357,-44.52739,228.325375,-44.547481,228.251376,-44.593713,228.156866,-44.617453,228.082854,-44.663693,227.988344,-44.687433,227.914345,-44.733665,227.819835,-44.757405,227.745829,-44.803641,227.651319,-44.827381,227.577313,-44.873617,227.482803,-44.897357,227.408797,-44.943593,227.314287,-44.967333,227.240275,-45.013573,227.145765,-45.037313,227.071766,-45.083545,226.977256,-45.107285,226.90325,-45.153521,226.808745,-45.17726,226.803729,-45.180394,226.657266,-45.19389,226.586032,-45.231127,226.467718,-45.242685,226.398207,-45.279266,226.277934,-45.291691,226.217348,-45.32379,226.100139,-45.336245,226.048304,-45.363805,225.93566,-45.375775,225.883826,-45.403334,225.771183,-45.415304,225.719346,-45.442865,225.606701,-45.454835,225.554866,-45.482395,225.442222,-45.494365,225.390387,-45.521924,225.277749,-45.533894,225.225909,-45.561456,225.113261,-45.573427,225.061429,-45.600985,224.948787,-45.612955,224.89695,-45.640516,224.784305,-45.652486,224.73247,-45.680046,224.621039,-45.691887,224.569152,-45.71945,224.45721,-45.731345,224.405273,-45.758921,224.293314,-45.770819,224.241364,-45.79839,224.129402,-45.810288,224.077429,-45.83786,223.965537,-45.84975,223.913531,-45.877327,223.801667,-45.889214,223.749612,-45.916804,223.63776,-45.928691,223.585704,-45.95627,223.473874,-45.968154,223.212658,-46.106485,222.817569,-46.177201,222.753765,-46.214069,222.400913,-46.280106,222.395864,-46.283153,222.348482,-46.274048,221.766375,-46.216933,220.592597,-46.210172,219.388,-46.437718,218.383921,-46.83778,217.896697,-47.098897,217.219796,-47.383641,216.034331,-48.244088,214.981379,-49.461027,214.46401,-50.285772,214.039738,-51.269368,213.988097,-51.396584,213.726751,-52.082587,213.545413,-52.799935,213.378026,-54.068294,213.35657,-54.291231,213.32578,-54.798047,213.355999,-55.46908,213.43904,-56.015981,213.524866,-56.606053,213.617507,-57.033728,213.950537,-58.18233,214.227918,-58.846769,214.842424,-59.948619,215.355129,-60.632705,216.59823,-61.89537,217.540253,-62.557142,218.789876,-63.132666,219.347544,-63.329031,220.488666,-63.614967,221.280286,-63.710512]}