{"Inners":[{"Index":-1,"Tolerance":7.489000000000001E-06,"Coordinates":[14.425971,-42.478,13.291099,-42.3027,12.190629,-41.95346,11.858595,-41.789059,10.51441,-40.987511,10.227939,-40.786018,9.400901,-39.989898,8.704803,-39.076801,8.156272,-38.068228,7.768096,-36.9874,7.549451,-35.859844,7.505508,-34.712944,7.637199,-33.572101,7.941383,-32.464947,8.366638,-31.516338,8.410964,-31.417461,8.44923,-31.358368,9.035357,-30.453235,9.799489,-29.595888,10.685096,-28.865501,11.672124,-28.278779,12.737098,-27.849498,13.855155,-27.587894,15.0,-27.5,16.144844,-27.587894,17.262901,-27.849498,18.32792,-28.278801,19.314903,-28.865501,20.200517,-29.595894,20.431384,-29.854924,20.964614,-30.453201,21.588798,-31.417098,22.058604,-32.465087,22.3628,-33.572101,22.494491,-34.712966,22.491685,-34.786198,22.450546,-35.859847,22.231933,-36.987212,21.843779,-38.068074,21.770331,-38.20313,21.295201,-39.076793,20.599241,-39.989865,19.771802,-40.786199,18.832603,-41.4468,18.428113,-41.647076,17.803598,-41.956293,16.709013,-42.302661,16.461684,-42.340872,15.574051,-42.478]}],"Index":-1,"Tolerance":1.5000882500000001E-05,"Coordinates":[16.681945,-49.891001,17.196125,-49.853629,17.208561,-49.851155,17.22721,-49.8487,17.703466,-49.746392,18.815034,-49.508081,18.843819,-49.499873,18.983557,-49.454443,20.50235,-48.972961,21.782163,-48.378445,21.79855,-48.368587,21.81162,-48.362522,21.89999,-48.314751,22.299315,-48.097884,22.797698,-47.79806,23.403667,-47.406553,23.457643,-47.370486,23.484463,-47.354352,23.53296,-47.321947,23.550862,-47.308199,23.566462,-47.297775,23.876762,-47.079711,24.411286,-46.670768,24.799635,-46.352288,24.831949,-46.324358,24.859381,-46.303291,24.905309,-46.263014,24.922619,-46.245989,24.934087,-46.236077,25.279419,-45.912843,25.838045,-45.363419,26.0707,-45.118187,26.080494,-45.107187,26.102693,-45.085353,26.164832,-45.012457,26.177517,-44.998209,26.431056,-44.700146,26.724182,-44.356276,26.727239,-44.35195,26.731409,-44.347048,26.799509,-44.259671,27.447453,-43.342827,27.752081,-42.90379,27.790159,-42.84891,27.799744,-42.83435,27.828238,-42.794031,27.842152,-42.769932,27.883564,-42.707026,27.988494,-42.503693,28.009903,-42.460311,28.760071,-41.014872,28.763513,-41.004732,28.764098,-41.003605,28.852043,-40.757526,29.228813,-39.748404,29.239328,-39.713285,29.239486,-39.712863,29.488746,-38.882462,29.575634,-38.475633,29.709955,-37.910971,29.714671,-37.879937,29.716592,-37.871862,29.72323,-37.832752,29.816149,-37.285216,29.87724,-36.874291,29.949476,-35.847034,30.001823,-35.108107,30.001636,-35.105259,30.001748,-35.103671,30.000027,-35.001637,29.976073,-34.538452,29.968545,-34.13774,29.907616,-33.3438,29.90642,-33.335048,29.906142,-33.33142,29.871617,-33.04211,29.767984,-32.477616,29.732114,-32.217633,29.458163,-30.94604,29.015745,-29.723901,28.858265,-29.259974,28.655985,-28.849761,28.399015,-28.260749,27.991458,-27.501784,27.990943,-27.501013,27.990924,-27.500978,27.6058,-26.904288,27.465577,-26.675772,27.231681,-25.853142,26.648347,-25.546568,26.359324,-25.216995,25.63111,-24.41626,25.630355,-24.415597,25.630104,-24.415322,25.291634,-24.117957,24.734194,-23.587781,24.709589,-23.567878,24.709458,-23.567753,24.13137,-23.0998,23.642306,-22.768511,23.615959,-22.748575,23.556831,-22.710611,23.478577,-22.657602,22.518129,-22.021722,22.222544,-21.852987,22.216363,-21.849939,22.210672,-21.846285,21.674136,-21.581707,21.65406,-21.572654,21.635812,-21.563655,21.329214,-21.419241,20.531483,-21.059496,20.422843,-21.016656,20.415945,-21.014314,20.409263,-21.011301,19.842822,-20.819011,19.822279,-20.812783,19.803406,-20.806376,19.527498,-20.717929,18.667582,-20.45722,18.575761,-20.434179,18.56918,-20.43287,18.562643,-20.430888,17.975925,-20.314179,17.954162,-20.310532,17.93415,-20.306551,17.641724,-20.253159,16.755724,-20.104674,16.669267,-20.09457,16.663134,-20.094168,16.656916,-20.093126,16.059984,-20.054008,16.037224,-20.053151,16.016487,-20.051792,15.712008,-20.036278,14.814353,-20.002475,14.734964,-20.003534,14.729362,-20.003901,14.723622,-20.003685,14.12669,-20.042803,14.103384,-20.044922,14.082184,-20.046311,13.770636,-20.070871,12.875962,-20.152206,12.804917,-20.162428,12.799942,-20.163418,12.794768,-20.163888,12.208049,-20.280597,12.184487,-20.285843,12.163306,-20.290056,11.826543,-20.361513,10.973232,-20.55149,10.911453,-20.568762,10.907155,-20.570221,10.902627,-20.571229,10.336153,-20.763519,10.312798,-20.771975,10.29198,-20.779042,9.98277,-20.887702,9.14195,-21.192145,9.086117,-21.215659,9.082528,-21.217429,9.078689,-21.218819,8.542186,-21.483398,8.519409,-21.495133,8.499419,-21.504991,8.200053,-21.656142,7.40132,-22.067655,7.359121,-22.09248,7.35624,-22.094405,7.353092,-22.096027,6.855705,-22.42838,6.833802,-22.443497,6.815198,-22.455928,6.531654,-22.648764,5.792657,-23.158799,5.760182,-23.184072,5.758,-23.185986,5.755542,-23.187682,5.305779,-23.58211,5.285336,-23.600496,5.268339,-23.615401,5.134988,-23.73419,4.32647,-24.461325,4.316337,-24.471576,4.314763,-24.473371,4.311168,-24.476604,3.91674,-24.926369,3.879209,-24.970032,3.864448,-24.986864,3.78263,-25.081028,3.058465,-25.922829,3.048461,-25.936172,3.047437,-25.937704,3.044997,-25.940543,2.712642,-26.437931,2.679082,-26.488969,2.666991,-26.507064,2.597243,-26.612261,1.98169,-27.548687,1.979078,-27.553244,1.9785,-27.554415,1.977772,-27.555523,1.713195,-28.092027,1.698539,-28.122115,1.689747,-28.139943,1.455272,-28.619103,1.13111,-29.285688,1.129623,-29.290061,1.127618,-29.294177,0.935328,-29.86065,0.907142,-29.944306,0.904065,-29.953355,0.511161,-31.117719,0.245276,-32.45137,0.130461,-33.025968,0.130325,-33.027951,0.129997,-33.029598,0.045528,-34.267199,0.044517,-34.282623,0.039197,-34.360415,7.9E-05,-34.957348,0.000189,-34.959081,0.000131,-34.959964,1E-05,-34.994103,0.079758,-36.217496,0.086701,-36.32339,0.086889,-36.326351,0.126007,-36.923283,0.12605,-36.923506,0.12679,-36.934799,0.340298,-38.049834,0.353621,-38.11692,0.37006,-38.20313,0.486769,-38.789848,0.48801,-38.793632,0.488388,-38.795537,0.490762,-38.805023,0.83015,-39.840177,0.878452,-39.985257,0.88597,-40.007435,0.903461,-40.060785,1.095751,-40.627259,1.096845,-40.629552,1.09764,-40.631897,1.105199,-40.650452,1.584736,-41.654763,1.649972,-41.789447,1.659948,-41.809676,1.671717,-41.834341,1.936295,-42.370845,1.937962,-42.373426,1.939303,-42.376145,1.960359,-42.413244,2.447692,-43.167716,2.635036,-43.453254,2.647486,-43.471887,2.661799,-43.494045,2.994154,-43.991433,2.996508,-43.994218,2.998485,-43.997176,3.028803,-44.037382,3.608785,-44.723409,3.826487,-44.976571,3.841068,-44.993198,3.857587,-45.012737,4.252015,-45.462502,4.255123,-45.465343,4.257817,-45.468415,4.301549,-45.512659,4.961631,-46.116031,5.204625,-46.333881,5.221074,-46.348306,5.239339,-46.365002,5.689102,-46.759429,5.692986,-46.762157,5.696468,-46.76521,5.748028,-46.805674,6.463428,-47.308044,6.745835,-47.502099,6.763706,-47.51404,6.783373,-47.527851,7.28076,-47.860204,7.284958,-47.862341,7.289757,-47.865547,7.356882,-47.905048,7.980952,-48.227583,8.901329,-48.681496,8.902941,-48.682304,9.340386,-48.898031,11.328897,-49.559914,13.049674,-49.872889,13.350965,-49.929261,13.352011,-49.929303,13.364182,-49.931724,14.891766,-49.992841,15.001996,-50.000064,15.126366,-50.004066,15.127671,-50.003971,15.131773,-50.00424]}