{"Index":-1,"Tolerance":2.9191898E-05,"Coordinates":[75.598789,-86.342081,77.787271,-86.167079,78.150652,-86.116778,79.179396,-85.913265,79.23377,-85.902013,80.520904,-85.623909,80.866774,-85.528454,81.863459,-85.191766,81.917589,-85.172935,83.181559,-84.720378,83.517234,-84.57797,84.462626,-84.111181,84.505476,-84.089619,85.670063,-83.492552,85.984563,-83.307785,86.841786,-82.735566,86.879792,-82.709796,87.973476,-81.956643,88.266382,-81.728611,89.130141,-80.971125,89.173736,-80.932178,89.410465,-80.716737,93.402033,-82.142335,93.603562,-82.206827,94.515184,-82.465413,94.552584,-82.475775,96.414855,-82.979505,96.92974,-83.074143,97.650649,-83.146023,97.810402,-83.157891,99.15345,-83.223655,99.291323,-83.227407,101.179443,-83.237769,101.462297,-83.270902,103.665819,-83.310764,103.693903,-83.309555,104.426869,-83.330217,104.990158,-83.240032,105.65638,-83.247486,107.639002,-82.603192,109.660795,-81.099134,110.674421,-79.840774,111.200191,-78.679042,111.382537,-78.161245,111.857866,-76.316627,111.945039,-75.814991,112.022948,-74.969805,112.03622,-74.64834,112.009577,-71.812112,111.991821,-68.996011,111.989069,-53.082665,111.989069,-53.082119,111.987444,-48.370522,111.985309,-48.255187,111.954819,-47.42423,111.93304,-45.593798,111.930446,-39.38411,111.980763,-36.378926,111.981184,-36.337901,111.990502,-33.898568,111.990525,-33.886197,111.988959,-13.44657,111.988857,-13.421318,111.970345,-11.116069,111.970107,-11.095073,111.931914,-8.487026,111.91739,-8.226606,111.815703,-7.179202,111.813148,-7.153935,111.656603,-5.66537,111.554664,-5.134786,111.286481,-4.183725,111.160671,-3.82242,110.611351,-2.505971,110.036213,-1.597248,108.822911,-0.250238,107.675496,0.563621,105.597221,1.43326,104.19307,1.6783,103.560194,1.646147,103.552005,1.647123,102.523163,1.614374,102.520476,1.614287,100.907325,1.561571,100.887427,1.560858,95.920155,1.367342,95.782599,1.358991,95.082732,1.301232,94.723419,1.250793,92.150863,0.738438,92.096208,0.727052,91.205875,0.533397,90.47443,0.277917,90.08896,0.087945,89.751859,0.420319,89.676377,0.492337,88.975962,1.138952,88.821719,1.272432,88.248295,1.737316,88.11193,1.841884,86.825517,2.774164,86.625851,2.907649,85.964688,3.314362,85.817297,3.399668,84.439914,4.148293,84.22277,4.255794,83.510213,4.575323,83.385584,4.628049,82.583156,4.947549,82.504683,4.977597,81.80011,5.236751,81.617083,5.297826,80.882251,5.518464,80.72146,5.562178,79.215834,5.929376,78.928613,5.985548,77.542446,6.190871,77.385675,6.210121,76.500788,6.296501,76.259269,6.310818,74.78811,6.341886,74.617613,6.340909,73.735683,6.312163,73.533965,6.299152,72.610019,6.209953,72.441709,6.189155,70.998133,5.971491,70.711578,5.9147,69.260838,5.557147,69.105584,5.514682,68.331655,5.281759,68.139556,5.217191,67.278778,4.896957,67.165237,4.852214,66.391748,4.530101,66.292365,4.486708,65.682142,4.207766,65.514647,4.125164,64.739024,3.713873,64.604878,3.638521,63.400545,2.923094,63.18349,2.781877,62.39728,2.223467,62.275999,2.132901,61.19075,1.281472,60.992391,1.112248,60.310816,0.480652,60.236843,0.409852,59.621709,-0.198198,59.518589,-0.30501,59.06983,-0.792131,58.968071,-0.908123,58.43435,-1.547163,58.367447,-1.630056,57.835712,-2.311968,57.744675,-2.434694,57.371578,-2.963814,57.286662,-3.090604,56.872974,-3.741592,56.830139,-3.810948,56.406275,-4.517382,56.339535,-4.634151,56.047623,-5.170958,55.960131,-5.344274,55.599362,-6.116759,55.568658,-6.184565,55.208644,-7.005072,55.153786,-7.138227,54.938868,-7.695438,54.874598,-7.878544,54.623894,-8.669342,54.603871,-8.734952,54.341272,-9.629944,54.303394,-9.770965,54.162035,-10.350088,54.120023,-10.549873,53.961166,-11.447739,53.950014,-11.514968,53.814708,-12.388625,53.79495,-12.540257,53.732176,-13.13311,53.717607,-13.327536,53.67595,-14.271761,53.672997,-14.382734,53.661076,-15.689081,53.672356,-15.987102,53.75816,-16.996642,53.769058,-17.103439,53.923475,-18.39932,53.972274,-18.69185,54.171779,-19.618807,54.185981,-19.681684,54.41707,-20.658538,54.469776,-20.853453,54.643719,-21.424071,54.692736,-21.571789,54.971684,-22.348237,55.004838,-22.436389,55.492415,-23.676652,55.623186,-23.965943,56.064813,-24.825665,56.090076,-24.873825,56.601834,-25.82944,56.760952,-26.09467,57.464681,-27.147844,57.54035,-27.25614,58.346343,-28.360025,58.554225,-28.615753,59.235095,-29.369796,59.288523,-29.427513,60.19653,-30.384353,60.436725,-30.612387,61.225754,-31.286866,61.284727,-31.336055,62.311166,-32.171372,62.602615,-32.382296,64.371874,-33.515881,64.679094,-33.689451,65.767562,-34.226983,65.834561,-34.2591,66.882026,-34.746237,67.199008,-34.873408,68.355896,-35.266781,68.454175,-35.298426,69.770126,-35.69865,70.12198,-35.784098,70.746639,-35.898563,71.040906,-36.60342,71.581903,-37.473181,73.124449,-39.241181,74.003063,-39.946504,74.542938,-40.241058,75.158224,-40.615903,74.296822,-41.213008,72.802278,-42.773402,72.538649,-43.086789,71.960586,-43.8715,71.957556,-43.871843,71.789844,-43.895375,71.214732,-43.991772,71.031094,-44.028147,69.404321,-44.400525,69.190512,-44.457372,68.528048,-44.658458,68.370869,-44.710682,67.45939,-45.040165,67.349125,-45.082357,66.240384,-45.530417,65.978582,-45.650291,64.995669,-46.155434,64.932843,-46.188615,64.22748,-46.571307,64.089289,-46.650836,63.596596,-46.951093,63.434455,-47.056813,62.596333,-47.640446,62.507681,-47.704474,61.510977,-48.450785,61.278018,-48.643169,60.446517,-49.399147,60.366433,-49.474531,59.479935,-50.33845,59.272442,-50.561005,58.567921,-51.393243,58.502074,-51.47366,57.714571,-52.468184,57.534115,-52.720472,56.947712,-53.63119,56.912658,-53.68689,56.425619,-54.478887,56.316958,-54.670124,56.044696,-55.190456,55.97609,-55.329762,55.250576,-56.898584,55.155546,-57.127032,54.938625,-57.711746,54.884571,-57.87013,54.372453,-59.510897,54.321283,-59.693924,54.215911,-60.119555,54.176432,-60.30181,54.003365,-61.231976,53.993293,-61.288989,53.828074,-62.276811,53.803381,-62.45551,53.748363,-62.958693,53.732309,-63.171464,53.654409,-65.038104,53.652424,-65.24079,53.663092,-65.722833,53.672658,-65.90867,53.749167,-66.854307,53.756871,-66.936285,53.89537,-68.229803,53.947435,-68.555374,54.16104,-69.555159,54.178652,-69.632813,54.488928,-70.925513,54.583026,-71.243432,54.923872,-72.207089,54.940641,-72.253355,55.322378,-73.281642,55.451413,-73.581135,56.005287,-74.704262,56.044641,-74.781393,56.565864,-75.769439,56.734296,-76.052189,57.42999,-77.093337,57.477216,-77.162044,58.122129,-78.074396,58.327833,-78.335307,59.163219,-79.287895,59.237057,-79.36921,60.136399,-80.325851,60.381072,-80.559785,61.194521,-81.258499,61.250559,-81.305522,62.247478,-82.12268,62.522725,-82.324585,63.42622,-82.915416,63.485771,-82.95342,64.582927,-83.636536,64.902962,-83.811161,66.821909,-84.719476,67.100803,-84.835596,67.630699,-85.0272,67.739622,-85.064368,69.486999,-85.625475,69.838605,-85.716578,71.102416,-85.96796,71.166238,-85.979978,72.242514,-86.171262,72.590699,-86.213483,73.85247,-86.296185,73.938665,-86.300659,75.223914,-86.349866]}