{"Inners":[{"Index":-1,"Tolerance":1.1296570000000017E-06,"Coordinates":[14.913514,-36.128,14.777452,-36.106983,14.131334,-35.721035,14.050247,-35.61467,13.967663,-35.462826,13.909162,-35.299937,13.876133,-35.129602,13.869515,-34.956875,13.88942,-34.784437,13.935283,-34.617508,14.005962,-34.459845,14.100307,-34.314151,14.215682,-34.184702,14.349052,-34.074708,14.498002,-33.986167,14.658735,-33.921377,14.827241,-33.88195,15.0,-33.868686,15.172758,-33.88195,15.341259,-33.921376,15.502017,-33.986176,15.650943,-34.074704,15.784321,-34.184705,15.899674,-34.314129,15.993803,-34.459487,16.064748,-34.617742,16.110591,-34.784568,16.130485,-34.956918,16.123869,-35.129577,16.09086,-35.299799,16.032327,-35.46279,15.949559,-35.614987,15.844599,-35.752691,15.719795,-35.872803,15.578119,-35.972453,15.422956,-36.049279,15.257921,-36.101503,15.086413,-36.128]}],"Index":-1,"Tolerance":2.7352468E-05,"Coordinates":[23.201222,-67.226306,23.23693,-67.225091,25.262752,-67.14475,25.460748,-67.13069,28.418454,-66.827503,28.689433,-66.787858,29.742052,-66.587171,30.143573,-66.483065,33.244828,-65.458809,33.697745,-65.269307,34.854876,-64.676347,35.848249,-64.204238,35.975907,-64.140007,37.537747,-63.309612,38.10159,-62.927295,39.418859,-61.810946,40.021813,-61.488179,40.098155,-61.442839,40.791138,-61.074933,41.043399,-60.925698,42.637611,-59.880397,43.00693,-59.597543,43.812426,-58.881301,45.144139,-57.879223,45.518619,-57.548291,47.267111,-55.739301,47.512482,-55.453289,48.331432,-54.375428,49.97655,-52.338473,50.291433,-51.868549,50.899708,-50.758632,51.630793,-49.456268,51.835314,-49.016313,52.587215,-47.011314,52.71599,-46.575374,53.126702,-44.700676,53.373941,-43.628407,53.446226,-43.153188,53.642583,-40.550086,53.636687,-40.003225,53.529581,-38.900838,53.524237,-38.577811,53.487245,-38.144039,53.188495,-36.214456,53.126839,-35.913379,52.906309,-35.051093,52.880534,-34.956427,52.572032,-33.888743,52.489795,-33.642383,52.123801,-32.679031,52.054227,-32.510623,51.472345,-31.209241,51.411775,-31.081487,50.950143,-30.161312,50.770387,-29.848647,49.794807,-28.35488,49.549918,-27.905936,49.29271,-27.508109,48.231921,-26.108362,48.211988,-26.08234,47.27416,-24.871031,46.905211,-24.470612,45.85402,-23.509653,45.55558,-23.222224,45.334354,-22.926964,44.732753,-22.316189,42.984375,-20.964405,42.796158,-20.829551,41.960191,-20.275565,41.326721,-19.816587,40.958076,-19.586195,40.856265,-19.531871,40.788629,-19.487091,40.286009,-19.183946,40.274566,-19.177077,38.656236,-18.210269,36.540198,-16.712039,36.524432,-16.700948,33.463094,-14.561196,32.755596,-14.18899,31.512387,-13.723072,31.170068,-13.616385,31.003213,-13.574549,30.696562,-13.449326,30.26549,-13.341242,29.958845,-13.216021,29.527754,-13.107932,29.221115,-12.982714,28.131707,-12.709563,27.613675,-12.624347,26.675658,-12.548757,26.169592,-12.548374,23.565741,-12.754235,22.080389,-13.253802,20.382873,-14.341837,20.361022,-14.335212,20.059078,-14.259603,18.818648,-14.01286,18.694325,-13.99069,17.360697,-13.780146,17.007574,-13.744465,14.979464,-13.653496,14.740381,-13.651781,14.246991,-13.666819,14.073604,-13.676856,12.159068,-13.840311,11.807856,-13.890169,10.549942,-14.14106,10.480989,-14.15561,9.425608,-14.390575,9.094782,-14.483258,7.894364,-14.89074,7.800301,-14.924329,6.572559,-15.384637,6.24409,-15.529443,4.349713,-16.495859,4.028289,-16.684359,2.975905,-17.38756,2.920685,-17.425305,1.914681,-18.128613,1.616143,-18.365177,-0.057671,-19.863291,-0.338693,-20.148685,-1.874036,-21.918323,-2.12515,-22.249171,-3.447601,-24.2508,-3.65301,-24.61071,-4.67564,-26.709584,-4.829863,-27.085384,-5.570654,-29.280435,-5.676004,-29.674433,-6.13644,-31.980515,-6.190954,-32.391916,-6.349866,-34.781312,-6.350112,-35.199432,-6.196559,-37.549959,-6.14479,-37.94991,-5.703104,-40.219454,-5.598881,-40.616333,-4.856202,-42.84693,-4.705525,-43.219168,-3.73544,-45.238496,-3.551083,-45.569978,-2.889113,-46.608966,-2.851306,-46.666904,-2.151491,-47.714217,-1.936057,-48.000301,-1.221451,-48.845567,-1.183,-48.890202,-0.693313,-49.448091,-0.739111,-50.287833,-0.733474,-50.717278,-0.676447,-51.422084,-0.593132,-51.931792,0.160677,-54.96851,0.193942,-55.091852,0.505075,-56.15957,1.375521,-57.592104,3.329676,-59.458111,3.365429,-59.491727,4.768098,-60.790275,4.834342,-60.849897,5.52138,-61.451021,6.131203,-61.87036,11.649379,-64.785159,12.038807,-64.958535,12.577254,-65.156156,12.704109,-65.199697,16.093679,-66.283657,16.431187,-66.371495,17.412754,-66.570162,17.500417,-66.586627,18.40172,-66.742833,18.434626,-66.748358,20.931575,-67.154129,21.179775,-67.184491,21.898585,-67.243821,22.250137,-67.25331]}