{"Index":-1,"Tolerance":2.5788919E-05,"Coordinates":[223.451998,-63.580665,223.719974,-63.567918,224.286059,-63.516961,224.792649,-63.429645,225.923926,-63.13886,226.661962,-62.842761,227.095875,-62.75671,227.22589,-62.726553,227.55045,-62.681348,227.861667,-62.593462,228.494985,-62.490828,228.506961,-62.487152,228.524693,-62.484944,228.661981,-62.445109,228.715783,-62.438409,228.853083,-62.398571,228.906893,-62.39187,229.044186,-62.352034,229.097995,-62.345333,229.235296,-62.305495,229.28911,-62.298793,229.426396,-62.258959,229.480202,-62.252258,229.617492,-62.212423,229.67129,-62.205723,229.80859,-62.165885,229.8624,-62.159184,229.999694,-62.119348,230.053501,-62.112647,230.190791,-62.072812,230.244608,-62.06611,230.381899,-62.026274,230.43571,-62.019573,230.772304,-61.921908,230.918956,-61.890881,231.108541,-61.833667,232.516291,-61.702466,232.53236,-61.700436,233.057899,-61.902832,235.566167,-61.846473,236.700545,-61.35,252.429098,-61.35,252.766444,-61.354925,252.85055,-61.355039,253.245741,-61.350339,256.287816,-61.376697,256.468433,-61.373124,256.856501,-61.354393,258.019112,-61.35,277.623184,-61.35,281.342928,-57.630256,281.342928,-17.601341,277.623184,-13.881597,232.402748,-13.881597,232.308612,-13.975733,232.234503,-13.971904,231.653618,-13.873163,231.627078,-13.868767,230.650584,-13.71128,230.203919,-13.559213,230.071096,-13.517221,229.975852,-13.489392,229.823662,-13.438541,229.777776,-13.423595,228.361081,-12.974047,228.014557,-12.885214,225.881629,-12.464758,225.832187,-12.455418,224.909728,-12.288718,224.792695,-12.267067,224.483655,-12.22546,222.75184,-12.078364,222.741198,-12.077478,221.952089,-12.013126,220.975437,-12.084092,220.033697,-12.301059,219.602464,-12.433246,218.636713,-12.806091,218.201868,-13.013066,217.3262,-13.514496,217.051201,-13.691354,216.5458,-14.054462,216.002581,-14.549044,215.459629,-15.172278,215.184638,-15.538071,214.617642,-16.417635,214.288057,-17.092153,213.869117,-18.290115,213.741964,-18.772041,213.489685,-20.162246,213.448612,-20.477887,213.297211,-22.383499,213.295961,-22.399765,213.278429,-22.635789,213.272288,-22.742934,213.26347,-22.961397,213.260916,-23.103353,213.262135,-23.382102,213.267891,-25.765287,213.272896,-25.936009,213.347225,-27.25706,213.385891,-27.603627,213.549778,-28.581749,213.578062,-28.729103,213.802165,-29.763933,214.058886,-30.499484,214.599975,-31.596193,214.937837,-32.136729,215.610116,-33.00486,216.36045,-33.704745,217.691346,-34.594674,218.664951,-35.031486,220.01542,-35.382192,220.794297,-35.484437,221.636166,-35.490309,222.054703,-35.444693,222.198501,-35.442972,222.247967,-35.432946,222.409456,-35.42935,222.426608,-35.425873,222.588081,-35.422278,222.605231,-35.418802,222.76672,-35.415206,222.783875,-35.411729,222.945355,-35.408133,222.962505,-35.404657,223.123987,-35.401061,223.128217,-35.400204,223.190758,-35.417485,223.587633,-35.411234,223.820469,-35.445513,224.15881,-35.53429,224.55222,-35.642261,224.628439,-35.662166,225.069604,-35.771549,225.29502,-35.8395,225.642108,-35.923178,226.249544,-36.03394,226.321288,-36.046174,227.103284,-36.170318,227.297471,-36.176991,227.393753,-36.188507,228.683004,-36.313936,228.683004,-44.402352,228.53344,-44.439921,228.405357,-44.52739,228.325375,-44.547481,228.251376,-44.593713,228.156866,-44.617453,228.082854,-44.663693,227.988344,-44.687433,227.914345,-44.733665,227.819835,-44.757405,227.745829,-44.803641,227.651319,-44.827381,227.577313,-44.873617,227.482803,-44.897357,227.408797,-44.943593,227.314287,-44.967333,227.240275,-45.013573,227.145765,-45.037313,227.071766,-45.083545,226.977256,-45.107285,226.90325,-45.153521,226.808745,-45.17726,226.803729,-45.180394,226.657266,-45.19389,226.586032,-45.231127,226.467718,-45.242685,226.398207,-45.279266,226.277934,-45.291691,226.217348,-45.32379,226.100139,-45.336245,226.048304,-45.363805,225.93566,-45.375775,225.883826,-45.403334,225.771183,-45.415304,225.719346,-45.442865,225.606701,-45.454835,225.554866,-45.482395,225.442222,-45.494365,225.390387,-45.521924,225.277749,-45.533894,225.225909,-45.561456,225.113261,-45.573427,225.061429,-45.600985,224.948787,-45.612955,224.89695,-45.640516,224.784305,-45.652486,224.73247,-45.680046,224.621039,-45.691887,224.569152,-45.71945,224.45721,-45.731345,224.405273,-45.758921,224.293314,-45.770819,224.241364,-45.79839,224.129402,-45.810288,224.077429,-45.83786,223.965537,-45.84975,223.913531,-45.877327,223.801667,-45.889214,223.749612,-45.916804,223.63776,-45.928691,223.585704,-45.95627,223.473874,-45.968154,223.212658,-46.106485,222.817569,-46.177201,222.753765,-46.214069,222.400913,-46.280106,222.270839,-46.358605,222.141982,-46.388984,221.491395,-46.316831,220.304576,-46.42073,219.34458,-46.658462,217.598791,-47.392843,216.413325,-48.253293,215.276876,-49.566738,214.759512,-50.391474,214.426901,-51.162569,214.375256,-51.289792,214.071138,-52.088069,213.8898,-52.805416,213.737332,-53.960726,213.715877,-54.183649,213.68028,-54.769532,213.7105,-55.440589,213.840663,-56.297816,213.899978,-56.705637,213.992623,-57.133331,214.246053,-58.007391,214.523433,-58.671824,215.214116,-59.910262,215.726818,-60.594344,216.871819,-61.757367,217.813844,-62.419142,219.209861,-63.062089,219.767534,-63.258454,220.713229,-63.49542,221.504842,-63.590964]}