{"Index":-1,"Tolerance":2.4029677499999996E-05,"Coordinates":[235.566167,-61.846473,236.700545,-61.35,254.640175,-61.35,254.959759,-61.355119,255.010603,-61.355526,256.232059,-61.355529,256.246274,-61.355497,257.474695,-61.35,277.623184,-61.35,281.342928,-57.630256,281.342928,-17.601341,277.623184,-13.881597,232.402748,-13.881597,232.308612,-13.975733,232.254884,-13.972957,232.090408,-13.941785,231.796357,-13.900186,231.254224,-13.849196,230.727387,-13.843477,230.584117,-13.85382,229.741818,-13.844954,228.982775,-13.928469,228.512141,-14.038514,227.815711,-14.141521,226.719465,-14.515475,225.854564,-14.999999,225.751545,-15.060282,225.183484,-15.407188,224.733446,-15.739679,224.182282,-16.227354,223.964529,-16.439441,223.501603,-16.935643,223.277505,-17.251072,222.973497,-17.617398,222.502279,-18.383822,222.007978,-19.521724,221.874028,-19.891024,221.768487,-20.249782,221.746836,-20.326965,221.504197,-21.235903,221.417137,-21.6954,221.242242,-23.227896,221.222318,-23.528251,221.203282,-24.538376,221.182581,-25.202814,221.181236,-25.336901,221.186878,-25.845807,221.187401,-25.878116,221.218696,-27.34961,221.232689,-27.587416,221.256273,-27.831591,221.262339,-27.888953,221.487289,-29.845817,221.730699,-30.753093,222.361915,-32.206287,222.704711,-32.806965,223.503756,-33.908905,224.331084,-34.700828,225.55749,-35.510775,226.681073,-35.976215,227.464029,-36.136385,227.568868,-36.156003,228.573092,-36.326518,228.683004,-36.327068,228.683004,-44.402352,228.53344,-44.439921,228.405357,-44.52739,228.325375,-44.547481,228.251376,-44.593713,228.156866,-44.617453,228.082854,-44.663693,227.988344,-44.687433,227.914345,-44.733665,227.819835,-44.757405,227.745829,-44.803641,227.651319,-44.827381,227.577313,-44.873617,227.482803,-44.897357,227.408797,-44.943593,227.314287,-44.967333,227.240275,-45.013573,227.145765,-45.037313,227.071766,-45.083545,226.977256,-45.107285,226.90325,-45.153521,226.840149,-45.169372,226.758171,-45.178081,226.649511,-45.235851,226.622332,-45.240614,226.514087,-45.302895,226.487688,-45.309423,226.350034,-45.395072,224.585206,-46.333367,224.000888,-47.028041,223.29264,-47.70658,222.455925,-49.04107,222.059487,-50.264997,221.89922,-50.723312,221.724169,-51.620476,221.672066,-52.683098,221.627351,-53.273997,221.713965,-54.291404,221.826699,-54.741563,222.076268,-55.888172,222.397378,-56.745756,223.058585,-57.949681,223.284526,-58.303485,223.958787,-59.219743,224.845963,-60.040642,225.844033,-60.661996,225.986537,-60.745648,226.745443,-61.164981,227.751589,-61.517819,228.875156,-61.710417,229.151047,-61.765134,229.618308,-61.822278,230.233612,-61.851583,230.577024,-61.849359,231.873416,-61.770771,231.975974,-61.752967,232.517835,-61.702288,232.532389,-61.700447,233.057899,-61.902832]}