{"Index":-1,"Tolerance":2.6245491499999998E-05,"Coordinates":[221.81524,-64.208874,221.920499,-64.202025,223.299511,-64.089255,223.730694,-64.023981,227.898721,-63.096774,227.907963,-63.094704,230.457298,-62.5196,230.771637,-62.454442,234.275546,-61.88654,235.368249,-61.933099,235.942211,-61.681896,236.566631,-61.630012,236.617306,-61.625393,238.093111,-61.478917,240.240732,-61.365753,240.872751,-61.35,250.21341,-61.35,250.814607,-61.355601,252.392072,-61.37296,252.41763,-61.373139,252.86159,-61.37445,253.10975,-61.376909,253.120905,-61.377,256.608762,-61.399297,256.772981,-61.396099,257.768213,-61.350948,258.0191,-61.35,277.623184,-61.35,281.342928,-57.630256,281.342928,-17.601341,277.623184,-13.881597,233.47893,-13.881597,231.077763,-13.469933,229.086549,-13.110047,228.376612,-12.9788,228.365705,-12.975327,228.016126,-12.885523,225.880751,-12.464585,225.829548,-12.454927,223.642564,-12.060984,223.508493,-12.036183,223.192805,-11.99402,220.63737,-11.782388,219.656668,-11.853028,217.969848,-12.241654,217.538616,-12.37384,216.860527,-12.635628,216.425671,-12.842608,215.834482,-13.181141,215.5595,-13.357988,214.852577,-13.865877,214.309352,-14.360463,213.041478,-15.815801,212.369579,-17.061278,211.72,-19.383244,211.61908,-19.914793,211.497092,-21.101031,211.48571,-21.242876,211.396588,-22.78686,211.393604,-22.849203,211.353278,-23.909892,211.352078,-24.113854,211.40899,-26.282658,211.409237,-26.291608,211.436526,-27.230563,211.51731,-27.856466,211.67242,-28.525971,211.684834,-28.57759,212.018373,-29.915128,212.239938,-30.527968,212.810983,-31.711778,213.164159,-32.281518,213.891426,-33.217852,214.598431,-33.886435,215.803797,-34.71912,216.591831,-35.115314,217.827703,-35.534736,218.06521,-35.605138,218.855417,-35.806208,219.619023,-35.904539,220.914677,-35.913569,221.138709,-35.925456,221.368303,-35.929326,221.950051,-35.918094,222.303046,-35.891556,223.931064,-35.67744,224.073112,-35.664256,224.452966,-35.615701,224.586875,-35.651371,224.640032,-35.66504,225.069606,-35.771549,225.311582,-35.844492,225.692793,-35.934204,227.046016,-36.165763,227.283944,-36.175373,227.393753,-36.188507,228.683004,-36.313936,228.683004,-44.457485,228.240829,-44.601669,228.036317,-44.75195,227.25778,-45.075237,227.154929,-45.117945,226.768627,-45.214979,226.622332,-45.240614,226.514087,-45.302895,226.487688,-45.309423,226.325484,-45.410348,226.281792,-45.420849,225.093239,-45.657957,224.000958,-45.498512,223.662433,-45.467474,221.706303,-45.393288,221.472346,-45.393038,220.208377,-45.438271,219.930594,-45.460444,219.013805,-45.574271,218.231153,-45.774599,216.810951,-46.337956,216.174317,-46.678523,215.216782,-47.340369,215.054083,-47.460662,214.149765,-48.174932,213.228203,-49.339402,212.766997,-50.327584,212.72106,-50.43076,212.209701,-51.636534,211.984027,-52.464112,211.801756,-53.84392,211.658757,-54.868942,211.736845,-56.140476,212.122094,-57.581201,212.145712,-57.664916,212.646836,-59.352327,213.435055,-60.691068,214.614093,-61.893514,214.912302,-62.16152,215.951491,-62.983109,217.069271,-63.553704,218.771168,-64.033877,219.075974,-64.10388,219.769645,-64.227608,220.482933,-64.273371]}