{"Index":-1,"Tolerance":3.0466188999999996E-05,"Coordinates":[75.598789,-86.342081,77.787271,-86.167079,78.150652,-86.116778,79.179396,-85.913265,79.23377,-85.902013,80.520904,-85.623909,80.866774,-85.528454,81.863459,-85.191766,81.917589,-85.172935,83.194333,-84.715804,83.554332,-84.56126,85.654554,-83.50187,86.009682,-83.292816,87.950017,-81.974108,88.259049,-81.735042,89.130141,-80.971125,89.173736,-80.932178,89.410465,-80.716737,93.402033,-82.142335,93.603562,-82.206827,94.515184,-82.465413,94.552584,-82.475775,96.414855,-82.979505,96.92974,-83.074143,97.650649,-83.146023,97.810402,-83.157891,99.15345,-83.223655,99.291323,-83.227407,101.179443,-83.237769,101.462297,-83.270902,105.45375,-83.343108,105.464513,-83.342334,106.123351,-83.360908,106.146104,-83.357265,106.547493,-83.36858,106.570243,-83.364938,106.971617,-83.376252,108.224736,-83.175621,108.719792,-83.055019,109.776833,-82.705717,110.651035,-82.257751,112.067919,-81.229176,113.06376,-80.048971,113.7395,-78.681234,113.986581,-77.990362,114.501459,-75.771836,114.583919,-75.042498,114.573679,-71.481674,114.573629,-71.470784,114.565911,-70.246724,114.565248,-66.415096,114.565248,-66.414491,114.560483,-53.308595,114.560492,-51.606646,114.561092,-47.654241,114.562903,-37.964718,114.562903,-37.964161,114.563049,-25.462394,114.563049,-25.461628,114.561464,-18.5568,114.561054,-13.337546,114.560952,-13.312299,114.524881,-8.820637,114.524643,-8.799641,114.517431,-8.307148,114.502907,-8.04673,114.308342,-6.042646,114.305787,-6.017377,114.27107,-5.68726,114.169132,-5.156679,113.759935,-3.705531,113.634128,-3.344231,113.352127,-2.66841,112.776988,-1.759681,111.196282,-0.004775,110.048869,0.809084,108.462893,1.472728,107.141741,1.720525,106.683755,1.708848,106.670491,1.711336,106.195609,1.699229,106.148667,1.707776,105.512746,1.684849,103.660296,1.648733,103.621451,1.647738,100.911775,1.561724,100.88891,1.560916,95.920155,1.367342,95.782599,1.358991,95.082732,1.301232,94.723419,1.250793,92.150863,0.738438,92.096208,0.727052,91.205875,0.533397,90.47443,0.277917,90.08896,0.087945,89.751859,0.420319,89.676377,0.492337,88.975962,1.138952,88.821719,1.272432,88.248295,1.737316,88.11193,1.841884,86.825517,2.774164,86.625851,2.907649,85.964688,3.314362,85.817297,3.399668,84.439914,4.148293,84.22277,4.255794,83.493032,4.583027,83.333324,4.649481,81.865767,5.213742,81.639297,5.291156,80.882251,5.518464,80.72146,5.562178,79.215834,5.929376,78.928613,5.985548,77.542446,6.190871,77.385675,6.210121,76.500788,6.296501,76.259269,6.310818,74.78811,6.341886,74.617613,6.340909,73.735683,6.312163,73.533965,6.299152,72.610019,6.209953,72.441709,6.189155,70.998133,5.971491,70.711578,5.9147,69.260838,5.557147,69.105584,5.514682,68.331655,5.281759,68.139556,5.217191,67.257431,4.889015,67.101953,4.826455,65.767439,4.248106,65.542438,4.139901,64.739024,3.713873,64.604878,3.638521,63.400545,2.923094,63.18349,2.781877,62.39728,2.223467,62.275999,2.132901,61.19075,1.281472,60.992391,1.112248,60.310816,0.480652,60.236843,0.409852,59.621709,-0.198198,59.518589,-0.30501,59.06983,-0.792131,58.968071,-0.908123,58.43435,-1.547163,58.367447,-1.630056,57.835712,-2.311968,57.744675,-2.434694,57.359304,-2.981221,57.251774,-3.144129,56.435815,-4.467011,56.348834,-4.61705,56.038327,-5.188054,55.934571,-5.396756,55.229498,-6.956034,55.160178,-7.121653,54.93218,-7.712778,54.856878,-7.931402,54.354004,-9.584537,54.307122,-9.755693,54.157999,-10.366622,54.110233,-10.599975,53.821911,-12.337949,53.796747,-12.523289,53.732176,-13.13311,53.717607,-13.327536,53.67595,-14.271761,53.672997,-14.382734,53.661076,-15.689081,53.672356,-15.987102,53.75816,-16.996642,53.769058,-17.103439,53.925503,-18.416338,53.981702,-18.742379,54.416619,-20.662193,54.506034,-20.979485,54.941877,-22.266247,54.994198,-22.409324,55.497752,-23.690229,55.64199,-24.005447,56.582977,-25.796618,56.75394,-26.084175,57.464681,-27.147844,57.54035,-27.25614,58.346343,-28.360025,58.554225,-28.615753,59.235095,-29.369796,59.288523,-29.427513,60.19653,-30.384353,60.436725,-30.612387,61.225754,-31.286866,61.284727,-31.336055,62.311166,-32.171372,62.602615,-32.382296,64.371874,-33.515881,64.679094,-33.689451,65.767562,-34.226983,65.834561,-34.2591,66.839134,-34.726289,66.960206,-35.054463,67.910579,-37.056103,69.00388,-40.022539,69.266178,-40.567856,69.301679,-40.626605,68.4425,-42.903239,68.348316,-43.194603,67.907853,-44.821241,67.894909,-44.882733,67.45939,-45.040165,67.349125,-45.082357,66.240384,-45.530417,65.978582,-45.650291,64.969565,-46.168849,64.855398,-46.230503,63.724881,-46.871189,63.475805,-47.028019,62.596333,-47.640446,62.507681,-47.704474,61.510977,-48.450785,61.278018,-48.643169,60.446517,-49.399147,60.366433,-49.474531,59.479935,-50.33845,59.272442,-50.561005,58.567921,-51.393243,58.502074,-51.47366,57.705009,-52.48026,57.507976,-52.758564,56.45227,-54.433601,56.32508,-54.654603,56.044696,-55.190456,55.97609,-55.329762,55.250576,-56.898584,55.155546,-57.127032,54.938625,-57.711746,54.884571,-57.87013,54.351134,-59.5792,54.268683,-59.901986,54.015183,-61.167916,53.996876,-61.267573,53.828074,-62.276811,53.803381,-62.45551,53.748363,-62.958693,53.732309,-63.171464,53.651541,-65.106828,53.655577,-65.447067,53.743035,-66.781713,53.754286,-66.912138,53.89537,-68.229803,53.947435,-68.555374,54.16104,-69.555159,54.178652,-69.632813,54.491929,-70.938017,54.594712,-71.280184,55.309056,-73.248974,55.44621,-73.570584,56.005287,-74.704262,56.044641,-74.781393,56.565864,-75.769439,56.734296,-76.052189,57.42999,-77.093337,57.477216,-77.162044,58.122129,-78.074396,58.327833,-78.335307,59.163219,-79.287895,59.237057,-79.36921,60.136399,-80.325851,60.381072,-80.559785,61.194521,-81.258499,61.250559,-81.305522,62.247478,-82.12268,62.522725,-82.324585,63.42622,-82.915416,63.485771,-82.95342,64.582927,-83.636536,64.902962,-83.811161,66.821909,-84.719476,67.100803,-84.835596,67.630699,-85.0272,67.739622,-85.064368,69.486999,-85.625475,69.838605,-85.716578,71.102416,-85.96796,71.166238,-85.979978,72.242514,-86.171262,72.590699,-86.213483,73.85247,-86.296185,73.938665,-86.300659,75.223914,-86.349866]}