{"Index":-1,"Tolerance":2.1349102E-05,"Coordinates":[75.134817,-86.349008,75.331111,-86.347103,76.860064,-86.246888,76.918687,-86.2425,76.919899,-86.242398,76.966403,-86.238917,77.747324,-86.173191,77.755296,-86.172067,77.755709,-86.172032,77.944757,-86.14535,78.100339,-86.12341,78.100673,-86.123344,78.10874,-86.122205,79.611257,-85.823341,79.665874,-85.811978,79.667088,-85.811714,79.713069,-85.802148,80.479043,-85.635754,80.486139,-85.633786,80.486244,-85.633763,80.684133,-85.57887,80.825796,-85.539578,80.825869,-85.539553,80.833015,-85.537571,82.2838,-85.045101,82.333552,-85.027751,82.334772,-85.027314,82.379406,-85.011749,83.113885,-84.748773,83.120108,-84.746136,83.123629,-84.744875,83.458057,-84.603098,84.832185,-83.925437,84.876429,-83.903187,84.878174,-83.902292,84.919821,-83.881357,85.617909,-83.523456,85.751966,-83.444652,85.93901,-83.334716,87.21299,-82.48346,87.25141,-82.457379,87.253366,-82.456031,87.253968,-82.455628,87.292389,-82.429546,87.937836,-81.984473,88.073407,-81.878846,88.23355,-81.754109,89.385633,-80.743771,89.418104,-80.714899,89.421128,-80.712173,89.422875,-80.710641,89.455349,-80.681767,90.037412,-80.157067,90.041792,-80.152628,90.042265,-80.152201,90.178011,-80.014559,90.298481,-79.892454,90.298854,-79.892029,90.303284,-79.887537,91.313253,-78.735872,91.3396,-78.705441,91.343445,-78.700942,91.346203,-78.697798,91.372553,-78.667363,91.880158,-78.073519,91.883323,-78.06934,91.888759,-78.06298,92.044698,-77.8563,93.244789,-77.942524,93.893001,-77.922867,95.246302,-77.742701,95.302237,-77.734747,96.121606,-77.610788,96.697828,-77.467586,98.278268,-76.913821,99.269361,-76.351639,100.649391,-75.201146,100.840667,-75.028046,101.908622,-73.979604,102.789863,-72.420328,103.333692,-70.140847,103.351674,-70.06092,103.6122,-68.828918,103.68087,-68.13154,103.668578,-67.114887,103.707012,-56.327425,103.707029,-56.311401,103.706815,-56.167181,103.707206,-56.057239,103.707223,-56.041212,103.706258,-55.391569,103.705641,-55.377056,103.7055,-55.282154,103.697555,-55.062315,103.652237,-54.423004,103.648433,-54.374599,103.508334,-52.750689,103.371301,-52.06227,103.135694,-51.318859,103.087815,-51.179153,102.592765,-49.837248,102.20146,-49.095302,101.772485,-48.490893,101.494046,-47.963914,100.408083,-46.771517,99.360196,-46.085801,99.119975,-45.943281,97.845166,-45.260874,96.940895,-44.940302,95.161987,-44.598397,94.485466,-44.542063,92.440352,-44.590599,92.221532,-44.603358,91.747943,-44.647413,91.386288,-44.7022,88.685962,-45.27192,88.307135,-45.376686,87.434852,-45.677111,87.029492,-45.848971,85.691612,-46.529082,85.483142,-46.403453,85.465822,-46.393985,85.465755,-46.393945,85.231195,-46.265729,83.857227,-45.588152,83.72567,-45.52697,83.725335,-45.526823,83.692733,-45.511662,82.974677,-45.197483,82.956772,-45.190542,82.956711,-45.190515,82.70442,-45.092704,81.253542,-44.600203,81.117933,-44.557531,81.11764,-44.557446,81.08314,-44.546589,80.330335,-44.328079,80.311885,-44.323575,80.311672,-44.323513,80.09046,-44.269518,80.064726,-44.263236,80.064701,-44.263231,80.046068,-44.258683,78.543473,-43.959788,78.406512,-43.935649,78.4062,-43.935601,78.370164,-43.929249,77.595284,-43.810092,77.54538,-43.804631,77.301908,-43.77798,75.773002,-43.677791,75.637187,-43.671808,75.636806,-43.671799,75.599912,-43.670173,74.816198,-43.652423,74.777844,-43.653245,74.518609,-43.658785,72.989716,-43.758973,72.857315,-43.770436,72.856864,-43.770485,72.819575,-43.773713,72.040347,-43.857639,72.022828,-43.860319,72.022672,-43.860336,71.785366,-43.896648,71.760843,-43.9004,71.743199,-43.9031,70.240688,-44.201979,70.114142,-44.229847,70.113684,-44.229958,70.076698,-44.238103,69.314635,-44.422309,69.298202,-44.427073,69.023402,-44.506746,67.572469,-44.999266,67.45328,-45.042396,67.452844,-45.042564,67.416985,-45.055539,66.685295,-45.336937,66.669925,-45.343666,66.669857,-45.343692,66.405118,-45.459592,65.031056,-46.137215,64.921272,-46.194039,64.920853,-46.194266,64.886455,-46.212071,64.197409,-46.585908,64.183321,-46.594412,64.183234,-46.594459,63.933268,-46.745348,62.65942,-47.596533,62.560458,-47.665412,62.560167,-47.665623,62.5281,-47.687941,61.893483,-48.147767,61.880834,-48.15786,61.880647,-48.157995,61.750561,-48.261802,61.663009,-48.331659,61.662892,-48.331761,61.650167,-48.341916,60.498397,-49.351979,60.411588,-49.430993,60.411258,-49.431304,60.382027,-49.457911,59.812174,-49.996193,59.801268,-50.00751,59.801083,-50.007684,59.651797,-50.162602,59.605299,-50.210849,59.605247,-50.210908,59.594202,-50.22237,58.584052,-51.37424,58.510198,-51.461579,58.509843,-51.462015,58.484175,-51.492369,57.988888,-52.099951,57.921119,-52.191648,57.80093,-52.354249,56.949685,-53.628187,56.889485,-53.72179,56.889213,-53.72223,56.867477,-53.756025,56.45506,-54.422656,56.424333,-54.478098,56.300361,-54.701769,55.622712,-56.075884,55.576529,-56.173698,55.576313,-56.174176,55.558982,-56.210882,55.236409,-56.925325,55.231125,-56.938722,55.231064,-56.938857,55.130306,-57.194337,55.123583,-57.211382,55.118252,-57.224899,54.625797,-58.675642,54.593698,-58.775603,54.593513,-58.776215,54.580977,-58.815253,54.353684,-59.565475,54.350326,-59.578892,54.350299,-59.57898,54.274867,-59.880338,53.975947,-61.383055,53.957645,-61.483471,53.957541,-61.484097,53.950123,-61.524798,53.821971,-62.298168,53.820416,-62.31165,53.820388,-62.311818,53.792176,-62.556467,53.786039,-62.609669,53.786037,-62.609706,53.784464,-62.623343,53.684282,-64.152146,53.67935,-64.251014,53.679327,-64.251685,53.677244,-64.293449,53.650406,-65.076674,53.650614,-65.090017,53.650606,-65.090242,53.653237,-65.258544,53.65533,-65.393033,53.655342,-65.393212,53.65555,-65.406536,53.755717,-66.935136,53.763427,-67.030668,53.763483,-67.031255,53.766874,-67.073279,53.841698,-67.853551,53.843559,-67.86621,53.843575,-67.866378,53.872224,-68.06121,53.888213,-68.169974,53.888231,-68.170067,53.890105,-68.182808,54.189012,-69.685462,54.208437,-69.776169,54.208574,-69.776767,54.217526,-69.818565,54.392906,-70.582779,54.429708,-70.712495,54.484305,-70.904981,54.9768,-72.355837,55.006808,-72.440301,55.007019,-72.44087,55.021418,-72.481401,55.294234,-73.216286,55.336852,-73.315197,55.427905,-73.526546,56.105575,-74.900701,56.144918,-74.977812,56.145285,-74.978508,56.165001,-75.01715,56.530761,-75.710492,56.58908,-75.808387,56.704956,-76.002922,57.556186,-77.276838,57.603446,-77.345592,57.603856,-77.346172,57.628612,-77.382189,58.081156,-78.022398,58.129067,-78.083165,58.293614,-78.291883,59.303909,-79.443918,59.357797,-79.503815,59.358366,-79.504432,59.387763,-79.537109,59.919524,-80.113327,60.034992,-80.225892,60.166933,-80.354543,61.31891,-81.364788,61.377619,-81.415024,61.378381,-81.415661,61.412037,-81.444459,62.013763,-81.946803,62.021884,-81.95288,62.292896,-82.15565,63.566807,-83.006861,63.629004,-83.047376,63.629786,-83.047872,63.667435,-83.072397,64.329215,-83.492538,64.337695,-83.497303,64.635359,-83.664554,66.009411,-84.342179,66.073579,-84.372935,66.07453,-84.373378,66.115239,-84.39289,66.825969,-84.723802,66.965504,-84.779769,67.154219,-84.855482,68.605181,-85.348013,68.66989,-85.369207,68.670887,-85.369522,68.714099,-85.383676,69.461691,-85.619706,69.470303,-85.621915,69.470335,-85.621925,69.807112,-85.708307,71.309753,-86.007194,71.373522,-86.019202,71.374528,-86.019381,71.419837,-86.027912,72.191534,-86.165063,72.20009,-86.166101,72.200238,-86.166127,72.423603,-86.193209,72.539591,-86.207276,72.539669,-86.207281,72.54832,-86.20833,74.077075,-86.308532,74.138832,-86.311976,74.140008,-86.31203,74.18629,-86.31461,74.969463,-86.350627]}