{"Index":-1,"Tolerance":2.7491000999999998E-05,"Coordinates":[75.598789,-86.342081,77.787271,-86.167079,78.150652,-86.116778,79.179396,-85.913265,79.23377,-85.902013,80.520904,-85.623909,80.866774,-85.528454,81.863459,-85.191766,81.917589,-85.172935,83.181559,-84.720378,83.517234,-84.57797,84.462626,-84.111181,84.505476,-84.089619,85.670063,-83.492552,85.984563,-83.307785,86.841786,-82.735566,86.879792,-82.709796,87.973476,-81.956643,88.266382,-81.728611,89.130141,-80.971125,89.173736,-80.932178,89.410465,-80.716737,93.402033,-82.142335,93.603562,-82.206827,94.515184,-82.465413,94.552584,-82.475775,96.414855,-82.979505,96.92974,-83.074143,97.650649,-83.146023,97.810402,-83.157891,99.146837,-83.223331,99.271467,-83.226983,99.830505,-83.232382,99.843812,-83.23529,101.03387,-83.268837,101.180143,-83.245418,101.844257,-83.251833,101.856819,-83.248066,102.262927,-83.252611,104.130272,-82.687944,106.124072,-81.328338,107.248775,-79.989392,107.75127,-78.879108,108.165334,-78.111259,108.549578,-76.677872,108.589089,-75.328065,108.621416,-74.977379,108.634688,-74.655913,108.620724,-73.16934,108.620652,-73.16248,108.569513,-68.736663,108.563247,-65.416765,108.564322,-56.94793,108.564314,-56.939988,108.55236,-51.905469,108.550234,-51.796583,108.526108,-51.139062,108.461115,-47.480973,108.43265,-47.109332,108.163597,-45.130351,108.060976,-43.082922,108.082891,-40.993543,108.078216,-40.784804,108.051415,-40.300344,108.115364,-39.958801,108.162099,-39.59279,108.328203,-37.186188,108.329186,-37.171456,108.55383,-33.680425,108.560041,-33.523173,108.616139,-29.706277,108.616358,-29.631587,108.596679,-27.40245,108.577401,-23.55701,108.571042,-13.609524,108.570751,-13.568578,108.529453,-10.517791,108.52521,-8.238063,108.505205,-7.887945,108.271395,-5.814434,108.150318,-5.233889,107.828573,-4.189832,107.717699,-3.885962,106.946115,-2.065008,106.04273,-0.84761,104.317498,0.590217,102.434612,1.338696,101.643102,1.387789,100.653846,1.550575,99.095864,1.491732,99.088131,1.490314,95.92084,1.367379,95.782826,1.359009,95.082732,1.301232,94.723419,1.250793,92.150863,0.738438,92.096208,0.727052,91.205875,0.533397,90.47443,0.277917,90.08896,0.087945,89.751859,0.420319,89.676377,0.492337,88.975962,1.138952,88.821719,1.272432,88.260286,1.727594,88.148839,1.813918,87.449714,2.331024,87.393758,2.371478,86.778177,2.806405,86.609587,2.917654,85.978325,3.305973,85.858999,3.375841,85.1037,3.796277,85.040073,3.83075,84.385895,4.175609,84.204356,4.264052,83.510213,4.575323,83.385584,4.628049,82.583156,4.947549,82.504683,4.977597,81.80011,5.236751,81.617083,5.297826,80.898619,5.513549,80.771001,5.548984,79.942894,5.760415,79.866127,5.779001,79.149997,5.942982,78.906441,5.988833,77.542446,6.190871,77.385675,6.210121,76.526796,6.293962,76.337548,6.306744,75.63818,6.333033,75.544705,6.335169,74.726232,6.341817,74.596997,6.340237,73.735683,6.312163,73.533965,6.299152,72.627951,6.211685,72.495308,6.196057,71.689021,6.083825,71.605501,6.071065,70.926667,5.958087,70.68804,5.908899,69.260838,5.557147,69.105584,5.514682,68.331655,5.281759,68.139556,5.217191,67.278778,4.896957,67.165237,4.852214,66.391748,4.530101,66.292365,4.486708,65.682142,4.207766,65.514647,4.125164,64.756748,3.723272,64.657235,3.668198,63.943051,3.25606,63.856844,3.204478,63.324311,2.87428,63.158886,2.764402,62.413982,2.235329,62.325106,2.169851,61.673917,1.672402,61.592151,1.607788,61.118134,1.220401,60.969189,1.090748,60.310816,0.480652,60.236843,0.409852,59.621709,-0.198198,59.518589,-0.30501,59.06983,-0.792131,58.968071,-0.908123,58.43435,-1.547163,58.367447,-1.630056,57.835712,-2.311968,57.744675,-2.434694,57.371578,-2.963814,57.286662,-3.090604,56.872974,-3.741592,56.830139,-3.810948,56.406275,-4.517382,56.339535,-4.634151,56.047623,-5.170958,55.960131,-5.344274,55.599362,-6.116759,55.568658,-6.184565,55.208644,-7.005072,55.153786,-7.138227,54.938868,-7.695438,54.874598,-7.878544,54.623894,-8.669342,54.603871,-8.734952,54.341272,-9.629944,54.303394,-9.770965,54.162035,-10.350088,54.120023,-10.549873,53.961166,-11.447739,53.950014,-11.514968,53.814708,-12.388625,53.79495,-12.540257,53.732176,-13.13311,53.717607,-13.327536,53.676769,-14.253196,53.674373,-14.327005,53.655813,-15.217879,53.655782,-15.348648,53.66557,-15.829439,53.676321,-16.033753,53.756585,-16.978113,53.763299,-17.047953,53.862877,-17.976015,53.881981,-18.12205,53.949997,-18.562332,53.98386,-18.745679,54.171779,-19.618807,54.185981,-19.681684,54.41707,-20.658538,54.469776,-20.853453,54.643719,-21.424071,54.692736,-21.571789,54.965812,-22.331893,54.986435,-22.38765,55.329541,-23.289261,55.385119,-23.4257,55.561247,-23.830908,55.648919,-24.016038,56.064813,-24.825665,56.090076,-24.873825,56.568549,-25.767286,56.6519,-25.913483,56.860492,-26.257813,56.958251,-26.40931,57.48922,-27.183016,57.52396,-27.232618,58.111276,-28.054386,58.205174,-28.179163,58.463011,-28.504807,58.595772,-28.661765,59.224609,-29.358184,59.25661,-29.393096,59.943218,-30.131061,60.058225,-30.248429,60.3408,-30.522258,60.487305,-30.655624,61.214404,-31.277164,61.250303,-31.307394,62.025004,-31.950053,62.152553,-32.05047,62.463161,-32.282398,62.632289,-32.400331,63.442482,-32.927036,63.476745,-32.949,64.397317,-33.530813,64.687914,-33.693806,65.767562,-34.226983,65.834561,-34.2591,66.882026,-34.746237,67.199008,-34.873408,68.339802,-35.261309,68.405606,-35.282886,69.450772,-35.613022,69.651915,-35.669353,70.025033,-35.760728,70.208024,-35.799865,72.210707,-36.166846,72.570743,-36.211762,73.625061,-36.282495,73.684539,-36.285926,75.011214,-36.349954,75.370636,-36.346948,76.398662,-36.280081,76.419225,-36.278581,76.437986,-36.30137,77.626281,-37.088913,78.21273,-37.57735,78.842924,-37.986863,80.004324,-38.559431,80.072573,-38.592073,81.905875,-39.442207,82.803812,-39.707261,83.402174,-39.791496,84.448185,-40.204824,83.697024,-40.422302,83.337454,-40.550266,82.86823,-40.749753,82.598382,-40.879823,82.231964,-41.078251,79.866807,-42.195357,79.850004,-42.203354,78.857335,-42.679345,77.913615,-43.368308,77.506228,-43.79978,77.49708,-43.798565,76.779047,-43.727695,76.610195,-43.715564,75.715427,-43.675214,75.648044,-43.672892,74.868213,-43.654306,74.713592,-43.654386,74.083522,-43.670058,73.887778,-43.68098,72.880639,-43.768427,72.798108,-43.776681,71.957556,-43.871843,71.789844,-43.895375,71.214732,-43.991772,71.031094,-44.028147,69.404321,-44.400525,69.190512,-44.457372,68.528048,-44.658458,68.370869,-44.710682,67.45939,-45.040165,67.349125,-45.082357,66.240384,-45.530417,65.978582,-45.650291,64.995669,-46.155434,64.932843,-46.188615,64.22748,-46.571307,64.089289,-46.650836,63.596596,-46.951093,63.434455,-47.056813,62.596333,-47.640446,62.507681,-47.704474,61.510977,-48.450785,61.278018,-48.643169,60.446517,-49.399147,60.366433,-49.474531,59.479935,-50.33845,59.272442,-50.561005,58.57967,-51.379364,58.536565,-51.431397,57.974538,-52.124704,57.888107,-52.236307,57.622436,-52.595569,57.505739,-52.764542,56.947712,-53.63119,56.912658,-53.68689,56.425619,-54.478887,56.316958,-54.670124,56.052003,-55.176492,55.996772,-55.28725,55.644812,-56.0289,55.619481,-56.083612,55.233598,-56.938278,55.15054,-57.140526,54.943594,-57.698353,54.898177,-57.829495,54.641053,-58.62796,54.624615,-58.680566,54.361454,-59.549174,54.318093,-59.706811,54.215911,-60.119555,54.176432,-60.30181,54.003365,-61.231976,53.993293,-61.288989,53.828074,-62.276811,53.803381,-62.45551,53.749725,-62.946233,53.734816,-63.13395,53.68895,-64.05788,53.686907,-64.106576,53.653771,-65.073617,53.652686,-65.252628,53.663092,-65.722833,53.672658,-65.90867,53.747845,-66.837968,53.752227,-66.887326,53.845509,-67.852599,53.864478,-68.008511,53.924028,-68.414032,53.960423,-68.616165,54.157729,-69.539661,54.168097,-69.586458,54.395478,-70.577273,54.436858,-70.738159,54.545528,-71.119079,54.605448,-71.306823,54.923872,-72.207089,54.940641,-72.253355,55.296653,-73.212346,55.363364,-73.377667,55.513157,-73.720796,55.590507,-73.885014,56.028241,-74.749362,56.052512,-74.796313,56.531104,-75.703546,56.619628,-75.860407,56.809805,-76.176127,56.907868,