{"Index":-1,"Tolerance":1.8178054000000016E-05,"Coordinates":[273.183257,-57.630256,273.183257,-17.601341,269.463513,-13.881597,240.546893,-13.881597,236.827149,-17.601341,236.827149,-57.630256,240.546893,-61.35,269.463513,-61.35]}