{"Inners":[{"Index":-1,"Tolerance":1.1296570000000017E-06,"Coordinates":[14.913514,-36.128,14.742193,-36.101537,14.576897,-36.049229,14.42198,-35.972524,14.280202,-35.872801,14.155572,-35.752829,14.050261,-35.614689,13.967663,-35.462816,13.909155,-35.299908,13.876127,-35.129589,13.869513,-34.956932,13.889426,-34.784417,13.935284,-34.617505,14.005971,-34.459825,14.100305,-34.314151,14.215673,-34.184709,14.34905,-34.074709,14.498014,-33.98616,14.658726,-33.921379,14.827241,-33.88195,15.0,-33.868686,15.172758,-33.88195,15.341256,-33.921375,15.502023,-33.986179,15.650945,-34.074704,15.784326,-34.184708,15.89967,-34.314123,15.993799,-34.459481,16.064787,-34.617834,16.11059,-34.784527,16.130484,-34.956868,16.123867,-35.129588,16.090855,-35.299823,16.03229,-35.462908,15.949626,-35.6149,15.844591,-35.752702,15.719799,-35.872802,15.578123,-35.972452,15.422942,-36.049286,15.257829,-36.101535,15.086499,-36.128]}],"Index":-1,"Tolerance":2.1350345E-05,"Coordinates":[15.245453,-56.349198,15.47199,-56.332651,17.584352,-56.194229,17.996616,-56.139955,20.119165,-55.717738,20.165234,-55.708219,20.392492,-55.659501,20.747902,-55.561438,22.691339,-54.9017,22.884318,-54.840524,23.329727,-54.661299,25.334657,-53.672619,25.445823,-53.615048,25.673329,-53.491481,25.922058,-53.341264,27.737168,-52.12841,27.907032,-52.006636,28.091929,-51.864646,28.251591,-51.733564,29.851003,-50.330933,29.983951,-50.207448,30.150272,-50.043869,30.3111,-49.873577,31.742907,-48.240895,31.895491,-48.052908,32.045656,-47.852769,32.145901,-47.711274,33.383728,-45.858866,33.591649,-45.498753,34.510116,-43.636332,34.603708,-43.455986,34.792349,-43.013505,35.568675,-40.726726,35.676306,-40.32507,36.098603,-38.202092,36.106381,-38.161617,36.149581,-37.928682,36.196057,-37.557021,36.333611,-35.457946,36.3493,-35.23983,36.350689,-34.803903,36.194431,-32.419418,36.140159,-32.007167,35.724515,-29.917635,35.675148,-29.663122,35.543463,-29.186293,35.473835,-28.993943,34.804471,-27.022043,34.645406,-26.63801,33.593672,-24.505151,33.385726,-24.144972,32.554238,-22.900606,32.367549,-22.439941,31.496055,-21.477772,30.373327,-20.197527,30.335171,-20.154801,30.18429,-19.988888,29.928556,-19.737726,28.161964,-18.18847,27.832163,-17.935401,26.027766,-16.729706,25.990987,-16.705497,25.794024,-16.577802,25.470772,-16.39415,23.513666,-15.429055,23.414623,-15.38232,23.206045,-15.288263,22.921312,-15.176036,20.888641,-14.486005,20.78923,-14.454071,20.570927,-14.387885,20.268965,-14.31227,18.165016,-13.893758,18.070422,-13.876426,17.845435,-13.838716,17.528011,-13.801809,15.387304,-13.661526,15.299266,-13.656984,15.071368,-13.648394,14.743952,-13.65294,12.603361,-13.793216,12.523567,-13.799456,12.296373,-13.820107,11.964123,-13.868115,9.859993,-14.286663,9.789419,-14.301537,9.566778,-14.351106,9.235974,-14.443785,7.204637,-15.133323,7.144352,-15.154465,6.929852,-15.232125,6.60616,-15.370034,4.682205,-16.318841,4.632408,-16.343945,4.429613,-16.448421,4.119475,-16.631134,2.335782,-17.822996,2.296329,-17.849789,2.108619,-17.979336,1.818391,-18.205521,0.205492,-19.619979,0.175829,-19.646322,0.006196,-19.798876,-0.258069,-20.066463,-1.672495,-21.679327,-1.693108,-21.703068,-1.84179,-21.876035,-2.074175,-22.182007,-3.266056,-23.965725,-3.279034,-23.985304,-3.404381,-24.175931,-3.599264,-24.516372,-4.548133,-26.440466,-4.555016,-26.454511,-4.654911,-26.659615,-4.807119,-27.029653,-5.496644,-29.060942,-5.498954,-29.067772,-5.571732,-29.283781,-5.677008,-29.678456,-6.139306,-32.002376,-6.192975,-32.405546,-6.208549,-32.633196,-6.209158,-32.642291,-6.349997,-34.79148,-6.350001,-35.207084,-6.195382,-37.567384,-6.145931,-37.954915,-6.103287,-38.178551,-6.098472,-38.203269,-5.679938,-40.307325,-5.582875,-40.677295,-5.511815,-40.894056,-5.501305,-40.925558,-4.811705,-42.957068,-4.670601,-43.304065,-4.572361,-43.509958,-4.554402,-43.546978,-3.605639,-45.470858,-3.424967,-45.789489,-3.301193,-45.981119,-3.274038,-46.022451,-2.082203,-47.806099,-1.866798,-48.092148,-1.71955,-48.266324,-1.681998,-48.309936,-0.267455,-49.922931,-0.022304,-50.173185,0.146079,-50.327102,0.194809,-50.370733,1.807704,-51.785188,2.07677,-51.996638,2.263421,-52.127701,2.32399,-52.169193,4.127208,-53.374102,4.456289,-53.566496,4.666285,-53.672912,4.697186,-53.688361,6.647971,-54.650399,7.051539,-54.816044,7.266978,-54.887632,9.301396,-55.578217,9.754507,-55.695638,9.962706,-55.7335,12.051677,-56.149037,12.544892,-56.207598,12.738052,-56.215329,14.806023,-56.350841]}