{"Index":-1,"Tolerance":2.5352307999999996E-05,"Coordinates":[75.594073,-86.342524,75.839344,-86.322102,75.877471,-86.319796,75.921181,-86.31685,76.664522,-86.261592,76.698387,-86.258892,77.775713,-86.167206,77.912494,-86.149487,77.945534,-86.146736,78.023464,-86.135112,78.052345,-86.131371,78.074715,-86.127468,78.353831,-86.085836,78.541246,-86.045291,78.597085,-86.034606,79.226324,-85.903533,79.249386,-85.898639,80.448633,-85.639524,80.646567,-85.589825,80.661526,-85.586588,81.058401,-85.473305,81.345648,-85.370718,81.447392,-85.336048,81.464023,-85.330329,81.900288,-85.178965,81.929826,-85.168553,83.166292,-84.725844,83.253799,-84.689246,83.281885,-84.679215,83.404209,-84.626339,83.472771,-84.597664,83.492457,-84.588193,83.660801,-84.515424,83.929479,-84.377932,83.971941,-84.357503,84.022441,-84.332653,84.494606,-84.095089,84.516095,-84.084175,85.650391,-83.502637,85.730908,-83.456084,85.762726,-83.439802,85.876864,-83.371697,85.927892,-83.342194,85.946457,-83.330171,86.117253,-83.228259,86.402494,-83.031867,86.861012,-82.722552,86.886166,-82.705407,87.940884,-81.979087,88.032366,-81.90968,88.061817,-81.889402,88.130156,-81.835486,88.173555,-81.802559,88.202806,-81.778169,88.385921,-81.6337,88.610846,-81.431209,89.143266,-80.959406,89.164162,-80.940724,89.411871,-80.717282,90.51859,-81.112809,90.530107,-81.1169,90.91911,-81.254238,90.950814,-81.268215,93.135855,-82.039649,93.366776,-82.111413,94.691104,-82.46831,95.240992,-82.565733,96.949313,-82.715527,97.91815,-82.652329,100.510452,-82.07879,103.069463,-79.646323,103.280893,-78.877684,104.117564,-77.119506,104.253278,-74.046768,104.254955,-73.81177,104.189013,-71.604834,104.154326,-69.552332,104.153597,-62.491629,104.153582,-62.482108,104.140744,-58.343105,104.162865,-56.21061,104.163032,-56.182545,104.174554,-48.667613,104.169191,-48.4782,104.068196,-46.743188,104.073319,-46.320091,104.037498,-45.80407,103.917893,-45.016533,103.714602,-44.283186,103.650247,-44.126679,102.890843,-41.445173,101.411701,-39.861685,102.359722,-38.55104,102.930681,-37.169264,103.092241,-36.151793,103.540399,-35.361353,103.960051,-33.79664,103.974619,-32.037601,104.264845,-30.253839,104.303308,-29.607874,104.081699,-24.377773,104.170103,-13.522946,104.197122,-13.069751,104.201053,-12.9846,104.357267,-8.209263,104.33651,-7.728085,104.163143,-6.277111,103.90385,-5.344228,103.626812,-4.729307,103.593678,-4.545973,102.986641,-2.863782,101.861485,-1.354559,101.535271,-1.113772,101.113161,-0.565957,99.423696,0.579004,97.342737,1.170485,96.190437,1.280453,94.959199,1.173508,94.783205,1.153261,92.631737,0.844727,92.409654,0.786481,92.158299,0.750435,91.833737,0.665313,91.453187,0.603494,90.559943,0.318934,90.088881,0.088023,89.752541,0.419647,89.678467,0.490364,89.182269,0.949003,89.169042,0.961895,89.046362,1.075326,88.821386,1.272618,88.633197,1.425351,88.61691,1.437569,88.267147,1.722192,88.151179,1.812187,87.450715,2.330284,87.396793,2.369299,87.009841,2.643148,86.99609,2.653464,86.854754,2.753587,86.606168,2.919692,86.405437,3.0433,86.386988,3.053736,85.985619,3.301625,85.861472,3.374465,85.104833,3.795646,85.043499,3.82891,84.639611,4.042246,84.624584,4.050747,84.46552,4.134875,84.197208,4.267194,83.987948,4.361156,83.95837,4.373173,83.521578,4.570407,83.389419,4.626522,82.586886,4.946063,82.515948,4.973329,82.119436,5.120313,82.091998,5.131461,81.917422,5.196492,81.634204,5.292631,81.42077,5.356823,81.388333,5.36535,80.910249,5.510222,80.774908,5.547986,79.94133,5.760814,79.861413,5.78012,79.478924,5.867294,79.441298,5.877185,79.253453,5.920516,78.960116,5.978866,78.746574,6.013827,78.722992,6.016867,78.379841,6.07372,78.294675,6.086646,77.491822,6.197376,77.359655,6.212791,76.756674,6.270338,76.71729,6.275415,76.518897,6.294683,76.220434,6.31424,76.010669,6.321035,75.985591,6.321018,75.622224,6.333458,75.539385,6.335212,74.72269,6.341846,74.586373,6.340027,74.002393,6.319689,73.964298,6.319663,73.758743,6.312865,73.460372,6.293311,73.257989,6.273524,73.230291,6.269917,72.627232,6.211605,72.495069,6.196024,71.687573,6.083624,71.601168,6.070382,71.262048,6.013621,71.228499,6.009252,71.019003,5.974815,70.72559,5.916451,70.533651,5.87204,70.506867,5.864961,70.119764,5.776073,70.040873,5.756893,69.212679,5.544288,69.07954,5.507002,68.588902,5.358006,68.555376,5.349145,68.346085,5.286045,68.062868,5.189907,67.884327,5.123263,67.856427,5.111884,67.278592,4.896885,67.165176,4.852189,66.397599,4.532538,66.309756,4.494392,66.009703,4.358679,65.989432,4.350411,65.784162,4.258076,65.51601,4.125838,65.353506,4.039763,65.315961,4.018462,64.765479,3.728028,64.660106,3.669854,63.945445,3.257441,63.863941,3.208769,63.583594,3.035615,63.573545,3.029914,63.376165,2.908204,63.12733,2.74193,62.982433,2.639131,62.957325,2.62024,62.41917,2.239102,62.326805,2.171149,61.676302,1.674223,61.599188,1.613404,61.355884,1.415331,61.347223,1.408815,61.162679,1.258819,60.937941,1.061732,60.81245,0.945557,60.789399,0.923034,60.315528,0.485109,60.238381,0.411372,59.636692,-0.183387,59.562331,-0.259395,59.356052,-0.477429,59.348621,-0.48469,59.18033,-0.662299,58.983039,-0.887269,58.877653,-1.013924,58.856909,-1.040213,58.431164,-1.551068,58.366414,-1.631381,57.850247,-2.293327,57.786747,-2.377613,57.611039,-2.619084,57.610057,-2.620329,57.536952,-2.720901,57.504109,-2.766036,57.503468,-2.766965,57.462578,-2.823218,57.296474,-3.071805,57.211928,-3.205422,57.192771,-3.237435,56.870755,-3.745153,56.82942,-3.812147,56.403674,-4.521718,56.332116,-4.64738,56.176699,-4.935362,56.160981,-4.961629,56.037822,-5.187768,55.9055,-5.456083,55.841619,-5.593826,55.833169,-5.61325,55.594777,-6.126801,55.56718,-6.187935,55.20655,-7.009845,55.147956,-7.152732,55.036635,-7.444197,55.025283,-7.470291,54.930172,-7.71639,54.834047,-7.999565,54.790517,-8.138135,54.784434,-8.15917,54.620737,-8.679581,54.602865,-8.738379,54.339747,-9.635143,54.299316,-9.786699,54.227829,-10.083969,54.222046,-10.103968,54.158067,-10.366623,54.099716,-10.659954,54.075614,-10.796663,54.07227,-10.818401,53.960852,-11.449594,53.949918,-11.515588,53.815378,-12.384301,53.796554,-12.52723,53.765644,-12.811662,53.764439,-12.819494,53.734299,-13.09481,53.714739,-13.393318,53.70884,-13.525519,53.70752,-13.581054,53.677075,-14.244918,53.67443,-14.324244,53.655655,-15.225434,53.655968,-15.371315,53.660609,-15.556064,53.660246,-15.571339,53.66615,-15.854477,53.685706,-16.15288,53.689993,-16.203035,53.690022,-16.20346,53.691326,-16.218634,53.696426,-16.278305,53.696589,-16.27985,53.75701,-16.982694,53.763463,-17.049477,53.862361,-17.971205,53.880002,-18.107673,53.91086,-18.311539,53.911017,-18.313027,53.93262,-18.455296,53.94352,-18.527308,53.943736,-18.5285,53.954554,-18.599746,54.012926,-18.893199,54.038417,-19.009841,54.053106,-19.071476,54.173439,-19.626256,54.186567,-19.684159,54.412884,-20.640841,54.45518,-20.80089,54.509669,-20.987267,54.512799,-21.000402,54.594849,-21.285101,54.690999,-21.568354,54.70796,-21.615544,54.708039,-21.615776,54.710502,-21.622619,54.729205,-21.674656,54.729784,-21.676182,54.966863,-22.33476,54.986797,-22.388602,55.332329,-23.296587,55.394194,-23.447393,55.451907,-23.578397,55.455293,-23.587317,55.576098,-23.864898,55.708375,-24.133129,55.757036,-24.227771,55.787052,-24.28382,56.062865,-24.821922,56.089411,-24.872585,56.566246,-25.762985,56.644553,-25.900826,56.721556,-26.028824,56.723455,-26.03237,56.882526,-26.297518,57.048671,-26.546167,57.105467,-26.628338,57.143671,-26.681793,57.495263,-27.19169,57.526009,-27.235485,58.116137,-28.061187,58.220452,-28.19905,58.29142,-28.287719,58.295131,-28.292911,58.491269,-28.540363,58.688463,-28.76522,58.751065,-28.83452,58.810207,-28.898085,59.220392,-29.353556,59.255188,-29.391568,59.949227,-30.137519,60.076943,-30.267135,60.141901,-30.329386,60.145369,-30.333114,60.376576,-30.557616,60.601521,-30.754887,60.667795,-30.811419,60.690542,-30.83029,61.218267,-31.28043,61.2516,-31.308471,62.03405,-31.957557,62.180492,-32.071974,62.240778,-32.116298,62.272397,-32.142528,62.600295,-32.380948,62.80978,-32.51371,62.85242,-32.542202,