{"Index":-1,"Tolerance":2.6554564499999998E-05,"Coordinates":[220.926852,-64.500442,221.223492,-64.497114,221.775022,-64.442645,222.843404,-64.241975,222.863905,-64.238055,223.654326,-64.084207,223.724052,-64.069822,227.673173,-63.208839,227.701474,-63.202534,228.0185,-63.130377,228.045479,-63.124486,228.065716,-63.119998,228.384846,-63.048129,231.742225,-62.327566,234.349289,-61.876744,234.814284,-61.877955,235.391862,-61.757881,238.076766,-61.519473,239.1783,-61.428135,241.827976,-61.358612,243.277323,-61.359604,243.282069,-61.359604,244.321964,-61.358761,244.459345,-61.358855,244.463541,-61.358855,248.965371,-61.355997,249.429519,-61.356506,250.799844,-61.359173,256.606277,-61.399324,256.772154,-61.396137,257.768214,-61.350948,258.0191,-61.35,277.623184,-61.35,281.342928,-57.630256,281.342928,-17.601341,277.623184,-13.881597,234.662177,-13.881597,234.069008,-13.811659,233.918983,-13.79757,233.863379,-13.793677,232.851935,-13.674421,232.431885,-13.610229,230.053066,-13.205717,229.614464,-13.126446,229.582033,-13.120758,227.404129,-12.750414,226.405277,-12.567982,225.880563,-12.464548,225.828983,-12.454822,222.829135,-11.914831,222.519807,-11.858334,222.491775,-11.854106,222.421505,-11.841458,222.121469,-11.8021,222.050321,-11.796197,221.639528,-11.747196,221.525384,-11.735668,219.18931,-11.542292,218.153882,-11.625968,215.782964,-12.215894,214.862821,-12.605931,212.995361,-13.771508,211.789264,-15.119652,210.659884,-17.476403,210.424324,-18.15577,210.17964,-19.246647,210.114171,-19.671081,209.839858,-22.873918,209.829219,-23.067443,209.821593,-23.379928,209.820651,-23.461451,209.82543,-27.196398,209.924347,-27.98022,210.279303,-29.371558,210.408238,-30.284891,211.107634,-31.881053,212.137638,-33.140002,212.692152,-33.950396,214.469075,-35.241183,215.629851,-35.582213,217.001233,-36.099628,218.027257,-36.303777,220.051788,-36.368648,221.326379,-36.436278,221.555973,-36.440148,222.200895,-36.427697,224.964337,-36.527615,224.969311,-36.527791,227.940114,-36.630544,228.683004,-36.680323,228.683004,-44.116193,227.727478,-44.25582,223.8827,-44.465962,223.821337,-44.469912,223.81669,-44.470256,219.585496,-44.615298,219.205095,-44.651323,217.789738,-44.871864,217.522484,-44.925341,216.971163,-45.060497,216.309635,-45.302907,214.337485,-46.285129,213.783534,-46.636532,212.648789,-47.532801,211.727224,-48.697273,210.917136,-50.432971,210.871199,-50.536144,210.650373,-51.056845,210.42768,-51.862621,210.110445,-54.143797,210.096437,-54.260251,210.0405,-54.810892,210.071746,-55.682183,210.672154,-59.119463,211.770606,-61.044625,213.074626,-62.158049,213.543704,-62.786133,215.61226,-64.05847,217.301803,-64.354675,217.683013,-64.486008,218.975596,-64.651421]}