{"Inners":[{"Index":-1,"Tolerance":1.1296570000000017E-06,"Coordinates":[14.913514,-36.128,14.744786,-36.101937,14.691349,-36.084979,14.190149,-35.786109,14.155561,-35.752814,14.050251,-35.614676,13.967664,-35.462824,13.909158,-35.299923,13.876131,-35.1296,13.869514,-34.956898,13.889423,-34.784428,13.935283,-34.617508,14.005967,-34.459834,14.100304,-34.314154,14.215678,-34.184706,14.349052,-34.074708,14.498002,-33.986167,14.658735,-33.921377,14.827241,-33.88195,15.0,-33.868686,15.172758,-33.88195,15.341259,-33.921376,15.502017,-33.986176,15.65094,-34.074702,15.784325,-34.184709,15.899674,-34.314128,15.993803,-34.459488,16.064758,-34.617765,16.110589,-34.784552,16.130484,-34.956904,16.123867,-35.129584,16.090858,-35.299812,16.032319,-35.46282,15.949579,-35.61496,15.844599,-35.752691,15.719792,-35.872806,15.578121,-35.972452,15.422953,-36.049281,15.257881,-36.101516,15.086449,-36.128]}],"Index":-1,"Tolerance":2.1407214499999997E-05,"Coordinates":[24.408676,-61.097854,24.536541,-61.076062,25.705493,-60.852171,26.018265,-60.775652,27.414591,-60.358007,28.793887,-59.525605,30.098715,-58.194565,30.191624,-58.095647,32.56263,-55.460653,33.050704,-54.741076,34.914834,-50.971796,35.030131,-50.709522,35.479994,-49.546446,35.65586,-48.891666,35.912872,-47.254637,35.932566,-47.106536,36.464093,-42.234759,36.370605,-41.046362,35.901437,-39.322223,35.917973,-39.252709,35.968148,-38.994841,35.979632,-38.919271,35.983703,-38.895284,35.983715,-38.895216,36.082089,-38.315535,36.092328,-38.251205,36.176275,-37.68654,36.20298,-37.442276,36.283602,-36.295756,36.351244,-35.340926,36.351625,-35.193296,36.353182,-35.135137,36.351961,-35.062757,36.35236,-34.90804,36.348311,-34.846379,36.348192,-34.839302,36.344406,-34.728859,36.322992,-34.314793,36.315701,-33.926706,36.306951,-33.743361,36.231805,-32.764169,36.221511,-32.667604,36.219361,-32.645654,36.217577,-32.630706,36.211872,-32.577189,36.206497,-32.537855,36.165067,-32.190683,36.135239,-31.993553,36.039098,-31.469869,36.006229,-31.231637,35.964797,-30.996824,35.620541,-29.398895,35.502025,-28.986376,35.008261,-27.622397,34.804473,-27.022048,34.645407,-26.638011,34.416854,-26.174518,34.167541,-25.603058,34.054596,-25.370487,33.513693,-24.3632,33.439801,-24.240167,33.391421,-24.158581,33.382509,-24.144774,33.356569,-24.101582,33.319625,-24.046274,32.98308,-22.86262,31.33974,-20.838597,30.613673,-20.457009,30.209076,-20.012119,30.203538,-20.006676,30.202309,-20.00533,30.112398,-19.917108,29.954965,-19.762389,29.952612,-19.760323,29.576949,-19.430281,29.018133,-18.898797,28.826733,-18.730844,28.736541,-18.657888,28.021634,-18.079182,27.804537,-17.918236,27.31596,-17.587277,27.14962,-17.471201,27.053421,-17.409435,27.025971,-17.39084,26.998051,-17.372142,25.93609,-16.669054,25.757349,-16.559033,25.501294,-16.412864,25.490973,-16.406237,25.360416,-16.332443,25.2871,-16.290591,25.274909,-16.284113,25.17953,-16.230203,24.433445,-15.862291,24.334385,-15.815549,24.332438,-15.814671,24.011298,-15.663408,23.963594,-15.641419,23.072391,-15.239521,22.931866,-15.180169,22.880489,-15.159909,22.880011,-15.159694,22.741128,-15.104955,22.680934,-15.081219,22.680508,-15.081063,22.595355,-15.047501,21.834589,-14.789244,21.735127,-14.757294,21.733257,-14.756727,21.441979,-14.663353,21.393949,-14.648374,20.436253,-14.358021,20.2878,-14.316917,20.25763,-14.309346,20.256158,-14.3089,20.107502,-14.271674,20.045031,-14.255998,20.04377,-14.255715,19.954169,-14.233277,19.167576,-14.076809,19.072883,-14.059461,19.071067,-14.059157,18.759554,-14.00228,18.71406,-13.994315,17.727456,-13.82897,17.571197,-13.806759,17.550673,-13.80436,17.548743,-13.804037,17.391744,-13.785787,17.326118,-13.778117,17.324489,-13.777968,17.2315,-13.767159,16.431176,-13.714713,16.343014,-13.710165,16.340995,-13.710089,16.0141,-13.693433,15.972011,-13.691568,14.972431,-13.653927,14.81058,-13.65196,14.800717,-13.652092,14.798894,-13.652023,14.636344,-13.654285,14.567592,-13.655202,14.56605,-13.655263,14.471666,-13.656576,13.671481,-13.709013,13.591608,-13.715261,13.589753,-13.71543,13.252622,-13.742007,13.214685,-13.745226,12.21846,-13.835793,12.056043,-13.854848,12.053055,-13.855119,11.888476,-13.878895,11.816471,-13.889255,11.814893,-13.889525,11.720624,-13.903144,10.933819,-14.059654,10.863238,-14.074529,10.862332,-14.074731,10.493004,-14.153097,10.462054,-14.159826,9.510294,-14.371721,9.368264,-14.407359,9.355091,-14.410291,9.190777,-14.456323,9.118161,-14.476625,9.116734,-14.477066,9.024202,-14.502989,8.264763,-14.760781,8.204435,-14.781939,8.202612,-14.782599,7.86334,-14.901823,7.835042,-14.911918,6.903655,-15.249154,6.774815,-15.299571,6.751484,-15.308019,6.608278,-15.369034,6.534321,-15.400181,6.522429,-15.405612,6.427861,-15.445904,5.70857,-15.800626,5.658708,-15.825763,5.654733,-15.827811,5.650737,-15.829805,5.326444,-15.993542,5.303319,-16.005337,4.413984,-16.463528,4.31586,-16.517613,4.284721,-16.533657,4.131922,-16.623681,4.06096,-16.665427,4.059321,-16.666456,3.974728,-16.716295,3.307908,-17.161863,3.268398,-17.188695,3.262353,-17.192867,3.254941,-17.197864,2.95165,-17.404129,2.933682,-17.41644,2.110951,-17.984266,2.035632,-18.039496,1.997676,-18.065685,1.85318,-18.178284,1.786657,-18.230054,1.785217,-18.231244,1.707168,-18.292064,1.104002,-18.821022,1.074261,-18.847435,1.067035,-18.853934,1.053808,-18.865624,0.905597,-18.997651,0.894375,-19.007695,0.010924,-19.80222,-0.016817,-19.828682,-0.074771,-19.880801,-0.339052,-20.148403,-0.867857,-20.751399,-0.888513,-20.775189,-0.916139,-20.807329,-0.924133,-20.816487,-1.015864,-20.92206,-1.026121,-20.933924,-1.824847,-21.862397,-1.851002,-21.894947,-1.895903,-21.947191,-1.946258,-22.013497,-1.958249,-22.02842,-2.009193,-22.096368,-2.128121,-22.252968,-2.573663,-22.919747,-2.586644,-22.93933,-2.613775,-22.980592,-2.615961,-22.983863,-2.622268,-22.993337,-2.698631,-23.108511,-2.70555,-23.118993,-3.377794,-24.141661,-3.386423,-24.155703,-3.436601,-24.232073,-3.532597,-24.399839,-3.579011,-24.480815,-3.580078,-24.482817,-3.63086,-24.571566,-3.985359,-25.290413,-3.99217,-25.30431,-4.00342,-25.327406,-4.007525,-25.335729,-4.011823,-25.344477,-4.250155,-25.83152,-4.253577,-25.838535,-4.666156,-26.686935,-4.742753,-26.873169,-4.821053,-27.063509,-5.078839,-27.82293,-5.081143,-27.829742,-5.107601,-27.90827,-5.109064,-27.912571,-5.111436,-27.919576,-5.570847,-29.281032,-5.676337,-29.675806,-5.98163,-31.207124,-6.136506,-31.982212,-6.137304,-31.988182,-6.137542,-31.989378,-6.158656,-32.147965,-6.190668,-32.387514,-6.190794,-32.389348,-6.191376,-32.393721,-6.290024,-33.839069,-6.290595,-33.8476,-6.2913,-33.858345,-6.296314,-33.931669,-6.296917,-33.940676,-6.349708,-34.746258,-6.349934,-34.967159,-6.350336,-35.08057,-6.35006,-35.089551,-6.350127,-35.155424,-6.346058,-35.219525,-6.34363,-35.298414,-6.256755,-36.631149,-6.256676,-36.632346,-6.250103,-36.732599,-6.249731,-36.738369,-6.197417,-37.536674,-6.197359,-37.537124,-6.19677,-37.546114,-6.146865,-37.935987,-5.894351,-39.254729,-5.890185,-39.276089,-5.879467,-39.330054,-5.865191,-39.404921,-5.860376,-39.42964,-5.703863,-40.216462,-5.660248,-40.382668,-5.641666,-40.456916,-5.631738,-40.49131,-5.606682,-40.58679,-5.585771,-40.650552,-5.578619,-40.675327,-5.201558,-41.825385,-5.197004,-41.839169,-5.143682,-41.999325,-5.138185,-42.01569,-5.138093,-42.01596,-5.125363,-42.054791,-5.114877,-42.08622,-4.857073,-42.845692,-4.819723,-42.937546,-4.819032,-42.939399,-4.785376,-43.022015,-4.716009,-43.192606,-4.685938,-43.255635,-4.665193,-43.302571,-4.141735,-44.398867,-4.134041,-44.414866,-4.060025,-44.567676,-4.054535,-44.578909,-4.050449,-44.587473,-4.032503,-44.624466,-3.677842,-45.343637,-3.629267,-45.429305,-3.628695,-45.430385,-3.587168,-45.503553,-3.497205,-45.662214,-3.473611,-45.698744,-3.423006,-45.782242,-2.880173,-46.622638,-2.867784,-46.641668,-2.66691,-46.947827,-2.662507,-46.954476,-2.658778,-46.96025,-2.631685,-47.001485,-2.186232,-47.668131,-2.127192,-47.746542,-2.126015,-47.748198,-2.077678,-47.812299,-1.971013,-47.95396,-1.949712,-47.979162,-1.877574,-48.069477,