{"Inners":[{"Index":-1,"Tolerance":8.792628E-06,"Coordinates":[221.897351,-48.969543,221.701771,-48.978434,219.467832,-48.878901,216.315369,-48.429541,215.835637,-48.368798,213.434091,-47.696423,212.603961,-47.470752,211.271955,-46.822889,210.893112,-46.675087,209.561101,-46.027221,209.182255,-45.879418,208.203716,-45.417044,207.390633,-44.409054,207.326329,-44.201008,207.211395,-44.079108,207.253609,-42.025653,207.138695,-41.903775,207.165213,-41.409696,207.322726,-41.146737,207.485419,-40.346283,207.810829,-39.41402,208.170105,-37.646368,208.495514,-36.714109,208.522739,-36.580161,208.771356,-36.113128,209.978657,-34.916601,210.13886,-34.706064,210.362853,-34.506016,211.290731,-34.096429,214.109945,-32.825944,216.169703,-32.366394,217.544624,-32.120975,217.90343,-32.071824,218.841804,-31.904327,222.14848,-31.640306,223.384856,-31.534562,226.616887,-31.447521,227.189107,-31.446224,230.218756,-31.642967,233.894326,-32.215648,234.484202,-32.34519,235.033004,-32.491766,235.033004,-48.079716,234.664889,-48.180361,233.865716,-48.300427,232.483844,-48.411162,229.080041,-48.871665,227.692343,-48.932179,226.327297,-48.968298,224.990518,-49.03148]},{"Index":-1,"Tolerance":7.489000000000001E-06,"Coordinates":[14.425971,-42.478,13.291099,-42.3027,12.14231,-41.929536,10.227946,-40.786022,9.400901,-39.989898,8.704803,-39.076801,8.156271,-38.068233,7.768096,-36.9874,7.549453,-35.859847,7.505508,-34.712918,7.637199,-33.572101,7.941383,-32.464947,8.410959,-31.417472,9.035354,-30.45324,9.799489,-29.595888,10.685096,-28.865501,11.672124,-28.278779,12.737098,-27.849498,13.855155,-27.587894,15.0,-27.5,16.144844,-27.587894,17.262901,-27.849498,18.32792,-28.278801,19.314903,-28.865501,20.200511,-29.595889,20.964614,-30.453201,21.588798,-31.417098,22.058583,-32.465035,22.3628,-33.572101,22.494491,-34.712991,22.450546,-35.859847,22.231933,-36.987212,21.843801,-38.068005,21.295201,-39.076793,20.599241,-39.989865,19.771804,-40.786197,18.832603,-41.4468,17.803602,-41.956291,16.709066,-42.302644,15.574051,-42.478]}],"Index":-1,"Tolerance":3.9994422E-05,"Coordinates":[77.09827,-79.851905,79.004484,-79.455023,80.869399,-78.803482,82.61076,-77.925108,84.21911,-76.832027,85.742694,-75.468702,87.008698,-73.988365,87.988142,-72.49853,88.671147,-71.153472,88.902226,-72.554541,90.012118,-73.845009,91.365747,-74.672226,95.438186,-76.126708,97.820222,-76.781444,99.395134,-76.877881,106.979639,-77.019673,109.094587,-77.022237,111.994464,-76.640647,114.039308,-76.133856,115.978139,-75.333827,117.764381,-75.214471,121.979643,-75.387406,124.442083,-75.336858,128.058094,-74.706693,136.386504,-74.356764,137.519762,-74.404749,142.155452,-74.428749,147.084304,-73.776571,150.591026,-73.365538,153.378082,-73.371475,155.492725,-72.932428,164.227342,-70.984038,171.802681,-69.204611,175.339257,-68.205711,180.950339,-66.925404,181.113441,-66.875918,182.638321,-66.550147,183.190309,-66.358521,183.924917,-66.159786,185.903147,-65.794517,188.007881,-65.344234,191.427446,-64.867969,192.359432,-64.726298,193.768392,-64.420069,197.687899,-63.513762,202.778649,-62.425154,204.462742,-62.03918,207.605044,-61.320288,208.637001,-61.082488,209.508813,-60.882679,209.705322,-60.836309,226.828261,-56.89057,230.530703,-56.092983,234.434344,-55.47456,238.251142,-55.133221,241.118553,-55.054497,242.4604,-55.055966,242.680453,-55.045776,250.827933,-55.009216,256.567233,-55.048902,258.00703,-55.0,274.992928,-55.0,274.992928,-20.231597,235.033004,-20.231597,235.033004,-20.313044,232.000268,-19.96799,225.173515,-18.792114,211.549482,-16.188738,200.264225,-14.151969,198.9301,-14.023336,198.487977,-13.944105,196.571367,-13.759997,194.724229,-13.448023,191.245716,-12.711713,189.440713,-12.365372,186.629236,-11.808299,182.223537,-10.954736,181.851381,-10.895077,181.165801,-10.831727,179.744548,-10.55335,178.796461,-10.322205,175.741476,-9.754937,174.830974,-9.685775,167.297057,-8.095551,165.772161,-7.82473,160.491551,-7.518497,148.924568,-6.600496,141.806207,-7.004632,138.178375,-7.0823,136.816512,-7.0074,132.342524,-6.35292,130.971904,-6.21777,126.908161,-6.06411,125.633341,-6.063299,120.710492,-5.552041,114.586118,-4.723467,113.437327,-4.599706,108.517194,-4.607784,103.803499,-4.699682,96.236205,-4.975162,95.785813,-5.012332,92.934039,-5.589186,90.503718,-6.786923,89.122397,-7.533361,88.888219,-8.268293,88.855073,-9.253728,88.00163,-7.522832,87.314527,-6.438622,86.179229,-5.00388,84.316081,-3.249424,83.196479,-2.438034,81.514,-1.488746,79.698594,-0.756198,77.853435,-0.274476,76.004254,-0.035212,74.739271,-0.008498,73.30462,-0.102512,72.089323,-0.285756,70.858543,-0.589097,68.407004,-1.528639,66.754965,-2.470154,65.21288,-3.63401,63.792364,-5.03785,62.60514,-6.560779,61.67253,-8.119237,60.89837,-9.890034,60.355125,-11.756699,60.101599,-13.284924,60.012172,-15.597915,60.211322,-17.500728,60.573273,-19.098454,61.344073,-21.205662,62.451691,-23.17473,60.954017,-21.649958,60.651126,-21.450687,57.557684,-22.989825,55.05271,-23.813392,51.69836,-24.578989,42.801581,-25.841871,40.715826,-25.697755,38.072256,-25.055037,37.214811,-24.748471,35.187998,-23.53517,30.152863,-19.994854,26.841969,-18.932744,24.84733,-19.022727,22.576774,-20.530873,23.05111,-22.059149,22.110903,-21.79144,20.531483,-21.059496,18.667582,-20.45722,16.545756,-20.080135,14.814353,-20.002475,12.875962,-20.152206,10.973232,-20.55149,8.969852,-21.267468,7.40132,-22.067655,5.709149,-23.223786,4.32647,-24.461325,3.058465,-25.922829,1.964712,-27.578307,1.121799,-29.308325,0.511161,-31.117719,0.131279,-33.020346,1E-05,-34.994103,0.12679,-36.934799,0.490762,-38.805023,1.105199,-40.650452,1.906215,-42.317846,3.028803,-44.037382,4.301549,-45.512659,5.623781,-46.707471,7.356882,-47.905048,7.357406,-48.128358,5.671326,-49.352707,5.632043,-50.652581,6.367034,-53.578408,9.424254,-56.428371,14.426766,-59.070787,17.861779,-60.182286,19.469648,-60.483256,22.245688,-60.900877,24.911949,-60.803671,27.634706,-60.524568,28.349087,-60.388368,31.020308,-59.50614,34.25599,-57.862724,36.22329,-56.318569,40.862177,-54.441188,44.160455,-55.303694,49.080172,-56.153779,50.444113,-56.530067,52.566093,-57.262332,53.849027,-57.632724,58.192631,-58.328878,60.669557,-57.975885,62.821906,-56.247608,61.892303,-57.711526,61.066027,-59.451686,60.462366,-61.312143,60.072338,-63.542834,60.003112,-65.201618,60.19173,-67.389847,60.624866,-69.282271,61.218655,-70.918803,62.105504,-72.661068,63.211574,-74.27339,64.647013,-75.853099,66.140952,-77.103468,67.784463,-78.149652,69.402118,-78.915354,71.255522,-79.524016,73.181009,-79.888549,75.279509,-79.997342]}