{"Index":-1,"Tolerance":2.40092665E-05,"Coordinates":[235.544233,-61.849793,236.700524,-61.35,277.623184,-61.35,281.342928,-57.630256,281.342928,-17.601341,277.623184,-13.881597,232.402748,-13.881597,230.346857,-15.937488,229.569472,-16.348002,227.978773,-18.230446,227.208491,-20.568584,226.860484,-21.579411,226.718913,-22.166869,226.636595,-22.745186,226.610507,-23.004118,226.580963,-23.500601,226.596199,-24.053191,226.653407,-24.55036,226.657834,-24.586956,227.001594,-27.296957,227.138378,-27.89916,227.587128,-29.250937,227.907775,-29.93354,228.683004,-31.176181,228.683004,-49.1772,228.0738,-49.872584,227.262695,-51.974233,227.217854,-54.578631,227.332659,-55.483572,228.070222,-58.152765,228.148168,-58.238752,228.169331,-58.31534,228.247287,-58.401338,228.268451,-58.47793,228.346402,-58.563923,228.367567,-58.640516,230.395284,-60.877404,233.050881,-61.90013]}