{"Index":-1,"Tolerance":2.1350032E-05,"Coordinates":[75.105348,-86.349288,75.298532,-86.347416,77.050933,-86.232556,77.109571,-86.228167,77.135167,-86.226013,77.182152,-86.222489,77.717479,-86.177434,77.881197,-86.154308,78.0779,-86.126563,79.800239,-85.783975,79.854815,-85.772621,79.880463,-85.767049,79.92711,-85.757337,80.451462,-85.643432,80.620134,-85.596616,80.80472,-85.545424,82.467642,-84.980944,82.51737,-84.963602,82.541886,-84.954824,82.587187,-84.93902,83.088333,-84.759588,83.094808,-84.756844,83.098665,-84.755463,83.43283,-84.61378,85.007584,-83.837178,85.051774,-83.814955,85.053354,-83.814145,85.095337,-83.793038,85.592325,-83.538238,85.59783,-83.535003,85.601019,-83.533368,85.916761,-83.347778,87.376801,-82.372199,87.415214,-82.346124,87.417106,-82.34482,87.455912,-82.318484,87.918539,-81.999474,87.923313,-81.995755,87.923403,-81.995693,88.214627,-81.768821,89.534839,-80.61104,89.56729,-80.582187,89.570408,-80.579377,89.572121,-80.577874,89.604574,-80.549019,90.021571,-80.173118,90.025952,-80.168678,90.026425,-80.168251,90.160763,-80.032037,90.282642,-79.908504,90.283023,-79.90807,90.287442,-79.903589,91.445026,-78.583601,91.471387,-78.553155,91.475312,-78.548564,91.477964,-78.545539,91.504319,-78.515099,91.865834,-78.092166,91.868998,-78.087988,91.874807,-78.081192,92.105463,-77.775889,92.432955,-77.283339,92.617645,-77.006933,92.785676,-77.019006,93.433891,-76.99935,94.112888,-76.908954,94.168821,-76.901,96.675645,-76.521753,97.251866,-76.378552,98.206502,-76.044062,99.197595,-75.481881,99.88555,-74.908353,100.076827,-74.735252,101.843844,-73.000522,102.725086,-71.441245,103.3045,-69.012606,103.390711,-68.340947,103.440585,-65.979602,103.584079,-61.975117,103.586021,-61.885944,103.633306,-55.765568,103.617376,-55.422315,103.496191,-54.220261,103.460079,-53.965755,103.170841,-52.38904,103.026445,-51.862027,102.559689,-50.596818,102.168387,-49.854879,101.380605,-48.744921,100.78266,-48.108834,99.386311,-46.981896,98.889602,-46.652721,97.695576,-46.013556,96.760536,-45.687167,94.816135,-45.332959,94.170107,-45.282316,93.108849,-45.307503,92.890026,-45.320262,90.540943,-45.538789,90.179295,-45.593575,88.568846,-45.93335,88.190013,-46.038118,86.08417,-46.763397,86.063901,-46.750528,86.063577,-46.750333,86.033611,-46.731307,85.552544,-46.441406,85.53524,-46.431947,85.535152,-46.431894,85.300592,-46.303678,83.725846,-45.527087,83.59429,-45.465906,83.593957,-45.46576,83.561355,-45.450599,83.046844,-45.225479,83.02894,-45.218538,83.028876,-45.21851,82.776584,-45.120699,81.11379,-44.556263,80.97834,-44.513637,80.977915,-44.513514,80.943232,-44.5026,80.403832,-44.346033,80.385611,-44.341585,80.385579,-44.341576,80.119764,-44.276685,78.397495,-43.934092,78.260535,-43.909954,78.26025,-43.90991,78.224191,-43.903554,77.66894,-43.818171,77.627636,-43.813651,77.375557,-43.786058,75.623341,-43.671237,75.487696,-43.665257,75.487159,-43.665245,75.450092,-43.663612,74.888612,-43.650894,74.858331,-43.651543,74.591014,-43.657256,72.838771,-43.772079,72.706447,-43.783534,72.705897,-43.783593,72.668552,-43.786827,72.110255,-43.846957,72.092729,-43.849638,72.092573,-43.849655,71.89297,-43.880198,71.830763,-43.889715,71.830715,-43.889725,71.8131,-43.89242,70.091055,-44.234969,69.964578,-44.26282,69.964149,-44.262924,69.926988,-44.271108,69.380999,-44.403086,69.36459,-44.407843,69.089779,-44.487519,67.42687,-45.051994,67.307724,-45.095108,67.307261,-45.095286,67.271332,-45.108287,66.747001,-45.309939,66.700419,-45.330333,66.466975,-45.432526,64.891999,-46.20923,64.782091,-46.266121,64.781756,-46.266303,64.747523,-46.284021,64.253758,-46.551911,64.239692,-46.560401,64.239586,-46.560459,63.989622,-46.711346,62.529597,-47.686933,62.430558,-47.755868,62.430166,-47.756152,62.39827,-47.778352,61.943617,-48.107782,61.931176,-48.117708,61.931033,-48.117812,61.724598,-48.282533,61.713159,-48.291661,61.700373,-48.301863,60.380256,-49.45956,60.293549,-49.538479,60.293142,-49.538864,60.263791,-49.56558,59.85551,-49.951239,59.844637,-49.962521,59.844541,-49.962612,59.666826,-50.147026,59.648541,-50.166001,59.6376,-50.177354,58.479832,-51.497554,58.406011,-51.584854,58.405667,-51.585276,58.379925,-51.615719,58.025034,-52.051072,57.958077,-52.14167,57.837074,-52.305372,56.861466,-53.765428,56.801293,-53.858988,56.800982,-53.859491,56.779242,-53.893293,56.483729,-54.370956,56.442953,-54.44453,56.329024,-54.65008,55.55238,-56.224934,55.506232,-56.32267,55.505973,-56.323243,55.488616,-56.360005,55.257505,-56.871874,55.252224,-56.885264,55.252156,-56.885414,55.156398,-57.128216,55.144674,-57.157945,55.139345,-57.171456,54.574925,-58.834202,54.542822,-58.934178,54.542661,-58.934708,54.53011,-58.973795,54.367249,-59.511351,54.363892,-59.524763,54.363865,-59.524852,54.288433,-59.826209,53.945839,-61.548482,53.927542,-61.648871,53.92743,-61.649548,53.92001,-61.690257,53.828191,-62.244365,53.826636,-62.257847,53.826608,-62.258015,53.798396,-62.502664,53.792259,-62.555866,53.792257,-62.555903,53.790684,-62.56954,53.675863,-64.321735,53.670931,-64.420604,53.670908,-64.421272,53.668825,-64.463038,53.649597,-65.024167,53.649804,-65.0375,53.649796,-65.037745,53.652444,-65.207212,53.654517,-65.340464,53.65453,-65.340657,53.654739,-65.354056,53.769546,-67.106042,53.777252,-67.201544,53.777309,-67.202137,53.780703,-67.244205,53.834315,-67.803276,53.836178,-67.815949,53.836196,-67.816137,53.865884,-68.018028,53.880829,-68.119694,53.880848,-68.119787,53.882724,-68.132548,54.225305,-69.854753,54.244726,-69.945444,54.244882,-69.946124,54.253821,-69.987862,54.37948,-70.535424,54.417509,-70.669465,54.470891,-70.857666,55.035334,-72.520479,55.065326,-72.604901,55.065573,-72.605567,55.079968,-72.646086,55.273336,-73.166962,55.278025,-73.177845,55.280139,-73.18354,55.409163,-73.483002,56.185813,-75.05787,56.225173,-75.135012,56.23603,-75.155593,56.255697,-75.194138,56.507323,-75.671127,56.562293,-75.7634,56.681521,-75.963563,57.657107,-77.423585,57.704319,-77.492272,57.704769,-77.492908,57.729575,-77.528997,58.053815,-77.987697,58.108055,-78.056491,58.266276,-78.257185,59.424171,-79.577528,59.478042,-79.637408,59.47861,-79.638023,59.508095,-79.670797,59.885283,-80.079515,59.892974,-80.087014,59.896782,-80.09114,60.13669,-80.325028,61.456781,-81.482703,61.515447,-81.532903,61.533973,-81.548369,61.567658,-81.577193,61.981405,-81.922604,62.097775,-82.009645,62.260115,-82.131116,63.720277,-83.106775,63.782506,-83.147311,63.802977,-83.160307,63.841074,-83.185115,64.290887,-83.470687,64.299385,-83.475462,64.30358,-83.478125,64.601224,-83.645362,66.176045,-84.421997,66.240219,-84.452756,66.262526,-84.463142,66.303242,-84.482657,66.791164,-84.709832,66.933596,-84.766961,67.119417,-84.841513,68.782349,-85.405997,68.847006,-85.427176,68.848049,-85.427505,68.891321,-85.441679,69.427504,-85.610962,69.587274,-85.651912,69.772312,-85.699378,71.494614,-86.041958,71.558428,-86.053974,71.583383,-86.058409,71.629143,-86.067018,72.157585,-86.160938,72.166156,-86.161978,72.166294,-86.162002,72.379663,-86.187872,72.505645,-86.203151,72.505727,-86.203156,72.514376,-86.204205,74.266574,-86.319053,74.328435,-86.322502,74.329545,-86.322553,74.375688,-86.325126,74.937431,-86.350958]}