{"Inners":[{"Index":-1,"Tolerance":1.1296570000000017E-06,"Coordinates":[14.913514,-36.128,14.745,-36.10197,14.71178,-36.091425,14.174487,-35.771033,14.155561,-35.752814,14.050251,-35.614675,13.967662,-35.462822,13.909159,-35.299928,13.876131,-35.1296,13.869514,-34.956897,13.889423,-34.784428,13.935284,-34.617503,14.005961,-34.459845,14.100305,-34.314153,14.21568,-34.184704,14.349052,-34.074708,14.498002,-33.986167,14.658735,-33.921377,14.827241,-33.88195,15.0,-33.868686,15.172758,-33.88195,15.341259,-33.921376,15.502017,-33.986176,15.650942,-34.074703,15.784323,-34.184706,15.899673,-34.314127,15.993803,-34.459488,16.064758,-34.617766,16.110589,-34.784551,16.130484,-34.956904,16.123867,-35.129584,16.090858,-35.299809,16.032319,-35.462818,15.949578,-35.614963,15.844599,-35.752691,15.719792,-35.872806,15.578122,-35.972452,15.422957,-36.049279,15.25789,-36.101512,15.086436,-36.128]}],"Index":-1,"Tolerance":2.2691675000000003E-05,"Coordinates":[23.25047,-63.391544,24.770448,-63.10042,25.08322,-63.023901,28.401007,-62.031539,28.490928,-62.003182,29.242852,-61.753727,29.839568,-61.484879,30.69865,-60.985807,31.469716,-60.359161,33.978355,-57.568364,34.259687,-57.205851,35.342581,-55.580591,35.522999,-55.273877,37.428122,-51.57569,37.524763,-51.370391,37.758076,-50.825007,37.955863,-50.181927,38.066452,-49.614624,38.083275,-49.520858,38.750073,-45.454199,38.780998,-45.203544,38.887027,-43.928811,39.032743,-42.454063,39.024907,-41.756664,38.665381,-38.798861,38.555705,-38.272785,37.824697,-35.824146,37.512556,-35.110967,36.249386,-32.979598,36.233236,-32.769157,36.207686,-32.542899,36.20418,-32.519433,36.165403,-32.19308,36.135384,-31.994339,36.083449,-31.711451,36.017365,-31.269192,35.981005,-31.069678,35.618019,-29.384809,35.499504,-28.97229,34.96947,-27.508117,34.804471,-27.022044,34.645407,-26.638012,34.471475,-26.285287,34.201079,-25.665498,34.08813,-25.432917,33.51361,-24.363033,33.452339,-24.26104,33.415725,-24.19837,33.395986,-24.167234,33.368622,-24.121683,33.010274,-22.861348,31.366937,-20.83733,30.587149,-20.427508,30.210225,-20.013047,29.983253,-19.790168,29.957022,-19.764355,29.95649,-19.763887,29.954185,-19.761624,29.845856,-19.666651,29.674198,-19.515779,29.067623,-18.938871,28.876264,-18.770952,28.787875,-18.699452,28.026675,-18.083261,27.820211,-17.929547,27.604984,-17.782478,27.260969,-17.546326,27.179469,-17.492208,27.176054,-17.490015,26.984379,-17.36309,26.984154,-17.362941,25.934315,-16.667879,25.751875,-16.55575,25.479875,-16.400962,25.467083,-16.392749,25.155744,-16.216781,24.510142,-15.898418,24.411146,-15.851704,24.389577,-15.841977,24.01523,-15.665235,23.964911,-15.642013,23.068715,-15.237864,22.920682,-15.175562,22.853407,-15.149231,22.852933,-15.149017,22.568225,-15.036801,21.913443,-14.814522,21.814026,-14.782586,21.792318,-14.776004,21.446368,-14.664736,21.395417,-14.64882,20.431868,-14.356691,20.274517,-14.313368,20.229736,-14.302268,20.229676,-14.30225,19.927843,-14.226674,19.251133,-14.092066,19.156481,-14.074724,19.133205,-14.070823,18.763737,-14.003024,18.715457,-13.994549,17.722812,-13.828191,17.557196,-13.804901,17.514015,-13.799984,17.206795,-13.764272,16.518188,-13.719147,16.430075,-13.714601,16.405378,-13.713671,16.01799,-13.693615,15.973308,-13.691617,14.96761,-13.653745,14.796106,-13.651922,14.74357,-13.652783,14.449034,-13.656876,13.760502,-13.701996,13.680633,-13.708243,13.65516,-13.710559,13.25615,-13.741715,13.21586,-13.745119,12.213542,-13.83624,12.039028,-13.856988,11.985018,-13.864931,11.700181,-13.906094,11.023318,-14.040733,10.952748,-14.055606,10.927216,-14.06129,10.496506,-14.152343,10.463219,-14.159567,9.505367,-14.372818,9.33773,-14.415164,9.337384,-14.415241,9.337008,-14.415346,9.330711,-14.416937,9.270074,-14.434098,9.006534,-14.507929,8.35308,-14.729745,8.29269,-14.750925,8.266647,-14.760355,7.865998,-14.90088,7.835927,-14.911598,6.89327,-15.252914,6.751659,-15.308897,6.736674,-15.314323,6.413028,-15.452215,5.79411,-15.757436,5.744238,-15.782578,5.694894,-15.808001,5.331139,-15.991158,5.304879,-16.004533,4.403958,-16.468694,4.295309,-16.529084,4.272657,-16.540755,4.245101,-16.55699,4.228765,-16.56607,4.166287,-16.603424,3.962677,-16.723385,3.388936,-17.106756,3.349437,-17.133581,3.299688,-17.167916,3.295814,-17.170525,2.955356,-17.401598,2.934914,-17.41559,2.101477,-17.990805,2.01769,-18.052712,1.988035,-18.073178,1.952322,-18.10101,1.93682,-18.112464,1.877686,-18.159176,1.697781,-18.299381,1.17891,-18.754413,1.149213,-18.780787,1.10076,-18.824362,1.093293,-18.830952,0.911173,-18.992672,0.896228,-19.006028,0.010876,-19.802264,-0.03078,-19.842002,-0.081579,-19.887687,-0.345817,-20.155251,-0.800801,-20.674068,-0.821461,-20.697862,-0.912117,-20.803331,-1.006015,-20.910711,-1.022855,-20.930127,-1.878767,-21.925076,-1.897742,-21.949992,-1.905931,-21.959519,-2.015732,-22.104925,-2.10799,-22.22607,-2.114231,-22.235365,-2.148051,-22.280152,-2.36865,-22.614285,-2.55371,-22.889902,-2.5645,-22.90608,-2.699426,-23.109714,-2.705814,-23.119394,-3.431716,-24.223691,-3.435026,-24.229471,-3.436948,-24.232382,-3.539117,-24.411231,-3.625623,-24.562284,-3.626995,-24.565062,-3.64022,-24.588213,-3.809964,-24.935605,-3.989629,-25.299457,-3.994335,-25.309026,-4.2497,-25.830588,-4.253426,-25.838224,-4.666213,-26.687053,-4.668469,-26.692538,-4.668586,-26.692778,-4.749352,-26.889217,-4.817133,-27.054036,-4.817208,-27.054255,-4.824456,-27.071885,-4.996817,-27.582489,-5.105948,-27.903409,-5.108322,-27.910417,-5.570823,-29.280949,-5.676331,-29.675776,-5.965454,-31.125983,-6.1365,-31.981678,-6.138129,-31.9939,-6.138171,-31.994111,-6.140333,-32.010431,-6.190863,-32.389482,-6.199724,-32.520058,-6.290981,-33.85369,-6.291593,-33.862828,-6.32181,-34.32393,-6.349501,-34.733139,-6.349951,-34.967198,-6.350607,-35.066115,-6.35017,-35.081019,-6.350303,-35.15012,-6.34631,-35.212707,-6.343921,-35.294199,-6.212499,-37.305965,-6.198569,-37.523814,-6.19795,-37.52869,-6.196876,-37.545125,-6.146927,-37.935661,-5.894639,-39.253226,-5.891068,-39.271583,-5.868062,-39.388011,-5.845347,-39.507132,-5.840534,-39.531844,-5.705872,-40.208809,-5.680804,-40.304345,-5.680305,-40.306513,-5.656463,-40.39711,-5.608735,-40.579004,-5.585906,-40.648624,-5.57263,-40.693592,-5.201546,-41.825421,-5.196969,-41.839275,-5.111304,-42.096559,-5.106419,-42.111074,-5.09315,-42.151547,-5.082671,-42.182952,-4.860826,-42.836495,-4.789763,-43.011244,-4.762529,-43.080429,-4.748661,-43.112315,-4.719688,-43.183562,-4.696949,-43.231217,-4.673298,-43.285597,-4.137793,-44.407123,-4.122074,-44.439568,-4.063851,-44.558029,-4.006955,-44.677269,-3.989011,-44.714258,-3.683819,-45.333118,-3.572413,-45.529583,-3.534768,-45.597042,-3.524039,-45.614889,-3.503083,-45.651846,-3.484934,-45.679942,-3.429236,-45.772598,-2.879332,-46.62394,-2.865242,-46.64556,-2.639378,-46.989076,-2.637387,-46.992079,-2.605301,-47.041754,-2.578176,-47.08304,-2.194786,-47.656805,-2.051635,-47.846899,-2.008688,-47.904696,-1.997203,-47.91918,-1.979314,-47.942935,-1.964051,-47.960988,-1.884811,-48.060918,-1.230695,-48.834633,-1.211038,-48.85766,-0.946609,-49.164456,-0.910924,-49.206667,-0.873386,-49.250261,-0.418308,-49.769184,-0.173164,-50.019433,-0.16251,-50.029172,-0.05022,-50.137913,0.689377,-50.813968,0.713533,-50.835823,1.028226,-51.117607,1.048675,-51.136299,1.097376,-51.179903,1.61619,-51.634885,1.837444,-51.808763,1.882069,-51.844014,2.025568,-51.950943,2.828402,-52.514712,2.856926,-52.53451,3.217932,-52.782166,3.239293,-52.797166,3.299941,-52.838714,3.891074,-53.233709,4.081294,-53.345134,4.195089,-53.412705,4.358431,-53.503308,4.463083,-53.557395,4.743537,-54.671885,5.258419,-55.773051,6.668479,-57.714209,7.181674,-58.268376,8.606205,-59.480376,8.790803,-59.626006,11.051992,-61.277842,12.166064,-61.799338,15.158523,-62.546537,15.254032,-62.568824,18.59153,-63.29346,19.189189,-63.364969,22.573946,-63.447443]}