{"Index":-1,"Tolerance":1.9960097500000002E-05,"Coordinates":[221.760571,-57.93902,222.056119,-57.915488,222.259713,-57.87586,223.359578,-57.636212,228.278093,-56.526646,230.099546,-56.149083,231.894528,-55.858158,232.299847,-55.786274,232.438268,-55.763839,234.078691,-55.479239,234.082302,-55.478938,234.169387,-55.526255,234.323241,-55.458918,238.17925,-55.138516,238.416146,-55.114735,238.832373,-55.085026,241.397793,-55.016843,242.072967,-55.0,249.642675,-55.0,251.011846,-55.013438,251.242365,-55.014119,251.490954,-55.016694,252.255081,-55.018952,256.567233,-55.048902,257.612271,-55.001491,258.00703,-55.0,274.992928,-55.0,274.992928,-20.231597,235.033004,-20.231597,235.033004,-20.313044,234.800292,-20.285606,234.66952,-20.276449,233.40028,-20.126798,232.243456,-20.045794,231.308494,-19.885501,228.501288,-19.378135,226.009907,-18.954483,225.53805,-18.86923,224.678195,-18.69973,222.296535,-18.270833,222.291099,-18.270384,222.189796,-18.251644,220.273043,-18.093645,219.099275,-18.36407,218.928128,-18.430144,218.758881,-18.52706,218.432652,-18.761439,218.062059,-19.186827,217.800784,-19.650594,217.530147,-20.619934,217.372394,-22.153968,217.282239,-23.715827,217.325806,-25.361433,217.366014,-26.744904,217.540101,-27.496318,217.71226,-28.186704,217.909094,-28.594753,218.27797,-29.069668,218.589035,-29.284556,219.552272,-29.611453,219.752442,-29.662387,220.464515,-29.66735,221.4117,-29.717608,222.487223,-29.696843,223.435415,-29.572137,225.558069,-29.449002,226.020607,-29.461858,226.194835,-29.508268,226.7511,-29.64619,226.956825,-29.708205,227.712438,-29.837503,229.98745,-30.060862,230.588485,-30.071931,230.792039,-30.090568,231.823918,-30.126431,231.878399,-30.116765,232.339857,-30.144362,233.015101,-30.162225,233.445354,-30.147688,233.706255,-30.10079,233.818755,-30.105636,234.192156,-30.063584,234.453053,-30.016686,234.565557,-30.021533,235.033004,-29.962576,235.033004,-49.956247,234.245809,-49.57763,234.052622,-49.535518,233.828399,-49.614609,233.539787,-49.669483,233.447934,-49.710657,233.120964,-49.782727,233.029115,-49.823899,232.70214,-49.89597,232.610286,-49.937144,232.283316,-50.009214,232.191463,-50.050388,231.864492,-50.122458,231.772642,-50.16363,231.445668,-50.235701,231.17908,-50.32263,230.673532,-50.532558,230.475479,-50.6376,230.336501,-50.67251,229.830953,-50.882438,229.6329,-50.98748,229.325406,-51.092366,228.948404,-51.279769,228.819859,-51.302294,228.778256,-51.351683,228.46665,-51.427642,228.323673,-51.441609,227.974346,-51.544885,227.645387,-51.623945,227.331543,-51.686555,224.613021,-51.645067,224.127675,-51.574218,221.426675,-51.471782,221.049279,-51.485288,219.832447,-51.636368,219.014063,-51.958428,218.688157,-52.183693,218.258961,-52.522691,218.040515,-52.990735,217.796735,-53.565565,217.698923,-54.30601,217.59008,-55.086199,217.982025,-56.551972,218.101211,-56.953303,218.321608,-57.178076,219.023973,-57.73337,219.679544,-57.918333,220.215003,-58.01384]}