{"Inners":[{"Index":-1,"Tolerance":1.1296570000000017E-06,"Coordinates":[14.913514,-36.128,14.777452,-36.106983,14.131334,-35.721035,14.050247,-35.61467,13.967663,-35.462826,13.909162,-35.299937,13.876133,-35.129602,13.869515,-34.956875,13.88942,-34.784437,13.935283,-34.617508,14.005962,-34.459845,14.100307,-34.314151,14.215682,-34.184702,14.349052,-34.074708,14.498002,-33.986167,14.658735,-33.921377,14.827241,-33.88195,15.0,-33.868686,15.172758,-33.88195,15.341259,-33.921376,15.502017,-33.986176,15.650943,-34.074704,15.784321,-34.184705,15.899674,-34.314129,15.993803,-34.459487,16.064748,-34.617742,16.110591,-34.784568,16.130485,-34.956918,16.123869,-35.129577,16.09086,-35.299799,16.032327,-35.46279,15.949559,-35.614987,15.844599,-35.752691,15.719795,-35.872803,15.578119,-35.972453,15.422956,-36.049279,15.257921,-36.101503,15.086413,-36.128]}],"Index":-1,"Tolerance":2.7352468E-05,"Coordinates":[23.201222,-67.226306,23.23693,-67.225091,25.262752,-67.14475,25.460748,-67.13069,28.418454,-66.827503,28.689433,-66.787858,29.742052,-66.587171,30.143573,-66.483065,32.47749,-65.71224,33.180744,-65.479974,33.511977,-65.349578,34.031096,-65.110819,34.194947,-65.029664,34.898247,-64.655735,35.848249,-64.204238,35.975907,-64.140007,37.538738,-63.309085,38.104303,-62.92531,39.362566,-61.857442,39.378564,-61.846577,40.401937,-60.976829,41.341474,-60.36079,41.710797,-60.077933,42.839705,-59.074113,42.940202,-58.980788,45.124923,-56.8623,45.338735,-56.633469,46.350632,-55.437381,46.454791,-55.307506,47.828345,-53.499701,47.926512,-53.363136,48.643619,-52.307642,48.860744,-51.936258,49.711983,-50.223848,49.951564,-49.797055,50.15751,-49.353296,51.031726,-47.013068,51.162,-46.567464,51.834151,-43.434693,51.902428,-42.893542,51.949657,-41.703413,52.002033,-41.028136,51.996651,-40.474538,51.970938,-40.209884,51.949042,-38.886617,51.920181,-38.508683,51.737268,-37.170946,51.727178,-37.102687,51.613333,-36.386418,51.553657,-36.097959,51.127338,-34.431026,51.101564,-34.336365,50.951176,-33.815889,50.868939,-33.569527,50.192494,-31.789018,50.122916,-31.620601,49.920995,-31.169005,49.860427,-31.041256,49.340229,-30.004342,49.152309,-29.573207,49.0282,-29.319828,48.10313,-27.626064,47.846728,-27.229712,46.77693,-25.818078,46.144338,-24.783455,45.635957,-24.150242,44.849535,-23.392834,44.236583,-22.574757,43.627094,-21.957887,42.885545,-21.388209,42.3084,-20.778615,41.862426,-20.387915,39.793485,-18.891658,39.42707,-18.662889,39.324528,-18.608177,39.211808,-18.53455,38.637621,-18.197089,36.540198,-16.712039,36.524432,-16.700948,33.512285,-14.595578,32.91708,-14.267987,32.290546,-14.00586,32.123092,-13.941299,31.427014,-13.695286,31.141031,-13.609104,31.003211,-13.574548,30.696562,-13.449326,30.26549,-13.341242,29.958845,-13.216021,29.527754,-13.107932,29.221115,-12.982714,28.131707,-12.709563,27.613675,-12.624347,26.675658,-12.548757,26.169592,-12.548374,23.565741,-12.754235,22.080389,-13.253802,20.382873,-14.341837,20.361022,-14.335212,20.059078,-14.259603,18.818648,-14.01286,18.694325,-13.99069,17.372827,-13.782061,17.044271,-13.747579,16.021927,-13.693801,15.974621,-13.691666,14.945247,-13.652903,14.728977,-13.652128,14.246991,-13.666819,14.073604,-13.676856,12.159068,-13.840311,11.807856,-13.890169,10.549942,-14.14106,10.480989,-14.15561,9.425608,-14.390575,9.094782,-14.483258,7.894364,-14.89074,7.800301,-14.924329,6.572559,-15.384637,6.24409,-15.529443,4.349713,-16.495859,4.028289,-16.684359,2.975905,-17.38756,2.920685,-17.425305,1.914681,-18.128613,1.616143,-18.365177,-0.057671,-19.863291,-0.338693,-20.148685,-1.874036,-21.918323,-2.12515,-22.249171,-3.447601,-24.2508,-3.65301,-24.61071,-4.67564,-26.709584,-4.829863,-27.085384,-5.570654,-29.280435,-5.676004,-29.674433,-6.13644,-31.980515,-6.190954,-32.391916,-6.349866,-34.781312,-6.350112,-35.199432,-6.196559,-37.549959,-6.14479,-37.94991,-5.703104,-40.219454,-5.598881,-40.616333,-4.856202,-42.84693,-4.705525,-43.219168,-3.73544,-45.238496,-3.551083,-45.569978,-2.889113,-46.608966,-2.851306,-46.666904,-2.151491,-47.714217,-1.936057,-48.000301,-1.221451,-48.845567,-1.183,-48.890202,-0.693313,-49.448091,-0.739111,-50.287833,-0.733474,-50.717278,-0.676447,-51.422084,-0.593132,-51.931792,0.160677,-54.96851,0.193942,-55.091852,0.505075,-56.15957,1.375521,-57.592104,3.329676,-59.458111,3.365429,-59.491727,4.768098,-60.790275,4.834342,-60.849897,5.519681,-61.449533,6.125486,-61.866744,7.871353,-62.79211,7.876909,-62.795047,11.651799,-64.786302,12.039644,-64.958843,12.577254,-65.156156,12.704109,-65.199697,16.093679,-66.283657,16.431187,-66.371495,17.412754,-66.570162,17.500417,-66.586627,18.40172,-66.742833,18.434626,-66.748358,20.931575,-67.154129,21.179775,-67.184491,21.898585,-67.243821,22.250137,-67.25331]}