{"Index":-1,"Tolerance":2.2304733500000002E-05,"Coordinates":[94.691969,-38.198275,95.68384,-37.987224,96.162062,-37.845473,97.641299,-37.277388,98.015466,-37.105099,98.64461,-36.764358,99.125506,-36.444263,100.665498,-35.203533,101.543931,-34.097125,102.635437,-31.83451,102.899297,-31.027323,103.179898,-29.506069,103.536976,-27.870416,103.609258,-27.269097,103.614631,-27.048279,103.637167,-26.599052,103.637381,-26.594742,103.667939,-25.968623,103.671627,-25.837267,103.681092,-24.554808,103.681168,-24.539627,103.681826,-24.286616,103.683144,-24.23243,103.684072,-24.16346,103.700366,-17.89031,103.70032,-17.863085,103.699058,-17.651954,103.699094,-17.638138,103.699065,-17.614046,103.695191,-16.83943,103.695174,-16.836326,103.679525,-14.21899,103.679516,-14.217506,103.668638,-12.530052,103.668395,-12.523386,103.665277,-12.001884,103.658362,-11.810556,103.545553,-10.110877,103.450613,-9.522689,102.814999,-7.072202,102.738078,-6.819422,102.363047,-5.749013,101.368085,-4.322866,98.955987,-2.334136,98.140248,-1.845162,97.056972,-1.399241,95.956197,-1.160492,95.159544,-1.13127,94.977218,-1.12982,92.385788,-1.183621,91.51792,-1.322747,91.406778,-1.356781,91.360135,-1.300802,91.355845,-1.295648,91.355666,-1.295438,91.306891,-1.236901,90.593089,-0.422957,90.53414,-0.360823,90.533481,-0.3601,90.507301,-0.332532,90.421974,-0.242594,90.418522,-0.23923,90.350742,-0.170167,89.753321,0.418878,89.680855,0.488106,89.509983,0.646264,89.508758,0.647458,89.448458,0.703211,89.442957,0.708303,89.442725,0.708512,89.386134,0.760836,88.572027,1.47478,88.506073,1.528306,88.505308,1.528951,88.476513,1.552296,88.383725,1.627599,88.382433,1.628568,88.260291,1.727591,88.14884,1.813917,87.451929,2.329386,87.400472,2.366655,87.365149,2.391704,87.363901,2.39264,87.294217,2.442004,87.286048,2.447797,87.285747,2.448005,87.22254,2.49278,86.322428,3.094236,86.250905,3.138277,86.250184,3.13874,86.220379,3.157074,86.121638,3.217876,86.1204,3.218576,85.978329,3.305971,85.859,3.375841,85.106249,3.794858,85.047781,3.826606,85.013481,3.844768,85.012108,3.845545,84.932805,3.887487,84.922579,3.892902,84.922217,3.893087,84.853049,3.929669,83.882038,4.408523,83.805885,4.442717,83.805061,4.443105,83.775174,4.456507,83.672818,4.502467,83.671373,4.503054,83.510216,4.575321,83.385586,4.628049,82.589949,4.944844,82.525191,4.969812,82.492935,4.981845,82.49154,4.982412,82.406504,5.014088,82.391237,5.019784,82.390728,5.019965,82.316929,5.047456,81.291694,5.395473,81.212584,5.419265,81.211834,5.419505,81.182836,5.428212,81.078213,5.459677,81.076838,5.460039,80.898615,5.513551,80.771,5.548984,79.94609,5.759599,79.875751,5.776706,79.846392,5.783493,79.844908,5.783883,79.752,5.805314,79.735166,5.809205,79.734622,5.809322,79.657128,5.827197,78.595271,6.038419,78.514363,6.051664,78.513655,6.051792,78.488062,6.055969,78.381609,6.073396,78.380124,6.073587,78.368584,6.075471,78.290913,6.087164,77.49522,6.196908,77.369883,6.211663,77.118998,6.236154,77.117476,6.23635,77.019812,6.245836,76.999478,6.247821,76.998841,6.247873,76.91905,6.255623,75.838715,6.326418,75.757371,6.329054,75.756594,6.329092,75.731551,6.329891,75.62898,6.333215,75.627387,6.333214,75.611149,6.333732,75.535692,6.335242,74.726234,6.341817,74.597004,6.340237,74.355505,6.332366,74.354062,6.332365,74.252486,6.329008,74.229773,6.328268,74.229129,6.328236,74.148412,6.325569,73.068075,6.254772,72.987932,6.246935,72.987317,6.246885,72.965834,6.244775,72.865597,6.234973,72.864168,6.234787,72.61998,6.210798,72.49266,6.195689,71.692946,6.084372,71.617246,6.072902,71.602705,6.070519,71.601075,6.070307,71.498435,6.053434,71.473118,6.049285,71.472319,6.04914,71.391665,6.035881,70.329807,5.824658,70.251777,5.806604,70.251059,5.806449,70.230613,5.801707,70.137878,5.78025,70.136267,5.779824,70.109591,5.773637,70.037496,5.756026,69.216512,5.545272,69.09095,5.510277,68.906792,5.454853,68.905271,5.454451,68.801057,5.423031,68.775515,5.415344,68.77478,5.415109,68.69598,5.391351,67.67076,5.043339,67.596625,5.015665,67.596119,5.015485,67.579437,5.009249,67.492168,4.976673,67.490866,4.976142,67.271888,4.894289,67.162964,4.851268,66.401247,4.534057,66.32061,4.49916,66.313,4.495741,66.311799,4.495251,66.211625,4.450192,66.18249,4.437102,66.181809,4.436781,66.106391,4.402858,65.135462,3.924044,65.066125,3.887318,65.06569,3.887095,65.052292,3.87999,64.972983,3.837982,64.971724,3.837268,64.756747,3.723272,64.657235,3.668197,63.947149,3.258425,63.868995,3.211819,63.865403,3.209607,63.864013,3.208818,63.765043,3.147791,63.738704,3.131568,63.737989,3.131109,63.666632,3.087109,62.766311,2.485513,62.702587,2.440304,62.702198,2.440036,62.692299,2.433005,62.621417,2.382718,62.620066,2.381702,62.413992,2.235337,62.325109,2.169854,61.677902,1.675446,61.603914,1.617168,61.603812,1.617085,61.602589,1.616165,61.509881,1.540814,61.484135,1.519908,61.483485,1.51936,61.417997,1.466132,60.604056,0.752334,60.547461,0.699937,60.547236,0.699734,60.540692,0.69367,60.478431,0.636027,60.477399,0.635018,60.310829,0.480664,60.236848,0.409857,59.638211,-0.181885,59.56892,-0.252616,59.566805,-0.254682,59.487081,-0.338815,59.45774,-0.369744,59.456914,-0.37065,59.398368,-0.432433,58.684393,-1.246575,58.6353,-1.305576,58.635055,-1.305862,58.629349,-1.312728,58.579027,-1.373204,58.577999,-1.374506,58.427223,-1.555907,58.365134,-1.633021,57.850253,-2.293319,57.792714,-2.369693,57.789088,-2.374288,57.717133,-2.473281,57.692824,-2.506688,57.692192,-2.507594,57.641703,-2.577055,57.040298,-3.477093,56.999717,-3.541227,56.999629,-3.541363,56.997417,-3.544862,56.955713,-3.610772,56.954929,-3.612082,56.86687,-3.751399,56.828158,-3.81425,56.407205,-4.515831,56.342195,-4.629423,56.3018,-4.703506,56.300989,-4.704861,56.239367,-4.818006,56.219676,-4.854118,56.219212,-4.855013,56.177794,-4.93106,55.698913,-5.90212,55.667213,-5.970473,55.667164,-5.970575,55.666069,-5.972939,55.635039,-6.039847,55.634404,-6.041307,55.593085,-6.130518,55.566633,-6.189182,55.209384,-7.003385,55.155855,-7.1331,55.12707,-7.207472,55.126473,-7.208845,55.079367,-7.330726,55.063086,-7.372791,55.062733,-7.373762,55.031308,-7.455071,54.68329,-8.480314,54.639746,-8.618933,54.639326,-8.620386,54.619513,-8.683565,54.602474,-8.739712,54.341271,-9.62995,54.30339,-9.770983,54.285986,-9.842285,54.285555,-9.843775,54.254171,-9.972623,54.242649,-10.019829,54.242403,-10.020939,54.221589,-10.106394,54.010372,-11.168212,53.986268,-11.304945,53.986035,-11.30646,53.960285,-11.452949,53.949744,-11.516709,53.815687,-12.382308,53.797301,-12.521225,53.792641,-12.563606,53.792419,-12.565048,53.777462,-12.701649,53.771999,-12.751333,53.771906,-12.752389,53.762264,-12.840453,53.691463,-13.920901,53.685562,-14.053148,53.685523,-14.054775,53.676769,-14.253192,53.674373,-14.327003,53.655812,-15.21791,53.655792,-15.306591,53.655288,-15.327802,53.658235,-15.469112,53.659281,-15.520442,53.659329,-15.521549,53.661192,-15.610904,53.73198,-16.691146,53.742696,-16.816541,53.742861,-16.818106,53.75701,-16.98269,53.763462,-17.049476,53.862365,-17.971244,53.873836,-18.059973,53.876421,-18.084483,53.898356,-18.228922,53.906228,-18.280917,53.906415,-18.281983,53.919945,-18.371077,54.131167,-19.432927,54.156642,-19.549501,54.157031,-19.551134,54.175597,-19.63588,54.187324,-19.687358,54.41129,-20.634103,54.449728,-20.780848,54.451904,-20.788412,54.452317,-20.790146,54.492634,-20.930019,54.508674,-20.985786,54.509099,-20.987143,54.534312,-21.074615,54.882272,-22.099684,54.920441,-22.20589,54.921042,-22.207473,54.966857,-22.334743,54.986795,-22.388596,55.329548,-23.289278,55.361426,-23.367535,55.372921,-23.397814,55.433636,-23.537318,55.456729,-23.590446,55.457203,-23.591468,55.493725,-23.675385,55.972551,-24.64633,56.021212,-24.740972,56.021944,-24.742339,56.066671,-24.829229,56.090708,-24.875005,56.565002,-25.760661,56.606268,-25.833441,56.623408,-25.865444,56.702778,-25.997737,56.734341,-26.050399,56.73496,-26.051376,56.78245,-26.130532,57.383885,-27.030617,57.440651,-27.112746,57.441619,-27.1141,57.499691,-27.198027,57.527508,-27.237581,58.111261,-28.054364,58.158135,