{"Index":-1,"Tolerance":2.4065240499999995E-05,"Coordinates":[230.614147,-61.858423,231.529607,-61.802927,231.632164,-61.785123,232.517835,-61.702288,232.532389,-61.700447,233.057899,-61.902832,235.566167,-61.846473,236.700545,-61.35,253.985276,-61.35,254.013726,-61.352357,254.892047,-61.361511,254.939337,-61.361651,255.306384,-61.360009,255.35105,-61.360063,255.369103,-61.360034,257.611355,-61.35,277.623184,-61.35,281.342928,-57.630256,281.342928,-17.601341,277.623184,-13.881597,232.402748,-13.881597,232.308612,-13.975733,232.240857,-13.972232,231.884986,-13.909089,231.843122,-13.903416,231.789623,-13.893277,231.495623,-13.851684,230.88214,-13.793977,230.355256,-13.788257,230.135101,-13.804152,229.391331,-13.796323,228.63229,-13.879837,228.083036,-14.008265,227.465484,-14.099605,226.369241,-14.473557,225.567532,-14.92268,225.46451,-14.982965,224.820971,-15.375964,224.370929,-15.708458,223.858601,-16.161771,223.640848,-16.373859,223.144964,-16.905389,222.866283,-17.297644,222.622515,-17.591382,222.151297,-18.357804,221.677301,-19.448965,221.543346,-19.81828,221.413176,-20.260764,221.39153,-20.337931,221.169693,-21.168941,221.082497,-21.629623,220.985622,-22.481301,220.907996,-23.16013,220.887991,-23.461195,220.873319,-24.239727,220.845775,-25.123805,220.84443,-25.257886,220.8517,-25.9137,220.852223,-25.946014,220.88083,-27.291106,220.894823,-27.528907,220.996555,-28.582229,221.002622,-28.639595,221.135274,-29.793552,221.378684,-30.700829,222.081896,-32.319771,222.424687,-32.920442,223.055249,-33.790036,223.882586,-34.581969,225.240753,-35.478932,226.36432,-35.944367,227.221014,-36.119624,227.325873,-36.139247,228.224501,-36.291829,228.444522,-36.29293,228.503054,-36.298755,228.518444,-36.300248,228.683004,-36.315815,228.683004,-44.402352,228.53344,-44.439921,228.405357,-44.52739,228.325375,-44.547481,228.251376,-44.593713,228.156866,-44.617453,228.082854,-44.663693,227.988344,-44.687433,227.914345,-44.733665,227.819835,-44.757405,227.745829,-44.803641,227.651319,-44.827381,227.577313,-44.873617,227.482803,-44.897357,227.408797,-44.943593,227.314287,-44.967333,227.240275,-45.013573,227.145765,-45.037313,227.071766,-45.083545,226.977256,-45.107285,226.90325,-45.153521,226.808745,-45.17726,226.803729,-45.180394,226.657266,-45.19389,226.563498,-45.242907,226.429076,-45.257192,224.256206,-46.412472,223.595891,-47.197501,222.958153,-47.808486,222.121438,-49.142975,221.757195,-50.267503,221.565884,-50.814598,221.390836,-51.711754,221.329441,-52.963902,221.329141,-52.970133,221.305175,-53.479368,221.377639,-54.321313,221.68816,-55.718188,221.806139,-56.121126,221.997861,-56.644836,222.25278,-57.180379,222.459823,-57.527663,222.788968,-58.126971,223.014909,-58.480778,223.606663,-59.284916,224.493841,-60.105816,225.57286,-60.777565,225.715366,-60.861218,226.379871,-61.228388,227.386014,-61.581224,228.485578,-61.769706,229.05069,-61.891285,230.254858,-61.918738]}