{"Index":-1,"Tolerance":2.16881005E-05,"Coordinates":[212.416423,-59.902814,212.952003,-59.868409,214.344633,-59.608969,214.819535,-59.5096,217.112438,-59.053182,219.276591,-58.567013,221.106342,-58.195293,221.802468,-58.038882,224.212795,-57.486209,227.021047,-56.846228,230.530703,-56.092983,233.737677,-55.54455,233.877784,-55.525496,234.169387,-55.526255,234.26916,-55.482588,238.251142,-55.133221,239.633437,-55.068778,243.426214,-55.011743,248.64108,-55.014197,248.679503,-55.012213,248.777852,-55.012237,250.827933,-55.009216,256.567233,-55.048902,258.00703,-55.0,274.992928,-55.0,274.992928,-20.231597,235.033004,-20.231597,235.033004,-20.313044,232.000268,-19.96799,231.419883,-19.879295,226.768313,-19.083449,223.953266,-18.569203,220.399286,-17.896461,218.117853,-17.497667,216.151854,-17.118878,212.192209,-16.652156,211.68945,-16.601711,210.598325,-17.211599,209.765731,-17.603575,209.607854,-17.92707,209.429094,-20.270229,209.278879,-21.104278,209.238396,-22.327279,209.166866,-27.326453,209.155935,-27.553716,209.216236,-31.588384,209.404628,-32.711978,210.195693,-32.702529,211.763197,-32.932894,213.990868,-32.349175,214.426295,-32.273932,219.694128,-31.475508,221.201336,-31.353145,225.817013,-31.133175,226.261432,-31.125267,232.479975,-31.031188,233.803475,-31.04334,234.46328,-31.113468,235.033004,-31.171963,235.033004,-49.487894,234.24393,-49.596492,234.052622,-49.535518,233.591114,-49.658246,232.744705,-49.747792,231.501269,-49.769148,229.564266,-49.700644,224.240933,-49.425007,222.199201,-49.347231,221.478891,-49.312396,216.695682,-48.882408,216.269409,-48.869432,215.452388,-48.824319,213.399256,-48.51956,212.061442,-48.729099,211.615048,-48.767074,211.35716,-49.024458,210.451515,-49.528534,210.189459,-50.199948,209.772465,-53.06178,209.458681,-54.42385,209.383005,-57.063388,209.472306,-57.844652,209.579832,-59.287766,209.760031,-59.458628,210.668703,-59.925732,210.982849,-59.977912]}