{"Index":-1,"Tolerance":2.38864905E-05,"Coordinates":[235.981275,-61.613814,236.433456,-61.35,277.623184,-61.35,281.342928,-57.630256,281.342928,-17.601341,277.623184,-13.881597,232.402748,-13.881597,228.683004,-17.601341,228.683004,-49.976586,228.254247,-50.465996,227.443141,-52.567639,227.410045,-54.489726,227.524851,-55.394675,228.27722,-58.117443,229.867088,-60.131273,232.630378,-61.654578]}