{"Index":-1,"Tolerance":2.37342015E-05,"Coordinates":[279.840705,-57.630256,279.840705,-17.601341,276.120961,-13.881597,233.86024,-13.881597,230.140496,-17.601341,230.140496,-57.630256,233.86024,-61.35,276.120961,-61.35]}