{"Inners":[{"Index":-1,"Tolerance":7.489000000000001E-06,"Coordinates":[14.425971,-42.478,13.291099,-42.3027,12.190166,-41.953231,11.915303,-41.817138,10.460827,-40.949822,10.227939,-40.786018,9.400901,-39.989898,8.704803,-39.076801,8.156272,-38.068229,7.850064,-37.215631,7.768096,-36.9874,7.549451,-35.859845,7.505508,-34.712938,7.637199,-33.572101,7.941383,-32.464947,8.234376,-31.811372,8.410963,-31.417464,8.466032,-31.332422,9.035355,-30.453238,9.799489,-29.595888,10.685096,-28.865501,11.672124,-28.278779,12.737098,-27.849498,13.855155,-27.587894,15.0,-27.5,16.144844,-27.587894,17.262901,-27.849498,18.32792,-28.278801,19.314903,-28.865501,19.609308,-29.108306,20.200511,-29.595889,20.712683,-30.170538,20.964614,-30.453201,21.588798,-31.417098,22.058602,-32.46508,22.3628,-33.572101,22.494491,-34.712971,22.450546,-35.859847,22.231933,-36.987212,21.850329,-38.049834,21.843784,-38.068058,21.714751,-38.305327,21.295201,-39.076793,20.599241,-39.989865,19.771802,-40.786199,18.832603,-41.4468,17.803598,-41.956293,16.709021,-42.302658,16.645701,-42.312441,15.574051,-42.478]}],"Index":-1,"Tolerance":1.6339608499999995E-05,"Coordinates":[23.417811,-56.894069,26.536186,-55.961352,26.93277,-55.829783,27.079323,-55.744645,29.102467,-53.493949,29.959488,-52.20769,31.731174,-48.768528,31.78755,-48.636745,31.824659,-48.446383,32.463318,-44.551341,32.562961,-43.353386,32.679227,-42.176706,32.394199,-39.831806,31.851403,-38.013614,31.378473,-37.215631,31.244517,-37.61531,30.97145,-37.518187,30.58975,-37.340578,29.223279,-40.335146,28.872582,-40.716426,29.207468,-39.819486,29.217981,-39.784376,29.218141,-39.783945,29.488746,-38.882462,29.53517,-38.680737,29.696681,-37.989191,29.701276,-37.958954,29.703318,-37.950081,29.816149,-37.285216,29.87724,-36.874291,29.956452,-35.754817,30.001972,-35.116979,30.00186,-35.113077,30.001898,-35.112543,30.000027,-35.001637,29.996979,-34.9427,29.976494,-34.22766,29.910564,-33.368561,29.90842,-33.35421,29.907895,-33.34743,29.871617,-33.04211,29.818771,-32.754258,29.752075,-32.307906,29.455641,-30.931952,28.976944,-29.609594,28.858265,-29.259974,28.710606,-28.960529,28.432551,-28.323184,27.991544,-27.501931,27.990992,-27.501105,27.99097,-27.501064,27.578353,-26.850198,27.51197,-26.742017,27.258877,-25.851873,26.627669,-25.520138,26.421101,-25.284589,25.633121,-24.418136,25.630866,-24.416159,25.63061,-24.415877,25.388411,-24.203006,24.783666,-23.627839,24.759068,-23.607941,24.75893,-23.60781,24.13137,-23.0998,24.016631,-23.021396,23.707547,-22.809223,23.68408,-22.794156,23.661753,-22.778899,23.478577,-22.657602,22.518129,-22.021722,22.20448,-21.843232,22.198298,-21.840183,22.186926,-21.832882,21.750786,-21.61781,21.710579,-21.599678,21.692374,-21.590701,21.329214,-21.419241,20.531483,-21.059496,20.402369,-21.008961,20.395474,-21.00662,20.382104,-21.000591,19.921652,-20.844281,19.880588,-20.831831,19.861702,-20.82542,19.527498,-20.717929,18.667582,-20.45722,18.556075,-20.429581,18.549502,-20.428273,18.536409,-20.424304,18.059475,-20.329434,18.015928,-20.322136,17.995905,-20.318153,17.641724,-20.253159,16.755724,-20.104674,16.650773,-20.092724,16.644646,-20.092322,16.632214,-20.090239,16.146978,-20.058441,16.101501,-20.056728,16.080756,-20.055369,15.712008,-20.036278,14.814353,-20.002475,14.71801,-20.004053,14.712411,-20.00442,14.70094,-20.003988,14.215704,-20.035786,14.169058,-20.040027,14.147856,-20.041416,13.770636,-20.070871,12.875962,-20.152206,12.789784,-20.164879,12.784806,-20.165869,12.774469,-20.166809,12.297536,-20.261679,12.250402,-20.272173,12.229231,-20.276384,11.826543,-20.361513,10.973232,-20.55149,10.898319,-20.572691,10.894018,-20.574151,10.884976,-20.576164,10.424499,-20.732473,10.377792,-20.749385,10.356972,-20.756452,9.98277,-20.887702,9.14195,-21.192145,9.078931,-21.219203,9.075332,-21.220978,9.063834,-21.225141,8.627719,-21.440212,8.55933,-21.475447,8.539392,-21.485279,8.200053,-21.656142,7.40132,-22.067655,7.353361,-22.096329,7.350478,-22.098255,7.341036,-22.10312,6.936717,-22.373284,6.870968,-22.418662,6.852369,-22.43109,6.531654,-22.648764,5.792657,-23.158799,5.755811,-23.187905,5.753622,-23.189825,5.746264,-23.194903,5.380658,-23.515527,5.319202,-23.570797,5.302256,-23.585658,5.134988,-23.73419,4.32647,-24.461325,4.309588,-24.478405,4.308035,-24.480181,4.304419,-24.483433,3.983795,-24.849039,3.885856,-24.96298,3.78263,-25.081028,3.058465,-25.922829,3.050099,-25.935289,3.040507,-25.946448,2.916962,-26.133576,2.723595,-26.421566,2.597243,-26.612261,1.98169,-27.548687,1.978749,-27.554643,1.97516,-27.560079,1.889529,-27.735328,1.706424,-28.106146,1.455272,-28.619103,1.13111,-29.285688,1.129106,-29.291583,1.126455,-29.297007,1.017317,-29.620318,0.907142,-29.944306,0.511161,-31.117719,0.261991,-32.36753,0.130639,-33.024645,0.130461,-33.027269,0.130395,-33.027602,0.044517,-34.282623,0.01418,-34.745571,8.6E-05,-34.953847,0.000306,-34.957295,0.000248,-34.958186,1E-05,-34.994103,0.124253,-36.895967,0.125818,-36.920442,0.12587,-36.920714,0.12679,-36.934799,0.340298,-38.049834,0.365576,-38.177763,0.389901,-38.305327,0.484772,-38.78226,0.485397,-38.784166,0.48577,-38.786054,0.490762,-38.805023,0.83015,-39.840177,0.910337,-40.081008,0.917184,-40.101146,0.935662,-40.157505,1.091971,-40.617981,1.095242,-40.624836,1.096043,-40.627192,1.105199,-40.650452,1.584736,-41.654763,1.651282,-41.790157,1.715208,-41.92413,1.930279,-42.360245,1.9353,-42.368018,1.936621,-42.370706,1.960359,-42.413244,2.447692,-43.167716,2.659983,-43.490589,2.672425,-43.509209,2.715326,-43.575627,2.985492,-43.979946,2.992549,-43.988293,2.994526,-43.991252,3.028803,-44.037382,3.608785,-44.723409,3.855635,-45.009809,3.870224,-45.026444,3.919787,-45.08507,4.240411,-45.450676,4.249735,-45.459199,4.252429,-45.462271,4.301549,-45.512659,4.961631,-46.116031,5.255764,-46.379406,5.272181,-46.393804,5.308766,-46.427245,5.674371,-46.747868,5.682141,-46.753324,5.685622,-46.756377,5.748028,-46.805674,6.463428,-47.308044,6.801272,-47.539811,6.819141,-47.551751,6.858449,-47.579354,7.262767,-47.849519,7.271166,-47.853793,7.275965,-47.857,7.356882,-47.905048,7.980952,-48.227583,9.343697,-48.899666,9.343789,-48.899697,9.347008,-48.9013,11.137161,-49.496174,11.337563,-49.562828,11.493095,-49.591143,11.767604,-49.642382,10.978016,-49.703845,10.14846,-49.933553,10.17607,-50.239275,10.75323,-52.53284,11.584134,-53.676703,12.631495,-54.567804,14.301113,-55.787488,16.649272,-56.373809,19.64474,-57.024184,22.389312,-57.091059]}