{"Index":-1,"Tolerance":2.37342015E-05,"Coordinates":[281.342928,-57.630256,281.342928,-17.601341,277.623184,-13.881597,232.402748,-13.881597,228.683004,-17.601341,228.683004,-50.17643,228.299362,-50.614342,227.488254,-52.715984,227.458092,-54.467495,227.572898,-55.372448,228.180115,-57.56992,229.769989,-59.583753,231.70099,-60.648242,232.402748,-61.35,277.623184,-61.35]}