{"Index":-1,"Tolerance":1.98811095E-05,"Coordinates":[221.455519,-57.868852,222.564643,-57.778153,226.515203,-56.899323,229.11407,-56.313045,229.618667,-56.208449,233.525748,-55.575202,233.943057,-55.501191,234.081847,-55.478691,234.169387,-55.526255,234.363805,-55.441165,236.015458,-55.303927,237.612199,-55.145448,239.994485,-55.019919,240.793643,-55.0,250.242942,-55.0,250.879662,-55.005932,252.449169,-55.023204,252.902407,-55.024543,253.167077,-55.027165,256.567233,-55.048902,257.612271,-55.001491,258.00703,-55.0,274.992928,-55.0,274.992928,-20.231597,235.033004,-20.231597,235.033004,-20.423452,233.384168,-20.307997,229.976615,-19.723795,227.944453,-19.356508,226.829995,-19.150477,226.610952,-19.080727,224.678195,-18.69973,222.616753,-18.328401,222.611297,-18.327948,222.510014,-18.309212,220.603225,-18.151299,219.615238,-18.378921,219.372174,-18.47276,219.131809,-18.6104,218.855961,-18.808583,218.294163,-19.453447,217.908094,-20.833478,217.821058,-21.679836,217.737834,-23.121633,217.702568,-24.049228,217.756687,-26.11161,217.774679,-26.730676,217.852578,-27.066914,218.100856,-28.062545,218.384718,-28.651008,218.607941,-28.938401,219.050154,-29.243888,219.751119,-29.481777,220.048224,-29.557376,221.105127,-29.564742,221.360516,-29.578293,221.650509,-29.572694,223.296052,-29.356272,223.376922,-29.35158,224.837068,-29.164936,225.015131,-29.194026,226.194835,-29.508268,226.7511,-29.64619,226.956825,-29.708205,227.712438,-29.837503,227.774548,-29.831977,228.078339,-29.875129,229.98745,-30.060862,230.088505,-30.051185,230.276099,-30.072637,230.588485,-30.071931,230.792039,-30.090568,231.307978,-30.108499,231.362456,-30.098834,231.823918,-30.126431,231.878399,-30.116765,232.339857,-30.144362,233.015101,-30.162225,233.282922,-30.14069,233.445354,-30.147688,233.706255,-30.10079,233.818755,-30.105636,234.192156,-30.063584,234.453053,-30.016686,234.565557,-30.021533,235.033004,-29.962576,235.033004,-49.956247,234.245809,-49.57763,234.052622,-49.535518,233.828399,-49.614609,233.539787,-49.669483,233.447934,-49.710657,233.120964,-49.782727,233.029115,-49.823899,232.70214,-49.89597,232.610286,-49.937144,232.283316,-50.009214,232.191463,-50.050388,231.864492,-50.122458,231.772642,-50.16363,231.445668,-50.235701,231.17908,-50.32263,231.155119,-50.356295,231.010564,-50.392606,230.673532,-50.532558,230.475479,-50.6376,230.336501,-50.67251,229.830953,-50.882438,229.6329,-50.98748,229.493922,-51.02239,229.325406,-51.092366,229.295867,-51.127433,229.15689,-51.162342,229.126773,-51.198095,228.988374,-51.232318,228.948404,-51.279769,228.819859,-51.302294,228.778256,-51.351683,228.46665,-51.427642,228.323673,-51.441609,227.974346,-51.544885,227.645387,-51.623945,227.172319,-51.718319,227.151949,-51.742536,226.84336,-51.79738,225.856485,-52.03456,225.836015,-52.058787,225.510767,-52.136204,223.25193,-51.806471,221.582545,-51.743159,220.574723,-51.779226,220.197069,-51.826115,219.487912,-52.107419,218.910569,-52.506477,218.66832,-52.697816,218.545023,-52.961993,218.223168,-53.720921,218.09403,-54.698505,218.03586,-55.115469,218.245331,-55.898834,218.512934,-56.799922,219.007779,-57.304591,219.397466,-57.61268,220.344946,-57.880002,220.532851,-57.913518]}