{"Index":-1,"Tolerance":1.49970485E-05,"Coordinates":[75.047628,-29.999412,75.051131,-29.999581,76.597477,-29.89825,76.649884,-29.894015,76.673126,-29.892486,76.993153,-29.866624,76.996112,-29.866035,77.00223,-29.865541,78.522119,-29.563205,78.574715,-29.552021,78.597326,-29.547523,78.909165,-29.481522,78.914055,-29.479862,78.919172,-29.478774,79.171093,-29.39261,80.482608,-28.947416,80.759946,-28.849491,80.762,-28.848479,80.769688,-28.845849,81.225541,-28.619969,82.298116,-28.091227,82.514666,-27.981455,82.516181,-27.980443,82.522084,-27.977518,82.961665,-27.682851,83.941175,-27.028519,84.148216,-26.887675,84.149242,-26.886775,84.150856,-26.885693,85.576182,-25.635094,85.577571,-25.633631,85.58031,-25.631228,85.986858,-25.203025,85.990838,-25.198352,86.046561,-25.139661,86.296582,-24.839373,86.912649,-24.116039,87.113365,-23.866368,87.194083,-23.745567,87.237798,-23.688596,87.261916,-23.644049,87.339924,-23.527303,87.751195,-22.877758,87.43279,-23.57706,86.977265,-24.161058,85.693755,-26.454932,86.228598,-27.002383,86.924684,-27.634215,87.79499,-28.239745,88.197867,-28.458028,89.686363,-28.953529,91.533964,-29.320449,92.841275,-29.420582,93.463996,-29.407726,95.088182,-29.13832,95.864677,-28.606299,96.356093,-28.05879,96.719511,-27.065204,96.996031,-26.499183,97.088986,-25.995231,97.252619,-23.270578,97.253783,-23.058162,97.089951,-14.478339,97.03294,-13.619378,96.97356,-13.390448,96.356836,-11.630191,96.17482,-11.476121,95.437608,-10.756174,93.720621,-10.094211,93.115747,-10.05173,91.696888,-10.21899,91.2704,-10.332738,90.293627,-11.048549,90.122607,-11.237008,90.082711,-11.388415,89.825353,-12.754022,89.514137,-11.192591,88.940167,-9.470699,88.929369,-9.44304,88.929043,-9.442066,88.857402,-9.258452,88.00163,-7.522832,87.871839,-7.312708,87.862381,-7.298553,87.853228,-7.283302,86.992284,-5.994823,86.985614,-5.986394,86.979801,-5.977694,86.762022,-5.702474,86.751052,-5.689965,86.740311,-5.676391,85.718548,-4.511282,85.710542,-4.50348,85.703357,-4.495286,85.452029,-4.250333,85.439841,-4.239644,85.42776,-4.22787,84.262649,-3.206106,84.253344,-3.199126,84.244839,-3.191667,83.964081,-2.98105,83.95093,-2.972262,83.937811,-2.962421,82.649333,-2.101459,82.638834,-2.09552,82.629068,-2.088994,82.323682,-1.916233,82.309865,-1.909419,82.295999,-1.901575,80.90619,-1.216189,80.894604,-1.211482,80.883679,-1.206094,80.55855,-1.073998,80.544368,-1.069184,80.530014,-1.063352,79.062567,-0.565227,79.050047,-0.561936,79.038105,-0.557882,78.698638,-0.468643,78.684342,-0.465799,78.669802,-0.461977,77.149912,-0.159644,77.136629,-0.157932,77.123856,-0.155391,76.775877,-0.110535,76.761771,-0.109611,76.747298,-0.107745,75.200952,-0.006411,75.1871,-0.00642,75.173682,-0.005541,74.822756,-0.005777,74.80906,-0.006674,74.794927,-0.006684,73.248581,-0.108018,73.234423,-0.109862,73.220561,-0.11077,72.872539,-0.156088,72.859491,-0.158683,72.845917,-0.160451,71.326028,-0.462784,71.311769,-0.466553,71.297758,-0.46934,70.958515,-0.559009,70.946325,-0.563147,70.933522,-0.566531,69.466076,-1.064656,69.452004,-1.070395,69.438071,-1.075125,69.113123,-1.207658,69.101939,-1.213173,69.09011,-1.217998,67.7003,-1.903384,67.686705,-1.911097,67.673119,-1.917797,67.36787,-2.090977,67.357862,-2.097665,67.347125,-2.103756,66.058648,-2.964718,66.045763,-2.974413,66.032859,-2.983035,65.752454,-3.194008,65.743733,-3.201656,65.734218,-3.208815,64.569107,-4.230579,64.557271,-4.242143,64.545263,-4.252674,64.294239,-4.497939,64.28688,-4.50633,64.27867,-4.514352,63.256908,-5.67946,63.246348,-5.692843,63.235575,-5.705127,63.0182,-5.980602,63.012226,-5.989543,63.005404,-5.998188,62.144445,-7.286666,62.13548,-7.301646,62.126146,-7.315616,61.945925,-7.616778,61.941357,-7.62604,61.935928,-7.635113,61.250539,-9.02492,61.243387,-9.04136,61.235783,-9.056779,61.095795,-9.37856,61.092614,-9.387931,61.088572,-9.397222,60.590447,-10.86467,60.585337,-10.882341,60.57968,-10.899006,60.482196,-11.236115,60.48035,-11.245396,60.477657,-11.254708,60.175322,-12.774597,60.172457,-12.793222,60.168941,-12.810897,60.115579,-13.157782,60.114987,-13.16681,60.113582,-13.175946,60.012251,-14.722293,60.011792,-14.741597,60.010588,-14.759978,60.002255,-15.110803,60.002819,-15.119407,60.00261,-15.1282,60.10394,-16.674548,60.106016,-16.694236,60.107246,-16.712999,60.144051,-17.061965,60.145647,-17.069988,60.146524,-17.078304,60.44886,-18.598193,60.453561,-18.617918,60.457306,-18.636746,60.538658,-18.978111,60.541149,-18.985448,60.542985,-18.993154,61.041111,-20.460602,61.048474,-20.479999,61.054774,-20.498557,61.179284,-20.826541,61.18252,-20.833102,61.185169,-20.840081,61.870558,-22.229888,61.880567,-22.248577,61.889426,-22.266542,62.051816,-22.569774,62.055661,-22.575533,62.062298,-22.587927,62.923257,-23.876405,62.936055,-23.894312,62.947201,-23.911008,63.147378,-24.191094,63.15164,-24.195958,63.159293,-24.206666,64.181056,-25.371778,64.196404,-25.388274,64.209871,-25.403643,64.444766,-25.656107,64.449298,-25.660084,64.4577,-25.669115,65.622812,-26.690875,65.640572,-26.705608,65.656166,-26.719294,65.926265,-26.943356,65.930913,-26.946462,65.935318,-26.950116,67.223795,-27.811075,67.24341,-27.823472,67.261276,-27.83541,67.55353,-28.020117,67.55819,-28.022417,67.567082,-28.028037,68.956892,-28.713426,68.978683,-28.723546,68.997983,-28.733072,69.316203,-28.880855,69.320707,-28.882384,69.325074,-28.884412,70.79252,-29.382538,70.81567,-29.38985,70.836647,-29.396971,71.171276,-29.50267,71.175498,-29.503509,71.179688,-29.504832,72.699577,-29.807168,72.748153,-29.815859,72.770507,-29.820299,73.091498,-29.877731,73.095385,-29.877986,73.099254,-29.878678,74.6456,-29.980009,74.670992,-29.981234,74.693692,-29.982722,75.044192,-29.999638]}