{"Index":-1,"Tolerance":2.1350062499999998E-05,"Coordinates":[75.043248,-36.349868,75.251413,-36.348086,77.281313,-36.215069,77.329426,-36.211549,77.332606,-36.211292,77.378438,-36.207938,77.661038,-36.185097,77.819061,-36.163059,78.030568,-36.133593,80.025877,-35.736686,80.066836,-35.728258,80.072629,-35.727026,80.074721,-35.72661,80.115707,-35.718176,80.390056,-35.659836,80.394958,-35.658488,80.397677,-35.65791,80.758229,-35.558755,82.684431,-34.904904,82.717799,-34.89337,82.726959,-34.890147,82.731618,-34.888566,82.765498,-34.876858,83.030783,-34.783506,83.034906,-34.781771,83.037263,-34.780942,83.387784,-34.633452,85.212083,-33.733792,85.237993,-33.720868,85.276136,-33.701623,85.283818,-33.697835,85.309702,-33.684923,85.535651,-33.570924,85.538555,-33.56923,85.540683,-33.568156,85.876125,-33.37234,86.359022,-33.049337,90.452134,-33.968108,92.248536,-34.480365,93.572999,-34.57251,96.673074,-34.139233,98.606816,-33.135852,100.5082,-31.104593,100.915087,-30.564952,101.924144,-28.880524,102.379979,-27.3526,102.528387,-23.657263,102.530642,-23.573702,102.57278,-20.523029,102.572933,-20.448392,102.529786,-15.998481,102.524185,-15.83825,102.381812,-13.475739,102.19355,-12.571824,101.551375,-10.81523,101.285611,-10.261094,100.594407,-9.118125,99.805824,-7.702832,97.599805,-6.07104,94.806157,-5.471799,94.556973,-5.428646,94.013513,-5.356678,93.979694,-5.288102,93.64841,-4.616215,93.544574,-4.422779,93.469752,-4.294261,93.466735,-4.288653,93.458861,-4.275555,93.40322,-4.179984,93.354428,-4.101838,93.310392,-4.028586,92.138769,-2.275147,91.988518,-2.06875,91.988427,-2.068635,91.976199,-2.051836,91.80036,-1.829619,91.77916,-1.804176,91.778775,-1.80369,91.675998,-1.680338,90.334832,-0.151016,90.163718,0.029346,90.163508,0.029551,90.148513,0.045356,89.945643,0.243082,89.921815,0.265113,89.9214,0.265518,89.798729,0.378943,88.269311,1.720191,88.081139,1.872915,88.080864,1.873121,88.063304,1.887373,87.836784,2.057305,87.810829,2.075692,87.810353,2.076049,87.669087,2.176119,85.977838,3.306214,85.776845,3.42997,85.776731,3.430034,85.757008,3.44218,85.510471,3.581649,85.483174,3.596087,85.48262,3.5964,85.323628,3.680486,83.499359,4.580126,83.290165,4.67406,83.289792,4.674212,83.267553,4.684197,83.005157,4.790807,82.977031,4.801284,82.976532,4.801487,82.801997,4.866501,80.875798,5.520349,80.66226,5.584568,80.662079,5.584615,80.638101,5.591828,80.364081,5.663864,80.335669,5.670418,80.335198,5.670542,80.147367,5.71387,78.152414,6.110701,77.938955,6.145652,77.938466,6.145715,77.912681,6.149936,77.631761,6.186149,77.603677,6.188876,77.603292,6.188926,77.404882,6.208198,75.375139,6.341209,75.165403,6.348006,75.164944,6.348006,75.138044,6.348877,74.854802,6.348689,74.827475,6.347785,74.827145,6.347785,74.621496,6.340989,72.591759,6.207977,72.389308,6.188182,72.388935,6.188133,72.361374,6.185439,72.080368,6.148847,72.054287,6.144559,72.053977,6.144519,71.844349,6.110065,69.849212,5.713196,69.657284,5.668788,69.656818,5.668665,69.628999,5.662228,69.355141,5.589846,69.330535,5.582427,69.330254,5.582353,69.120897,5.519236,67.194737,4.8654,67.016271,4.798786,67.015761,4.798578,66.988128,4.788263,66.725866,4.681297,66.703143,4.671076,66.702852,4.670957,66.497562,4.578613,64.673386,3.679018,64.510907,3.592957,64.510479,3.592714,64.483691,3.578525,64.237271,3.438718,64.216924,3.426171,64.216681,3.426033,64.0193,3.304324,62.327939,2.174155,62.183138,2.07143,62.182586,2.071015,62.157058,2.052903,61.930758,1.88263,61.912982,1.868181,61.912787,1.868035,61.72806,1.7179,60.198813,0.3768,60.073383,0.260684,60.072932,0.260243,60.049451,0.238505,59.846866,0.040568,59.83148,0.02433,59.831241,0.024097,59.662967,-0.153494,58.321708,-1.682921,58.216298,-1.809606,58.215896,-1.810115,58.195015,-1.83521,58.019525,-2.057606,58.006955,-2.074898,58.006835,-2.075051,57.8593,-2.278008,56.729216,-3.96925,56.644616,-4.102953,56.644303,-4.103476,56.626416,-4.131743,56.480914,-4.374885,56.471073,-4.392954,56.470947,-4.393165,56.347753,-4.619364,55.448046,-6.443759,55.384143,-6.581552,55.383881,-6.582155,55.369465,-6.613237,55.256418,-6.873087,55.249319,-6.891455,55.249263,-6.891585,55.154099,-7.137809,54.500242,-9.06403,54.456695,-9.202662,54.456492,-9.203365,54.44596,-9.23689,54.367286,-9.508955,54.362782,-9.527445,54.362682,-9.52779,54.298731,-9.790357,53.901895,-11.785319,53.877792,-11.922049,53.87767,-11.922843,53.871416,-11.958317,53.828327,-12.23842,53.826378,-12.256228,53.826371,-12.256274,53.796216,-12.531679,53.6632,-14.56154,53.6573,-14.693779,53.657278,-14.694714,53.65564,-14.731416,53.648911,-15.014587,53.64927,-15.031795,53.649267,-15.031914,53.655168,-15.31511,53.788174,-17.34483,53.798894,-17.470259,53.79899,-17.471168,53.802197,-17.508693,53.831914,-17.790453,53.834364,-17.806587,53.834379,-17.806726,53.877903,-18.093322,54.274751,-20.08834,54.300224,-20.204905,54.300484,-20.205997,54.308693,-20.243558,54.374371,-20.519152,54.378608,-20.533854,54.460694,-20.818705,55.11457,-22.744983,55.152777,-22.851288,55.153194,-22.852385,55.166414,-22.88917,55.266947,-23.153999,55.272796,-23.167438,55.272856,-23.167597,55.393669,-23.445191,56.293317,-25.269465,56.341991,-25.364131,56.342506,-25.365093,56.360823,-25.400718,56.494545,-25.650415,56.501707,-25.662354,56.501841,-25.662604,56.640616,-25.893911,56.653556,-25.915482,56.653571,-25.915504,56.660883,-25.927692,57.790956,-27.618917,57.847791,-27.701142,57.848593,-27.702264,57.871647,-27.735619,58.03631,-27.966016,58.044408,-27.976233,58.044578,-27.976471,58.240612,-28.22378,59.581669,-29.752981,59.644183,-29.822189,59.645278,-29.823366,59.673222,-29.854299,59.866109,-30.061611,59.874806,-30.070056,59.875004,-30.070269,60.106147,-30.2947,61.635489,-31.635878,61.701714,-31.692367,61.703092,-31.69351,61.7351,-31.720812,61.953148,-31.901703,62.001951,-31.938097,62.225459,-32.104791,63.916809,-33.234949,63.984477,-33.278931,63.98602,-33.279906,64.022018,-33.303303,64.261412,-33.454605,64.270571,-33.459739,64.270781,-33.459872,64.490737,-33.583158,64.553452,-33.618314,64.553516,-33.618345,64.562853,-33.623579,66.387075,-34.523199,66.454041,-34.555256,66.455784,-34.556066,66.495122,-34.574897,66.752018,-34.694202,66.760882,-34.697753,66.760992,-34.697804,67.077941,-34.824766,69.004069,-35.478591,69.068364,-35.499655,69.070384,-35.500293,69.112387,-35.514054,69.382531,-35.599385,69.39089,-35.60153,69.390967,-35.601554,69.728086,-35.688048,71.723181,-36.084912,71.783433,-36.096294,71.785824,-36.096722,71.829918,-36.105051,72.108695,-36.154929,72.116594,-36.155892,72.116836,-36.155935,72.314308,-36.179988,72.460305,-36.197782,72.460487,-36.197794,72.4685,-36.19877,74.498108,-36.33177,74.552676,-36.334874,74.555401,-36.335006,74.600715,-36.337583,74.883805,-36.351248]}