{"Inners":[{"Index":-1,"Tolerance":7.489000000000001E-06,"Coordinates":[14.425971,-42.478,13.291099,-42.3027,12.188334,-41.952324,12.14231,-41.929536,10.227946,-40.786022,9.400901,-39.989898,8.704803,-39.076801,8.156271,-38.068233,7.768096,-36.9874,7.549453,-35.859847,7.505508,-34.712918,7.637199,-33.572101,7.941383,-32.464947,8.410959,-31.417472,9.035354,-30.45324,9.799489,-29.595888,10.685096,-28.865501,11.672124,-28.278779,12.737098,-27.849498,13.855155,-27.587894,15.0,-27.5,16.144844,-27.587894,17.262901,-27.849498,18.32792,-28.278801,19.314903,-28.865501,20.200511,-29.595889,20.964614,-30.453201,21.588798,-31.417098,22.058583,-32.465035,22.3628,-33.572101,22.494491,-34.712991,22.450546,-35.859847,22.231933,-36.987212,21.843801,-38.068005,21.295201,-39.076793,20.599241,-39.989865,19.771804,-40.786197,18.832603,-41.4468,17.803602,-41.956291,16.709066,-42.302644,15.574051,-42.478]}],"Index":-1,"Tolerance":2.0495642E-05,"Coordinates":[22.873697,-60.875944,23.003147,-60.879371,24.911949,-60.803671,25.819535,-60.710637,25.910515,-60.690256,26.72712,-60.617602,28.150275,-60.298795,30.47856,-59.407515,31.588348,-58.944665,31.932683,-58.781017,33.188032,-57.629307,34.680697,-56.224908,35.020382,-55.808329,36.626793,-53.52117,38.671743,-50.101113,38.820284,-49.79657,40.226387,-46.436943,40.349765,-46.097307,40.394652,-45.905337,40.922191,-43.297468,40.991294,-41.805057,40.864016,-40.417826,40.318618,-36.834826,40.043492,-35.551511,39.510058,-33.765329,38.737846,-31.268924,38.497111,-30.653653,37.723982,-28.945602,37.172221,-27.775801,36.466955,-26.591517,34.532027,-23.892709,34.068673,-23.278839,33.862061,-23.089629,32.713789,-21.985241,31.931529,-21.303485,30.099511,-20.111363,29.451824,-19.732125,28.858471,-19.583352,28.714099,-19.498818,28.120745,-19.350045,27.976374,-19.265511,27.383018,-19.116737,27.238649,-19.032205,26.841969,-18.932744,26.417817,-18.898564,25.939124,-18.933824,25.599422,-18.980284,25.460431,-18.969084,25.120729,-19.015544,24.981738,-19.004344,24.84733,-19.022727,24.708229,-19.105163,24.652439,-19.164659,24.195965,-19.435183,24.140175,-19.494679,23.683701,-19.765203,23.627911,-19.824699,23.171437,-20.095223,23.115649,-20.154717,22.659173,-20.425242,22.576774,-20.530873,22.841552,-21.273557,22.905588,-21.650972,23.05111,-22.059149,22.471202,-21.858538,22.862038,-22.249428,22.518129,-22.021722,22.110903,-21.79144,21.329214,-21.419241,20.531483,-21.059496,20.29571,-20.9678,19.527498,-20.717929,18.667582,-20.45722,18.307316,-20.377341,17.641724,-20.253159,16.755724,-20.104674,16.545756,-20.080135,15.712008,-20.036278,14.814353,-20.002475,14.527251,-20.011226,13.770636,-20.070871,12.875962,-20.152206,11.826543,-20.361513,10.973232,-20.55149,10.833562,-20.59164,9.98277,-20.887702,9.14195,-21.192145,8.969852,-21.267468,8.200053,-21.656142,7.40132,-22.067655,6.531654,-22.648764,5.709149,-23.223786,4.32647,-24.461325,3.78263,-25.081028,3.058465,-25.922829,2.597243,-26.612261,1.964712,-27.578307,1.121799,-29.308325,0.511161,-31.117719,0.131279,-33.020346,1E-05,-34.994103,0.12679,-36.934799,0.340298,-38.049834,0.490762,-38.805023,0.83015,-39.840177,1.105199,-40.650452,1.906215,-42.317846,2.447692,-43.167716,3.028803,-44.037382,3.608785,-44.723409,4.100469,-45.292824,4.301549,-45.512659,4.961631,-46.116031,5.623781,-46.707471,5.748028,-46.805674,6.463428,-47.308044,7.140769,-47.771684,7.356882,-47.905048,8.35827,-48.426583,8.084942,-48.383533,7.64626,-48.429142,6.275445,-49.356644,6.346404,-50.36167,6.404582,-51.675999,6.790663,-52.666259,7.269289,-53.668076,7.816992,-54.564862,8.450384,-55.333027,9.591128,-56.362285,9.985221,-56.688962,11.561795,-57.539177,14.231089,-58.961663,15.492073,-59.424471,15.927916,-59.547129,16.281975,-59.677076,16.717817,-59.799733,17.071877,-59.929681,17.507721,-60.052339,17.861779,-60.182286,18.628725,-60.337514,18.888089,-60.380201,18.909033,-60.386095,21.826723,-60.866296,22.245688,-60.900877]}