{"Inners":[{"Index":-1,"Tolerance":1.1296570000000017E-06,"Coordinates":[14.913514,-36.128,14.777447,-36.106982,14.13134,-35.721043,14.050247,-35.61467,13.967663,-35.462826,13.909162,-35.299937,13.876133,-35.129602,13.869515,-34.956875,13.88942,-34.784437,13.935283,-34.617508,14.005962,-34.459845,14.100307,-34.314151,14.215682,-34.184702,14.349052,-34.074708,14.498006,-33.986165,14.658731,-33.921378,14.827241,-33.88195,15.0,-33.868686,15.172758,-33.88195,15.341259,-33.921376,15.502017,-33.986176,15.650943,-34.074704,15.78432,-34.184704,15.899674,-34.314129,15.993803,-34.459487,16.064748,-34.617742,16.110591,-34.784568,16.130484,-34.956911,16.123868,-35.129583,16.090859,-35.299807,16.032331,-35.462784,15.949559,-35.614987,15.844598,-35.752691,15.719795,-35.872803,15.578119,-35.972453,15.422956,-36.049279,15.257919,-36.101503,15.086415,-36.128]}],"Index":-1,"Tolerance":2.54827875E-05,"Coordinates":[22.298473,-66.734692,24.897486,-66.455042,26.969489,-66.296894,27.571867,-66.192007,28.212198,-66.015749,28.479577,-65.929257,30.55823,-65.153708,30.755731,-65.072353,33.10247,-64.012026,33.257664,-63.936765,34.082329,-63.508801,34.709223,-63.081751,35.857397,-62.080157,35.975359,-61.971898,37.369026,-60.626589,37.677717,-60.281791,38.55656,-59.14321,38.649645,-59.016226,39.849971,-57.290632,39.953249,-57.132305,40.788263,-55.764951,40.951101,-55.462712,41.529887,-54.233709,41.555442,-54.178058,43.05725,-50.822688,43.162503,-50.555822,43.468423,-49.664158,43.560361,-49.341649,44.211368,-46.496029,44.270708,-46.14936,44.597226,-43.30157,44.614973,-42.802369,44.481934,-39.716753,44.476874,-39.628171,44.346785,-37.79989,44.301486,-37.445793,43.535219,-33.315537,43.512816,-33.205641,43.212454,-31.854617,43.106289,-31.484548,42.913419,-30.939288,41.61541,-26.978445,41.579325,-26.874458,41.300938,-26.114994,41.020985,-25.53864,40.137407,-24.107101,39.724692,-23.308242,39.321204,-22.706676,34.968336,-17.588389,34.627735,-17.244723,33.259897,-16.060159,32.657803,-15.649097,29.133518,-13.794776,28.654778,-13.590979,26.554872,-12.893774,25.105387,-12.759576,23.307386,-13.005487,22.107,-13.423982,20.661956,-14.280369,20.520334,-14.383512,20.431061,-14.356446,20.370487,-14.339786,20.333061,-14.326839,20.331644,-14.329103,20.272075,-14.312719,20.133233,-14.278382,20.079838,-14.262155,19.676633,-14.167808,19.410188,-14.123533,18.777646,-14.005517,18.720103,-13.995328,17.72746,-13.82897,17.57121,-13.806761,17.344446,-13.780259,17.33685,-13.778997,17.312491,-13.776525,17.182272,-13.761306,17.063452,-13.751248,16.935458,-13.738257,16.694782,-13.729195,16.02193,-13.693801,15.974622,-13.691667,14.945246,-13.652903,14.728976,-13.652128,14.684338,-13.653489,14.646375,-13.652059,14.240649,-13.662714,14.109206,-13.674595,14.104473,-13.674854,13.252626,-13.742006,13.214687,-13.745226,12.163452,-13.840794,11.945883,-13.870162,11.918404,-13.872646,11.515284,-13.935379,11.17123,-14.011813,10.511002,-14.14924,10.468043,-14.158493,9.501503,-14.373678,9.31923,-14.419963,9.267561,-14.434725,9.238373,-14.441209,8.846988,-14.554924,8.513329,-14.675557,7.877048,-14.896973,7.8396,-14.910268,6.815377,-15.281117,6.561589,-15.389182,6.556954,-15.390932,6.544993,-15.39625,6.493013,-15.418383,6.472735,-15.428372,6.223686,-15.539089,5.693778,-15.812102,5.36828,-15.972448,5.317202,-15.998184,4.364861,-16.488837,4.230152,-16.566171,4.203731,-16.579784,4.141588,-16.617015,4.114749,-16.632423,4.096591,-16.643974,3.854834,-16.788815,3.577722,-16.979949,2.958711,-17.39931,2.936028,-17.414821,2.03587,-18.036084,1.953268,-18.100382,1.935904,-18.112358,1.790827,-18.226825,1.74851,-18.259765,1.743281,-18.26434,1.615763,-18.364953,1.15937,-18.775198,0.937421,-18.969381,0.904925,-18.998207,-0.059113,-19.865207,-0.105666,-19.912329,-0.119268,-19.924556,-0.273026,-20.081735,-0.322582,-20.131896,-0.326819,-20.136724,-0.404366,-20.215996,-0.792397,-20.667244,-1.00046,-20.904331,-1.021016,-20.927989,-1.880517,-21.927111,-1.91676,-21.974785,-1.925082,-21.984463,-2.040876,-22.138048,-2.112735,-22.232572,-2.117411,-22.239561,-2.17061,-22.310123,-2.521836,-22.844095,-2.689257,-23.094355,-2.706407,-23.120265,-3.377291,-24.144653,-3.452605,-24.259155,-3.654433,-24.61363,-4.544559,-26.440551,-4.666796,-26.690667,-4.668872,-26.695707,-4.676016,-26.710371,-4.830658,-27.087451,-5.285509,-28.437254,-5.569572,-29.276715,-5.675751,-29.673167,-6.045652,-31.525807,-6.135472,-31.974478,-6.189943,-32.382105,-6.19003,-32.383375,-6.190198,-32.384637,-6.213112,-32.721558,-6.349354,-34.715317,-6.34999,-34.973266,-6.350602,-35.066366,-6.350249,-35.07839,-6.350384,-35.133053,-6.347147,-35.184124,-6.343915,-35.294284,-6.213378,-37.292485,-6.199465,-37.511798,-6.198624,-37.518401,-6.196882,-37.545076,-6.14693,-37.935645,-5.894166,-39.255694,-5.889617,-39.278979,-5.833142,-39.562434,-5.722394,-40.142693,-5.701116,-40.225062,-5.69953,-40.233022,-5.670292,-40.344387,-5.620382,-40.537592,-5.616298,-40.55004,-5.602641,-40.602058,-5.198661,-41.83422,-5.188181,-41.86563,-5.083091,-42.175218,-4.893116,-42.754249,-4.850191,-42.861332,-4.847478,-42.869323,-4.81386,-42.951962,-4.741324,-43.132913,-4.734064,-43.148117,-4.705991,-43.217127,-4.13574,-44.411423,-4.115805,-44.452415,-3.989981,-44.706485,-3.736268,-45.237851,-3.653417,-45.386094,-3.649947,-45.393101,-3.622575,-45.441279,-3.537393,-45.593693,-3.525733,-45.611732,-3.471608,-45.706999,-2.878164,-46.625748,-2.861706,-46.650965,-2.473689,-47.239359,-2.271431,-47.552273,-2.114394,-47.764068,-2.104325,-47.778604,-2.082431,-47.807177,-2.028572,-47.879816,-2.00947,-47.902394,-1.918875,-48.020624,-1.229765,-48.835733,-1.208225,-48.860943,-0.726606,-49.418702,-0.521971,-49.660571,-0.238979,-49.954507,-0.217394,-49.974221,-0.079844,-50.110834,0.69082,-50.815287,0.71789,-50.839748,0.9992,-51.091017,1.032987,-52.073614,1.067548,-52.444259,1.192032,-53.259186,1.498461,-54.21703,2.560945,-56.320807,2.747935,-56.64269,3.627062,-57.970341,3.777693,-58.178946,5.446963,-60.303729,5.802652,-60.686916,6.570319,-61.3883,6.930944,-61.672835,9.845531,-63.648432,10.51088,-63.99299,12.089425,-64.587111,12.210426,-64.629882,15.232511,-65.629873,15.609233,-65.729369,19.914431,-66.588061,20.187423,-66.630263,20.9727,-66.7169,21.23695,-66.734944,21.874296,-66.75182]}