{"Index":-1,"Tolerance":2.4414781E-05,"Coordinates":[229.381956,-62.173538,230.24461,-62.06611,230.381902,-62.026274,230.43571,-62.019573,230.573015,-61.979733,230.626799,-61.973035,230.764105,-61.933196,230.817933,-61.926492,230.955222,-61.886657,231.009027,-61.879956,231.19696,-61.825426,232.516291,-61.702466,232.53236,-61.700436,233.057899,-61.902832,235.566167,-61.846473,236.700545,-61.35,254.103239,-61.35,254.870089,-61.36135,254.929076,-61.361675,258.019113,-61.35,277.623184,-61.35,281.342928,-57.630256,281.342928,-17.601341,277.623184,-13.881597,232.402748,-13.881597,232.308612,-13.975733,232.234503,-13.971904,231.653618,-13.873163,231.627079,-13.868767,230.561113,-13.69685,230.34626,-13.6622,230.285816,-13.650745,229.991791,-13.609148,229.021534,-13.517886,228.494672,-13.512166,227.890161,-13.55581,227.6389,-13.553165,226.879857,-13.636679,226.261512,-13.781262,225.806586,-13.864133,225.144365,-14.060938,224.447556,-14.353545,223.957023,-14.611934,222.793402,-15.36119,222.185868,-15.869443,221.358365,-16.758482,220.871006,-17.445298,220.832591,-17.518247,220.396385,-18.227725,220.023928,-19.085137,219.889974,-19.454447,219.636648,-20.315574,219.614999,-20.392749,219.497932,-20.831289,219.410738,-21.291966,219.31254,-22.155277,219.304016,-22.240414,219.210389,-23.322475,219.200108,-23.497335,219.161742,-24.728763,219.160397,-24.862847,219.175811,-26.253203,219.176334,-26.285517,219.191554,-27.001109,219.206034,-27.243913,219.285628,-28.054616,219.383481,-29.070517,219.494472,-29.650777,219.732123,-30.471162,219.875046,-30.865207,220.372941,-31.99854,220.746248,-32.635557,221.35725,-33.445623,221.926152,-34.02742,223.185165,-35.022081,224.437553,-35.627713,225.039141,-35.76998,225.52219,-35.896726,225.88089,-35.969063,226.017874,-35.98856,226.121704,-36.010436,226.278494,-36.03938,227.103284,-36.170318,227.297471,-36.176991,227.393753,-36.188507,228.683004,-36.313936,228.683004,-44.402352,228.53344,-44.439921,228.405357,-44.52739,228.325375,-44.547481,228.251376,-44.593713,228.156866,-44.617453,228.082854,-44.663693,227.988344,-44.687433,227.914345,-44.733665,227.819835,-44.757405,227.745829,-44.803641,227.651319,-44.827381,227.577313,-44.873617,227.482803,-44.897357,227.408797,-44.943593,227.314287,-44.967333,227.240275,-45.013573,227.145765,-45.037313,227.071766,-45.083545,226.977256,-45.107285,226.90325,-45.153521,226.808745,-45.17726,226.803729,-45.180394,226.657266,-45.19389,226.586032,-45.231127,226.467718,-45.242685,226.398207,-45.279266,226.277934,-45.291691,226.217348,-45.32379,226.100139,-45.336245,226.048304,-45.363805,225.93566,-45.375775,225.883826,-45.403334,225.771183,-45.415304,225.719346,-45.442865,225.606701,-45.454835,225.554866,-45.482395,225.442222,-45.494365,225.390387,-45.521924,225.277749,-45.533894,225.225909,-45.561456,225.113261,-45.573427,225.061429,-45.600985,224.948787,-45.612955,224.89695,-45.640516,224.784306,-45.652486,222.611429,-46.80776,221.443881,-48.195816,221.018005,-48.698496,220.429342,-49.737883,220.219432,-50.355236,219.899225,-51.27093,219.724174,-52.168095,219.685183,-52.963319,219.684882,-52.969578,219.633979,-54.051391,219.706444,-54.8933,219.915233,-55.832543,220.033211,-56.235483,220.426456,-57.309684,220.681377,-57.84523,221.193812,-58.704767,221.45672,-59.081045,222.181757,-59.973764,222.974352,-60.67265,224.038338,-61.334719,224.731338,-61.657886,225.739752,-61.98768,226.059087,-62.073998,227.175892,-62.314273,228.38008,-62.341728]}