{"Inners":[{"Index":-1,"Tolerance":2.4323450000000014E-06,"Coordinates":[221.920587,-42.618735,221.712783,-42.621375,221.698902,-42.622006,220.058584,-42.548922,217.186876,-42.139581,217.137661,-42.132958,217.091146,-42.127068,214.861326,-41.507427,213.943617,-41.06107,213.990795,-40.889385,214.224546,-39.739318,216.126681,-38.882117,217.40279,-38.597406,219.637175,-38.21103,222.662818,-37.969448,222.680676,-37.967971,223.74119,-37.877268,226.085872,-37.814124,228.431348,-38.390542,228.683004,-38.457611,228.683004,-42.111947,226.856379,-42.426795,226.677057,-42.463052,225.93083,-42.636444,224.920922,-42.678814]},{"Index":-1,"Tolerance":1.1296570000000017E-06,"Coordinates":[14.913514,-36.128,14.777452,-36.106983,14.131334,-35.721035,14.050247,-35.61467,13.967663,-35.462826,13.909162,-35.299937,13.876133,-35.129602,13.869515,-34.956875,13.88942,-34.784437,13.935283,-34.617508,14.005962,-34.459845,14.100307,-34.314151,14.215682,-34.184702,14.349052,-34.074708,14.498002,-33.986167,14.658735,-33.921377,14.827241,-33.88195,15.0,-33.868686,15.172758,-33.88195,15.341259,-33.921376,15.502017,-33.986176,15.650943,-34.074704,15.784321,-34.184705,15.899674,-34.314129,15.993803,-34.459487,16.064748,-34.617742,16.110591,-34.784568,16.130485,-34.956918,16.123869,-35.129577,16.09086,-35.299799,16.032327,-35.46279,15.949559,-35.614987,15.844599,-35.752691,15.719795,-35.872803,15.578119,-35.972453,15.422956,-36.049279,15.257921,-36.101503,15.086413,-36.128]}],"Index":-1,"Tolerance":4.633427049999999E-05,"Coordinates":[75.577358,-86.343794,77.803057,-86.165817,78.197535,-86.109206,80.502245,-85.629356,80.902676,-85.518235,83.16024,-84.729515,83.543391,-84.566779,85.654554,-83.50187,86.009682,-83.292816,87.963161,-81.965175,88.296037,-81.704992,89.403316,-80.714183,93.414227,-82.146691,93.640716,-82.218153,96.454524,-82.991568,97.103695,-83.099462,99.080357,-83.2205,99.227181,-83.226085,109.231496,-83.374978,109.693579,-83.348157,112.999403,-82.91315,113.349235,-82.846997,115.79565,-82.240682,116.243551,-82.093669,117.439036,-81.60037,117.846145,-81.573167,121.816948,-81.736073,122.012304,-81.738073,124.813792,-81.680565,125.294419,-81.634025,128.739376,-81.03367,136.480231,-80.708428,142.295138,-80.780986,142.732304,-80.756282,150.982886,-79.716388,153.71214,-79.722201,154.403318,-79.647796,165.61392,-77.180844,165.657609,-77.170906,173.323629,-75.370179,173.460618,-75.334762,176.904718,-74.361981,186.468788,-72.195688,190.71491,-71.475211,190.802536,-71.459075,196.317282,-70.363324,196.387499,-70.348545,196.706312,-70.277674,199.020355,-69.794496,199.086687,-69.779903,200.055911,-69.55579,200.967929,-69.360763,201.017027,-69.349857,205.46354,-68.325098,228.209247,-63.088746,231.611118,-62.355908,235.218814,-61.779747,238.565757,-61.480427,250.837273,-61.359432,256.588201,-61.399199,256.717943,-61.397445,258.114849,-61.35,277.623184,-61.35,281.342928,-57.630256,281.342928,-17.601341,277.623184,-13.881597,235.308453,-13.881597,232.815582,-13.664915,226.311228,-12.544571,226.299528,-12.542386,212.725333,-9.948535,212.693329,-9.942589,201.299391,-7.886205,201.113152,-7.858267,196.794741,-7.340848,188.724847,-5.665682,188.648322,-5.650775,176.716122,-3.477995,176.387585,-3.435722,175.731102,-3.385856,168.558388,-1.871873,168.457856,-1.852341,166.698301,-1.539845,166.326603,-1.496214,160.92662,-1.183059,149.211784,-0.253324,148.780129,-0.248471,141.624332,-0.654732,137.241775,-0.657163,131.656293,0.097458,131.322798,0.124735,126.053733,0.277194,121.450793,0.755228,114.054149,1.723732,113.636272,1.750629,108.478429,1.742161,108.421753,1.741562,103.652908,1.648589,103.599289,1.64709,95.771152,1.362114,95.305597,1.310641,91.323192,0.570129,90.456516,0.275443,90.053659,0.069961,88.521073,1.51314,88.20726,1.772797,86.776916,2.809385,86.473725,3.003896,84.454358,4.143263,84.081861,4.322563,81.88603,5.208619,81.499572,5.336454,79.26281,5.920413,78.867802,5.99721,76.577142,6.293596,76.089884,6.318896,72.874129,6.238729,72.332813,6.178591,69.355392,5.586308,68.83769,5.436784,65.909104,4.314416,65.47261,4.107861,63.433477,2.945737,63.092548,2.721268,61.219003,1.307249,60.899542,1.030988,59.182951,-0.665451,58.910415,-0.972001,57.477105,-2.810599,57.256479,-3.132599,56.119998,-5.031741,55.935111,-5.390636,54.998067,-7.534008,54.858536,-7.919035,54.205357,-10.16345,54.121617,-10.531352,53.804533,-12.442699,53.764055,-12.840045,53.658143,-15.579409,53.67304,-16.033144,53.829813,-17.531061,53.350892,-17.688518,50.543647,-18.329243,42.571698,-19.460847,41.775694,-19.405847,39.723468,-18.849395,38.649616,-18.206561,33.411777,-14.523719,32.550519,-14.095271,28.242834,-12.713398,27.121074,-12.563695,23.69756,-12.718138,22.054052,-13.254936,20.409693,-14.34715,19.992354,-14.243157,17.451934,-13.791681,17.03821,-13.745839,14.905482,-13.650178,14.51833,-13.656425,12.181467,-13.836936,11.773498,-13.895247,9.457113,-14.381336,9.040183,-14.498991,6.640677,-15.356539,6.265978,-15.518276,4.335112,-16.503308,3.986471,-16.710193,1.955572,-18.097751,1.628873,-18.353784,-0.057671,-19.863291,-0.338693,-20.148685,-1.874036,-21.918323,-2.12515,-22.249171,-3.447601,-24.2508,-3.65301,-24.61071,-4.67564,-26.709584,-4.829863,-27.085384,-5.570654,-29.280435,-5.676004,-29.674433,-6.13644,-31.980515,-6.190954,-32.391916,-6.349866,-34.781312,-6.350112,-35.199432,-6.196559,-37.549959,-6.14479,-37.94991,-5.703104,-40.219454,-5.598881,-40.616333,-4.856202,-42.84693,-4.705525,-43.219168,-3.727804,-45.254391,-3.524297,-45.615574,-2.172533,-47.686153,-1.917657,-48.024857,-0.684637,-49.454086,-0.728331,-50.899935,-0.633654,-51.773555,0.432069,-56.01595,1.365546,-57.597181,5.401753,-61.359763,6.086779,-61.846894,11.703937,-64.813978,12.210343,-65.027758,16.134233,-66.297448,16.598777,-66.410002,21.530404,-67.218372,22.161217,-67.258175,25.276272,-67.144607,25.541571,-67.12378,29.424296,-66.654638,30.040669,-66.517052,33.239396,-65.460603,33.682089,-65.276314,37.408501,-63.383654,37.932319,-63.049592,39.437726,-61.867982,41.292651,-61.117285,42.684003,-61.481126,42.946777,-61.538079,47.592875,-62.340886,52.183201,-63.764464,52.621765,-63.867068,53.696094,-64.039252,53.650179,-65.139449,53.659157,-65.544912,53.88415,-68.15514,53.952534,-68.591377,54.478528,-70.889509,54.588988,-71.264408,55.315929,-73.267917,55.471164,-73.625621,56.540424,-75.726243,56.75202,-76.082416,58.09773,-78.044061,58.366395,-78.383573,60.093023,-80.283737,60.405391,-80.58364,62.223692,-82.105488,62.556895,-82.349386,64.541724,-83.612838,64.888636,-83.80438,66.864493,-84.739633,67.232594,-84.886529,69.470714,-85.621533,69.871165,-85.724726,72.210944,-86.167693,72.63765,-86.218907,75.159443,-86.349645]}