{"Index":-1,"Tolerance":2.4010617499999998E-05,"Coordinates":[235.566167,-61.846473,236.700545,-61.35,277.623184,-61.35,281.342928,-57.630256,281.342928,-17.601341,277.623184,-13.881597,232.402748,-13.881597,232.245812,-14.038533,231.575774,-14.08149,231.185157,-14.099596,230.599303,-14.181808,230.412744,-14.225985,229.566858,-14.351097,228.470608,-14.725053,227.975873,-15.002207,227.429055,-15.239228,226.504959,-15.848475,225.214172,-17.067341,224.637145,-17.799401,224.226411,-18.515122,224.117095,-18.723065,223.704685,-19.583389,223.48827,-20.182156,223.243232,-21.155413,223.211892,-21.292678,223.102004,-21.828439,223.051347,-22.167425,222.945938,-23.28104,222.914003,-23.5603,222.893997,-23.861374,222.884235,-24.379388,222.883939,-24.48048,222.902938,-25.942196,222.905651,-26.038474,222.934944,-26.714071,222.945127,-26.865361,223.116966,-28.746653,223.126926,-28.840326,223.218112,-29.591772,223.298217,-30.012445,223.601196,-31.171964,224.093117,-32.222851,225.011303,-33.508916,225.414771,-33.97203,226.760335,-35.24445,228.376282,-36.072337,228.683004,-36.13115,228.683004,-44.402352,228.53344,-44.439921,228.405357,-44.52739,228.325375,-44.547481,228.251376,-44.593713,228.156866,-44.617453,228.082854,-44.663693,227.988344,-44.687433,227.914343,-44.733666,227.819841,-44.757404,226.124034,-45.816876,225.162047,-46.958889,224.985838,-47.188545,224.384309,-48.051244,224.040284,-48.688608,223.648284,-49.667169,223.4395,-50.49715,223.278366,-51.931571,223.267572,-52.046439,223.214216,-52.751535,223.300834,-53.768952,223.65178,-55.170304,223.74031,-55.577026,224.061414,-56.434584,224.40666,-57.063207,224.632601,-57.417011,225.762048,-58.951824,226.775189,-59.847945,227.515664,-60.264061,227.668741,-60.344678,228.809396,-60.906254,229.550415,-61.163488,230.820222,-61.435134,231.370792,-61.503442,231.90588,-61.52278,232.020792,-61.524851,232.076427,-61.524847,233.057899,-61.902832]}