{"Index":-1,"Tolerance":2.68519805E-05,"Coordinates":[217.960027,-64.907954,218.870655,-64.907437,219.338649,-64.872535,221.366985,-64.569489,221.549074,-64.536835,224.461575,-63.926491,224.487017,-63.92105,225.382266,-63.72577,225.41024,-63.719535,226.031638,-63.578102,226.091281,-63.564926,226.104351,-63.56201,228.385225,-63.048048,231.742225,-62.327566,234.349289,-61.876744,234.814284,-61.877955,235.391862,-61.757881,238.076725,-61.519476,238.695237,-61.46819,239.370202,-61.43922,239.387213,-61.438445,240.094089,-61.404307,241.712156,-61.361666,241.813292,-61.361141,247.233796,-61.357073,249.298727,-61.359335,249.310401,-61.359326,249.650606,-61.358448,250.80399,-61.359202,256.588201,-61.399199,256.717943,-61.397445,258.114849,-61.35,277.623184,-61.35,281.342928,-57.630256,281.342928,-17.601341,277.623184,-13.881597,234.67723,-13.881597,232.839136,-13.672465,232.435059,-13.610714,227.877076,-12.83088,225.822323,-12.453653,225.817347,-12.452744,223.224585,-11.981015,222.722574,-11.885988,222.678755,-11.878011,222.016122,-11.762183,221.870317,-11.740172,217.988442,-11.246046,217.506077,-11.221624,214.888669,-11.288219,213.617845,-11.586142,211.567318,-12.53927,210.045703,-13.996993,209.443622,-15.159168,208.082249,-17.15182,207.51707,-18.938818,207.496657,-20.476226,207.46163,-20.776405,207.251478,-24.783667,207.247139,-24.960922,207.249508,-25.648155,207.286844,-26.123142,207.305495,-26.243736,207.354457,-28.561259,207.359887,-28.691543,207.465316,-30.384556,208.018565,-32.001366,208.980041,-33.415234,209.133647,-33.622485,210.686453,-35.54885,212.837329,-36.749658,214.173637,-36.918942,214.798459,-37.137236,215.956393,-37.314788,218.719621,-37.226852,218.874534,-37.21813,221.091747,-37.038859,222.807777,-36.995628,225.545468,-37.071317,225.612877,-37.072465,226.555356,-37.078503,228.683004,-37.180836,228.683004,-43.720007,227.454239,-43.821838,226.148886,-43.836152,224.082956,-43.831565,224.054065,-43.831632,222.084482,-43.845181,219.946597,-43.813724,218.750287,-43.769793,218.647892,-43.767686,217.797729,-43.763903,216.881868,-43.730649,215.799503,-43.878002,214.496126,-44.291072,213.170102,-44.548194,211.263895,-45.684371,210.084655,-47.121003,209.640411,-47.562051,209.262125,-48.014665,208.672733,-48.870011,208.171979,-50.044889,207.665769,-52.51105,207.601204,-53.206396,207.601921,-53.247867,207.369266,-54.972957,207.465481,-56.288881,207.756444,-57.300624,207.89624,-58.451349,208.650878,-60.168254,209.22129,-60.835469,209.99283,-62.243946,211.977232,-63.831299,214.909765,-64.673676,215.080971,-64.717735,215.644549,-64.846158,216.388135,-64.925585]}