{"Index":-1,"Tolerance":2.0178291999999998E-05,"Coordinates":[220.645997,-58.153193,220.875169,-58.150622,221.66095,-58.003032,222.406186,-57.857979,226.306363,-57.007667,226.636541,-56.932517,226.680731,-56.922868,227.021047,-56.846228,230.534478,-56.092173,233.812507,-55.525326,234.169387,-55.526255,234.26916,-55.482588,237.533576,-55.192721,238.832373,-55.085026,241.746888,-55.008555,243.279296,-55.009604,244.321837,-55.008759,244.461608,-55.008855,248.966562,-55.005995,249.43944,-55.006513,250.827933,-55.009216,256.567233,-55.048902,257.612271,-55.001491,258.00703,-55.0,274.992928,-55.0,274.992928,-20.231597,235.033004,-20.231597,235.033004,-20.313044,234.66952,-20.276449,233.40028,-20.126798,233.269504,-20.117641,232.000268,-19.96799,231.419883,-19.879295,228.956067,-19.46033,228.501288,-19.378135,226.301356,-19.004044,225.220685,-18.806669,224.678195,-18.69973,221.696462,-18.163,221.47555,-18.122652,221.465963,-18.121508,221.445589,-18.117841,221.411507,-18.115013,220.944368,-18.059291,219.183092,-17.913496,217.80112,-18.257355,217.124835,-18.679459,216.541687,-19.896352,216.422685,-20.4269,216.174965,-23.319238,216.170698,-23.494091,216.174919,-26.793254,216.518292,-28.139188,216.574096,-28.534485,217.224613,-29.329596,217.312627,-29.458224,217.648456,-29.556889,218.75342,-29.973786,220.321732,-30.024038,221.54819,-30.089115,222.254366,-30.075481,225.191298,-30.181672,228.26222,-30.287888,233.274644,-30.623757,235.033004,-30.768888,235.033004,-49.540525,234.383586,-49.643897,234.245809,-49.57763,234.052622,-49.535518,233.828399,-49.614609,233.539787,-49.669483,232.283316,-50.009214,232.191463,-50.050388,232.056493,-50.080138,229.765077,-50.375511,228.361127,-50.580664,224.259951,-50.80482,224.16024,-50.812209,219.993981,-50.955025,218.902048,-51.12517,218.825225,-51.144003,217.462008,-51.822948,217.167339,-52.05569,216.69516,-53.067383,216.659579,-53.151282,216.407997,-54.960362,216.402044,-55.018963,216.736746,-56.935103,217.737667,-57.789729,217.904823,-58.013547,218.894202,-58.187002,219.135347,-58.27008]}