{"Index":-1,"Tolerance":2.63244605E-05,"Coordinates":[222.116898,-64.279207,222.215384,-64.272903,222.738649,-64.23124,223.093535,-64.182732,223.507668,-64.102124,223.577002,-64.087824,224.722837,-63.83816,224.74559,-63.833115,229.621331,-62.733199,231.252506,-62.395078,232.933725,-62.122591,232.980199,-62.114704,233.362335,-62.046932,233.471602,-62.029223,233.506363,-62.02339,234.291295,-61.887211,235.368259,-61.933099,235.901656,-61.699648,238.732201,-61.464454,238.786423,-61.45948,238.959432,-61.442112,239.142939,-61.429014,241.561104,-61.364744,242.152156,-61.35,249.611532,-61.35,250.960416,-61.363239,250.982196,-61.363378,251.200106,-61.364022,251.436933,-61.366475,251.460437,-61.366632,252.223542,-61.368886,256.606131,-61.399325,256.772105,-61.396139,257.768214,-61.350948,258.0191,-61.35,277.623184,-61.35,281.342928,-57.630256,281.342928,-17.601341,277.623184,-13.881597,234.662174,-13.881597,234.069012,-13.81166,233.918993,-13.797571,233.003638,-13.733476,232.40975,-13.631658,229.614469,-13.126447,229.582036,-13.120759,227.106709,-12.699837,226.716707,-12.629373,225.88068,-12.464571,225.829333,-12.454887,223.323345,-12.003601,223.18769,-11.978506,222.870779,-11.936241,220.305357,-11.724772,219.325886,-11.795511,217.453884,-12.226803,217.022657,-12.358988,216.416484,-12.59301,215.981622,-12.799994,215.46155,-13.097803,215.186572,-13.274648,214.42927,-13.818732,213.886043,-14.313318,213.061655,-15.259599,212.68842,-15.788127,212.080497,-16.867198,211.787607,-17.574378,211.341526,-19.172105,211.241048,-19.702068,211.048428,-21.575164,211.037047,-21.717006,210.935094,-23.483246,210.930928,-23.750357,210.978139,-25.533593,210.978367,-25.541802,211.027861,-27.244793,211.108646,-27.870699,211.359943,-28.955377,211.372356,-29.00699,211.629775,-30.039281,211.851341,-30.652124,212.33536,-31.655525,212.68854,-32.22527,213.561462,-33.349126,214.268463,-34.017705,215.34268,-34.759788,216.130713,-35.155982,217.628855,-35.664412,217.866356,-35.734812,218.559628,-35.911218,219.323237,-36.00955,220.27406,-36.016177,221.189891,-36.064771,221.419484,-36.068641,222.786762,-36.042243,223.139758,-36.015706,224.034086,-35.898084,225.254508,-35.827287,225.311582,-35.844492,225.692793,-35.934204,226.753478,-36.115705,226.978834,-36.146009,228.683004,-36.313323,228.683004,-44.483414,228.100359,-44.725357,227.257794,-45.07523,227.156962,-45.122776,227.076111,-45.150354,227.03166,-45.168887,226.622332,-45.240614,226.479472,-45.322812,225.122218,-45.302098,224.876711,-45.26626,224.53818,-45.235221,221.550432,-45.12191,221.316475,-45.121661,220.682932,-45.144334,220.405151,-45.166506,218.653483,-45.38399,217.878955,-45.581118,216.348766,-46.183295,215.704032,-46.527069,214.994374,-47.017582,214.831672,-47.137877,213.740406,-47.999807,212.818844,-49.164278,212.262489,-50.356328,212.21655,-50.459506,211.783267,-51.481182,211.557593,-52.308758,211.406632,-53.451542,211.212977,-54.839671,211.291065,-56.111202,211.858787,-58.234334,211.882405,-58.318049,212.235111,-59.505703,213.023327,-60.844444,213.927918,-61.766995,214.226131,-62.035005,215.577998,-63.103799,216.695777,-63.674393,218.105767,-64.072208,218.410581,-64.142213,219.451806,-64.327931,220.165087,-64.373693]}