{"Index":-1,"Tolerance":1.0593716999999998E-05,"Coordinates":[265.6304,-57.630256,265.6304,-17.601341,261.910656,-13.881597,248.16271,-13.881597,244.442966,-17.601341,244.442966,-57.630256,248.16271,-61.35,261.910656,-61.35]}