{"Inners":[{"Index":-1,"Tolerance":7.489000000000001E-06,"Coordinates":[14.425971,-42.478,13.291099,-42.3027,12.188787,-41.952548,12.085436,-41.901377,10.300053,-40.836739,10.227945,-40.786021,10.024465,-40.590149,9.400901,-39.989898,8.704803,-39.076801,8.156272,-38.068232,7.768096,-36.9874,7.549453,-35.859847,7.505508,-34.712924,7.637199,-33.572101,7.941383,-32.464947,8.392356,-31.458969,8.410959,-31.417472,8.411201,-31.417098,9.035354,-30.45324,9.799489,-29.595888,10.685096,-28.865501,11.672124,-28.278779,12.506204,-27.942569,12.737098,-27.849498,13.855155,-27.587894,15.0,-27.5,16.144844,-27.587894,17.262901,-27.849498,18.32792,-28.278801,19.314903,-28.865501,20.200511,-29.595889,20.209819,-29.606332,20.460995,-29.888148,20.964614,-30.453201,21.588798,-31.417098,22.058588,-32.465047,22.3628,-33.572101,22.494491,-34.712986,22.489077,-34.854288,22.450546,-35.859847,22.231933,-36.987212,21.902781,-37.903771,21.843797,-38.068018,21.762285,-38.217907,21.295201,-39.076793,20.599241,-39.989865,20.599207,-39.989898,19.97551,-40.590149,19.771803,-40.786198,18.832603,-41.4468,17.803602,-41.956291,17.713151,-41.984913,16.709058,-42.302647,16.511798,-42.333124,15.574051,-42.478]}],"Index":-1,"Tolerance":1.8605524E-05,"Coordinates":[24.576129,-59.733379,27.329833,-58.975389,28.122109,-58.67979,29.338519,-58.130179,30.913659,-56.994543,32.029684,-55.917242,33.452014,-54.07455,33.924576,-53.311239,34.393297,-52.511592,35.089168,-51.033966,35.774568,-49.502633,36.656269,-46.932752,36.77647,-46.407343,37.211058,-42.616996,37.033255,-38.493112,37.009717,-38.216134,35.936579,-33.389182,35.253823,-31.458969,34.528582,-29.245912,34.080975,-28.520716,33.261736,-26.934978,29.993222,-23.091319,27.199564,-20.671977,26.119795,-20.103851,25.410713,-19.868424,24.187763,-20.141348,23.4218,-20.818504,23.594066,-22.095962,23.603389,-22.113566,24.558576,-23.445875,24.514698,-23.411253,24.111812,-23.086265,24.038736,-23.035691,23.98231,-22.991168,23.872861,-22.920894,23.854436,-22.908143,22.518129,-22.021722,22.127563,-21.799373,22.122004,-21.796726,22.11569,-21.792672,21.980734,-21.726121,21.848145,-21.666329,21.329214,-21.419241,20.531483,-21.059496,20.314204,-20.973815,20.308086,-20.971825,20.300624,-20.96846,20.158145,-20.920093,20.024024,-20.87943,19.527498,-20.717929,18.667582,-20.45722,18.470822,-20.407847,18.464949,-20.406751,18.457705,-20.404555,18.310126,-20.375199,18.169672,-20.35166,17.641724,-20.253159,16.755724,-20.104674,16.589413,-20.086198,16.583754,-20.085876,16.558108,-20.081578,16.40796,-20.071739,16.193008,-20.063645,15.712008,-20.036278,14.814353,-20.002475,14.650439,-20.004978,14.645306,-20.005362,14.632892,-20.004895,14.482744,-20.014735,14.307745,-20.030644,13.770636,-20.070871,12.875962,-20.152206,12.72929,-20.173604,12.724708,-20.174558,12.713573,-20.17557,12.565994,-20.204926,12.381743,-20.245947,11.826543,-20.361513,10.973232,-20.55149,10.845667,-20.587428,10.841651,-20.588825,10.832023,-20.590969,10.689536,-20.639336,10.517624,-20.701581,9.98277,-20.887702,9.14195,-21.192145,9.034758,-21.238023,9.031358,-21.239726,9.019267,-21.244104,8.884319,-21.310654,8.693487,-21.408972,8.200053,-21.656142,7.40132,-22.067655,7.310894,-22.120852,7.308177,-22.122692,7.304865,-22.124399,7.255867,-22.158131,6.531654,-22.648764,5.792657,-23.158799,5.749233,-23.195358,5.718428,-23.216565,5.603736,-23.319509,5.134988,-23.73419,4.32647,-24.461325,4.307335,-24.48313,4.284173,-24.503919,4.030279,-24.798833,3.78263,-25.081028,3.058465,-25.922829,3.043975,-25.944489,3.027038,-25.964162,2.792801,-26.319942,2.597243,-26.612261,1.98169,-27.548687,1.975388,-27.561502,1.967324,-27.57375,1.731033,-28.058373,1.455272,-28.619103,1.12788,-29.295194,1.127641,-29.295901,1.122963,-29.305495,0.740768,-30.439186,0.511161,-31.117719,0.150187,-32.925644,0.13117,-33.020673,0.131148,-33.021001,0.131081,-33.021335,0.116432,-33.236873,0.000105,-34.943346,0.000273,-34.945987,0.000214,-34.946853,1E-05,-34.994103,0.123719,-36.887795,0.125253,-36.911919,0.125317,-36.912255,0.12679,-36.934799,0.340298,-38.049834,0.40823,-38.390788,0.478781,-38.759497,0.486168,-38.781967,0.490762,-38.805023,0.83015,-39.840177,0.954659,-40.206972,1.080634,-40.590149,1.094733,-40.619621,1.105199,-40.650452,1.584736,-41.654763,1.83383,-42.164564,1.912231,-42.328446,1.919103,-42.339086,1.920394,-42.341727,1.960359,-42.413244,2.447692,-43.167716,2.771691,-43.659033,2.875906,-43.820374,2.959505,-43.945484,2.964447,-43.95133,2.966305,-43.954147,3.028803,-44.037382,3.608785,-44.723409,3.939446,-45.104599,4.106388,-45.302066,4.2056,-45.415197,4.221396,-45.429636,4.223948,-45.432578,4.301549,-45.512659,4.961631,-46.116031,5.443366,-46.547232,5.452621,-46.555083,5.517046,-46.613973,5.630177,-46.713184,5.681399,-46.749153,5.748028,-46.805674,6.463428,-47.308044,6.929517,-47.625611,7.083678,-47.733866,7.208788,-47.817464,7.217916,-47.822109,7.222348,-47.825129,7.356882,-47.905048,7.980952,-48.227583,9.350868,-48.903117,9.37244,-48.910409,9.388028,-48.918136,8.864339,-48.984019,8.216152,-49.200171,7.780696,-49.602929,7.825933,-50.918509,7.993693,-52.016734,8.475314,-52.970369,9.715077,-54.842651,10.575294,-55.937605,11.717397,-56.981094,12.791081,-57.70887,16.340394,-59.044738,16.37063,-59.052041,20.856643,-59.830812,23.220296,-59.863986]}