{"Index":-1,"Tolerance":2.3089250499999997E-05,"Coordinates":[94.61044,-39.800641,95.469976,-39.656387,95.518925,-39.647778,97.828051,-39.222976,99.860585,-37.965745,101.965114,-35.16745,102.571828,-33.738856,102.67348,-33.102459,102.972154,-32.466016,103.255764,-31.457788,103.501172,-29.228543,103.519296,-28.958655,103.519779,-28.938899,103.544196,-28.452243,103.597306,-27.393618,103.597395,-27.391835,103.667805,-25.972419,103.671618,-25.838532,103.698883,-22.144055,103.701913,-21.733409,103.701989,-21.71823,103.702647,-21.465146,103.703954,-21.411713,103.704893,-21.342294,103.709247,-19.666017,103.709201,-19.638793,103.707939,-19.427662,103.707975,-19.413844,103.707946,-19.389752,103.695191,-16.839429,103.695174,-16.836326,103.684289,-15.015604,103.706934,-12.478567,103.70706,-12.449777,103.706635,-9.457401,103.691049,-9.143554,103.56127,-7.838177,103.493667,-7.430172,103.212072,-6.22373,103.15103,-5.999587,102.73661,-4.67148,102.060766,-3.482774,100.283816,-1.503112,99.499889,-0.868177,98.311484,-0.184203,96.749443,0.245548,93.574645,0.292283,93.053151,0.257004,91.855188,0.076178,91.298697,-0.059989,90.506334,-0.331512,90.423822,-0.244629,90.350738,-0.170163,89.75222,0.419963,89.677484,0.491292,89.350847,0.793033,89.338912,0.804665,89.216268,0.918063,88.696783,1.373634,88.632659,1.425679,88.631857,1.426356,88.602678,1.450012,88.508648,1.526329,88.507239,1.527386,88.26029,1.727592,88.14884,1.813917,87.449877,2.330903,87.394254,2.371122,87.191727,2.514253,87.18002,2.523035,87.038656,2.623177,86.464268,3.006985,86.394922,3.049686,86.394213,3.050141,86.363319,3.069145,86.263438,3.130648,86.262199,3.131349,85.978323,3.305974,85.858998,3.375842,85.103944,3.796141,85.040809,3.830355,84.830505,3.941267,84.818322,3.948159,84.659271,4.032278,84.0396,4.33787,83.965794,4.37101,83.965011,4.371379,83.934815,4.384919,83.830327,4.431836,83.828876,4.432426,83.510216,4.575321,83.385585,4.628049,82.589943,4.944846,82.525174,4.969818,82.293108,5.05639,82.291679,5.056971,82.205936,5.08891,82.191501,5.094295,82.191011,5.094469,82.117138,5.121987,81.462928,5.344059,81.383792,5.367859,81.383082,5.368086,81.355508,5.376365,81.24945,5.408262,81.248061,5.408627,80.898625,5.513548,80.771003,5.548983,79.946096,5.759597,79.875768,5.776702,79.644535,5.830157,79.643054,5.830546,79.550529,5.851888,79.533331,5.855864,79.532774,5.855984,79.455271,5.873861,78.777676,6.008646,78.696771,6.021891,78.696028,6.022025,78.669311,6.026386,78.564047,6.043618,78.562571,6.043808,78.368586,6.075471,78.290914,6.087164,77.495219,6.196908,77.369879,6.211663,76.91893,6.255683,76.917427,6.255877,76.819732,6.265367,76.799424,6.267349,76.798796,6.2674,76.719002,6.275151,76.029602,6.320328,75.94825,6.322964,75.947478,6.323002,75.922545,6.323797,75.819866,6.327125,75.818275,6.327124,75.611147,6.333732,75.535691,6.335242,74.726231,6.341817,74.596993,6.340237,74.160688,6.326016,74.159264,6.326015,74.05875,6.322693,74.034963,6.321918,74.034291,6.321885,73.953617,6.319219,73.26423,6.274043,73.184036,6.266202,73.183443,6.266153,73.162925,6.264137,73.061778,6.254247,73.060322,6.254057,72.619976,6.210797,72.492659,6.195688,71.692941,6.084371,71.617229,6.0729,71.416561,6.040016,71.415044,6.039819,71.309911,6.02254,71.286632,6.018725,71.285967,6.018604,71.205414,6.005365,70.527695,5.870553,70.449671,5.8525,70.448992,5.852354,70.429386,5.847807,70.335768,5.826146,70.334166,5.825723,70.109633,5.773647,70.03751,5.756029,69.216508,5.545271,69.090941,5.510274,68.73183,5.402196,68.730321,5.401797,68.626098,5.370375,68.600554,5.362687,68.599826,5.362454,68.521031,5.338698,67.866865,5.116641,67.792516,5.08889,67.792082,5.088735,67.77864,5.08371,67.688398,5.050027,67.686967,5.049443,67.271887,4.894288,67.162963,4.851267,66.401243,4.534055,66.320597,4.499154,66.151701,4.423268,66.150422,4.422746,66.050407,4.377756,66.021477,4.364757,66.020754,4.364416,65.945208,4.330433,65.325733,4.024939,65.256384,3.988206,65.255959,3.987989,65.243024,3.98113,65.163251,3.938876,65.161971,3.93815,64.756749,3.723272,64.657236,3.668198,63.944206,3.256727,63.860269,3.20655,63.726187,3.123568,63.718787,3.11937,63.521423,2.997671,62.946775,2.613692,62.885225,2.570023,62.884847,2.569763,62.874157,2.56217,62.801731,2.510785,62.800417,2.509796,62.413987,2.235333,62.325107,2.169852,61.675124,1.673324,61.595713,1.610632,61.481174,1.517209,61.474971,1.512542,61.290355,1.362491,60.77098,0.907017,60.716273,0.856369,60.71599,0.856114,60.707505,0.848251,60.645397,0.790751,60.644339,0.789717,60.310824,0.480659,60.236846,0.409855,59.635614,-0.184452,59.559172,-0.262662,59.462769,-0.364754,59.457572,-0.369832,59.289306,-0.547415,58.833728,-1.066908,58.786217,-1.124007,58.786006,-1.124253,58.780818,-1.130495,58.728371,-1.193525,58.727295,-1.194889,58.427228,-1.555901,58.365136,-1.633019,57.847978,-2.296238,57.780141,-2.386498,57.703635,-2.492153,57.699692,-2.49715,57.552186,-2.700069,57.168392,-3.27444,57.129202,-3.336375,57.129052,-3.336606,57.125073,-3.342901,57.083815,-3.408105,57.083034,-3.409411,56.866875,-3.751391,56.82816,-3.814247,56.405882,-4.518036,56.338414,-4.636146,56.234999,-4.826537,56.230985,-4.833245,56.107803,-5.059423,55.802213,-5.679089,55.738358,-5.816771,55.731432,-5.832691,55.595571,-6.125059,55.567436,-6.187351,55.208322,-7.005806,55.152888,-7.140455,55.0787,-7.33309,55.075828,-7.339691,54.980722,-7.585779,54.758661,-8.239961,54.715119,-8.378574,54.710197,-8.395594,54.621396,-8.67744,54.603076,-8.737663,54.340509,-9.632544,54.30135,-9.778833,54.255641,-9.967492,54.253835,-9.973736,54.189832,-10.236482,54.055037,-10.914119,54.030933,-11.050855,54.028075,-11.069433,53.961113,-11.448052,53.949998,-11.515073,53.815224,-12.385298,53.796182,-12.530232,53.779258,-12.686896,53.778425,-12.692307,53.748281,-12.967636,53.7031,-13.657119,53.697199,-13.789384,53.696734,-13.808984,53.676927,-14.248886,53.674403,-14.325567,53.655726,-15.222053,53.655876,-15.361171,53.657839,-15.446553,53.657767,-15.449567,53.663671,-15.732675,53.708842,-16.422009,53.719563,-16.547451,53.721681,-16.56753,53.756594,-16.978211,53.763303,-17.047985,53.862816,-17.975448,53.881746,-18.120355,53.893494,-18.196586,53.893737,-18.198886,53.937259,-18.485465,54.072053,-19.163091,54.097541,-19.27972,54.102318,-19.299764,54.174446,-19.630755,54.186921,-19.685655,54.412103,-20.637538,54.4525,-20.791068,54.481762,-20.891959,54.482514,-20.895113,54.564565,-21.179815,54.786643,-21.83404,54.824836,-21.940308,54.832473,-21.960425,54.965326,-22.330565,54.986267,-22.38721,55.331128,-23.293431,55.390275,-23.43805,55.413802,-23.491764,55.414107,-23.492567,55.53492,-23.77016,55.840479,-24.38976,55.889144,-24.484408,55.89946,-24.50367,56.064513,-24.825089,56.089973,-24.873634,56.567142,-25.764658,56.647407,-25.90575,56.673339,-25.94874,56.673407,-25.948866,56.832487,-26.214026,57.216291,-26.78841,57.27307,-26.870558,57.286371,-26.889169,57.497181,-27.194436,57.526659,-27.236393,58.114007,-28.058206,58.213748,-28.190341,58.243269,-28.2274,58.434619,-28.468817,58.890156,-28.988265,58.95279,-29.057602,58.953927,-29.058824,59.226931,-29.360728,59.257392,-29.393937,59.941462,-30.129174,60.052769,-30.24295,60.083303,-30.272635,60.084817,-30.274262,60.199157,-30.385269,60.246651,-30.431443,60.248012,-30.4327,60.3157,-30.498415,60.835044,-30.953862,60.901365,-31.010431,60.902685,-31.011526,61.22025,-31.282106,61.252266,-31.309023,62.025009,-31.950057,62.152568,-32.050482,62.178002,-32.069473,62.179423,-32.070652,62.309458,-32.167629,62.365664,-32.209597,62.366968,-32.210518,62.442797,-32.26707,63.017249,-32.650919,63.084906,-32.694894,63.08628,-32.695762,63.444901,-32.928594,63.477556,-32.949512,64.326703,-33.486184,64.4694,-33.57123,64.487912,-33.581616,64.489012,-33.582312,64.634012,-33.663591,64.697403,-33.699158,64.698409,-33.699688,64.78124,-33.746118,65.400896,-34.051704,65.467902,-34.083779,65.469297,-34.084427,65.822239,-34.25317,65.852885,-34.267622,66.804882,-34.71036,66.962175,-34.77841,66.972988,-34.782745,66.97396,-34.783197,67.130402,-34.845862,67.201225,-34.87426,67.202135,