{"Index":-1,"Tolerance":2.6350783499999997E-05,"Coordinates":[221.75556,-64.325011,221.854045,-64.318708,222.602101,-64.259147,222.956988,-64.210638,223.525975,-64.099889,223.59531,-64.08559,225.577703,-63.653649,225.600455,-63.648604,229.342672,-62.804399,231.412786,-62.375291,232.389982,-62.216911,232.436457,-62.209024,232.818573,-62.141255,232.927853,-62.123543,232.96259,-62.117715,234.308333,-61.88425,235.398043,-61.920061,235.88813,-61.705566,237.892021,-61.539059,237.95826,-61.532856,238.125146,-61.515461,239.178299,-61.428135,242.156243,-61.35,245.183041,-61.35,246.65719,-61.351008,246.665487,-61.351003,247.185488,-61.35,249.464037,-61.35,250.481309,-61.359984,250.503088,-61.360123,250.891606,-61.361271,251.192754,-61.363928,251.205625,-61.364016,252.217947,-61.368847,256.606131,-61.399325,256.772105,-61.396139,257.768214,-61.350948,258.0191,-61.35,277.623184,-61.35,281.342928,-57.630256,281.342928,-17.601341,277.623184,-13.881597,234.662177,-13.881597,234.069008,-13.811659,233.918983,-13.79757,233.86338,-13.793677,232.685021,-13.65474,232.522516,-13.625747,232.497112,-13.621321,230.053062,-13.205716,229.614465,-13.126447,229.582035,-13.120759,227.106674,-12.699831,226.795866,-12.643676,226.706006,-12.627264,225.880659,-12.464566,225.829273,-12.454876,223.216877,-11.984461,223.080739,-11.959278,222.763434,-11.916982,220.19469,-11.705567,219.215631,-11.77634,217.281896,-12.221853,216.850665,-12.354039,216.268474,-12.578803,215.833633,-12.785776,215.337263,-13.070008,215.062261,-13.246868,214.288157,-13.803026,213.744938,-14.297607,212.985399,-15.16945,212.612165,-15.697976,211.916162,-16.933388,211.62327,-17.640572,211.215544,-19.100925,211.115067,-19.630886,210.898873,-21.733206,210.887492,-21.875049,210.79701,-23.442567,210.792844,-23.709679,210.834512,-25.283536,210.83474,-25.291745,210.89164,-27.249537,210.972425,-27.875441,211.255784,-29.098509,211.268196,-29.15012,211.500242,-30.080665,211.72181,-30.693512,212.17682,-31.636775,212.529998,-32.206517,213.451469,-33.392879,214.158472,-34.06146,215.188974,-34.773344,215.977005,-35.169537,217.562582,-35.707641,217.800108,-35.778048,218.46107,-35.946227,219.224655,-36.044553,220.060519,-36.050379,221.206949,-36.111209,221.43654,-36.115079,223.065664,-36.083627,223.418667,-36.057089,224.080542,-35.970039,225.179992,-35.90626,225.626828,-35.91868,225.692793,-35.934204,226.753478,-36.115705,226.978834,-36.146009,228.683004,-36.313323,228.683004,-44.483414,228.100359,-44.725357,227.257794,-45.07523,227.156962,-45.122776,227.076315,-45.150285,224.581568,-45.125291,224.408047,-45.128295,224.270102,-45.134457,223.579393,-45.110371,221.498482,-45.031452,221.264535,-45.031202,220.841133,-45.046353,220.56334,-45.068525,218.53313,-45.320593,217.760854,-45.516839,216.19405,-46.132065,215.547075,-46.47672,214.92024,-46.909985,214.757532,-47.030284,213.603953,-47.941434,212.682397,-49.105895,212.094323,-50.365899,212.048381,-50.469086,211.641121,-51.429399,211.415448,-52.256974,211.274927,-53.320728,211.064383,-54.829916,211.142471,-56.101447,211.771019,-58.452053,211.794641,-58.535777,212.097877,-59.556843,212.886087,-60.895569,213.699189,-61.724818,213.997406,-61.992831,215.4535,-63.144028,216.57128,-63.714623,217.883966,-64.084984,218.188772,-64.154987,219.345848,-64.361371,220.059136,-64.407134]}