{"Inners":[{"Index":-1,"Tolerance":1.1296570000000017E-06,"Coordinates":[14.913514,-36.128,14.744577,-36.101905,14.670921,-36.078535,14.205814,-35.801189,14.155559,-35.752812,14.050252,-35.614676,13.967662,-35.46282,13.90916,-35.299929,13.87613,-35.129593,13.869513,-34.956901,13.889422,-34.784429,13.935284,-34.617506,14.005966,-34.459836,14.100304,-34.314153,14.215678,-34.184706,14.349052,-34.074708,14.498006,-33.986165,14.65873,-33.921378,14.827241,-33.88195,15.0,-33.868686,15.172758,-33.88195,15.341259,-33.921376,15.502017,-33.986176,15.650943,-34.074704,15.784325,-34.184708,15.899672,-34.314126,15.9938,-34.459484,16.064764,-34.61778,16.11059,-34.78455,16.130484,-34.956897,16.123867,-35.129585,16.090858,-35.299812,16.032313,-35.462835,15.949585,-35.614954,15.844598,-35.752693,15.719799,-35.872801,15.57812,-35.972453,15.422956,-36.049279,15.257875,-36.101517,15.08645,-36.128]}],"Index":-1,"Tolerance":2.1351938E-05,"Coordinates":[19.77597,-59.415584,20.495878,-59.219634,23.084423,-58.17639,23.822048,-57.757476,26.634964,-55.61958,27.896762,-52.015727,27.89331,-52.002056,28.312338,-51.681474,28.396456,-51.614835,28.747843,-51.326667,28.749248,-51.325588,28.827928,-51.26099,28.837051,-51.253508,28.837363,-51.253244,28.90884,-51.194559,29.217892,-50.92353,29.350818,-50.800066,29.359506,-50.791521,29.359737,-50.791305,29.35976,-50.791283,29.647439,-50.522012,29.704108,-50.467639,30.328106,-49.85392,30.401633,-49.779176,30.589384,-49.581907,30.598104,-49.57333,30.670194,-49.496999,30.685957,-49.480437,30.689546,-49.476508,30.758949,-49.403023,30.998439,-49.129935,31.029755,-49.093677,31.667719,-48.343679,31.736777,-48.254702,31.855506,-48.102167,31.942902,-47.98437,32.641914,-46.995266,32.659276,-46.970447,32.891383,-46.635276,32.923641,-46.589632,32.948681,-46.5532,32.961767,-46.534683,33.008756,-46.466316,33.279621,-46.060966,33.402165,-45.848709,33.451322,-45.765302,33.459629,-45.749179,33.487616,-45.700702,33.554877,-45.564295,33.645974,-45.387471,33.670665,-45.33851,33.74629,-45.185274,34.515107,-43.703902,34.638945,-43.413417,34.679296,-43.320838,34.683874,-43.308028,34.703812,-43.26126,34.764832,-43.081498,34.844846,-42.857608,34.861517,-42.809759,34.888932,-42.729005,35.235922,-41.799647,35.303084,-41.599748,35.330875,-41.506933,35.60774,-40.584529,35.671773,-40.334803,35.817098,-39.654357,35.931242,-39.174519,35.981408,-38.916703,35.992898,-38.841105,36.082089,-38.315536,36.092328,-38.251205,36.176427,-37.685522,36.203275,-37.439204,36.27146,-36.460493,36.320599,-35.759361,36.350931,-35.337582,36.351427,-35.185058,36.353011,-35.125078,36.351847,-35.056056,36.352348,-34.902198,36.348144,-34.837899,36.344407,-34.728873,36.313162,-34.124687,36.307753,-33.836785,36.299003,-33.653439,36.228855,-32.73938,36.218549,-32.642706,36.2164,-32.620771,36.214622,-32.605874,36.208916,-32.552353,36.203529,-32.51294,36.16505,-32.190562,36.135232,-31.993514,36.00889,-31.305323,35.986271,-31.141379,35.944838,-30.906558,35.623064,-29.412984,35.504548,-29.000462,35.047068,-27.736719,34.804473,-27.022048,34.645408,-26.638014,34.362218,-26.063718,34.134009,-25.540629,34.02106,-25.308049,33.51354,-24.362932,33.442532,-24.244712,33.393247,-24.161391,33.382276,-24.144394,33.356269,-24.101095,33.299009,-24.015387,33.270904,-23.971845,32.955883,-22.863891,31.312548,-20.839871,30.640201,-20.486514,30.207066,-20.010244,30.20153,-20.004803,30.200134,-20.003274,30.107196,-19.912096,29.952954,-19.760513,29.950414,-19.758283,29.950071,-19.757946,29.480279,-19.345335,28.968689,-18.858766,28.77735,-18.690863,28.689832,-18.620066,28.02159,-18.079148,27.804524,-17.918227,27.156151,-17.479023,27.057943,-17.410495,26.992923,-17.368749,26.938564,-17.332753,26.938339,-17.332603,25.936629,-16.669412,25.759059,-16.56006,25.526034,-16.426908,25.514683,-16.41962,25.385147,-16.346404,25.312608,-16.304955,25.299235,-16.297846,25.203269,-16.243604,24.356838,-15.826208,24.257843,-15.779495,24.255833,-15.778589,24.011294,-15.663406,23.963593,-15.641418,23.072391,-15.239521,22.931866,-15.180169,22.907649,-15.170619,22.907171,-15.170404,22.76979,-15.116257,22.708094,-15.091929,22.707652,-15.091767,22.622516,-15.058212,21.755759,-14.763973,21.656297,-14.732023,21.654431,-14.731457,21.441971,-14.66335,21.393947,-14.648374,20.436253,-14.358021,20.2878,-14.316917,20.284035,-14.315972,20.282646,-14.315551,20.133202,-14.278123,20.071174,-14.262558,20.07,-14.262294,19.980488,-14.239876,19.084024,-14.061554,18.989333,-14.044206,18.987532,-14.043904,18.759549,-14.002279,18.714059,-13.994315,17.727452,-13.828969,17.579721,-13.807971,17.573568,-13.80694,17.416387,-13.788667,17.350809,-13.781003,17.349208,-13.780857,17.256239,-13.770049,16.34418,-13.710281,16.256026,-13.705733,16.253952,-13.705655,16.014112,-13.693433,15.972015,-13.691568,14.972416,-13.653926,14.836259,-13.652272,14.821609,-13.651721,14.658995,-13.653983,14.590226,-13.654901,14.588714,-13.654961,14.494363,-13.656273,13.582491,-13.716029,13.502652,-13.722273,13.500629,-13.722457,13.25264,-13.742005,13.214691,-13.745226,12.21844,-13.835795,12.095819,-13.850181,12.072612,-13.852293,11.908266,-13.876048,11.836956,-13.886309,11.83521,-13.886608,11.740678,-13.900272,10.844339,-14.07857,10.773769,-14.093443,10.773453,-14.093513,10.491728,-14.153373,10.461629,-14.159921,9.5103,-14.37172,9.403094,-14.39862,9.372095,-14.405525,9.207105,-14.451759,9.136046,-14.471625,9.134451,-14.472118,9.041643,-14.498125,8.176417,-14.791827,8.116089,-14.812985,8.114228,-14.813659,7.863343,-14.901822,7.835044,-14.911918,6.905662,-15.248427,6.806414,-15.287188,6.766339,-15.301698,6.627256,-15.360957,6.555029,-15.391261,6.539265,-15.398447,6.442715,-15.439584,5.623036,-15.843812,5.573175,-15.868949,5.56917,-15.871013,5.565205,-15.872991,5.326446,-15.993541,5.303319,-16.005337,4.413986,-16.463527,4.340356,-16.50411,4.296778,-16.526564,4.144247,-16.61643,4.073023,-16.65833,4.071379,-16.659361,3.986786,-16.709201,3.226896,-17.216958,3.187387,-17.24379,3.181305,-17.247988,3.173932,-17.252958,2.951655,-17.404126,2.933684,-17.416438,2.110972,-17.984251,2.054614,-18.025576,2.007063,-18.058384,1.864376,-18.16957,1.795959,-18.222812,1.794475,-18.224039,1.716487,-18.284809,1.02915,-18.88758,0.999448,-18.913958,0.992491,-18.920215,0.974858,-18.935817,0.90157,-19.001251,0.893036,-19.008899,0.03417,-19.781314,0.012639,-19.801452,-0.068601,-19.874536,-0.152121,-19.95912,-0.196136,-20.001928,-0.240293,-20.048415,-0.332479,-20.141776,-0.934905,-20.828719,-0.955549,-20.852496,-0.964135,-20.862485,-0.975592,-20.875624,-1.019016,-20.925702,-1.027168,-20.935141,-1.817891,-21.854312,-1.837069,-21.878016,-1.890731,-21.940424,-2.005959,-22.092116,-2.061927,-22.165729,-2.062707,-22.166823,-2.123427,-22.246758,-2.631349,-23.006891,-2.644304,-23.026435,-2.654732,-23.042294,-2.657567,-23.046536,-2.665138,-23.057921,-2.700578,-23.111459,-2.706197,-23.119977,-3.431851,-24.223897,-3.433484,-24.226748,-3.433988,-24.227516,-3.531744,-24.398358,-3.625976,-24.562931,-3.626368,-24.563725,-3.628247,-24.567009,-4.032254,-25.386245,-4.039067,-25.400145,-4.05036,-25.42333,-4.054418,-25.431558,-4.058717,-25.440308,-4.250155,-25.83152,-4.253577,-25.838535,-4.622781,-26.597742,-4.626924,-26.606984,-4.667673,-26.690645,-4.703813,-26.778505,-4.703848,-26.778582,-4.739553,-26.86539,-4.819913,-27.060751,-4.853288,-27.159071,-4.853671,-27.160095,-4.861803,-27.184157,-5.113658,-27.926104,-5.115961,-27.932915,-5.373321,-28.696761,-5.56971,-29.27712,-5.676072,-29.674475,-6.005314,-31.325922,-6.136827,-31.984331,-6.13732,-31.988023,-6.13734,-31.988125,-6.143888,-32.037239,-6.19101,-32.390353,-6.191061,-32.391093,-6.191299,-32.392882,-6.278986,-33.675773,-6.279631,-33.685422,-6.281134,-33.708443,-6.289001,-33.823477,-6.289604,-33.832485,-6.349709,-34.749686,-6.349925,-34.95597,-6.350865,-35.050156,-6.350055,-35.079472,-6.350138,-35.158699,-6.346111,-35.222187,-6.344268,-35.28889,-6.262848,-36.535223,-6.257303,-36.622675,-6.256871,-36.629376,-6.19793,-37.52882,-6.197904,-37.52903,-6.196809,-37.545756,-6.146887,-37.935869,