{"Index":-1,"Tolerance":2.13479895E-05,"Coordinates":[75.363749,-86.346787,76.6692,-86.261221,76.727816,-86.256834,76.753581,-86.254665,76.80001,-86.25119,77.777893,-86.168887,77.78587,-86.167762,77.786275,-86.167728,77.971338,-86.141608,78.130907,-86.119106,78.131251,-86.119038,78.139304,-86.117901,79.422268,-85.862709,79.47692,-85.851338,79.478199,-85.85106,79.52405,-85.841521,80.50764,-85.627854,80.646794,-85.589236,80.861245,-85.529742,82.09992,-85.109271,82.149616,-85.091941,82.17397,-85.083221,82.219679,-85.067272,83.142855,-84.736735,83.258016,-84.687909,83.483439,-84.592341,84.65676,-84.013708,84.700993,-83.991463,84.702243,-83.990822,84.744799,-83.969421,85.640116,-83.510404,85.645727,-83.507106,85.64584,-83.507048,85.961465,-83.321518,87.049175,-82.594723,87.087595,-82.568644,87.089628,-82.567242,87.090158,-82.566888,87.128577,-82.540808,87.956938,-81.969604,88.096684,-81.860725,88.252645,-81.739245,89.236378,-80.876546,89.268784,-80.847733,89.271949,-80.84488,89.27377,-80.843283,89.306173,-80.814472,90.053255,-80.141014,90.057632,-80.136578,90.058104,-80.136152,90.19238,-80.000001,90.314322,-79.876404,90.314703,-79.87597,90.319123,-79.871488,91.18148,-78.888145,91.207818,-78.857725,91.211744,-78.853132,91.214445,-78.850052,91.237541,-78.823376,91.330685,-78.83667,91.502627,-78.856446,93.065979,-78.993214,93.553026,-78.998374,94.507287,-78.935231,94.74201,-78.910914,96.099882,-78.719022,96.805447,-78.535031,98.050154,-78.052551,98.40747,-77.887931,99.21135,-77.45536,99.769562,-77.073402,101.720057,-75.408743,102.78202,-73.652602,103.13359,-72.105554,103.149243,-72.032735,103.657681,-69.524506,103.720926,-68.854537,103.678356,-65.233632,103.706237,-57.408145,103.706254,-57.392121,103.70604,-57.247904,103.706419,-57.141457,103.706438,-57.132422,103.707025,-56.31387,103.707022,-56.306879,103.705653,-55.384878,103.705598,-55.370302,103.702569,-54.871804,103.70251,-54.870274,103.702352,-54.764043,103.694406,-54.5442,103.586229,-53.018148,103.582427,-52.969751,103.497627,-51.986814,103.360595,-51.298394,102.805217,-49.546011,102.588857,-49.027534,101.690451,-47.317525,100.600808,-46.118272,98.911745,-45.012986,98.671524,-44.870466,97.996783,-44.509277,97.127748,-44.19574,96.049303,-43.975985,95.827343,-43.938892,94.730366,-43.795312,94.462846,-43.771746,93.195046,-43.713926,92.592924,-43.743629,90.623919,-44.029458,90.352344,-44.081035,88.474116,-44.523204,87.611862,-44.864596,86.569974,-45.464992,85.133102,-46.213628,83.988609,-45.649217,83.893368,-45.604924,83.843819,-45.581744,83.05694,-45.233178,82.919302,-45.176033,82.885155,-45.162787,82.884546,-45.16252,82.75582,-45.112614,82.714281,-45.0965,82.713878,-45.096353,82.632255,-45.064709,81.393371,-44.644169,81.257761,-44.601497,81.257108,-44.601307,81.108391,-44.554546,81.025898,-44.529832,80.233774,-44.30418,80.117596,-44.276123,79.972478,-44.240702,78.689504,-43.985492,78.587286,-43.967475,78.536898,-43.958479,77.684998,-43.823611,77.534669,-43.803479,77.503863,-43.8001,77.503029,-43.799972,77.365144,-43.784886,77.31658,-43.779559,77.315987,-43.779507,77.228109,-43.769892,75.922736,-43.684352,75.786926,-43.678369,75.786176,-43.678352,75.709382,-43.674987,75.646028,-43.672844,74.874165,-43.654448,74.73145,-43.654254,74.726797,-43.654352,74.725992,-43.654334,74.58598,-43.657326,74.535389,-43.658395,74.534808,-43.65842,74.446199,-43.660314,73.140701,-43.745863,73.008301,-43.757326,73.007509,-43.757411,72.883788,-43.768154,72.807617,-43.775695,71.954243,-43.870572,71.827169,-43.890236,71.673298,-43.913781,70.390339,-44.168987,70.289115,-44.191279,70.240815,-44.201837,69.382332,-44.406529,69.235323,-44.445323,69.232441,-44.446158,69.231617,-44.446357,69.09805,-44.485086,69.043481,-44.500893,69.04282,-44.501101,68.956963,-44.525996,67.718089,-44.946531,67.598888,-44.989666,67.598188,-44.989935,67.477008,-45.03382,67.408478,-45.059535,66.608858,-45.370141,66.488618,-45.423018,66.34328,-45.486649,65.170018,-46.065246,65.060159,-46.122109,65.059511,-46.12246,64.982449,-46.16237,64.928469,-46.190988,64.233674,-46.567946,64.147943,-46.617032,64.126883,-46.628458,64.002511,-46.703534,63.954373,-46.732578,63.953939,-46.732854,63.876919,-46.779346,62.789249,-47.506125,62.690362,-47.57495,62.689712,-47.575421,62.614108,-47.628068,62.560267,-47.666398,61.835595,-48.193757,61.727614,-48.280097,61.600048,-48.381893,60.616594,-49.244346,60.529783,-49.323363,60.529297,-49.323822,60.459693,-49.387204,60.412469,-49.431091,59.761977,-50.048052,59.665927,-50.147917,59.550923,-50.26725,58.688324,-51.250869,58.614549,-51.338112,58.614023,-51.338758,58.579107,-51.380068,58.541175,-51.42581,57.950118,-52.152278,57.868443,-52.262887,57.764686,-52.403274,57.037929,-53.490909,56.977756,-53.584469,56.977349,-53.585126,56.947269,-53.631921,56.916458,-53.680827,56.424191,-54.478181,56.354845,-54.603442,56.271696,-54.75346,55.693062,-55.926798,55.64688,-56.024609,55.646678,-56.025056,55.629332,-56.061793,55.215347,-56.978701,55.210014,-56.992221,55.209889,-56.992498,55.138013,-57.174756,55.102572,-57.264606,55.102524,-57.264748,55.097136,-57.27841,54.676665,-58.517092,54.644568,-58.617048,54.644396,-58.617616,54.631844,-58.656705,54.340118,-59.619598,54.336756,-59.633029,54.336738,-59.633089,54.261303,-59.934457,54.006061,-61.217596,53.987763,-61.317985,53.987648,-61.31868,53.980232,-61.359367,53.815749,-62.351976,53.814192,-62.365476,53.814168,-62.36562,53.778243,-62.677146,53.692702,-63.982555,53.687769,-64.081417,53.687746,-64.082078,53.685662,-64.123865,53.651217,-65.129133,53.651424,-65.142451,53.651416,-65.142691,53.654194,-65.320472,53.656139,-65.44546,53.65615,-65.445629,53.656359,-65.459,53.741888,-66.764217,53.749598,-66.859749,53.749654,-66.86033,53.753045,-66.902361,53.84908,-67.903823,53.850941,-67.916482,53.850957,-67.91665,53.879308,-68.109453,53.895595,-68.220246,53.895614,-68.220341,53.897487,-68.233079,54.152712,-69.516139,54.172126,-69.6068,54.172291,-69.607519,54.181237,-69.649288,54.406324,-70.630103,54.443237,-70.760208,54.497724,-70.952308,54.918259,-72.19118,54.948274,-72.275664,54.948532,-72.276359,54.962874,-72.31673,55.312975,-73.259797,55.317689,-73.270738,55.317737,-73.270868,55.421505,-73.511705,55.441975,-73.559218,55.441987,-73.559243,55.446738,-73.570269,56.025331,-74.743522,56.064658,-74.820603,56.065053,-74.821351,56.084775,-74.860005,56.554193,-75.749846,56.613682,-75.849705,56.728391,-76.042281,57.455222,-77.130026,57.502437,-77.198717,57.502902,-77.199375,57.52769,-77.235438,58.108456,-78.057042,58.115236,-78.065641,58.115268,-78.065687,58.32099,-78.326623,59.183609,-79.310263,59.237432,-79.370091,59.238052,-79.370763,59.267523,-79.403521,59.950025,-80.143085,60.065669,-80.255814,60.197429,-80.384281,61.180985,-81.246826,61.239608,-81.296989,61.240339,-81.2976,61.27416,-81.326539,62.046323,-81.971168,62.054742,-81.977468,62.055042,-81.977718,62.208831,-82.092767,62.31706,-82.173751,62.317288,-82.173904,62.325749,-82.180233,63.413399,-82.906988,63.475686,-82.94756,63.47644,-82.948039,63.513964,-82.972482,64.363222,-83.511648,64.371969,-83.516563,64.372235,-83.516732,64.537851,-83.609777,64.660618,-83.678763,64.660827,-83.678866,64.669643,-83.683819,65.84282,-84.262382,65.907066,-84.293174,65.907932,-84.293577,65.948573,-84.313057,66.860775,-84.737774,67.00912,-84.797275,67.189019,-84.86945,68.427944,-85.290005,68.492564,-85.311172,68.493556,-85.311485,68.536959,-85.325701,69.496426,-85.628623,69.50504,-85.630832,69.505064,-85.63084,69.841841,-85.717222,71.124911,-85.972435,71.188681,-85.984443,71.189729,-85.984629,71.235002,-85.993154,72.225635,-86.169215,72.351712,-86.1845,72.582122,-86.212446,73.887679,-86.298018,73.949532,-86.301466,73.950657,-86.301518,73.996799,-86.304091,74.997868,-86.350126,75.005861,-86.350048,75.009884,-86.350233]}