{"Index":-1,"Tolerance":2.1349601499999997E-05,"Coordinates":[75.053473,-36.349785,75.265269,-36.347974,77.183485,-36.222274,77.231578,-36.218756,77.234825,-36.218494,77.280563,-36.215147,77.672701,-36.183459,77.678897,-36.182596,77.679139,-36.182576,77.887981,-36.153459,78.0365,-36.132762,78.036669,-36.132728,78.042926,-36.131856,79.928097,-35.756859,79.969005,-35.748441,79.974948,-35.747177,79.977061,-35.746757,80.017952,-35.738343,80.402973,-35.656471,80.570611,-35.610355,80.768057,-35.556068,82.588427,-34.938142,82.621767,-34.926618,82.631198,-34.923299,82.636442,-34.921519,82.669787,-34.909993,83.041143,-34.779315,83.197091,-34.713693,83.395561,-34.630198,85.119668,-33.779949,85.145572,-33.767027,85.158125,-33.760694,85.165916,-33.756851,85.191827,-33.743926,85.523499,-33.576581,85.918813,-33.773122,87.50742,-34.129713,88.354567,-34.371283,88.606886,-34.432205,91.740807,-35.054577,92.117112,-35.106167,92.832917,-35.160995,93.141126,-35.169596,93.700944,-35.158037,94.155371,-35.115889,97.100935,-34.627457,98.391407,-34.108267,99.526848,-33.330312,100.097153,-32.830099,101.686202,-31.059668,102.310809,-30.020151,102.955739,-28.256913,103.150015,-27.202335,103.197993,-23.702779,103.198182,-23.632902,103.181023,-21.565442,103.161824,-17.362314,103.156107,-17.185793,102.920507,-13.276268,102.731592,-12.37056,101.496521,-8.998361,100.723924,-7.803973,99.280083,-6.393946,98.197766,-5.697795,94.992729,-4.456096,93.528187,-4.252973,93.449588,-4.260382,93.320711,-4.047946,93.291542,-4.002155,93.231662,-3.907655,92.163801,-2.309506,92.0137,-2.103298,92.013474,-2.103013,92.001075,-2.08598,91.756971,-1.777496,91.735698,-1.751965,91.735218,-1.751358,91.63253,-1.628119,90.365215,-0.183009,90.194101,-0.002647,90.193885,-0.002436,90.178886,0.013373,89.897136,0.287977,89.873268,0.310046,89.872753,0.310548,89.750154,0.423902,88.304891,1.69135,88.116631,1.844138,88.116441,1.844281,88.098936,1.858488,87.7842,2.094593,87.758324,2.112924,87.757812,2.113308,87.616547,2.213377,86.018367,3.281284,85.817374,3.405039,85.817252,3.405108,85.797515,3.417262,85.455042,3.611001,85.427831,3.625393,85.427353,3.625663,85.268296,3.709787,83.544326,4.559964,83.335016,4.653945,83.334776,4.654042,83.312616,4.663993,82.948036,4.812116,82.92003,4.822548,82.919551,4.822743,82.744955,4.887781,80.924752,5.50565,80.845622,5.529448,80.844922,5.529672,80.817729,5.537837,80.711274,5.569853,80.70988,5.570219,80.705322,5.571588,80.582506,5.605793,80.280825,5.683321,80.209017,5.699678,80.089668,5.727207,78.20444,6.102212,78.123549,6.115454,78.1228,6.11559,78.096112,6.119946,77.990808,6.137185,77.989316,6.137377,77.9812,6.138702,77.858082,6.15633,77.548182,6.194524,77.471497,6.201755,77.347745,6.213776,75.429677,6.339469,75.301546,6.343621,75.219358,6.346515,74.905918,6.34807,74.786612,6.34642,74.772639,6.345964,74.771152,6.345963,74.667374,6.342529,74.647141,6.341869,74.646561,6.341841,74.565729,6.339166,72.6478,6.213483,72.567665,6.205647,72.567136,6.205604,72.547785,6.203703,72.445348,6.193687,72.443955,6.193506,72.428982,6.192035,72.31158,6.178293,72.000565,6.136008,71.918225,6.122233,71.791105,6.10134,69.905752,5.726309,69.784876,5.698341,69.711181,5.681504,69.409197,5.603474,69.288469,5.569723,69.281676,5.567679,69.280168,5.56728,69.176411,5.535998,69.150384,5.528165,69.149639,5.527927,69.070879,5.504181,67.250657,4.886306,67.176513,4.858629,67.176138,4.858495,67.163263,4.853683,67.072011,4.819619,67.070704,4.819086,67.050393,4.811494,66.946299,4.770482,66.65513,4.649795,66.572722,4.612446,66.451494,4.557913,64.727733,3.707838,64.565224,3.62176,64.564799,3.621519,64.538081,3.607367,64.195804,3.413178,64.175406,3.4006,64.17516,3.40046,63.977801,3.278763,62.379421,2.210724,62.234433,2.107859,62.234,2.107533,62.208809,2.089662,61.894295,1.85303,61.876345,1.838439,61.876242,1.838362,61.69157,1.688268,60.246454,0.420952,60.120928,0.304742,60.120497,0.304321,60.097113,0.282672,59.815645,0.007659,59.80041,-0.00842,59.800271,-0.008556,59.631881,-0.186261,58.364358,-1.631609,58.25892,-1.758329,58.258559,-1.758787,58.237701,-1.783853,57.994012,-2.092675,57.981279,-2.110191,57.981028,-2.110509,57.833642,-2.313278,56.765855,-3.911288,56.681334,-4.04486,56.680983,-4.045447,56.662954,-4.07394,56.460904,-4.411582,56.451066,-4.429646,56.450953,-4.429835,56.327758,-4.656033,55.477558,-6.38004,55.413655,-6.517833,55.413396,-6.518428,55.398969,-6.549535,55.241987,-6.910379,55.234861,-6.928817,55.234768,-6.929031,55.139638,-7.175176,54.521779,-8.995354,54.478235,-9.133973,54.478034,-9.134667,54.467489,-9.168236,54.358198,-9.546177,54.353704,-9.564624,54.353627,-9.564892,54.289661,-9.827513,53.914655,-11.712729,53.890547,-11.849486,53.890427,-11.850268,53.884179,-11.885707,53.824352,-12.274629,53.822379,-12.292654,53.822333,-12.29295,53.792213,-12.568124,53.666525,-14.486175,53.660624,-14.618421,53.660602,-14.619344,53.658963,-14.656077,53.649621,-15.049371,53.64998,-15.066618,53.649975,-15.066849,53.655879,-15.349951,53.781563,-17.267938,53.792285,-17.393383,53.792381,-17.394289,53.795584,-17.431775,53.83685,-17.823042,53.839327,-17.839352,53.839354,-17.839611,53.882863,-18.126066,54.25786,-20.011235,54.283334,-20.127807,54.283594,-20.128897,54.291801,-20.166452,54.382995,-20.549113,54.387314,-20.5641,54.387372,-20.564343,54.469392,-20.84892,55.087248,-22.669086,55.125468,-22.775425,55.125872,-22.776489,55.139089,-22.813265,55.27876,-23.181187,55.284531,-23.194448,55.405403,-23.472199,56.255555,-25.196106,56.304174,-25.290667,56.304726,-25.291698,56.323099,-25.327431,56.508857,-25.6743,56.515973,-25.686161,56.516047,-25.6863,56.67515,-25.951503,57.743048,-27.549677,57.799833,-27.631833,57.800628,-27.632945,57.823783,-27.666445,58.052561,-27.986553,58.060496,-27.996564,58.256691,-28.244099,59.524102,-29.689324,59.586759,-29.758685,59.587802,-29.759806,59.615547,-29.79052,59.88343,-30.078438,59.89241,-30.087159,59.892854,-30.087636,60.039678,-30.230179,60.114285,-30.302634,60.114534,-30.302852,60.123741,-30.311791,61.568762,-31.579022,61.634942,-31.635475,61.6363,-31.636602,61.668498,-31.664065,61.971284,-31.915241,61.980195,-31.921887,61.980244,-31.921927,62.243621,-32.118348,63.841838,-33.186275,63.909491,-33.230247,63.911005,-33.231204,63.947107,-33.254668,64.279772,-33.464915,64.288745,-33.469945,64.580976,-33.633753,66.304869,-34.483896,66.371788,-34.51593,66.373501,-34.516726,66.41297,-34.535619,66.769767,-34.701319,66.778634,-34.704871,66.778735,-34.704918,67.061844,-34.818324,67.086698,-34.82828,67.095685,-34.83188,68.915776,-35.449711,68.979988,-35.470748,68.981933,-35.471362,69.024176,-35.485202,69.399431,-35.603734,69.515394,-35.633484,69.744804,-35.692352,71.630233,-36.067401,71.690506,-36.078786,71.692836,-36.079203,71.736934,-36.087533,72.124197,-36.156822,72.132109,-36.157786,72.132348,-36.157829,72.342759,-36.183459,72.475814,-36.199675,72.475969,-36.199685,72.484013,-36.200665,74.401947,-36.326345,74.456557,-36.329452,74.459297,-36.329584,74.504545,-36.332159,74.897694,-36.351133]}