{"Index":-1,"Tolerance":2.5946901499999998E-05,"Coordinates":[222.457752,-63.822644,222.725731,-63.809897,224.481579,-63.651842,224.988168,-63.564525,229.369966,-62.438223,230.136864,-62.130544,230.259198,-62.061877,230.381899,-62.026274,230.43571,-62.019573,230.772304,-61.921908,230.918956,-61.890881,231.108541,-61.833667,232.516291,-61.702466,232.53236,-61.700436,233.057899,-61.902832,235.566167,-61.846473,236.700545,-61.35,251.668063,-61.35,252.34549,-61.356311,256.243048,-61.3992,256.30483,-61.399279,256.445724,-61.398088,256.597933,-61.399407,256.769375,-61.396263,257.768214,-61.350948,258.0191,-61.35,277.623184,-61.35,281.342928,-57.630256,281.342928,-17.601341,277.623184,-13.881597,232.402748,-13.881597,232.308612,-13.975733,232.234503,-13.971904,231.653618,-13.873163,231.62708,-13.868767,231.187682,-13.797902,230.403376,-13.522015,229.647654,-13.382305,228.361081,-12.974047,228.014557,-12.885214,225.88113,-12.464659,225.830686,-12.455139,224.491055,-12.213493,224.365704,-12.190305,224.056687,-12.148702,222.610825,-12.025894,222.600175,-12.025008,221.511837,-11.936256,220.535189,-12.007222,219.345745,-12.281259,218.914516,-12.413444,218.044654,-12.749269,217.609805,-12.956245,216.828963,-13.403376,216.553967,-13.580232,215.981393,-13.9916,215.438174,-14.486181,214.758407,-15.266456,214.483411,-15.632258,213.787934,-16.711135,213.397701,-17.577416,213.118244,-18.57207,213.050876,-18.864121,212.819078,-20.141465,212.778005,-20.457106,212.669099,-21.827852,212.661547,-21.955327,212.590063,-23.784289,212.587649,-23.91597,212.591263,-25.412139,212.596268,-25.582861,212.690299,-27.254091,212.728966,-27.600664,212.933317,-28.820276,212.961602,-28.967634,213.100312,-29.608146,213.35703,-30.343688,214.038022,-31.723963,214.375893,-32.264512,214.960576,-33.019521,215.712241,-33.720295,217.203902,-34.716647,218.191594,-35.15657,219.64418,-35.52618,220.407777,-35.624509,221.646614,-35.633143,222.376741,-35.553565,223.067471,-35.396131,223.386195,-35.389034,223.393792,-35.389361,223.404312,-35.38863,223.430186,-35.388054,223.820471,-35.445514,224.15881,-35.53429,224.55222,-35.642261,224.628439,-35.662166,225.069604,-35.771549,225.29502,-35.8395,225.642108,-35.923178,226.249544,-36.03394,226.321288,-36.046174,227.103284,-36.170318,227.297471,-36.176991,227.393753,-36.188507,228.683004,-36.313936,228.683004,-44.402352,228.53344,-44.439921,228.405357,-44.52739,228.325375,-44.547481,228.251376,-44.593713,228.156866,-44.617453,228.082854,-44.663693,227.988344,-44.687433,227.914345,-44.733665,227.819835,-44.757405,227.745829,-44.803641,227.651319,-44.827381,227.577313,-44.873617,227.482803,-44.897357,227.408797,-44.943593,227.314287,-44.967333,227.240275,-45.013573,227.145765,-45.037313,227.071766,-45.083545,226.977256,-45.107285,226.90325,-45.153521,226.808745,-45.17726,226.803729,-45.180394,226.657266,-45.19389,226.586032,-45.231127,226.467718,-45.242685,226.398207,-45.279266,226.277934,-45.291691,226.217348,-45.32379,226.100139,-45.336245,226.048304,-45.363805,225.93566,-45.375775,225.883826,-45.403334,225.771183,-45.415304,225.719346,-45.442865,225.606701,-45.454835,225.554866,-45.482395,225.442222,-45.494365,225.390387,-45.521924,225.277749,-45.533894,225.225909,-45.561456,225.113261,-45.573427,225.061429,-45.600985,224.948787,-45.612955,224.89695,-45.640516,224.784305,-45.652486,224.73247,-45.680046,224.621039,-45.691887,224.569152,-45.71945,224.45721,-45.731345,224.405273,-45.758921,224.293314,-45.770819,224.241364,-45.79839,224.129402,-45.810288,224.077429,-45.83786,223.965537,-45.84975,223.913531,-45.877327,223.801667,-45.889214,223.749612,-45.916804,223.63776,-45.928691,223.585704,-45.95627,223.473874,-45.968154,223.212658,-46.106485,222.817569,-46.177201,222.806536,-46.183576,222.502958,-46.125239,221.920849,-46.068124,220.405823,-46.059398,219.201244,-46.286939,218.068043,-46.738442,217.435928,-47.077208,217.262621,-47.196998,216.840797,-47.374441,215.655333,-48.234886,214.685882,-49.355318,214.168511,-50.180066,213.652579,-51.376159,213.600939,-51.503373,213.382365,-52.077103,213.201026,-52.794454,213.0486,-53.949453,213.039597,-54.024554,212.97607,-54.613833,212.990898,-55.414292,213.149748,-56.506447,213.24239,-56.934129,213.655026,-58.357284,213.932406,-59.021722,214.470733,-59.986977,214.983438,-60.671063,216.324638,-62.033371,217.26666,-62.695142,218.369896,-63.203247,218.927572,-63.399614,220.264117,-63.734515,221.055726,-63.830059]}