{"Inners":[{"Index":-1,"Tolerance":2.6244045000000005E-06,"Coordinates":[226.299575,-42.798255,226.258734,-42.796445,221.984406,-42.634586,221.892752,-42.626154,221.719125,-42.614967,220.102855,-42.555232,217.166211,-42.136636,217.075543,-42.125041,216.97602,-42.113767,214.674653,-41.454257,214.604638,-41.435142,212.887374,-40.765168,213.843688,-39.911084,216.12008,-38.880309,218.099124,-38.442576,219.197066,-38.246597,220.551653,-38.141172,220.663095,-38.130519,220.821423,-38.112563,221.598997,-38.056221,221.727356,-38.044297,223.300392,-37.865891,226.985162,-37.745448,227.068714,-37.741615,228.141381,-37.678235,228.683004,-37.670451,228.683004,-42.91926]}],"Index":-1,"Tolerance":2.9061991000000003E-05,"Coordinates":[208.963179,-67.335977,209.282021,-67.300054,211.234979,-66.979448,211.385586,-66.950975,212.773046,-66.653817,212.842821,-66.638049,216.626001,-65.738199,218.697345,-65.272187,218.715022,-65.268157,222.509457,-64.39169,228.395077,-63.045933,231.732669,-62.329617,234.159294,-61.914634,235.051828,-61.817773,235.400314,-61.757738,238.676672,-61.47028,239.829105,-61.416553,242.558653,-61.375506,246.761702,-61.378966,246.915552,-61.37506,246.971904,-61.375078,246.985939,-61.375051,250.818999,-61.359306,256.588201,-61.399199,256.717943,-61.397445,258.114849,-61.35,277.623184,-61.35,281.342928,-57.630256,281.342928,-17.601341,277.623184,-13.881597,234.67723,-13.881597,232.839136,-13.672465,232.435059,-13.610714,227.87438,-12.830418,226.207102,-12.525844,224.964944,-12.288847,224.960422,-12.287988,220.711797,-11.483755,220.667979,-11.475778,219.564082,-11.282817,213.492327,-10.11297,213.263232,-10.077447,211.697542,-9.8929,211.642857,-9.886934,210.07274,-9.729394,207.951384,-9.318267,206.589732,-9.348554,204.138906,-9.937695,203.670256,-10.037338,203.144137,-10.197819,201.644117,-10.80153,199.884385,-12.476138,199.860662,-12.527566,199.000408,-13.316576,197.950391,-15.429757,197.743729,-17.627852,197.640135,-18.222441,197.592954,-18.756445,197.562305,-26.927236,197.549746,-28.549607,197.482066,-32.438149,197.481688,-32.467946,197.468523,-34.109909,197.602822,-35.052121,198.550578,-38.214459,198.583521,-38.589077,198.903931,-39.729961,199.858078,-41.656413,201.592558,-43.252588,201.625476,-43.265617,201.155651,-43.943539,200.077539,-45.147074,199.313096,-46.682042,199.111073,-47.71227,198.012547,-52.12993,197.931704,-52.608607,197.785574,-54.211797,197.773564,-54.416455,197.690323,-57.576696,197.695221,-57.855477,197.78968,-59.390191,197.816783,-59.652443,197.862726,-59.968176,197.873629,-61.425626,199.061724,-63.949701,200.787939,-65.398959,201.311424,-65.756087,203.153018,-66.759706,204.169081,-67.107992,205.038981,-67.249697,205.306897,-67.281729,206.18621,-67.349136,206.524073,-67.405255,207.242308,-67.442249]}