{"Index":-1,"Tolerance":2.4819891E-05,"Coordinates":[226.966711,-62.701795,227.579166,-62.676396,228.11495,-62.552775,228.470761,-62.497024,228.500635,-62.48794,228.524693,-62.484944,228.661981,-62.445109,228.715783,-62.438409,228.853083,-62.398571,228.906893,-62.39187,229.044186,-62.352034,229.097995,-62.345333,229.235296,-62.305495,229.28911,-62.298793,229.426396,-62.258959,229.480202,-62.252258,229.617492,-62.212423,229.67129,-62.205723,229.80859,-62.165885,229.8624,-62.159184,229.999694,-62.119348,230.053501,-62.112647,230.190791,-62.072812,230.244608,-62.06611,230.381899,-62.026274,230.43571,-62.019573,230.772304,-61.921908,230.918956,-61.890881,231.108541,-61.833667,232.516291,-61.702466,232.53236,-61.700436,233.057899,-61.902832,235.566167,-61.846473,236.700545,-61.35,254.103239,-61.35,254.870089,-61.36135,254.929076,-61.361675,258.019113,-61.35,277.623184,-61.35,281.342928,-57.630256,281.342928,-17.601341,277.623184,-13.881597,232.402748,-13.881597,232.308612,-13.975733,232.234503,-13.971904,231.653618,-13.873163,231.62708,-13.868767,229.308608,-13.494849,228.480752,-13.333844,228.023525,-13.24415,227.521841,-13.186594,226.54854,-13.152764,226.109521,-13.167874,225.654453,-13.215169,225.137331,-13.243798,224.743447,-13.290393,224.065927,-13.413814,223.403718,-13.610615,222.056741,-14.176239,221.566202,-14.434631,220.922318,-14.849227,220.268187,-15.408523,219.871524,-15.85349,219.210703,-16.540013,218.63876,-17.359641,218.113991,-18.439969,217.918781,-18.948638,217.871619,-19.112226,217.539305,-20.074404,217.379741,-20.805808,217.293805,-21.688578,217.284982,-21.799244,217.154431,-23.899611,217.150899,-23.968525,217.14202,-24.188506,217.139466,-24.330451,217.140744,-24.622863,217.140862,-24.639615,217.161087,-26.736254,217.176962,-27.024271,217.309674,-28.340576,217.357637,-28.656299,217.486228,-29.287282,217.620933,-29.758859,217.718036,-30.020451,217.825365,-30.390959,217.968287,-30.785003,218.248415,-31.422644,218.621721,-32.059661,219.426152,-33.126176,219.995067,-33.707983,220.899206,-34.422277,222.151568,-35.027896,222.322153,-35.068238,222.342124,-35.077895,223.12522,-35.263089,224.158808,-35.534289,224.55222,-35.642261,224.628439,-35.662166,225.069604,-35.771549,225.29502,-35.8395,225.642108,-35.923178,226.249544,-36.03394,226.321288,-36.046174,227.103284,-36.170318,227.297471,-36.176991,227.393753,-36.188507,228.683004,-36.313936,228.683004,-44.402352,228.53344,-44.439921,228.405357,-44.52739,228.325375,-44.547481,228.251376,-44.593713,228.156866,-44.617453,228.082854,-44.663693,227.988344,-44.687433,227.914345,-44.733665,227.819835,-44.757405,227.745829,-44.803641,227.651319,-44.827381,227.577313,-44.873617,227.482803,-44.897357,227.408797,-44.943593,227.314287,-44.967333,227.240275,-45.013573,227.145765,-45.037313,227.071766,-45.083545,226.977256,-45.107285,226.90325,-45.153521,226.808745,-45.17726,226.803729,-45.180394,226.657266,-45.19389,226.586032,-45.231127,226.467718,-45.242685,226.398207,-45.279266,226.277934,-45.291691,226.217348,-45.32379,226.100139,-45.336245,226.048304,-45.363805,225.93566,-45.375775,225.883826,-45.403334,225.771183,-45.415304,225.719346,-45.442865,225.606701,-45.454835,225.554866,-45.482395,225.442222,-45.494365,225.390387,-45.521924,225.277749,-45.533894,225.225909,-45.561456,225.113261,-45.573427,225.061429,-45.600985,224.948787,-45.612955,224.89695,-45.640516,224.784305,-45.652486,224.73247,-45.680046,224.621039,-45.691887,224.569152,-45.71945,224.45721,-45.731345,224.405273,-45.758921,224.293314,-45.770819,224.241364,-45.79839,224.129402,-45.810288,224.077429,-45.83786,223.965537,-45.84975,223.913531,-45.877327,223.801667,-45.889214,223.749612,-45.916804,223.63776,-45.928691,223.585704,-45.95627,223.473874,-45.968154,223.330915,-46.04386,223.059656,-46.077427,222.990763,-46.114793,222.847001,-46.133958,222.77736,-46.172255,222.584639,-46.200148,220.475838,-47.41412,219.691916,-48.403895,219.031097,-49.183891,218.442435,-50.223284,218.085501,-51.273048,218.061448,-51.346729,217.857559,-51.998134,217.714761,-52.817484,217.689513,-53.421735,217.635401,-54.570335,217.715002,-55.444007,217.918322,-56.317093,218.027077,-56.683011,218.418065,-57.757482,218.556759,-58.08147,219.013237,-59.002891,219.843873,-60.051613,220.006273,-60.185925,220.61735,-60.909913,222.109901,-61.907008,223.615609,-62.386252,223.665995,-62.401829,224.54482,-62.665552,225.692319,-62.792546]}