{"Index":-1,"Tolerance":2.0851065999999998E-05,"Coordinates":[215.746819,-58.936817,216.215662,-58.93655,218.65487,-58.616279,219.375105,-58.508008,222.260434,-57.903357,223.105608,-57.731657,225.030947,-57.299059,226.05553,-57.064128,227.021047,-56.846228,230.534478,-56.092173,232.541607,-55.745094,232.908295,-55.687139,233.689069,-55.550783,233.849531,-55.525422,234.169387,-55.526255,234.26916,-55.482588,237.533576,-55.192721,238.251142,-55.133221,239.85725,-55.058344,240.947628,-55.032606,242.420995,-55.012063,246.719753,-55.007588,249.170242,-55.010271,249.761249,-55.008745,250.827933,-55.009216,256.567233,-55.048902,258.00703,-55.0,274.992928,-55.0,274.992928,-20.231597,235.033004,-20.231597,235.033004,-20.313044,232.000268,-19.96799,231.419883,-19.879295,226.768313,-19.083449,222.74953,-18.349306,221.140098,-18.044652,219.295438,-17.722206,217.733517,-17.523388,216.27198,-17.560575,214.211672,-17.355466,213.658767,-17.615767,212.530083,-19.92848,212.508893,-20.206226,212.509542,-20.613902,212.203843,-24.46113,212.318932,-27.720968,212.320595,-27.799657,212.417379,-29.353832,212.696634,-29.709175,213.354468,-31.102626,213.872871,-31.256193,215.175616,-31.307054,215.40125,-31.335638,215.45615,-31.354818,215.619949,-31.349606,220.82016,-30.929147,225.446317,-30.812603,227.4752,-30.868696,228.523754,-30.913167,233.240351,-30.963829,235.033004,-31.015745,235.033004,-49.487894,234.24393,-49.596492,234.052622,-49.535518,233.591114,-49.658246,231.002119,-49.932148,230.979716,-49.932917,229.541668,-49.965055,228.931024,-49.943459,223.541364,-49.927645,222.903868,-49.903361,221.537691,-49.837291,219.123374,-49.748631,218.230213,-49.744657,216.531323,-49.692944,215.988674,-49.662981,215.010719,-49.856583,214.236261,-49.998551,213.690404,-50.663553,212.905145,-51.359331,212.694688,-52.193472,212.40373,-54.395082,212.285587,-55.27109,212.563765,-56.238377,212.643137,-57.455405,213.179572,-58.384183,213.594871,-58.589523,214.565764,-59.057598]}