{"Index":-1,"Tolerance":2.17696915E-05,"Coordinates":[75.21494,-86.348242,75.290814,-86.347514,75.291255,-86.347497,75.388198,-86.346552,76.526056,-86.271971,76.584679,-86.267583,76.586848,-86.2674,76.589571,-86.267209,76.667343,-86.261369,76.697375,-86.258971,77.803048,-86.165387,77.96093,-86.143085,78.162227,-86.114674,79.280466,-85.892247,79.335024,-85.880897,79.336389,-85.880601,79.382348,-85.871038,80.528284,-85.622105,80.53538,-85.620137,80.535485,-85.620114,80.747278,-85.561364,80.875037,-85.525929,80.875098,-85.525908,80.882255,-85.523923,81.962021,-85.157396,82.011714,-85.140067,82.013048,-85.13959,82.05769,-85.124022,83.158063,-84.730039,83.164316,-84.727389,83.16804,-84.726056,83.502438,-84.58429,84.525197,-84.079908,84.569452,-84.057653,84.571359,-84.056675,84.612655,-84.035919,85.657587,-83.500197,85.809691,-83.41074,85.978012,-83.311814,86.926326,-82.678163,86.964776,-82.652062,86.988759,-82.635524,86.990286,-82.634503,87.027756,-82.609057,87.968342,-81.960467,87.973297,-81.956607,87.976192,-81.954611,88.267232,-81.727866,89.124486,-80.976084,89.15693,-80.947237,89.179287,-80.927083,89.181064,-80.925525,89.213504,-80.896681,90.065135,-80.128976,90.06951,-80.124542,90.069982,-80.124116,90.202858,-79.989384,90.326201,-79.864367,90.32659,-79.863923,90.330998,-79.859454,90.61446,-79.536225,91.933852,-79.724539,92.1058,-79.744316,92.963379,-79.819339,93.450421,-79.824499,94.982901,-79.723096,95.217623,-79.698779,96.24416,-79.553712,96.949725,-79.369721,97.922844,-78.992516,98.280162,-78.827895,99.512042,-78.165017,100.070257,-77.783055,101.669463,-76.418203,102.731424,-74.662061,103.250795,-72.376607,103.266447,-72.303792,103.645344,-70.434613,103.708785,-69.806653,103.709184,-69.516099,103.714527,-68.935266,103.714658,-68.910413,103.716267,-67.737507,103.716265,-67.728023,103.714976,-66.929957,103.714748,-66.896712,103.71298,-66.750417,103.713779,-66.16748,103.71355,-66.124741,103.685696,-63.820809,103.705655,-58.218686,103.705672,-58.202662,103.705458,-58.058445,103.705837,-57.951999,103.705856,-57.942968,103.706053,-57.668269,103.707025,-56.313872,103.707022,-56.30688,103.705653,-55.384878,103.705598,-55.370302,103.700188,-54.479863,103.700144,-54.478756,103.699989,-54.374049,103.691839,-54.151349,103.500869,-51.491206,103.365868,-50.775018,102.668634,-48.528679,102.443099,-47.985451,101.8258,-46.817133,100.792034,-45.682046,100.3446,-45.018981,98.258759,-43.629835,95.823693,-43.141595,95.647038,-43.111333,93.535056,-42.810619,92.181712,-42.907451,90.114719,-43.511438,89.824174,-43.553615,89.552595,-43.605192,88.645635,-43.818708,87.783388,-44.160098,85.889424,-45.251505,84.57573,-45.935963,84.087139,-45.695013,83.955584,-45.633831,83.954922,-45.633541,83.930721,-45.622293,83.883216,-45.600686,83.064193,-45.236262,82.921779,-45.176995,82.831049,-45.141797,82.830475,-45.141546,82.712798,-45.095923,82.660177,-45.075509,82.659651,-45.075318,82.57815,-45.04372,81.498244,-44.677145,81.362633,-44.634472,81.361972,-44.63428,81.105244,-44.553557,81.016397,-44.52704,80.253413,-44.311403,80.212113,-44.300526,80.182929,-44.292056,80.043084,-44.257921,80.003114,-44.248156,80.00273,-44.248071,79.917291,-44.227216,78.798929,-44.004753,78.66197,-43.980614,78.661306,-43.980512,78.631692,-43.975299,78.582739,-43.967076,77.69254,-43.824686,77.537206,-43.803757,77.448882,-43.79407,77.448215,-43.793967,77.3127,-43.779133,77.261222,-43.773487,77.260712,-43.773442,77.173017,-43.763843,76.035046,-43.689272,75.899232,-43.683289,75.898436,-43.683271,75.709344,-43.674986,75.646015,-43.672844,74.874165,-43.654448,74.73145,-43.654254,74.672492,-43.655499,74.671687,-43.655481,74.531695,-43.658473,74.481084,-43.659542,74.480503,-43.659567,74.391894,-43.661461,73.25394,-43.736031,73.121539,-43.747494,73.120759,-43.747578,72.880631,-43.768428,72.798106,-43.776681,71.980359,-43.869261,71.935129,-43.875274,71.900554,-43.878998,71.759107,-43.900639,71.709247,-43.908257,71.708803,-43.908335,71.620938,-43.921778,70.502587,-44.14424,70.376004,-44.172117,70.375303,-44.172286,70.339077,-44.180273,70.291148,-44.191229,69.389667,-44.40466,69.237746,-44.444621,69.182645,-44.460582,69.181838,-44.460777,69.049389,-44.499182,68.993703,-44.515312,68.993037,-44.515521,68.907181,-44.540416,67.827302,-44.906981,67.708104,-44.950116,67.707424,-44.950377,67.474081,-45.03488,67.399701,-45.062873,66.63687,-45.360923,66.597013,-45.377421,66.561959,-45.3909,66.424267,-45.451176,66.379517,-45.470755,66.379131,-45.470935,66.297071,-45.506857,65.274297,-46.011241,65.164512,-46.068065,65.163842,-46.068429,64.982444,-46.162373,64.928467,-46.190989,64.23368,-46.567943,64.107554,-46.640156,64.085214,-46.653634,64.08462,-46.653957,63.961505,-46.728274,63.912127,-46.758066,63.911669,-46.758357,63.834656,-46.804845,62.886531,-47.43838,62.787533,-47.507286,62.78692,-47.50773,62.611641,-47.629786,62.552963,-47.671644,61.863165,-48.175618,61.825981,-48.204011,61.792921,-48.227968,61.678159,-48.319547,61.633533,-48.355142,61.633112,-48.355494,61.562451,-48.411881,60.70521,-49.16365,60.618344,-49.242719,60.617826,-49.243209,60.457513,-49.389189,60.405996,-49.437155,59.788332,-50.02517,59.756081,-50.057215,59.725284,-50.086307,59.627416,-50.187864,59.581824,-50.235147,59.581253,-50.235768,59.518333,-50.30106,58.766464,-51.158413,58.692611,-51.245752,58.692118,-51.246357,58.577257,-51.382258,58.535774,-51.432373,57.974508,-52.124742,57.944654,-52.163292,57.916667,-52.197624,57.825321,-52.321212,57.792018,-52.366251,57.791729,-52.366663,57.737609,-52.439885,57.104103,-53.387964,57.04393,-53.481524,57.043517,-53.482192,56.945761,-53.634268,56.912022,-53.687924,56.445801,-54.446068,56.421854,-54.487048,56.397716,-54.526066,56.324257,-54.65861,56.29481,-54.71171,56.294505,-54.712293,56.250162,-54.792302,55.745825,-55.814979,55.699643,-55.912792,55.699364,-55.91341,55.640385,-56.038401,55.618043,-56.086797,55.247093,-56.908389,55.202302,-57.014331,55.194136,-57.032418,55.135942,-57.179974,55.115243,-57.232421,55.115044,-57.232964,55.081335,-57.318436,54.714816,-58.398179,54.682717,-58.49814,54.68248,-58.498921,54.63951,-58.632855,54.624119,-58.682203,54.362776,-59.544811,54.333046,-59.652288,54.326558,-59.673704,54.28829,-59.826589,54.273689,-59.884848,54.273531,-59.885549,54.251126,-59.975061,54.028643,-61.093517,54.010346,-61.193906,54.010211,-61.194721,54.000085,-61.250356,53.992267,-61.295128,53.829696,-62.267119,53.813439,-62.382139,53.809563,-62.40552,53.792238,-62.555695,53.784239,-62.624886,53.784177,-62.625573,53.77359,-62.717342,53.699016,-63.855361,53.694083,-63.954231,53.694057,-63.954986,53.688949,-64.057907,53.686907,-64.106585,53.654135,-65.062998,53.653396,-65.141558,53.652023,-65.181597,53.654585,-65.346033,53.6555,-65.405304,53.655514,-65.405644,53.656956,-65.49821,53.731517,-66.636025,53.739225,-66.73154,53.739286,-66.732176,53.747844,-66.837951,53.752226,-66.887321,53.845504,-67.852546,53.851289,-67.900104,53.856494,-67.954353,53.879294,-68.109409,53.889358,-68.177955,53.889465,-68.178572,53.903024,-68.270784,54.125506,-69.389233,54.14495,-69.480023,54.145084,-69.480607,54.158453,-69.542964,54.168349,-69.587556,54.394909,-70.574794,54.40706,-70.622195,54.419643,-70.677041,54.462654,-70.828679,54.482309,-70.897994,54.482382,-70.898228,54.507794,-70.987819,54.874335,-72.067626,54.90431,-72.152002,54.904545,-72.152634,54.926503,-72.214396,54.941542,-72.255782,55.293856,-73.204812,55.311448,-73.248728,55.331685,-73.303248,55.395671,-73.451772,55.423364,-73.516093,55.423632,-73.516675,55.460771,-73.60288,55.96518,-74.625703,56.004555,-74.702873,56.004867,-74.703464,56.035372,-74.763213,56.054935,-74.800906,56.527357,-75.696443,56.549553,-75.736006,56.577346,-75.788705,56.663044,-75.932585,56.697749,-75.990864,56.697888,-75.991084,56.745925,-76.071734,57.379522,-77.019952,57.426758,-77.088673,57.427219,-77.089325,57.46603,-77.145762,57.489456,-77.179361,58.073887,-78.006149,58.100552,-78.041864,58.136093,-78.092133,58.238641,-78.22219,58.282185,-78.277456,58.282823,-78.278224,58.34161,-78.35278,