{"Index":-1,"Tolerance":2.6846596E-05,"Coordinates":[217.331202,-64.880987,219.236256,-64.859617,219.7878,-64.805147,219.993096,-64.766586,220.166755,-64.734706,221.611734,-64.517486,221.790994,-64.485257,224.381837,-63.942319,224.407277,-63.936878,225.590336,-63.678819,225.61784,-63.672691,226.101063,-63.562785,226.131617,-63.556067,226.148051,-63.552408,228.385597,-63.047968,231.742225,-62.327566,234.349289,-61.876744,234.814284,-61.877955,235.391862,-61.757881,238.076766,-61.519473,238.960246,-61.446215,239.686252,-61.415055,241.743809,-61.360832,241.828528,-61.360392,247.379885,-61.356963,249.331129,-61.3591,249.342805,-61.359091,249.626787,-61.358358,250.803677,-61.3592,256.588201,-61.399199,256.717943,-61.397445,258.114849,-61.35,277.623184,-61.35,281.342928,-57.630256,281.342928,-17.601341,277.623184,-13.881597,234.67723,-13.881597,232.839136,-13.672465,232.436954,-13.611003,229.573403,-13.119295,229.568335,-13.118429,227.869568,-12.82956,227.846608,-12.825377,225.822275,-12.453644,225.816655,-12.452617,222.781084,-11.900833,222.777193,-11.90024,222.487086,-11.846601,222.310701,-11.81909,217.911607,-11.259127,217.429243,-11.234705,215.333919,-11.288016,214.063094,-11.585938,211.703779,-12.682597,210.182162,-14.140323,209.399144,-15.651757,208.399371,-17.115132,207.834193,-18.902127,207.819291,-20.024391,207.750974,-20.399978,207.704029,-20.802301,207.519212,-24.326452,207.514873,-24.503704,207.519625,-25.88263,207.556962,-26.357627,207.66495,-27.055865,207.699724,-28.70183,207.705154,-28.832113,207.798455,-30.330375,208.351704,-31.947189,209.405617,-33.496985,209.559222,-33.704234,210.938473,-35.415293,213.089347,-36.6161,214.232301,-36.760891,215.019387,-37.035873,216.177319,-37.213425,219.42466,-37.110083,219.579573,-37.101361,221.075616,-36.9804,222.150108,-36.953331,223.993405,-37.004294,224.060817,-37.005442,225.993913,-37.017825,226.851745,-37.057507,228.683004,-37.14646,228.683004,-43.736894,226.951561,-43.880383,225.1228,-43.900438,224.421779,-43.898881,224.392886,-43.898948,221.80285,-43.916765,218.967067,-43.875039,218.611546,-43.861984,218.509149,-43.859877,218.281875,-43.858866,217.152873,-43.817873,216.07051,-43.965225,214.242876,-44.544444,213.618094,-44.668145,211.934817,-45.575421,211.22227,-46.29924,209.949334,-47.563015,209.571028,-48.015657,208.901238,-48.987698,208.400502,-50.162551,207.926228,-52.473125,207.861663,-53.168472,207.874577,-53.91582,207.735486,-54.94715,207.831702,-56.263078,208.011291,-56.887548,208.202012,-58.45746,208.95665,-60.174362,209.752185,-61.104904,210.374603,-62.241157,212.359009,-63.828513,214.539012,-64.454722,215.432332,-64.762484,216.724906,-64.927897]}