{"Index":-1,"Tolerance":2.2844396499999998E-05,"Coordinates":[94.672099,-39.284259,95.185876,-39.162289,97.760548,-38.688636,99.795643,-37.428156,101.397464,-35.293036,101.734931,-34.730628,102.794267,-32.464309,103.075792,-31.460559,103.177785,-30.534071,103.470645,-29.192577,103.542927,-28.591259,103.547627,-28.398083,103.556193,-28.326823,103.560893,-28.133652,103.569459,-28.062391,103.574159,-27.869222,103.582725,-27.797961,103.587997,-27.581278,103.667805,-25.972419,103.671618,-25.838533,103.687041,-23.748695,103.687117,-23.733515,103.687775,-23.480504,103.689093,-23.426319,103.690021,-23.357356,103.690749,-23.077489,103.692068,-23.023261,103.692996,-22.954298,103.693724,-22.674394,103.695042,-22.620206,103.69597,-22.551231,103.696697,-22.271395,103.698016,-22.217198,103.698945,-22.148197,103.70671,-19.158671,103.706664,-19.131442,103.705402,-18.920232,103.705437,-18.906553,103.705408,-18.882436,103.70408,-18.616693,103.695191,-16.839429,103.695174,-16.836326,103.679525,-14.21899,103.679516,-14.217506,103.661798,-11.468963,103.661498,-11.460728,103.658655,-11.019696,103.664697,-9.62656,103.649141,-9.298467,103.59041,-8.707722,103.522806,-8.299712,103.089093,-6.44156,103.028052,-6.217419,102.671568,-5.074982,101.995724,-3.886275,100.681086,-2.421665,100.338186,-2.092792,98.898859,-0.905509,96.908281,-0.16057,93.337942,-0.06607,93.18801,-0.065642,92.528112,-0.079343,91.618702,-0.231434,90.691891,-0.528988,90.669045,-0.502937,90.610116,-0.440824,90.609425,-0.440066,90.582479,-0.411692,90.497931,-0.322575,90.496778,-0.321451,90.423818,-0.244626,90.350737,-0.170162,89.75332,0.418879,89.680851,0.488111,89.388738,0.758487,89.38756,0.759635,89.327018,0.815614,89.321562,0.820664,89.321342,0.820862,89.264844,0.873102,88.661104,1.402562,88.595127,1.456108,88.594336,1.456775,88.565514,1.480141,88.472844,1.555351,88.471512,1.55635,88.260285,1.727595,88.148838,1.813919,87.451924,2.329389,87.400458,2.366666,87.233683,2.484931,87.232408,2.485887,87.162793,2.535201,87.154729,2.540919,87.154425,2.541129,87.091137,2.58596,86.423743,3.031912,86.352238,3.075942,86.351504,3.076413,86.321081,3.095128,86.222947,3.155555,86.221721,3.156249,85.978326,3.305972,85.858999,3.375841,85.106258,3.794853,85.047807,3.826592,84.875163,3.91801,84.873822,3.918769,84.794397,3.960777,84.784149,3.966204,84.783795,3.966385,84.714677,4.002942,83.994551,4.358072,83.918482,4.392227,83.917664,4.392612,83.887031,4.406349,83.785244,4.452051,83.78385,4.452617,83.51021,4.575324,83.385583,4.62805,82.589942,4.944847,82.525169,4.96982,82.350236,5.035079,82.348835,5.035648,82.262046,5.067978,82.248544,5.073015,82.248101,5.073173,82.17424,5.100687,81.414005,5.358749,81.33485,5.382554,81.334145,5.38278,81.306806,5.390989,81.200526,5.422952,81.199132,5.423318,80.898613,5.513551,80.770999,5.548984,79.946097,5.759597,79.875773,5.776701,79.702205,5.816825,79.700726,5.817214,79.608487,5.83849,79.591008,5.842531,79.590441,5.842653,79.512943,5.860529,78.725562,6.017152,78.644674,6.030394,78.643916,6.030531,78.61672,6.03497,78.511934,6.052124,78.51046,6.052314,78.368586,6.075471,78.290914,6.087164,77.495217,6.196908,77.369872,6.211664,76.976075,6.250105,76.974585,6.250297,76.877286,6.259748,76.856575,6.26177,76.855938,6.261822,76.776163,6.269571,75.975066,6.322068,75.893706,6.324705,75.892939,6.324742,75.86814,6.325533,75.765328,6.328865,75.763736,6.328864,75.611147,6.333732,75.535691,6.335242,74.72623,6.341817,74.596992,6.340237,74.216366,6.32783,74.214923,6.327829,74.112594,6.324447,74.090619,6.323731,74.09,6.323701,74.009278,6.321033,73.208181,6.268537,73.128012,6.260698,73.127413,6.260649,73.106726,6.258617,73.005697,6.248738,73.004241,6.248548,72.619971,6.210797,72.492657,6.195688,71.69294,6.084371,71.617228,6.0729,71.469574,6.048704,71.467947,6.048492,71.364277,6.031449,71.33999,6.027469,71.339233,6.027332,71.258546,6.014067,70.471152,5.85744,70.39311,5.839383,70.392471,5.839245,70.373753,5.834904,70.279217,5.81303,70.277619,5.812608,70.10965,5.773651,70.037516,5.756031,69.216509,5.545271,69.090943,5.510275,68.781813,5.417239,68.780306,5.416841,68.676894,5.385663,68.650542,5.377732,68.649786,5.37749,68.571015,5.353741,67.810787,5.095681,67.736673,5.068016,67.736135,5.067824,67.718839,5.061359,67.632194,5.029016,67.630869,5.028475,67.271879,4.894285,67.162961,4.851266,66.401242,4.534055,66.320593,4.499152,66.197717,4.443943,66.196413,4.443411,66.095144,4.397856,66.067508,4.385439,66.066812,4.385111,65.991216,4.351105,65.271363,3.996108,65.202026,3.959382,65.2016,3.959164,65.188657,3.9523,65.108886,3.910048,65.107604,3.90932,64.756752,3.723274,64.657237,3.668198,63.947157,3.258429,63.869018,3.211832,63.761533,3.14563,63.759997,3.144758,63.660501,3.083402,63.635156,3.067791,63.634397,3.067304,63.562808,3.023157,62.895322,2.57714,62.831447,2.531827,62.831079,2.531573,62.822202,2.525268,62.750559,2.474444,62.749122,2.473363,62.413994,2.235338,62.32511,2.169854,61.677909,1.675452,61.603935,1.617185,61.512458,1.542907,61.511156,1.541928,61.421234,1.468836,61.393067,1.445965,61.392286,1.445306,61.326738,1.392026,60.723427,0.862943,60.666648,0.810383,60.666352,0.810116,60.659,0.803303,60.598089,0.746918,60.59691,0.745766,60.310824,0.480659,60.236846,0.409855,59.638181,-0.181915,59.566701,-0.254882,59.490108,-0.335626,59.488923,-0.336784,59.406312,-0.423964,59.379893,-0.451815,59.379179,-0.452598,59.320504,-0.514518,58.791052,-1.118253,58.741964,-1.177247,58.741722,-1.17753,58.736112,-1.184279,58.685691,-1.244875,58.684655,-1.246188,58.427223,-1.555907,58.365134,-1.633021,57.850246,-2.293329,57.786743,-2.377619,57.726261,-2.460738,57.725322,-2.461928,57.652089,-2.562671,57.628751,-2.594744,57.628199,-2.595535,57.577789,-2.664882,57.131807,-3.332321,57.091207,-3.396485,57.091111,-3.396632,57.088761,-3.40035,57.047255,-3.465945,57.04646,-3.467273,56.866874,-3.751393,56.82816,-3.814248,56.407207,-4.515829,56.3422,-4.629415,56.25181,-4.795185,56.251001,-4.796537,56.189806,-4.908897,56.169692,-4.945785,56.169216,-4.946703,56.127805,-5.022737,55.772692,-5.742825,55.740984,-5.811195,55.740943,-5.81128,55.740026,-5.81326,55.708818,-5.880551,55.708176,-5.882026,55.593084,-6.13052,55.566632,-6.189182,55.209384,-7.003385,55.155854,-7.133102,55.090879,-7.300981,55.090239,-7.302452,55.042963,-7.424784,55.027008,-7.466007,55.026639,-7.467024,54.995159,-7.548481,54.73714,-8.308593,54.693619,-8.447132,54.693171,-8.448683,54.619511,-8.683573,54.602474,-8.739715,54.341271,-9.629947,54.303391,-9.770976,54.263297,-9.935237,54.262863,-9.936737,54.231146,-10.066953,54.21996,-10.112782,54.219722,-10.113856,54.198897,-10.199356,54.042277,-10.986713,54.018173,-11.123445,54.017939,-11.124968,53.960285,-11.452946,53.949745,-11.516708,53.815686,-12.382315,53.797298,-12.521248,53.782622,-12.654725,53.782381,-12.65629,53.767559,-12.79172,53.762028,-12.842019,53.761925,-12.843192,53.75227,-12.931409,53.699776,-13.732474,53.693875,-13.864723,53.693836,-13.866356,53.676769,-14.253192,53.674373,-14.327003,53.655813,-15.217877,53.655782,-15.348641,53.657095,-15.413135,53.657059,-15.414644,53.659946,-15.553174,53.661049,-15.607378,53.6611,-15.608558,53.66296,-15.697838,53.71545,-16.498861,53.726161,-16.624208,53.726334,-16.62585,53.757009,-16.982687,53.763462,-17.049475,53.862361,-17.971207,53.880003,-18.107679,53.888624,-18.164636,53.888787,-18.166179,53.910284,-18.307729,53.918574,-18.362501,53.918781,-18.363683,53.932311,-18.452776,54.088938,-19.240162,54.11441,-19.356725,54.114793,-19.358331,54.1756,-19.635894,54.187325,-19.687363,54.41129,-20.634105,54.449729,-20.780853,54.473431,-20.863255,54.473798,-20.864797,54.514596,-21.006371,54.530364,-21.061192,54.530731,-21.062362,54.555884,-21.149648,54.813967,-21.909943,54.852161,-22.016212,54.852721,-22.017687,54.966864,-22.334762,54.986797,-22.388602,55.329538,-23.289253,55.385109,-23.425676,55.401814,-23.464108,55.402333,-23.465476,55.461429,-23.601264,55.486128,-23.658088,55.486643,-23.659198,55.523144,-23.743069,55.878188,-24.463015,55.926808,-24.55758,55.927539,-24.558946,56.06669,