{"Inners":[{"Index":-1,"Tolerance":2.476270000000003E-06,"Coordinates":[225.405455,-42.691513,225.251148,-42.685669,225.190783,-42.683958,223.261981,-42.64763,221.928451,-42.618726,221.715402,-42.621256,221.698903,-42.622006,220.058584,-42.548922,217.186876,-42.139581,217.137661,-42.132958,217.116622,-42.130294,216.648943,-41.99627,216.521743,-41.96774,215.826951,-41.768631,215.699762,-41.740104,215.162575,-41.58616,215.120807,-41.574498,214.845159,-41.499563,213.943617,-41.06107,213.990795,-40.889385,214.224546,-39.739318,216.126681,-38.882117,217.419555,-38.593665,218.533848,-38.394768,218.828936,-38.354345,218.955956,-38.334317,219.654328,-38.20966,222.706512,-37.965959,222.81161,-37.955806,222.9668,-37.938206,223.744347,-37.881866,223.80263,-37.876452,224.528765,-37.859262,224.56091,-37.858338,224.819966,-37.84958,224.99748,-37.847043,225.059393,-37.845554,227.727149,-37.755357,228.683004,-37.778058,228.683004,-42.693098,228.318609,-42.698451,226.275358,-42.707897]}],"Index":-1,"Tolerance":2.9892874999999998E-05,"Coordinates":[203.156904,-68.293827,204.991447,-68.151509,205.070878,-68.144342,206.202528,-68.027894,206.391911,-68.002628,207.012693,-67.900718,207.078783,-67.88915,208.954439,-67.540383,209.08035,-67.514322,209.536696,-67.410192,209.654997,-67.385483,210.252185,-67.246932,210.951915,-67.087267,210.974772,-67.081963,211.649879,-66.922659,212.722465,-66.673812,212.733893,-66.671138,216.651502,-65.746953,218.000111,-65.436094,218.001533,-65.435766,223.708219,-64.117592,228.395039,-63.045941,231.732669,-62.329617,234.241988,-61.900492,235.106283,-61.783535,238.676696,-61.470278,239.768004,-61.419401,240.962769,-61.399505,241.983296,-61.384159,245.537721,-61.388182,245.694523,-61.384184,245.74922,-61.384212,245.766438,-61.384174,250.821579,-61.359324,256.588201,-61.399199,256.717943,-61.397445,258.114849,-61.35,277.623184,-61.35,281.342928,-57.630256,281.342928,-17.601341,277.623184,-13.881597,234.67723,-13.881597,232.839136,-13.672465,232.435059,-13.610714,227.874326,-12.830409,226.317141,-12.545945,221.773655,-11.679074,221.769135,-11.678215,220.182647,-11.377904,220.138831,-11.369928,219.750811,-11.302102,212.734798,-9.950325,212.702678,-9.944308,212.405477,-9.890212,211.603598,-9.735715,211.436606,-9.710654,211.141421,-9.651785,211.04796,-9.634596,208.724545,-9.243131,206.848344,-8.922745,205.650592,-8.708629,205.416556,-8.675724,203.788358,-8.5083,202.797275,-8.561389,200.820561,-8.981673,199.376826,-9.208587,198.05886,-9.732437,195.974705,-11.160575,194.866427,-12.473382,194.653253,-12.935523,194.09226,-13.540173,193.251424,-15.332099,192.854966,-18.376264,192.714386,-18.93918,192.619966,-19.655044,192.548505,-23.726186,192.548208,-23.747006,192.495849,-28.509603,192.495785,-28.573,192.529596,-32.340518,192.530041,-32.372345,192.706302,-41.648564,192.708332,-41.716786,192.767092,-43.167012,192.783533,-43.385713,192.825976,-43.77154,192.836007,-44.37146,192.724425,-45.232318,192.69809,-45.627036,192.669425,-52.229032,192.544906,-53.400067,192.527268,-53.76949,192.572063,-58.027695,192.572369,-58.049607,192.622488,-60.926246,193.420827,-63.011965,194.484582,-64.240345,194.939841,-64.950143,196.483166,-66.219633,196.765137,-66.331018,197.16856,-66.669715,197.69204,-67.026841,198.635668,-67.541095,199.651741,-67.889384,201.529738,-68.195304,201.797649,-68.227335,202.667933,-68.29405]}