{"Index":-1,"Tolerance":2.7256424499999996E-05,"Coordinates":[216.072469,-65.286632,216.425702,-65.286431,216.837662,-65.259384,219.510901,-64.908384,219.569555,-64.900126,220.409132,-64.773914,220.588392,-64.741685,223.543829,-64.122342,224.401842,-63.948034,224.46577,-63.93436,226.429789,-63.493071,226.443356,-63.489992,227.463959,-63.255973,228.386315,-63.047814,231.742225,-62.327566,233.578284,-62.010069,233.924923,-61.955283,233.975489,-61.946872,234.376628,-61.876816,234.814278,-61.877956,235.391863,-61.757881,238.076752,-61.519474,238.661492,-61.470988,240.080068,-61.404854,241.066836,-61.381561,242.468544,-61.362017,246.719878,-61.357592,249.169127,-61.360274,249.180801,-61.360265,249.768226,-61.358748,250.804548,-61.359206,256.588201,-61.399199,256.717943,-61.397445,258.114849,-61.35,277.623184,-61.35,281.342928,-57.630256,281.342928,-17.601341,277.623184,-13.881597,234.67723,-13.881597,232.839136,-13.672465,232.435059,-13.610714,227.87438,-12.830418,223.910578,-12.106319,222.299254,-11.801307,222.255434,-11.79333,220.316209,-11.454355,220.170403,-11.432343,218.295783,-11.193722,217.813416,-11.1693,216.506652,-11.202549,213.983704,-10.951382,212.28614,-11.243463,209.97261,-12.332645,208.427855,-13.855887,206.559528,-17.684155,206.244254,-18.845486,206.167904,-19.846237,206.158705,-20.092912,206.159141,-20.36706,205.859383,-24.139526,205.851377,-24.50334,205.9713,-27.900091,205.97339,-27.999001,205.97882,-28.129266,206.139696,-30.712639,206.827754,-32.517968,207.260624,-33.068781,208.191222,-35.040013,210.250407,-36.805864,212.448734,-37.457077,213.229691,-37.58592,214.52705,-37.636571,215.072679,-37.720234,215.899446,-37.693926,216.054371,-37.685204,221.156256,-37.272695,225.438518,-37.164814,227.252915,-37.214977,228.304875,-37.259592,228.405316,-37.262261,228.683004,-37.265244,228.683004,-43.592704,223.671571,-43.577999,223.17806,-43.5592,221.826005,-43.493813,221.789153,-43.492245,219.305231,-43.401029,219.202835,-43.398922,218.340955,-43.395087,216.803017,-43.348273,215.941022,-43.300677,215.146285,-43.356511,213.821554,-43.618763,211.98346,-43.955708,210.042622,-45.099118,209.10197,-46.245087,207.977378,-47.24153,206.982316,-48.877544,206.49267,-50.818244,206.423507,-51.179289,206.109569,-53.554778,205.904385,-55.076179,206.0006,-56.392105,206.271804,-57.33514,206.354191,-58.598406,206.778648,-59.998054,208.150959,-62.374059,209.52251,-63.659783,210.794586,-64.288747,210.822995,-64.302618,212.601281,-65.159943,214.33583,-65.464231]}