{"Index":-1,"Tolerance":2.0498039499999997E-05,"Coordinates":[217.922574,-58.557974,218.632403,-58.557571,220.337187,-58.302865,223.146425,-57.71416,224.014964,-57.524706,224.64213,-57.38196,224.715002,-57.365862,227.021047,-56.846228,230.534478,-56.092173,233.812507,-55.525326,234.169387,-55.526255,234.26916,-55.482588,237.533576,-55.192721,238.296569,-55.129454,239.089409,-55.095426,239.85725,-55.058344,241.612012,-55.012101,241.794497,-55.011154,247.2349,-55.007071,249.299843,-55.009332,249.644545,-55.008442,250.827933,-55.009216,256.567233,-55.048902,258.00703,-55.0,274.992928,-55.0,274.992928,-20.231597,235.033004,-20.231597,235.033004,-20.313044,232.000268,-19.96799,231.419883,-19.879295,226.768313,-19.083449,224.678195,-18.69973,222.065711,-18.224413,221.56342,-18.129333,220.995352,-18.030035,217.426175,-17.575712,215.702609,-17.619565,215.199338,-17.853496,214.904439,-18.422729,213.854069,-19.960163,213.839581,-21.051324,213.79231,-21.311207,213.597407,-25.02769,213.598649,-25.388045,213.645191,-25.688985,213.701663,-28.361947,213.749935,-29.137115,214.158413,-29.737789,214.857293,-30.604799,215.635913,-30.703435,216.339854,-30.94937,218.440105,-30.882533,220.755648,-30.695311,222.815577,-30.643417,225.687264,-30.722811,226.728296,-30.72948,229.197869,-30.848259,229.579788,-30.864456,229.917182,-30.86808,231.856646,-30.922713,232.861012,-30.954561,235.033004,-31.015745,235.033004,-49.487894,234.24393,-49.596492,234.052622,-49.535518,233.591114,-49.658246,232.750845,-49.745191,232.380036,-49.795025,231.835429,-49.842236,231.413958,-49.896462,230.948258,-49.937901,230.250756,-49.961851,227.751659,-50.168958,226.176659,-50.186229,224.083303,-50.181581,222.059607,-50.195503,219.783347,-50.16201,218.568429,-50.117395,217.668373,-50.11339,217.197274,-50.096285,216.064943,-50.455147,215.468153,-50.570867,214.787872,-51.399633,214.323606,-51.860559,214.263894,-51.947215,213.956289,-53.445809,213.95929,-53.61949,213.750468,-55.167867,213.999036,-56.032194,214.086807,-56.75468,214.474819,-57.20854,214.951587,-58.0789,216.577963,-58.54608,216.690795,-58.571791]}