{"Index":-1,"Tolerance":1.4999455499999996E-05,"Coordinates":[75.02331,-79.999551,75.027399,-79.999739,76.797138,-79.883742,76.821598,-79.881683,76.844853,-79.880159,76.976003,-79.86912,76.979775,-79.86837,76.983645,-79.868044,78.723104,-79.522051,78.747365,-79.516781,78.770354,-79.512208,78.898965,-79.48427,78.902416,-79.483099,78.906,-79.48232,80.58544,-78.912233,80.609023,-78.903789,80.631404,-78.896192,80.755315,-78.851826,80.758392,-78.850309,80.761653,-78.849141,82.35224,-78.06473,82.374775,-78.053177,82.396096,-78.042662,82.51032,-77.984101,82.513003,-77.982309,82.518802,-77.979336,83.993418,-76.994017,84.014763,-76.979299,84.034373,-76.966201,84.140197,-76.893228,84.142464,-76.891241,84.147487,-76.887777,85.480915,-75.718406,85.500382,-75.700857,85.518219,-75.685221,85.615981,-75.597094,85.617841,-75.594974,85.61994,-75.593081,86.789312,-74.259654,86.806317,-74.23976,86.822254,-74.221587,86.906063,-74.123539,86.907507,-74.121378,86.910926,-74.117378,87.244312,-73.617319,87.952125,-72.558015,87.965089,-72.536199,87.989575,-72.499471,88.002647,-72.472994,88.008768,-72.462693,88.865808,-70.72473,88.865872,-70.724542,88.869023,-70.718159,89.498777,-68.857286,89.593132,-68.370452,89.88375,-66.894046,89.892574,-66.84741,89.892729,-66.844357,89.901398,-66.800774,89.969432,-65.459997,90.001195,-64.975392,90.007672,-64.842076,90.007064,-64.834092,90.01091,-64.775418,89.880339,-63.060347,90.299282,-64.311677,90.538962,-66.761266,90.955317,-68.295026,91.382913,-68.934322,92.014122,-69.217076,93.732084,-69.298341,94.626913,-69.129506,96.450019,-68.21471,96.627911,-68.022593,96.646835,-63.779561,96.691966,-62.9637,96.689626,-57.260313,96.712245,-55.700304,96.424522,-54.344645,95.560454,-53.622474,94.91393,-53.178557,94.114204,-53.019877,91.021913,-52.650555,90.104228,-52.735924,89.954896,-52.767431,89.431382,-52.947736,87.468045,-54.440521,87.311306,-55.006942,87.280349,-56.051532,87.493145,-56.582166,87.579611,-56.849808,87.561088,-56.813158,87.316889,-56.366126,87.267884,-56.303105,87.248173,-56.280364,87.243382,-56.271594,85.725817,-54.521105,85.609382,-54.395846,85.608558,-54.395122,84.150503,-53.116454,84.092785,-53.071493,84.082329,-53.064507,84.076486,-53.059587,82.601869,-52.07425,82.586396,-52.064926,82.571633,-52.055061,82.458896,-51.987124,82.450058,-51.982766,82.441546,-51.977636,80.85096,-51.193233,80.834207,-51.185903,80.818115,-51.177967,80.697557,-51.125218,80.688436,-51.122122,80.679516,-51.118219,79.000075,-50.548133,78.982302,-50.542974,78.965118,-50.537141,78.838711,-50.50045,78.829465,-50.498611,78.820312,-50.495954,77.080854,-50.149942,77.062345,-50.147096,77.044359,-50.143518,76.914275,-50.123515,76.905081,-50.122913,76.895863,-50.121495,75.126124,-50.005525,75.107162,-50.005096,75.088689,-50.003885,74.957114,-50.000905,74.948132,-50.001494,74.939012,-50.001287,73.169274,-50.117257,73.150223,-50.119309,73.131528,-50.120534,73.000698,-50.134625,72.99205,-50.136345,72.983223,-50.137296,71.243764,-50.483308,71.224934,-50.48786,71.206347,-50.491557,71.078389,-50.522487,71.070241,-50.525253,71.061797,-50.527294,69.382357,-51.09738,69.364057,-51.104418,69.345951,-51.110564,69.223106,-51.157809,69.215584,-51.161519,69.20766,-51.164566,67.617073,-51.948969,67.599672,-51.95841,67.582324,-51.966965,67.466623,-52.029739,67.459813,-52.034289,67.452535,-52.038238,65.977919,-53.023575,65.961719,-53.035313,65.945471,-53.04617,65.838913,-53.12338,65.832906,-53.128648,65.826382,-53.133375,64.492953,-54.302745,64.478263,-54.316621,64.463404,-54.329652,64.367711,-54.420045,64.362582,-54.425894,64.356867,-54.431292,63.187497,-55.76472,63.174562,-55.780588,63.161438,-55.795553,63.078291,-55.897551,63.074084,-55.903848,63.069255,-55.909771,62.083918,-57.384387,62.073037,-57.401975,62.06186,-57.418702,61.992624,-57.530614,61.989367,-57.537219,61.985458,-57.543537,61.201055,-59.134124,61.19245,-59.153182,61.183468,-59.171396,61.129306,-59.291354,61.127005,-59.298132,61.124033,-59.304715,60.553946,-60.984155,60.54782,-61.004376,60.541229,-61.023792,60.503065,-61.14976,60.50171,-61.156572,60.499674,-61.163292,60.153661,-62.90275,60.150171,-62.923813,60.146133,-62.944111,60.124615,-63.073967,60.124174,-63.080693,60.12306,-63.087417,60.007091,-64.857155,60.006353,-64.878691,60.004986,-64.899553,60.000479,-65.031079,60.000907,-65.037617,60.000682,-65.044197,60.116651,-66.813936,60.118729,-66.835604,60.120109,-66.856665,60.132672,-66.987674,60.133907,-66.993884,60.134517,-67.000242,60.48053,-68.739701,60.485439,-68.761094,60.489603,-68.782025,60.519048,-68.910331,60.521022,-68.916146,60.522403,-68.922164,61.09249,-70.601604,61.100212,-70.622406,61.107125,-70.64277,61.152923,-70.766135,61.155539,-70.771439,61.157618,-70.77704,61.942021,-72.367627,61.952494,-72.38748,61.962079,-72.406916,62.023481,-72.523311,62.026655,-72.52806,62.02934,-72.533151,63.014677,-74.007768,63.027773,-74.026295,63.039913,-74.044463,63.115892,-74.15195,63.119516,-74.156082,63.122727,-74.160625,64.292097,-75.494053,64.307642,-75.510898,64.322165,-75.527458,64.411423,-75.624178,64.41541,-75.627675,64.41903,-75.631597,65.752459,-76.800968,65.77019,-76.815771,65.78693,-76.830451,65.887962,-76.914795,65.892182,-76.917615,65.896134,-76.920914,67.37075,-77.906233,67.390501,-77.918772,67.409112,-77.931208,67.520226,-78.001751,67.5246,-78.003908,67.528763,-78.006551,69.119351,-78.790961,69.140738,-78.800919,69.161008,-78.810915,69.280313,-78.866463,69.284742,-78.867966,69.289013,-78.869955,70.968453,-79.440043,70.991168,-79.447214,71.012751,-79.454541,71.13827,-79.49417,71.142654,-79.495042,71.146952,-79.496399,72.886411,-79.842392,72.910087,-79.8466,72.932621,-79.851082,73.062205,-79.874112,73.066459,-79.874391,73.070691,-79.875143,74.840429,-79.991141,74.864732,-79.992259,74.887791,-79.99377,75.019267,-79.999816]}