{"Index":-1,"Tolerance":2.0012756000000002E-05,"Coordinates":[221.037897,-58.030628,221.78303,-57.971299,222.296331,-57.87139,225.069308,-57.26719,227.720775,-56.669046,230.420132,-56.109506,230.807047,-56.046796,231.212365,-55.974912,231.350787,-55.952477,233.972629,-55.497639,234.039508,-55.492082,234.169387,-55.526255,234.296201,-55.470753,236.486847,-55.288728,236.713603,-55.265093,237.333049,-55.213622,237.533576,-55.192721,238.832373,-55.085026,242.072967,-55.0,242.908159,-55.0,248.842842,-55.004061,249.610624,-55.00258,250.05363,-55.006928,250.827933,-55.009216,256.567233,-55.048902,257.612271,-55.001491,258.00703,-55.0,274.992928,-55.0,274.992928,-20.231597,235.033004,-20.231597,235.033004,-20.313044,234.66952,-20.276449,233.40028,-20.126798,233.269504,-20.117641,232.000268,-19.96799,231.863219,-19.958393,231.419883,-19.879295,228.956067,-19.46033,228.501288,-19.378135,226.009907,-18.954483,225.963748,-18.946117,225.47868,-18.857527,224.678195,-18.69973,222.083057,-18.232455,222.077633,-18.232009,221.976317,-18.213266,221.620439,-18.183038,220.052922,-18.05521,218.7553,-18.354169,218.632097,-18.401734,218.510263,-18.471499,218.150446,-18.73001,217.909544,-19.006532,217.47211,-19.782982,217.278182,-20.477571,217.073284,-22.470055,217.006072,-23.634468,217.038552,-24.861315,217.093571,-26.754389,217.331783,-27.782587,217.453197,-28.269476,217.592012,-28.557249,218.057989,-29.157179,218.281622,-29.311668,219.419707,-29.697904,219.555255,-29.732394,220.03744,-29.735755,221.445823,-29.810485,223.045032,-29.77961,223.528324,-29.716047,224.610236,-29.653285,227.028724,-29.720508,227.712438,-29.837503,229.98745,-30.060862,230.588485,-30.071931,230.792039,-30.090568,231.823918,-30.126431,231.878399,-30.116765,232.339857,-30.144362,233.015101,-30.162225,233.445354,-30.147688,233.706255,-30.10079,233.818755,-30.105636,234.192156,-30.063584,234.453053,-30.016686,234.565557,-30.021533,235.033004,-29.962576,235.033004,-49.956247,234.245809,-49.57763,234.052622,-49.535518,233.828399,-49.614609,233.539787,-49.669483,233.447934,-49.710657,233.120964,-49.782727,233.029115,-49.823899,232.70214,-49.89597,232.610286,-49.937144,232.283316,-50.009214,232.191463,-50.050388,231.864492,-50.122458,231.772642,-50.16363,231.445668,-50.235701,231.17908,-50.32263,230.673532,-50.532558,230.475479,-50.6376,230.336501,-50.67251,229.830953,-50.882438,229.6329,-50.98748,229.325406,-51.092366,228.948404,-51.279769,228.819859,-51.302294,228.778256,-51.351683,228.7212,-51.365591,228.597297,-51.375343,225.384808,-51.343158,224.280865,-51.392473,221.426852,-51.292948,221.253385,-51.303268,219.589365,-51.50987,218.698164,-51.8591,218.539882,-51.968504,217.986056,-52.405941,217.704176,-53.009897,217.512446,-53.461995,217.435518,-54.044346,217.292892,-55.066686,217.806488,-56.987397,217.864161,-57.093732,218.774978,-57.813829,219.235943,-57.943886,220.003104,-58.080722]}