{"Index":-1,"Tolerance":2.87667065E-05,"Coordinates":[75.598789,-86.342081,77.787271,-86.167079,78.150652,-86.116778,79.179396,-85.913265,79.23377,-85.902013,80.520904,-85.623909,80.866774,-85.528454,81.863459,-85.191766,81.917589,-85.172935,83.181559,-84.720378,83.517234,-84.57797,84.462626,-84.111181,84.505476,-84.089619,85.670063,-83.492552,85.984563,-83.307785,86.841786,-82.735566,86.879792,-82.709796,87.973476,-81.956643,88.266382,-81.728611,89.130141,-80.971125,89.173736,-80.932178,89.410465,-80.716737,93.402033,-82.142335,93.603562,-82.206827,94.515184,-82.465413,94.552584,-82.475775,96.414855,-82.979505,96.92974,-83.074143,97.650649,-83.146023,97.810402,-83.157891,99.15345,-83.223655,99.291323,-83.227407,101.179443,-83.237769,101.462297,-83.270902,102.904422,-83.29699,102.915808,-83.296188,103.578622,-83.314872,104.044832,-83.240229,104.717137,-83.247754,106.51325,-82.729101,107.547071,-82.061444,107.749802,-81.919015,108.850385,-81.079821,109.832729,-79.8454,110.436782,-78.510712,110.619134,-77.9929,110.98347,-76.579009,111.070642,-76.07738,111.172564,-74.971706,111.185837,-74.650235,111.143966,-70.192973,111.133791,-68.57911,111.132203,-59.397986,111.133242,-51.216038,111.133234,-51.208097,111.128578,-49.247012,111.126452,-49.138122,111.059613,-47.316515,111.01083,-43.21652,111.009907,-41.010542,111.083117,-36.9118,111.083259,-36.903142,111.127215,-33.998616,111.127555,-33.962699,111.133042,-32.525927,111.133065,-32.513556,111.131595,-13.482906,111.131493,-13.457655,111.118833,-11.881211,111.118595,-11.860215,111.070074,-8.546986,111.05555,-8.286571,110.984824,-7.558057,110.982268,-7.532785,110.785113,-5.658075,110.683175,-5.127496,110.461999,-4.343132,110.336188,-3.981823,109.697762,-2.451832,109.122629,-1.543114,108.031797,-0.332066,106.884373,0.4818,106.552502,0.620669,106.370792,0.772108,104.487906,1.520587,102.938545,1.616683,102.575689,1.618431,102.226253,1.600135,102.124158,1.601673,101.421935,1.579319,101.4134,1.579036,100.898545,1.56126,100.884501,1.560744,95.920155,1.367342,95.782599,1.358991,95.082732,1.301232,94.723419,1.250793,92.150863,0.738438,92.096208,0.727052,91.205875,0.533397,90.47443,0.277917,90.08896,0.087945,89.751859,0.420319,89.676377,0.492337,88.975962,1.138952,88.821719,1.272432,88.248295,1.737316,88.11193,1.841884,86.825517,2.774164,86.625851,2.907649,85.964688,3.314362,85.817297,3.399668,84.439914,4.148293,84.22277,4.255794,83.510213,4.575323,83.385584,4.628049,82.583156,4.947549,82.504683,4.977597,81.80011,5.236751,81.617083,5.297826,80.882251,5.518464,80.72146,5.562178,79.215834,5.929376,78.928613,5.985548,77.542446,6.190871,77.385675,6.210121,76.526796,6.293962,76.337548,6.306744,75.63818,6.333033,75.544705,6.335169,74.726232,6.341817,74.596997,6.340237,73.735683,6.312163,73.533965,6.299152,72.610019,6.209953,72.441709,6.189155,70.998133,5.971491,70.711578,5.9147,69.260838,5.557147,69.105584,5.514682,68.331655,5.281759,68.139556,5.217191,67.278778,4.896957,67.165237,4.852214,66.391748,4.530101,66.292365,4.486708,65.682142,4.207766,65.514647,4.125164,64.756748,3.723272,64.657235,3.668198,63.943051,3.25606,63.856844,3.204478,63.324311,2.87428,63.158886,2.764402,62.413982,2.235329,62.325106,2.169851,61.673917,1.672402,61.592151,1.607788,61.118134,1.220401,60.969189,1.090748,60.310816,0.480652,60.236843,0.409852,59.621709,-0.198198,59.518589,-0.30501,59.06983,-0.792131,58.968071,-0.908123,58.43435,-1.547163,58.367447,-1.630056,57.835712,-2.311968,57.744675,-2.434694,57.371578,-2.963814,57.286662,-3.090604,56.872974,-3.741592,56.830139,-3.810948,56.406275,-4.517382,56.339535,-4.634151,56.047623,-5.170958,55.960131,-5.344274,55.599362,-6.116759,55.568658,-6.184565,55.208644,-7.005072,55.153786,-7.138227,54.938868,-7.695438,54.874598,-7.878544,54.623894,-8.669342,54.603871,-8.734952,54.341272,-9.629944,54.303394,-9.770965,54.162035,-10.350088,54.120023,-10.549873,53.961166,-11.447739,53.950014,-11.514968,53.814708,-12.388625,53.79495,-12.540257,53.732176,-13.13311,53.717607,-13.327536,53.67595,-14.271761,53.672997,-14.382734,53.661076,-15.689081,53.672356,-15.987102,53.75816,-16.996642,53.769058,-17.103439,53.923475,-18.39932,53.972274,-18.69185,54.171779,-19.618807,54.185981,-19.681684,54.41707,-20.658538,54.469776,-20.853453,54.643719,-21.424071,54.692736,-21.571789,54.971684,-22.348237,55.004838,-22.436389,55.492415,-23.676652,55.623186,-23.965943,56.064813,-24.825665,56.090076,-24.873825,56.601834,-25.82944,56.760952,-26.09467,57.464681,-27.147844,57.54035,-27.25614,58.346343,-28.360025,58.554225,-28.615753,59.235095,-29.369796,59.288523,-29.427513,60.19653,-30.384353,60.436725,-30.612387,61.225754,-31.286866,61.284727,-31.336055,62.311166,-32.171372,62.602615,-32.382296,64.371874,-33.515881,64.679094,-33.689451,65.767562,-34.226983,65.834561,-34.2591,66.882026,-34.746237,67.199008,-34.873408,68.339802,-35.261309,68.405606,-35.282886,69.450772,-35.613022,69.651915,-35.669353,70.025033,-35.760728,70.208024,-35.799865,72.154968,-36.156632,72.561328,-36.809938,73.497263,-37.882672,73.740046,-38.131957,74.793629,-39.101391,75.580609,-39.633466,77.363693,-40.484217,77.654287,-40.579067,76.170153,-41.215868,75.118591,-41.944788,74.073375,-43.036057,73.809748,-43.349442,73.543498,-43.710873,72.880639,-43.768427,72.798108,-43.776681,71.957556,-43.871843,71.789844,-43.895375,71.214732,-43.991772,71.031094,-44.028147,69.404321,-44.400525,69.190512,-44.457372,68.528048,-44.658458,68.370869,-44.710682,67.45939,-45.040165,67.349125,-45.082357,66.240384,-45.530417,65.978582,-45.650291,64.995669,-46.155434,64.932843,-46.188615,64.22748,-46.571307,64.089289,-46.650836,63.596596,-46.951093,63.434455,-47.056813,62.596333,-47.640446,62.507681,-47.704474,61.510977,-48.450785,61.278018,-48.643169,60.446517,-49.399147,60.366433,-49.474531,59.479935,-50.33845,59.272442,-50.561005,58.567921,-51.393243,58.502074,-51.47366,57.714571,-52.468184,57.534115,-52.720472,56.947712,-53.63119,56.912658,-53.68689,56.425619,-54.478887,56.316958,-54.670124,56.052003,-55.176492,55.996772,-55.28725,55.644812,-56.0289,55.619481,-56.083612,55.233598,-56.938278,55.15054,-57.140526,54.938625,-57.711746,54.884571,-57.87013,54.372453,-59.510897,54.321283,-59.693924,54.215911,-60.119555,54.176432,-60.30181,54.003365,-61.231976,53.993293,-61.288989,53.828074,-62.276811,53.803381,-62.45551,53.748363,-62.958693,53.732309,-63.171464,53.654409,-65.038104,53.652424,-65.24079,53.663092,-65.722833,53.672658,-65.90867,53.749167,-66.854307,53.756871,-66.936285,53.89537,-68.229803,53.947435,-68.555374,54.16104,-69.555159,54.178652,-69.632813,54.488928,-70.925513,54.583026,-71.243432,54.923872,-72.207089,54.940641,-72.253355,55.322378,-73.281642,55.451413,-73.581135,56.005287,-74.704262,56.044641,-74.781393,56.565864,-75.769439,56.734296,-76.052189,57.42999,-77.093337,57.477216,-77.162044,58.122129,-78.074396,58.327833,-78.335307,59.163219,-79.287895,59.237057,-79.36921,60.136399,-80.325851,60.381072,-80.559785,61.194521,-81.258499,61.250559,-81.305522,62.247478,-82.12268,62.522725,-82.324585,63.42622,-82.915416,63.485771,-82.95342,64.582927,-83.636536,64.902962,-83.811161,66.821909,-84.719476,67.100803,-84.835596,67.630699,-85.0272,67.739622,-85.064368,69.486999,-85.625475,69.838605,-85.716578,71.102416,-85.96796,71.166238,-85.979978,72.242514,-86.171262,72.590699,-86.213483,73.85247,-86.296185,73.938665,-86.300659,75.223914,-86.349866]}