{"Index":-1,"Tolerance":2.6297815999999995E-05,"Coordinates":[75.443143,-86.346073,75.649477,-86.337396,76.666168,-86.261463,76.698935,-86.258846,77.811423,-86.164167,78.15861,-86.115204,79.179396,-85.913265,79.23377,-85.902013,80.520904,-85.623909,80.866774,-85.528454,81.863459,-85.191766,81.917589,-85.172935,83.181559,-84.720378,83.517234,-84.57797,84.462626,-84.111181,84.505476,-84.089619,85.670063,-83.492552,85.984563,-83.307785,86.841786,-82.735566,86.879792,-82.709796,87.973476,-81.956643,88.266382,-81.728611,89.130141,-80.971125,89.173736,-80.932178,89.410465,-80.716737,93.402033,-82.142335,93.603562,-82.206827,94.515184,-82.465413,94.552584,-82.475775,96.904268,-83.111887,97.210836,-83.119005,97.363018,-83.157514,97.668754,-83.162116,97.717402,-83.172226,98.943614,-83.192023,99.683266,-83.117214,102.425743,-82.51045,103.541639,-81.449734,103.748586,-81.343361,104.009594,-81.004919,104.984755,-80.077979,105.129072,-79.553322,105.479135,-79.099406,105.679856,-78.192728,105.794796,-77.97958,106.179037,-76.546199,106.210232,-75.480509,106.210126,-75.291129,106.131673,-72.709432,106.094541,-68.713615,106.094481,-68.707714,106.062983,-65.883085,106.050156,-61.496169,106.085943,-51.971969,106.104444,-49.733822,106.100914,-49.555601,106.051736,-48.529165,106.04548,-48.430647,105.772,-44.974571,105.676435,-44.413118,104.853569,-41.297635,104.865181,-41.27092,105.049609,-40.708499,105.573335,-38.40676,105.614723,-38.190443,105.974038,-35.881279,105.99356,-35.732866,106.163997,-34.149375,106.182241,-33.805173,106.178657,-31.078242,106.248163,-28.581416,106.248318,-28.410446,106.10494,-22.90032,106.092591,-21.501624,106.078903,-18.771387,106.122984,-14.174094,106.137168,-13.019203,106.137336,-12.959051,106.10771,-8.51412,106.125164,-7.535325,106.125466,-7.442862,106.116927,-6.686615,105.927301,-5.637412,104.647288,-2.090293,103.522126,-0.581063,102.385464,0.257932,101.626602,0.672399,100.058474,1.269709,98.795787,1.477491,96.430191,1.388146,96.421746,1.386597,95.923316,1.367511,95.78365,1.359077,94.806763,1.278457,94.312492,1.164578,94.156364,1.137856,92.854129,0.878502,92.826624,0.870486,92.736003,0.854976,91.907222,0.689913,91.809041,0.661301,91.453187,0.603494,90.559943,0.318934,90.088881,0.088023,89.751859,0.420319,89.676377,0.492337,88.975962,1.138952,88.821719,1.272432,88.260286,1.727594,88.148839,1.813918,87.449714,2.331024,87.393758,2.371478,86.778177,2.806405,86.609587,2.917654,85.978325,3.305973,85.858999,3.375841,85.1037,3.796277,85.040073,3.83075,84.385895,4.175609,84.204356,4.264052,83.510213,4.575323,83.385584,4.628049,82.583156,4.947549,82.504683,4.977597,81.80011,5.236751,81.617083,5.297826,80.898619,5.513549,80.771001,5.548984,79.942894,5.760415,79.866127,5.779001,79.172818,5.937756,78.975556,5.9764,78.368588,6.075471,78.290915,6.087164,77.495219,6.196908,77.369879,6.211663,76.526796,6.293962,76.337548,6.306744,75.63818,6.333033,75.544705,6.335169,74.726232,6.341817,74.596997,6.340237,73.735683,6.312163,73.533965,6.299152,72.627951,6.211685,72.495308,6.196057,71.689021,6.083825,71.605501,6.071065,70.948204,5.961671,70.752073,5.922646,70.109641,5.773649,70.037513,5.75603,69.216506,5.54527,69.090934,5.510272,68.331655,5.281759,68.139556,5.217191,67.278778,4.896957,67.165237,4.852214,66.391748,4.530101,66.292365,4.486708,65.682142,4.207766,65.514647,4.125164,64.756748,3.723272,64.657235,3.668198,63.943051,3.25606,63.856844,3.204478,63.324311,2.87428,63.158886,2.764402,62.413982,2.235329,62.325106,2.169851,61.673917,1.672402,61.592151,1.607788,61.118134,1.220401,60.969189,1.090748,60.310816,0.480652,60.236843,0.409852,59.621709,-0.198198,59.518589,-0.30501,59.06983,-0.792131,58.968071,-0.908123,58.43435,-1.547163,58.367447,-1.630056,57.835712,-2.311968,57.744675,-2.434694,57.371578,-2.963814,57.286662,-3.090604,56.872974,-3.741592,56.830139,-3.810948,56.406275,-4.517382,56.339535,-4.634151,56.047623,-5.170958,55.960131,-5.344274,55.599362,-6.116759,55.568658,-6.184565,55.208644,-7.005072,55.153786,-7.138227,54.938868,-7.695438,54.874598,-7.878544,54.623894,-8.669342,54.603871,-8.734952,54.341272,-9.629944,54.303394,-9.770965,54.162035,-10.350088,54.120023,-10.549873,53.961166,-11.447739,53.950014,-11.514968,53.814708,-12.388625,53.79495,-12.540257,53.732176,-13.13311,53.717607,-13.327536,53.676769,-14.253196,53.674373,-14.327005,53.655813,-15.217879,53.655782,-15.348648,53.66557,-15.829439,53.676321,-16.033753,53.756585,-16.978113,53.763299,-17.047953,53.862877,-17.976015,53.881981,-18.12205,53.949997,-18.562332,53.98386,-18.745679,54.171779,-19.618807,54.185981,-19.681684,54.41707,-20.658538,54.469776,-20.853453,54.643719,-21.424071,54.692736,-21.571789,54.965812,-22.331893,54.986435,-22.38765,55.329541,-23.289261,55.385119,-23.4257,55.561247,-23.830908,55.648919,-24.016038,56.064813,-24.825665,56.090076,-24.873825,56.568549,-25.767286,56.6519,-25.913483,56.860492,-26.257813,56.958251,-26.40931,57.48922,-27.183016,57.52396,-27.232618,58.111276,-28.054386,58.205174,-28.179163,58.463011,-28.504807,58.595772,-28.661765,59.224609,-29.358184,59.25661,-29.393096,59.943218,-30.131061,60.058225,-30.248429,60.3408,-30.522258,60.487305,-30.655624,61.214404,-31.277164,61.250303,-31.307394,62.025004,-31.950053,62.152553,-32.05047,62.463161,-32.282398,62.632289,-32.400331,63.442482,-32.927036,63.476745,-32.949,64.397317,-33.530813,64.687914,-33.693806,65.767562,-34.226983,65.834561,-34.2591,66.809834,-34.712662,66.977274,-34.784762,67.300547,-34.913092,67.479048,-34.977845,68.383557,-35.275676,68.420244,-35.28751,69.450772,-35.613022,69.651915,-35.669353,70.025033,-35.760728,70.208024,-35.799865,72.210707,-36.166846,72.570743,-36.211762,73.625061,-36.282495,73.684539,-36.285926,75.011214,-36.349954,75.370636,-36.346948,76.398662,-36.280081,76.448329,-36.276459,77.77133,-36.169544,78.133976,-36.119075,79.149653,-35.917492,79.203055,-35.906415,79.422258,-35.858982,79.854207,-36.198262,79.920609,-36.24902,82.240838,-37.974694,82.880329,-38.343693,83.677677,-38.687605,84.722286,-39.353898,85.451693,-39.698121,86.595949,-40.069822,86.966428,-40.251786,85.096016,-41.127631,83.870236,-41.648755,83.600376,-41.778831,83.041311,-42.081585,82.782975,-42.237796,79.964868,-44.130349,79.872943,-44.217286,79.598073,-44.151403,79.408382,-44.112013,78.631653,-43.975293,78.582726,-43.967074,77.675505,-43.821961,77.48584,-43.797455,76.779047,-43.727695,76.610195,-43.715564,75.715427,-43.675214,75.648044,-43.672892,74.868213,-43.654306,74.713592,-43.654386,74.083522,-43.670058,73.887778,-43.68098,72.880639,-43.768427,72.798108,-43.776681,71.957556,-43.871843,71.789844,-43.895375,71.229699,-43.989264,71.075691,-44.019005,70.346136,-44.178682,70.293495,-44.190674,69.369961,-44.409326,69.179197,-44.460807,68.528048,-44.658458,68.370869,-44.710682,67.476669,-45.033919,67.400558,-45.062538,66.634638,-45.361795,66.513035,-45.412237,66.110628,-45.589024,65.936363,-45.671988,64.995669,-46.155434,64.932843,-46.188615,64.22748,-46.571307,64.089289,-46.650836,63.596596,-46.951093,63.434455,-47.056813,62.611632,-47.629792,62.55296,-47.671646,61.86316,-48.175621,61.756372,-48.257162,61.398159,-48.542883,61.242091,-48.675832,60.460247,-49.386664,60.406895,-49.4363,59.788249,-50.025249,59.691732,-50.121158,59.378095,-50.446468,59.240463,-50.598782,58.57967,-51.379364,58.536565,-51.431397,57.974538,-52.124704,57.888107,-52.236307,57.622436,-52.595569,57.505739,-52.764542,56.947712,-53.63119,56.912658,-53.68689,56.425619,-54.478887,56.316958,-54.670124,56.052003,-55.176492,55.996772,-55.28725,55.644812,-56.0289,55.619481,-56.083612,55.233598,-56.938278,55.15054,-57.140526,54.943594,-57.698353,54.898177,-57.829495,54.641053,-58.62796,54.624615,-58.680566,54.361454,-59.549174,54.318093,-59.706811,54.215911,-60.119555,54.176432,-60.30181,54.003365,-61.231976,53.993293,-61.288989,53.828074,-62.276811,53.803381,-62.45551,53.749725,-62.946233,53.734816,-63.13395,53.68895,-64.05788,53.686907,-64.106576,53.653771,-65.073617,53.652686,-65.252628,53.663092,-65.722833,53.672658,-65.90867,53.747845,