{"Inners":[{"Index":-1,"Tolerance":7.489000000000001E-06,"Coordinates":[14.425971,-42.478,13.291099,-42.3027,12.188334,-41.952324,12.14231,-41.929536,10.227946,-40.786022,9.400901,-39.989898,8.704803,-39.076801,8.156271,-38.068233,7.768096,-36.9874,7.549453,-35.859847,7.505508,-34.712918,7.637199,-33.572101,7.941383,-32.464947,8.410959,-31.417472,9.035354,-30.45324,9.799489,-29.595888,10.685096,-28.865501,11.672124,-28.278779,12.737098,-27.849498,13.855155,-27.587894,15.0,-27.5,16.144844,-27.587894,17.262901,-27.849498,18.32792,-28.278801,19.314903,-28.865501,20.200511,-29.595889,20.964614,-30.453201,21.588798,-31.417098,22.058583,-32.465035,22.3628,-33.572101,22.494491,-34.712991,22.450546,-35.859847,22.231933,-36.987212,21.843801,-38.068005,21.295201,-39.076793,20.599241,-39.989865,19.771804,-40.786197,18.832603,-41.4468,17.803602,-41.956291,16.709066,-42.302644,15.574051,-42.478]}],"Index":-1,"Tolerance":1.9654573999999995E-05,"Coordinates":[24.544519,-60.491233,25.531373,-60.415911,28.307882,-59.820996,28.403147,-59.781643,31.130396,-58.366329,32.596844,-57.087092,33.45012,-56.284273,34.134154,-55.445396,34.999288,-54.201673,35.774859,-52.931657,36.659304,-51.413203,37.872842,-48.652255,38.377597,-47.449727,38.812644,-45.734596,39.187674,-44.095297,39.309158,-43.03575,39.256565,-41.815926,39.02656,-38.583421,38.789022,-37.303069,38.077843,-33.985804,37.514186,-32.098419,36.618404,-29.522776,35.528449,-27.024652,35.23289,-26.398033,35.161325,-26.277861,34.872801,-25.875433,31.205168,-21.711338,30.738616,-21.304728,30.362102,-21.059725,27.623045,-19.45593,26.694141,-18.967183,26.53159,-18.913213,24.814189,-19.148099,22.659173,-20.425242,22.576774,-20.530873,22.841552,-21.273557,22.905588,-21.650972,23.05111,-22.059149,22.471202,-21.858538,22.862038,-22.249428,22.518129,-22.021722,22.110903,-21.79144,21.329214,-21.419241,20.531483,-21.059496,20.29571,-20.9678,19.527498,-20.717929,18.667582,-20.45722,18.307316,-20.377341,17.641724,-20.253159,16.755724,-20.104674,16.545756,-20.080135,15.712008,-20.036278,14.814353,-20.002475,14.527251,-20.011226,13.770636,-20.070871,12.875962,-20.152206,12.506901,-20.219895,11.826543,-20.361513,10.973232,-20.55149,10.833562,-20.59164,9.98277,-20.887702,9.14195,-21.192145,8.969852,-21.267468,8.200053,-21.656142,7.40132,-22.067655,7.16127,-22.222218,6.531654,-22.648764,5.792657,-23.158799,5.709149,-23.223786,5.134988,-23.73419,4.32647,-24.461325,3.78263,-25.081028,3.058465,-25.922829,2.597243,-26.612261,1.964712,-27.578307,1.121799,-29.308325,0.511161,-31.117719,0.131279,-33.020346,0.000391,-34.944247,1E-05,-34.994103,0.12679,-36.934799,0.340298,-38.049834,0.490762,-38.805023,0.83015,-39.840177,1.105199,-40.650452,1.584736,-41.654763,1.906215,-42.317846,1.960359,-42.413244,2.447692,-43.167716,3.028803,-44.037382,3.608785,-44.723409,4.100469,-45.292824,4.301549,-45.512659,4.961631,-46.116031,5.623781,-46.707471,5.748028,-46.805674,6.463428,-47.308044,7.140769,-47.771684,7.356882,-47.905048,7.980952,-48.227583,8.731923,-48.597902,8.66697,-48.587672,7.903033,-48.667098,6.879565,-49.360581,7.019929,-51.348633,7.03744,-51.744232,7.601288,-53.190445,7.815056,-53.613716,7.985967,-53.871825,8.708762,-54.791858,9.809775,-56.127143,10.097638,-56.386873,12.533018,-58.034987,13.44838,-58.52517,15.908054,-59.427922,17.734657,-60.032335,18.878719,-60.260524,21.737565,-60.575929,23.358508,-60.618846]}