{"Index":-1,"Tolerance":1.49973875E-05,"Coordinates":[75.096503,-79.998855,75.100592,-79.999043,76.367699,-79.915991,76.392212,-79.913928,76.415415,-79.912407,77.044778,-79.859437,77.04855,-79.858687,77.05242,-79.858361,78.297847,-79.610635,78.322099,-79.605367,78.345098,-79.600792,78.962276,-79.466722,78.965727,-79.465551,78.969311,-79.464772,80.171766,-79.056598,80.195347,-79.048155,80.21773,-79.040557,80.812357,-78.827654,80.815441,-78.826133,80.818695,-78.824968,81.957532,-78.263342,81.980042,-78.251801,82.001389,-78.241274,82.563446,-77.953114,82.566119,-77.951328,82.569027,-77.949837,83.624831,-77.244362,83.645938,-77.229808,83.665785,-77.216546,84.183175,-76.859775,84.185442,-76.857788,84.190461,-76.854327,85.145176,-76.017075,85.164777,-75.999405,85.18248,-75.983889,85.651619,-75.560984,85.653474,-75.558867,85.655578,-75.556971,86.492831,-74.602256,86.526498,-74.562869,86.542743,-74.544336,86.931294,-74.090245,86.93418,-74.085925,86.939311,-74.079923,87.071727,-73.880075,87.715086,-72.917231,87.988142,-72.49853,88.252221,-71.983263,88.258173,-71.971058,88.275252,-71.937813,88.897963,-70.659014,89.481973,-68.919943,89.848234,-70.797916,89.886533,-70.897421,90.542086,-71.172297,91.516074,-71.617791,91.691199,-71.687166,93.47938,-71.820025,94.739702,-71.648898,95.658751,-71.326876,96.67513,-70.479548,96.837227,-70.320413,96.994339,-69.661871,97.337426,-68.039443,97.320887,-66.671364,97.35683,-56.582993,97.356604,-56.43071,97.357024,-56.312813,97.355671,-55.401595,97.355064,-55.393026,97.354884,-55.272068,97.303345,-54.545003,97.209324,-53.455186,97.037754,-52.913831,96.788672,-52.238658,96.460294,-51.775986,96.30369,-51.479594,95.887927,-51.207528,95.305269,-50.89563,94.371771,-50.713357,93.025984,-50.745296,92.732247,-50.731899,92.472675,-50.76958,91.080367,-51.097355,90.21841,-51.279212,90.098427,-51.320536,87.353714,-52.71581,86.527109,-54.608182,86.600922,-54.96102,86.839158,-55.779076,86.044263,-54.862221,85.616797,-54.402362,85.615973,-54.401638,84.150503,-53.116454,83.946095,-52.964338,83.935644,-52.957355,83.929797,-52.952432,82.873992,-52.246945,82.858504,-52.237612,82.843756,-52.227757,82.3201,-51.911223,82.30275,-51.901736,82.293918,-51.89738,82.285401,-51.892248,81.146564,-51.330627,81.129812,-51.323297,81.113719,-51.315361,80.553227,-51.069228,80.535186,-51.062229,80.526065,-51.059133,80.517145,-51.05523,79.31469,-50.647056,79.296898,-50.641892,79.279733,-50.636065,79.244776,-50.625073,78.673127,-50.459991,78.663881,-50.458152,78.654728,-50.455495,77.409301,-50.207755,77.390775,-50.204906,77.372807,-50.201332,76.766972,-50.107358,76.748559,-50.105339,76.739364,-50.104736,76.730146,-50.103319,75.46304,-50.020286,75.444078,-50.019857,75.425605,-50.018646,74.7942,-50.004345,74.785207,-50.004934,74.776098,-50.004728,73.508991,-50.08776,73.489916,-50.089815,73.471245,-50.091038,72.843419,-50.158658,72.834783,-50.160376,72.825943,-50.161328,71.580516,-50.409068,71.561684,-50.41362,71.543099,-50.417317,70.929055,-50.565744,70.920909,-50.568509,70.912462,-50.570551,69.710008,-50.978724,69.691708,-50.985762,69.673602,-50.991908,69.084092,-51.218626,69.07657,-51.222336,69.068646,-51.225383,67.929809,-51.787004,67.912379,-51.79646,67.895061,-51.805001,67.339832,-52.106237,67.333015,-52.110792,67.325744,-52.114737,66.26994,-52.820224,66.253716,-52.831979,66.237494,-52.842819,65.726136,-53.213334,65.720129,-53.218602,65.713605,-53.223329,64.758889,-54.060581,64.744171,-54.074484,64.729341,-54.087489,64.270122,-54.521265,64.264993,-54.527114,64.259279,-54.532511,63.422027,-55.487227,63.409103,-55.503081,63.395968,-55.518059,62.996963,-56.00753,62.99276,-56.01382,62.987926,-56.01975,62.282439,-57.075553,62.271558,-57.09314,62.260381,-57.109868,61.928132,-57.646915,61.924877,-57.653515,61.920966,-57.659837,61.359345,-58.798674,61.350746,-58.81772,61.341757,-58.835947,61.081847,-59.411603,61.079546,-59.418381,61.076574,-59.424964,60.6684,-60.627418,60.662273,-60.647642,60.655683,-60.667055,60.472541,-61.271547,60.471188,-61.278349,60.469149,-61.285079,60.22141,-62.530506,60.21792,-62.551568,60.213882,-62.571867,60.110621,-63.195021,60.11018,-63.201748,60.109066,-63.208472,60.026034,-64.475578,60.025296,-64.497115,60.023929,-64.517976,60.002302,-65.149144,60.00273,-65.155673,60.002504,-65.162263,60.085537,-66.42937,60.087612,-66.451007,60.088994,-66.472099,60.149282,-67.100785,60.150517,-67.106995,60.151127,-67.113353,60.398867,-68.35878,60.403782,-68.380197,60.407941,-68.401105,60.549241,-69.016821,60.551216,-69.022638,60.552596,-69.028653,60.96077,-70.231108,60.968504,-70.251941,60.975406,-70.272274,61.195179,-70.864279,61.197795,-70.869583,61.199874,-70.875184,61.761495,-72.014021,61.771983,-72.033903,61.781554,-72.05331,62.07621,-72.611869,62.079384,-72.616618,62.082069,-72.621709,62.787556,-73.677513,62.800652,-73.69604,62.812792,-73.714208,63.177402,-74.230019,63.18103,-74.234156,63.184237,-74.238693,64.021489,-75.193408,64.037016,-75.210233,64.051556,-75.226813,64.479888,-75.690954,64.483871,-75.694447,64.487495,-75.698374,65.442211,-76.535627,65.459963,-76.550447,65.476682,-76.565109,65.961512,-76.969862,65.965738,-76.972686,65.969684,-76.97598,67.025487,-77.681454,67.045226,-77.693986,67.06385,-77.70643,67.597062,-78.044949,67.601436,-78.047106,67.605599,-78.049749,68.744437,-78.611376,68.765824,-78.621333,68.786094,-78.63133,69.358616,-78.897893,69.363045,-78.899396,69.367316,-78.901385,70.56977,-79.30956,70.592483,-79.316731,70.614068,-79.324058,71.216409,-79.514229,71.220793,-79.515101,71.225091,-79.516458,72.470518,-79.764184,72.494252,-79.768402,72.516729,-79.772873,73.138579,-79.883393,73.142833,-79.883672,73.147065,-79.884424,74.414172,-79.967476,74.438426,-79.968591,74.461534,-79.970106,75.09246,-79.99912]}