{"Index":-1,"Tolerance":2.4240011000000002E-05,"Coordinates":[230.756219,-61.888704,231.200089,-61.833429,231.240242,-61.821779,232.517835,-61.702288,232.532389,-61.700447,233.057899,-61.902832,235.566167,-61.846473,236.700545,-61.35,254.103239,-61.35,254.870368,-61.361354,254.929914,-61.361677,257.330202,-61.352185,257.426685,-61.352303,257.444774,-61.352274,257.952858,-61.35,277.623184,-61.35,281.342928,-57.630256,281.342928,-17.601341,277.623184,-13.881597,232.402748,-13.881597,232.308612,-13.975733,232.234503,-13.971904,231.653619,-13.873163,231.627081,-13.868767,231.098117,-13.783457,231.037722,-13.772011,230.743698,-13.730415,229.951829,-13.655932,229.424969,-13.650212,229.012638,-13.679981,228.515115,-13.674744,227.756076,-13.758258,227.01027,-13.932644,226.589896,-13.994822,225.493687,-14.368762,224.849959,-14.729377,224.746912,-14.789677,223.914686,-15.297908,223.464667,-15.630384,223.049434,-15.997781,222.83167,-16.209878,222.253359,-16.82976,221.838208,-17.414099,221.745053,-17.526351,221.273843,-18.292762,220.850617,-19.267043,220.716661,-19.636358,220.524911,-20.288169,220.503262,-20.365348,220.333826,-21.00007,220.246645,-21.46063,220.071942,-22.996048,220.05214,-23.295314,220.048412,-23.493021,220.003758,-24.926284,220.002413,-25.060372,220.013756,-26.083456,220.014279,-26.115764,220.036219,-27.147359,220.050698,-27.390163,220.102426,-27.917046,220.236071,-29.304526,220.347063,-29.884793,220.526608,-30.504587,220.669528,-30.898624,221.258156,-32.238489,221.631459,-32.875501,222.161867,-33.578719,222.730776,-34.160524,223.428077,-34.711414,223.646697,-34.869527,224.448902,-35.399322,225.572478,-35.864761,226.613501,-36.077726,226.718324,-36.097342,227.352969,-36.205107,227.360845,-36.205146,227.407942,-36.214361,227.710076,-36.219653,228.683004,-36.31409,228.683004,-44.402352,228.53344,-44.439921,228.405357,-44.52739,228.325375,-44.547481,228.251376,-44.593713,228.156866,-44.617453,228.082854,-44.663693,227.988344,-44.687433,227.914345,-44.733665,227.819835,-44.757405,227.745829,-44.803641,227.651319,-44.827381,227.577313,-44.873617,227.482803,-44.897357,227.408797,-44.943593,227.314287,-44.967333,227.240275,-45.013573,227.145765,-45.037313,227.071766,-45.083545,226.977256,-45.107285,226.90325,-45.153521,226.808745,-45.17726,226.803729,-45.180394,226.657266,-45.19389,226.586032,-45.231127,226.467718,-45.242685,226.398207,-45.279266,226.277934,-45.291691,226.217348,-45.32379,226.100139,-45.336245,226.048304,-45.363805,225.93566,-45.375775,225.883826,-45.403334,225.771183,-45.415304,225.719345,-45.442865,225.606703,-45.454835,223.433827,-46.610108,222.583412,-47.621135,222.121927,-48.06326,221.285207,-49.397759,221.001471,-50.273743,220.732556,-51.042759,220.557506,-51.939919,220.507311,-52.963614,220.50701,-52.969878,220.469578,-53.765404,220.542043,-54.607314,220.801696,-55.775365,220.919676,-56.178307,221.212159,-56.977263,221.467078,-57.512803,222.122897,-58.612847,222.385811,-58.989132,222.94275,-59.674874,223.735334,-60.373751,225.012115,-61.168237,225.705124,-61.491408,226.381218,-61.712519,226.700547,-61.798835,228.11328,-62.102779,229.317471,-62.130234]}