{"Index":-1,"Tolerance":2.68262325E-05,"Coordinates":[217.690763,-64.842932,219.434977,-64.823366,219.986517,-64.768896,220.16808,-64.734794,220.169345,-64.734671,220.6242,-64.65081,221.852253,-64.4662,222.031513,-64.433971,224.302099,-63.958147,224.327542,-63.952706,225.79881,-63.631779,225.826637,-63.625578,226.143281,-63.553524,226.173081,-63.546999,226.192649,-63.54265,228.385952,-63.047892,231.742225,-62.327566,234.349289,-61.876744,234.814284,-61.877955,235.391862,-61.757881,238.076739,-61.519475,239.17829,-61.428135,241.758476,-61.360436,247.537852,-61.356865,249.363527,-61.358865,249.375201,-61.358856,249.605511,-61.358261,250.803517,-61.359199,256.588201,-61.399199,256.717943,-61.397445,258.114849,-61.35,277.623184,-61.35,281.342928,-57.630256,281.342928,-17.601341,277.623184,-13.881597,234.67723,-13.881597,232.839136,-13.672465,232.436954,-13.611003,229.573403,-13.119295,229.568335,-13.118429,227.86419,-12.828645,227.356908,-12.735979,225.823833,-12.453929,225.817176,-12.452712,223.589618,-12.047802,222.789442,-11.901633,222.730107,-11.892685,222.717351,-11.890553,222.470283,-11.852871,222.363218,-11.838401,221.277365,-11.710418,217.834769,-11.272207,217.352398,-11.247785,215.779158,-11.287815,214.508339,-11.585737,211.840242,-12.825924,210.318626,-14.283648,209.354673,-16.144333,208.71649,-17.078446,208.151311,-18.865453,208.141399,-19.612073,207.993373,-20.425872,207.946427,-20.828198,207.786946,-23.86924,207.782607,-24.046493,207.789743,-26.117109,207.82708,-26.592104,208.024405,-27.867986,208.044991,-28.842401,208.050421,-28.972682,208.131593,-30.276192,208.684842,-31.893007,209.83119,-33.578732,209.984797,-33.785984,211.190497,-35.281739,213.341375,-36.482547,214.290972,-36.602842,215.240311,-36.934511,216.398245,-37.112063,220.1297,-36.993315,220.284614,-36.984593,221.059493,-36.921941,221.492405,-36.911035,222.441347,-36.93727,222.508756,-36.938418,225.426642,-36.95711,226.766488,-37.01909,228.570578,-37.106723,228.683004,-37.113294,228.683004,-43.754035,226.449206,-43.938925,224.488296,-43.960429,224.462172,-43.960823,223.869973,-43.972192,221.521215,-43.988349,218.955039,-43.950591,218.935041,-43.95036,218.590686,-43.947463,217.423879,-43.905097,216.341516,-44.052449,214.816547,-44.535745,214.319527,-44.615229,212.893361,-45.220491,211.940976,-45.935735,211.610272,-46.221695,210.258264,-47.563974,209.879962,-48.016612,209.129766,-49.105339,208.629028,-50.280195,208.186687,-52.435201,208.122122,-53.130548,208.147233,-54.583762,208.101706,-54.921318,208.197919,-56.23726,208.266139,-56.474478,208.507785,-58.46357,209.262422,-60.180471,210.283082,-61.374344,210.756386,-62.238377,212.740791,-63.825727,214.412096,-64.30581,215.6574,-64.734836,216.949983,-64.90025]}