{"Inners":[{"Index":-1,"Coordinates":[74.057545,-186.529729,72.178579,-185.506722,70.70749,-183.908642,69.854499,-181.963996,69.67374,-179.782581,70.204172,-177.71,71.392232,-175.891611,73.067971,-174.587347,75.105557,-173.88207,77.261751,-173.876614,79.316256,-174.581934,81.030219,-175.915998,82.191657,-177.69373,82.726253,-179.782581,82.546942,-181.947131,81.674374,-183.93639,80.210017,-185.519048,78.311107,-186.540491,76.216576,-186.890002]},{"Index":-1,"Coordinates":[74.057549,-34.129732,72.178582,-33.106723,70.707489,-31.508637,69.854499,-29.563992,69.67374,-27.382602,70.208336,-25.293723,71.369783,-23.515998,73.083841,-22.181847,75.105558,-21.482069,77.26175,-21.476614,79.316153,-22.181847,81.007771,-23.491614,82.191657,-25.293723,82.726253,-27.382602,82.545502,-29.563992,81.681159,-31.521025,80.22142,-33.106721,78.342455,-34.129731,76.200134,-34.487256]},{"Index":-1,"Coordinates":[124.874106,-110.33253,122.989978,-109.31905,121.525613,-107.736384,120.653053,-105.747131,120.473743,-103.582591,121.004175,-101.509996,122.183109,-99.705577,123.883967,-98.381807,125.938245,-97.676609,128.077632,-97.682022,130.116042,-98.381807,131.816983,-99.705657,132.991669,-101.49373,133.524901,-103.599463,133.345496,-105.764,132.474381,-107.736379,131.021425,-109.306724,129.125768,-110.332553,126.983436,-110.690005]}],"Index":-1,"Coordinates":[136.906988,-205.540003,142.965003,-200.542554,146.281421,-181.443586,148.867941,-162.216641,150.754074,-142.279022,151.82939,-123.53662,152.187222,-103.55643,151.744524,-83.294497,150.658373,-64.751013,148.867941,-46.063365,146.281421,-26.836425,142.952509,-7.722846,136.906981,-2.740007,57.165736,-2.740007,50.999999,-8.905746,50.954819,-23.104617,50.879076,-23.104551,50.831915,-38.207982,50.831915,-72.190007,50.999999,-72.307164,50.882907,-136.054577,50.832132,-136.090014,50.879709,-180.087432,50.879709,-185.178387,50.973718,-185.178296,50.999999,-199.374274,52.176561,-203.003413,57.165739,-205.540005]}