{"Index":-1,"Tolerance":5.8182221817E-05,"Coordinates":[-11.195190029373325,-15.76699966311844,-4.756321562,-93.051587659,238.51210772786965,-72.7839837417117,285.424707412,-68.875519368,284.1830170713733,-53.971732020881554,277.744148604,23.312855975,230.83154891986962,19.404391601288307,-12.43688037,-0.863212316]}