{"Index":-1,"Tolerance":5.8182221817E-05,"Coordinates":[-12.372875713266655,-1.6314487771918067,-4.756321562,-93.051587659,283.0065321705495,-69.07698660375837,285.424707412,-68.875519368,285.36070275526663,-68.1072829068082,277.744148604,23.312855975,275.3259733625495,23.111388739241633,-12.43688037,-0.863212316]}