{"Index":-1,"Tolerance":5.8182221817E-05,"Coordinates":[-5.3323634726,-86.13745950827501,-4.756321562,-93.051587659,17.007255611050027,-91.238382537175,285.424707412,-68.875519368,278.3201905146,16.398727824275,277.744148604,23.312855975,9.326696803049991,0.9499928058249996,-12.43688037,-0.863212316]}