{"Index":-1,"Tolerance":5.8182221817E-05,"Coordinates":[-11.09278257859999,-16.996178001025115,-4.756321562,-93.051587659,234.64302734154964,-73.10633131892503,285.424707412,-68.875519368,284.08060962059994,-52.742553682974886,277.744148604,23.312855975,226.9624685335496,19.082044024074975,-12.43688037,-0.863212316]}