{"Index":-1,"Tolerance":5.8182221817E-05,"Coordinates":[-5.972410039933333,-78.45509489635833,-4.756321562,-93.051587659,41.18900802555001,-89.22371017959168,285.424707412,-68.875519368,278.9602370819333,8.716363212358345,277.744148604,23.312855975,33.508449217549995,2.964665163408333,-12.43688037,-0.863212316]}