{"Inners":[{"Index":-1,"Coordinates":[92.909896,-66.68246,89.775413,-66.144999,86.776855,-65.085536,84.000473,-63.534556,81.526145,-61.536685,79.425048,-59.149379,77.757644,-56.441321,76.571876,-53.490428,75.901863,-50.381583,75.766899,-47.204226,76.170837,-44.049765,77.102081,-41.008941,78.533828,-38.169242,80.424896,-35.612349,82.720878,-33.41183,85.35572,-31.630988,88.253623,-30.321048,91.331237,-29.519706,94.5,-29.250003,97.668762,-29.519706,100.746383,-30.321048,103.644271,-31.630988,106.279129,-33.41183,108.575111,-35.612349,110.466178,-38.169242,111.897918,-41.008941,112.829154,-44.049765,113.233108,-47.204226,113.098136,-50.381583,112.428131,-53.490428,111.242362,-56.441321,109.574951,-59.149379,107.473861,-61.536685,104.999526,-63.534556,102.223159,-65.085536,99.224594,-66.144999,96.09011,-66.68246,94.5,-66.749995]}],"Index":-1,"Coordinates":[96.726165,-74.155436,101.114433,-73.402995,105.312408,-71.919749,109.19934,-69.748378,112.663398,-66.95135,115.604934,-63.609122,117.9393,-59.817851,119.59938,-55.686602,120.537391,-51.334216,120.726348,-46.88592,120.160827,-42.469672,118.857086,-38.212519,116.85263,-34.236934,114.205146,-30.65729,110.990776,-27.57656,107.301986,-25.083382,103.244918,-23.249469,98.936279,-22.127583,94.5,-21.750003,90.063728,-22.127583,85.755081,-23.249469,81.698013,-25.083382,78.009231,-27.57656,74.794853,-30.65729,72.147361,-34.236934,70.142913,-38.212519,68.839172,-42.469672,68.273651,-46.88592,68.462615,-51.334216,69.400627,-55.686602,71.060699,-59.817851,73.395072,-63.609122,76.336608,-66.95135,79.800666,-69.748378,83.687591,-71.919749,87.885574,-73.402995,92.273841,-74.155436,94.5,-74.250003]}