{"Index":-1,"Tolerance":5.8182221817E-05,"Coordinates":[-10.68315277550666,-21.91289135265177,-4.756321562,-93.051587659,219.16670579626964,-74.39572162777836,285.424707412,-68.875519368,283.67097981750663,-47.825840331348225,277.744148604,23.312855975,211.48614698826964,17.792653715221643,-12.43688037,-0.863212316]}