{"Index":-1,"Tolerance":5.8182221817E-05,"Coordinates":[-5.63958582492,-82.449924494555,-4.756321562,-93.051587659,28.61449677001002,-90.271339805535,285.424707412,-68.875519368,278.62741286692,12.711192810555005,277.744148604,23.312855975,20.933937962010003,1.9170355374650005,-12.43688037,-0.863212316]}