{"Index":-1,"Tolerance":5.8182221817E-05,"Coordinates":[-10.043106208173327,-29.59525596456843,-4.756321562,-93.051587659,194.98495338176969,-76.4103939853617,285.424707412,-68.875519368,283.0309332501733,-40.143475719431564,277.744148604,23.312855975,187.30439457376968,15.777981357638309,-12.43688037,-0.863212316]}