{"Index":-1,"Coordinates":[-0.330267,32.987008,-22.080038,32.970326,-0.331859,37.035924,-22.068958,33.006607,-22.192247,177.070203,-36.212133,177.058103,-36.262852,177.056591,-36.367602,177.041746,-36.430242,177.021743,-36.475619,176.998748,-36.482871,176.99413,-36.515581,176.968715,-36.542977,176.939067,-36.227842,176.686016,-35.016784,175.476854,-34.02683,174.065353,-33.292245,172.493178,-32.839636,170.80916,-32.685915,169.067584,-32.591067,32.997526,-37.829873,32.954644]}