{"Index":-1,"Tolerance":5.8182221817E-05,"Coordinates":[-10.452736011266659,-24.67854261294177,-4.756321562,-93.051587659,210.46127492704966,-75.12100367650837,285.424707412,-68.875519368,283.44056305326666,-45.06018907105823,277.744148604,23.312855975,202.78071611904966,17.067371666491642,-12.43688037,-0.863212316]}