{"Index":-1,"Coordinates":[102.11613,-74.574675,102.128407,-74.434341,102.133411,-74.41297,102.1754,-74.234056,102.211863,-74.097949,102.231415,-74.049555,102.288943,-73.907187,102.348481,-73.779497,102.390706,-73.70869,102.390707,-73.708688,102.453856,-73.602779,102.53467,-73.487356,102.606511,-73.400541,102.665838,-73.328856,102.765471,-73.229211,102.868082,-73.138136,102.987422,-73.054561,102.991934,-73.050999,103.039601,-73.008693,103.174617,-72.921718,103.306189,-72.860349,103.312138,-72.857065,103.341774,-72.837974,103.521201,-72.75735,104.640385,-72.255051,105.331284,-71.966661,105.332497,-71.966135,106.531523,-71.428003,106.535437,-71.426036,107.650188,-70.803298,107.65267,-70.801816,109.230162,-69.796744,109.952826,-69.33631,109.957374,-69.333041,110.950847,-68.530869,110.95213,-68.529797,112.712638,-67.008331,113.015833,-66.746312,113.020977,-66.741168,114.803626,-64.678436,115.647091,-63.720074,115.651735,-63.713895,115.685697,-63.660582,115.685698,-63.660582,117.117238,-61.413746,117.117646,-61.413094,117.78713,-60.325777,117.790173,-60.320029,118.002772,-59.846333,118.906652,-57.832387,118.90693,-57.831756,119.257923,-57.019926,119.257947,-57.01987,119.325932,-56.862096,119.378221,-56.749976,119.421214,-56.678847,119.496268,-56.554682,119.566629,-56.454217,119.636804,-56.371184,119.636805,-56.371183,119.713925,-56.279926,119.800664,-56.193197,119.898616,-56.108814,120.003499,-56.035381,120.007455,-56.032305,120.078324,-55.971264,120.205102,-55.892991,120.320777,-55.839056,120.325916,-55.836284,120.384781,-55.799946,120.544392,-55.733397,120.667278,-55.700473,120.673595,-55.69832,120.71496,-55.681065,120.906279,-55.634847,121.032595,-55.623795,121.039985,-55.622586,121.059941,-55.617767,121.387946,-55.591793,121.372158,-55.392417,121.032329,-55.419327,121.024526,-55.42057,121.003961,-55.425537,120.877638,-55.436589,120.870245,-55.437799,120.656451,-55.489446,120.648931,-55.491906,120.605846,-55.509878,120.482966,-55.5428,120.476657,-55.54495,120.29686,-55.619916,120.289827,-55.623524,120.228318,-55.661495,120.112639,-55.715432,120.107497,-55.718206,119.96316,-55.807319,119.956786,-55.811986,119.882622,-55.875866,119.777733,-55.949303,119.773774,-55.952382,119.665909,-56.045304,119.663189,-56.047829,119.568071,-56.142936,119.565234,-56.146021,119.48405,-56.242086,119.409485,-56.330314,119.406718,-56.333907,119.329555,-56.444082,119.327719,-56.446901,119.250053,-56.575387,119.250053,-56.575388,119.20289,-56.653417,119.200364,-56.658151,119.143736,-56.779575,119.143132,-56.780922,119.074285,-56.940696,118.72375,-57.751466,117.820306,-59.764441,117.611705,-60.229229,116.94795,-61.307242,115.517023,-63.553116,115.517021,-63.553119,115.489291,-63.596649,114.65304,-64.546814,114.652743,-64.547154,112.876794,-66.602134,112.581866,-66.857009,112.581865,-66.857009,110.823272,-68.37682,109.83827,-69.172153,109.122694,-69.62807,107.548854,-70.630815,106.443638,-71.248227,105.252398,-71.782865,104.561499,-72.071255,104.560286,-72.071781,103.439299,-72.574889,103.439279,-72.574898,103.249527,-72.660161,103.242934,-72.66374,103.212406,-72.683405,103.080833,-72.744774,103.074884,-72.748058,102.921592,-72.846807,102.915471,-72.851451,102.865625,-72.895691,102.74628,-72.979269,102.741767,-72.982833,102.629368,-73.082596,102.627201,-73.084638,102.519425,-73.192425,102.516262,-73.195902,102.452432,-73.273028,102.452431,-73.27303,102.376734,-73.364505,102.374296,-73.367705,102.286872,-73.492569,102.284884,-73.495641,102.218926,-73.606261,102.172806,-73.683602,102.170433,-73.688084,102.106019,-73.826231,102.104976,-73.828628,102.045981,-73.974626,102.045979,-73.97463,102.022988,-74.031539,102.021049,-74.037335,101.981606,-74.184565,101.981226,-74.18608,101.938698,-74.367286,101.938692,-74.367312,101.931231,-74.399176,101.930104,-74.406226,101.91682,-74.558061,101.916777,-74.558581,101.89262,-74.87239,102.09203,-74.88774]}