{"Index":-1,"Tolerance":5.8182221817E-05,"Coordinates":[-11.143986303986658,-16.381588832071785,-4.756321562,-93.051587659,236.57756753470963,-72.94515753031837,285.424707412,-68.875519368,284.13181334598664,-53.357142851928224,277.744148604,23.312855975,228.8970087267096,19.24321781268164,-12.43688037,-0.863212316]}