{"Index":-1,"Tolerance":5.8182221817E-05,"Coordinates":[-7.047688273053332,-65.54872234833836,-4.756321562,-93.051587659,81.8143520819099,-85.83906061885168,285.424707412,-68.875519368,280.0355153150533,-4.190009335661628,277.744148604,23.312855975,74.13379327390992,6.349314724148327,-12.43688037,-0.863212316]}