{"Index":-1,"Tolerance":5.8182221817E-05,"Coordinates":[-5.741993275693334,-81.22074615664833,-4.756321562,-93.051587659,32.48357715633,-89.94899222832167,285.424707412,-68.875519368,278.7298203176933,11.482014472648345,277.744148604,23.312855975,24.80301834833001,2.2393831146783345,-12.43688037,-0.863212316]}