{"Index":-1,"Tolerance":5.8182221817E-05,"Coordinates":[-7.918151604626663,-55.10070647613171,-4.756321562,-93.051587659,114.70153536562987,-83.09910621253835,285.424707412,-68.875519368,280.90597864662664,-14.638025207868289,277.744148604,23.312855975,107.02097655762985,9.089269130461656,-12.43688037,-0.863212316]}