{"Index":-1,"Tolerance":5.8182221817E-05,"Coordinates":[-6.305234254946666,-74.46026529816169,-4.756321562,-93.051587659,53.76351928109,-88.17608055364833,285.424707412,-68.875519368,279.29306129694663,4.721533614161672,277.744148604,23.312855975,46.08296047308997,4.012294789351664,-12.43688037,-0.863212316]}