{"Index":-1,"Tolerance":5.8182221817E-05,"Coordinates":[-6.9196789595866655,-67.0851952707217,-4.756321562,-93.051587659,76.97800159900993,-86.24199509036835,285.424707412,-68.875519368,279.9075060015866,-2.653536413278303,277.744148604,23.312855975,69.29744279100993,5.946380252631661,-12.43688037,-0.863212316]}