{"Index":-1,"Tolerance":5.8182221817E-05,"Coordinates":[-9.710281993159992,-33.5900855627651,-4.756321562,-93.051587659,182.41044212622973,-77.45802361130502,285.424707412,-68.875519368,282.69810903516,-36.14864612123491,277.744148604,23.312855975,174.72988331822967,14.730351731694975,-12.43688037,-0.863212316]}