{"Index":-1,"Tolerance":5.8182221817E-05,"Coordinates":[-6.612456607266665,-70.77273028444168,-4.756321562,-93.051587659,65.37076044004999,-87.20903782200834,285.424707412,-68.875519368,279.60028364926666,1.0339986004416772,277.744148604,23.312855975,57.69020163204995,4.979337520991662,-12.43688037,-0.863212316]}