{"Index":-1,"Coordinates":[54.572512,197.058063,54.571814,197.058535,54.530944,197.0862,54.530845,197.086266,54.271544,197.256057,54.271254,197.256209,53.945579,197.40036,53.945556,197.400369,53.945252,197.400483,53.945245,197.400485,53.602808,197.488349,53.601909,197.488558,53.250888,197.518087,53.250705,197.518101,53.250022,197.518151,53.249995,197.518152,42.749993,197.518152,42.749229,197.518096,42.398093,197.488558,42.398082,197.488556,42.397225,197.488357,42.39721,197.488353,42.054762,197.400485,42.054754,197.400483,42.054454,197.400371,42.054411,197.400353,41.728773,197.25622,41.728731,197.2562,41.728467,197.256063,41.469086,197.086219,41.427478,197.058055,41.427095,197.057693,41.426755,197.057372,41.159012,196.804779,41.159009,196.804776,41.153123,196.797165,41.152762,196.796697,40.929714,196.50825,40.92971,196.508245,40.919088,196.489099,40.745232,196.175712,40.74523,196.175707,40.732763,196.142459,40.732733,196.142378,40.610128,195.815415,40.610121,195.815391,40.599304,195.76563,40.527702,195.436231,40.522894,195.368737,40.522886,195.368631,40.500002,195.047437,40.500002,170.108564,40.493394,169.788,40.492506,169.766482,40.479549,169.337582,40.450275,168.858662,40.423249,168.565391,40.423244,168.565334,40.413367,168.458163,40.349701,167.95062,40.34157,167.899479,40.341558,167.899403,40.299588,167.635444,40.189422,167.075768,40.158606,166.944764,40.100617,166.540645,40.028434,166.120028,39.948265,165.719176,39.948261,165.71916,39.894576,165.450722,39.768757,164.91934,39.626169,164.399287,39.626168,164.399279,39.601506,164.13165,39.601496,164.13152,39.585311,163.955891,39.554763,163.678834,39.455468,162.905683,39.455468,162.905678,39.336375,161.978373,39.336375,161.978371,39.342422,109.326691,39.342422,51.076225,39.332264,50.678814,39.301815,50.282442,39.251156,49.888142,39.180419,49.496946,39.089788,49.109874,38.9795,48.727938,38.849843,48.352136,38.701156,47.983448,38.533828,47.622838,38.348294,47.271248,38.145041,46.929596,37.924598,46.598773,37.687541,46.279645,37.43449,45.973045,37.166106,45.679774,36.883089,45.400597,36.586179,45.136244,36.27615,44.887405,35.953814,44.65473,35.642131,44.452395,33.728804,43.274311,30.673054,40.584907,30.673053,40.584906,28.115769,37.417778,28.115768,37.417777,26.130521,33.86401,26.130517,33.864001,26.118499,33.829986,26.102796,33.785964,24.84767,30.300436,24.800935,30.141053,24.774576,30.025813,24.774565,30.025771,24.758855,29.957086,24.758423,29.954923,24.755275,29.940233,24.754302,29.935366,24.751185,29.920819,24.750262,29.916202,24.746995,29.900956,24.7463,29.897479,24.743164,29.882847,24.742131,29.877678,24.738952,29.862844,24.73799,29.858032,24.734883,29.843531,24.733853,29.838381,24.730554,29.822984,24.729927,29.819848,24.726815,29.805323,24.725844,29.800468,24.722665,29.785634,24.721703,29.780822,24.718596,29.766321,24.717566,29.761171,24.714267,29.745774,24.71364,29.742638,24.710527,29.72811,24.709449,29.722719,24.706342,29.708218,24.705386,29.703437,24.702208,29.688608,24.701279,29.683961,24.69798,29.668564,24.697353,29.665428,24.69424,29.6509,24.693162,29.645509,24.69005,29.630985,24.689071,29.626089,24.685785,29.610753,24.68513,29.607477,24.682004,29.592888,24.681095,29.588341,24.677923,29.573538,24.676875,29.568299,24.673771,29.55381,24.672884,29.549375,24.669628,29.53418,24.641988,29.395925,24.598458,29.19239,24.439625,28.495458,24.393457,28.292867,24.393455,28.292856,24.288541,27.533234,24.153624,26.556357,24.153616,26.556303,24.100376,26.170834,24.098717,26.155963,24.098371,26.151886,24.097957,26.147681,24.097976,26.147679,24.097525,26.142393,24.097403,26.141143,24.097302,26.139952,24.097156,26.138467,24.097158,26.138467,24.096466,26.130333,24.096189,26.127527,24.095824,26.123241,24.095695,26.121914,24.095424,26.118729,24.095244,26.116899,24.086471,26.013709,24.079477,25.848887,24.079108,25.848903,24.075574,25.715418,24.073783,25.681621,24.065949,25.362681,24.065948,25.362606,24.039492,24.285157,24.013973,23.245852,24.018222,23.090985,24.018436,23.086985,24.018796,23.082466,24.020926,23.042645,24.021129,23.040098,24.023201,23.001361,24.02353,22.99723,24.02567,22.957238,24.025868,22.954751,24.028027,22.914485,24.028194,22.912392,24.030281,22.873463,24.0306,22.869463,24.032684,22.830582,24.032987,22.826785,24.035057,22.788114,24.035458,22.783074,24.03762,22.742687,24.037707,22.741595,24.039778,22.702931,24.040104,22.698837,24.042162,22.660384,24.042555,22.655449,24.044605,22.617093,24.045005,22.61206,24.047166,22.571607,24.047296,22.569974,24.049342,22.531703,24.049716,22.527002,24.051896,22.486278,24.052058,22.48424,24.056344,22.404347,24.056677,22.40018,24.058729,22.36192,24.059116,22.357068,24.061097,22.320019,24.061671,22.3128,24.065904,22.233656,24.066228,22.229588,24.06804,22.195593,24.0692,22.180862,24.071465,22.13832,24.086678,21.946715,24.086736,21.945985,24.087053,21.941986,24.090062,21.904069,24.090322,21.901992,24.091108,21.894303,24.093402,21.87598,24.094135,21.868797,24.09651,21.849819,24.097269,21.842403,24.099628,21.823545,24.100424,21.815768,24.102631,21.798135,24.103359,21.791007,24.105664,21.772596,24.10645,21.764907,24.108744,21.746584,24.109477,21.739401,24.111852,21.720423,24.11261,21.713016,24.114899,21.694729,24.115696,21.686925,24.117939,21.669013,24.11866,21.661956,24.121064,21.642746,24.121861,21.634946,24.124097,21.617087,24.124825,21.609964,24.127195,21.591027,24.127952,21.58362,24.130241,21.565333,24.131038,21.557529,24.133281,21.539617,24.134003,21.532551,24.136394,21.513446,24.137155,21.505995,24.139516,21.48713,24.140299,21.47948,24.142533,21.461626,24.143272,21.454387,24.145572,21.436016,24.146361,21.428303,24.148633,21.410154,24.149367,21.40297,24.151742,21.383993,24.152499,21.376584,24.154858,21.357734,24.155643,21.350063,24.157867,21.332291,24.158616,21.32497,24.180047,21.153733,24.193937,21.07273,24.251088,20.679319,24.261952,20.572529,24.271639,20.490985,24.389353,19.724517,24.389358,19.724489,24.394926,19.692099,24.774412,17.930906,24.774414,17.930899,26.130518,14.09275,26.130519,14.092749,28.115768,10.538982,28.115773,10.538974,30.673054,7.371851,30.673055,7.37185,33.728805,4.682443,37.195111,2.548153,40.972257,1.030381,40.97226,1.03038,44.951569,0.172767,49.018595,0.0,53.056307,0.517051,56.948562,1.709049,56.948563,1.709049,60.58338,3.54168,60.583385,3.541683,63.85619,5.962244,63.856194,5.962247,66.672863,8.901102,68.95234,12.273696,68.952343,12.273701,70.62906,15.983017,70.62906,15.983018,71.654779,19.922359,71.654781,19.922366,71.655095,19.924166,71.655097,19.924181,71.680008,20.216872,71.706623,20.477545,71.812116,21.362904,71.931026,22.360947,71.931036,22.361029,71.953472,22.549325,71.960061,22.648499,71.960186,22.657367,71.961518,22.690453,71.961714,22.704379,71.963046,22.737488,71.963239,22.751199,71.964571,22.784301,71.964761,22.797821,71.966093,22.8309,71.966289,22.84485,71.96762,22.877932,71.967814,22.891716,71.969137,22.924604,71.969339,22.938878,71.970679,22.972172,71.970866,22.98547,71.972197,23.018554,71.972391,23.032334,71.973714,23.065208,71.973915,23.079464,71.975255,23.112777,71.975444,23.126152,71.976776,23.159256,71.976969,23.172978,71.978291,23.205852,71.97849,23.219919,71.979829,23.253188,71.980018,23.266627,71.981349,23.299715,71.981541,23.313358,71.982866,23.346294,71.983065,23.360385,71.984404,23.393652,71.984594,23.407158,71.985925,23.440242,71.986119,23.454022,71.987442,23.486896,71.987643,23.501152,71.988983,23.534465,71.989172,23.54784,71.990504,23.580944,71.990697,23.594666,71.992019,23.627525,71.992219,23.641691,71.993559,23.674997,71.993749,23.688456,71.995079,23.721534,71.995278,23.735631,71.996606,23.768691,71.999416,23.967995,71.999423,23.968515,71.999556,23.977879,71.999651,23.984669,71.999664,23.985595,71.999925,24.004095,71.999736,24.012959,71.999718,24.017888,71.99925,24.039853,71.999232,24.044828,71.998762,24.066902,71.998743,24.072194,71.998292,24.093294,71.998275,24.097974,71.997792,24.12063,71.997775,24.125405,71.997305,24.147429,71.997287,24.152358,71.996819,24.174323,71.996801,24.179252,71.996333,