{"Index":-1,"Tolerance":5.8182221817E-05,"Coordinates":[-5.25555788452,-87.05934326170501,-4.756321562,-93.051587659,14.105445321309958,-91.48014322008501,285.424707412,-68.875519368,278.24338492652,17.320611577705023,277.744148604,23.312855975,6.424886513309993,0.7082321229149997,-12.43688037,-0.863212316]}