{"Index":-1,"Tolerance":5.8182221817E-05,"Coordinates":[-10.964773265133324,-18.53265092340844,-4.756321562,-93.051587659,229.80667685864967,-73.5092657904417,285.424707412,-68.875519368,283.9526003071333,-51.20608076059156,277.744148604,23.312855975,222.12611805064964,18.67910955255831,-12.43688037,-0.863212316]}