{"Index":-1,"Tolerance":5.8182221817E-05,"Coordinates":[-7.0732901357466655,-65.2414277638617,-4.756321562,-93.051587659,82.78162217848993,-85.75847372454834,285.424707412,-68.875519368,280.06111717774667,-4.497303920138307,277.744148604,23.312855975,75.10106337048991,6.429901618451661,-12.43688037,-0.863212316]}