{"Index":-1,"Tolerance":5.8182221817E-05,"Coordinates":[-12.39847757595999,-1.3241541927151417,-4.756321562,-93.051587659,283.97380226712954,-68.99639970945503,285.424707412,-68.875519368,285.38630461796,-68.41457749128486,277.744148604,23.312855975,276.29324345912954,23.191975633544967,-12.43688037,-0.863212316]}