{"Index":-1,"Tolerance":5.8182221817E-05,"Coordinates":[-12.142458949026658,-4.397100037481806,-4.756321562,-93.051587659,274.30110130132954,-69.80226865248837,285.424707412,-68.875519368,285.13028599102665,-65.3416316465182,277.744148604,23.312855975,266.62054249332954,22.38610669051163,-12.43688037,-0.863212316]}