{"Index":-1,"Tolerance":5.8182221817E-05,"Coordinates":[-9.659078267773328,-34.20467473171842,-4.756321562,-93.051587659,180.47590193306974,-77.61919739991168,285.424707412,-68.875519368,282.6469053097733,-35.53405695228158,277.744148604,23.312855975,172.7953431250697,14.569177943088311,-12.43688037,-0.863212316]}