{"Index":-1,"Tolerance":5.8182221817E-05,"Coordinates":[-9.198244739293326,-39.73597725229842,-4.756321562,-93.051587659,163.06504019462977,-79.06976149737169,285.424707412,-68.875519368,282.1860717812933,-30.00275443170159,277.744148604,23.312855975,155.38448138662972,13.118613845628312,-12.43688037,-0.863212316]}