{"Index":-1,"Coordinates":[55.477109,195.368731,55.477103,195.36882,55.472301,195.436221,55.472301,195.436222,55.400701,195.765623,55.38988,195.815406,55.267372,196.142112,55.26725,196.142435,55.254771,196.175714,55.080832,196.489257,55.079643,196.491401,55.070294,196.508252,55.07029,196.508258,54.847292,196.796625,54.846355,196.797836,54.840988,196.804778,54.573248,197.057371,54.57265,197.057934,54.572519,197.058058,54.530935,197.086206,54.271537,197.256063,54.271536,197.256064,54.271271,197.256201,54.271243,197.256215,53.945588,197.400353,53.94558,197.400356,53.945243,197.400482,53.602802,197.488352,53.601902,197.48856,53.250946,197.518081,53.250011,197.518148,53.249986,197.518149,42.750011,197.518149,42.749051,197.51808,42.3981,197.48856,42.398094,197.488559,42.397191,197.48835,42.054766,197.400483,42.054753,197.400479,42.054432,197.40036,42.054427,197.400357,41.728757,197.256214,41.72874,197.256206,41.728469,197.256065,41.728437,197.256047,41.469139,197.086255,41.431695,197.060909,41.427484,197.05806,41.165773,196.811154,41.164927,196.810357,41.159015,196.804778,41.159011,196.804775,40.94173,196.523796,40.941672,196.523721,40.929717,196.50826,40.929713,196.508254,40.760689,196.203569,40.760358,196.202974,40.745236,196.175717,40.745234,196.175713,40.626097,195.857998,40.62607,195.857926,40.610126,195.815407,40.540517,195.49518,40.540489,195.495052,40.527702,195.436227,40.505406,195.12327,40.505403,195.123234,40.500003,195.047438,40.500003,170.249563,40.492906,169.779698,40.49123,169.72423,40.464098,169.162655,40.416692,168.602427,40.349075,168.044278,40.261334,167.488936,40.221182,167.283309,40.22254,167.283052,40.158612,166.944764,40.130939,166.75191,40.041037,166.196914,39.986562,165.910619,39.971548,165.835549,39.971508,165.835348,39.948122,165.718426,39.827908,165.169199,39.696555,164.65601,39.626168,164.399289,39.5981,164.094705,39.537014,163.540646,39.336382,161.978373,39.336382,161.97837,39.34243,109.321193,39.34243,55.162517,39.332271,54.600379,39.301807,54.038975,39.251077,53.479038,39.180148,52.9213,39.089114,52.366489,38.978091,51.81533,38.847226,51.268542,38.69669,50.72684,38.526678,50.19093,38.337413,49.661514,38.129143,49.139282,37.902139,48.624917,37.656698,48.11909,37.39314,47.622461,37.111809,47.13568,36.813073,46.659383,36.497322,46.19419,36.164969,45.740711,35.816447,45.299536,35.452212,44.871242,35.072739,44.456389,34.678524,44.055519,34.270082,43.669154,33.847946,43.2978,33.412668,42.941941,33.035939,42.654334,32.14381,41.994518,29.327143,39.055655,29.327141,39.055652,27.047665,35.683058,27.047661,35.68305,25.370944,31.973741,25.370943,31.973738,24.856389,30.3289,24.85638,30.328868,24.70155,29.730707,24.695926,29.709041,24.682846,29.658808,24.674656,29.623439,24.671719,29.60898,24.667885,29.591341,24.660423,29.554606,24.656635,29.537172,24.649398,29.501543,24.645484,29.48353,24.63847,29.449002,24.634614,29.431258,24.627427,29.395876,24.623579,29.37817,24.616157,29.341633,24.612368,29.324193,24.605105,29.288439,24.601197,29.270453,24.594191,29.235964,24.590335,29.21822,24.583148,29.182838,24.579311,29.165181,24.572075,29.129559,24.568206,29.111759,24.560825,29.07542,24.556996,29.057794,24.549899,29.022858,24.546031,29.005062,24.538869,28.9698,24.535025,28.952113,24.527782,28.916454,24.523924,28.898702,24.516586,28.862576,24.512811,28.845201,24.505435,28.808893,24.501516,28.790859,24.494531,28.756472,24.490674,28.738724,24.48352,28.703502,24.479678,28.685822,24.472237,28.649194,24.468443,28.63173,24.461198,28.596065,24.457297,28.578112,24.450325,28.543788,24.446499,28.526187,24.43921,28.490302,24.435337,28.472484,24.428043,28.436575,24.424225,28.419006,24.417021,28.383539,24.413249,28.366183,24.405975,28.330376,24.402032,28.312234,24.394828,28.27677,24.390491,28.256808,24.349987,28.057244,24.34921,28.053418,24.346775,28.041436,24.345569,28.035495,24.345567,28.035495,24.345349,28.034412,24.328259,27.950262,24.30124,27.762102,24.271102,27.46607,24.154051,26.478787,24.070027,25.770063,24.070025,25.770039,24.052685,25.464894,24.052669,25.464595,24.014836,24.798636,24.008994,24.524795,24.008978,24.520289,24.008533,24.499472,24.008513,24.493933,24.008041,24.471774,24.008023,24.466849,24.007545,24.44445,24.007529,24.440098,24.007074,24.418779,24.007054,24.413251,24.006582,24.391092,24.006564,24.386167,24.006086,24.363768,24.00607,24.359416,24.005615,24.338097,24.005595,24.332569,24.005123,24.31041,24.005105,24.305485,24.004627,24.283086,24.004611,24.278734,24.004155,24.257366,24.004135,24.251826,24.003661,24.229617,24.003644,24.224702,24.003158,24.201914,24.003142,24.197468,24.002705,24.177001,24.002685,24.171614,24.002205,24.149101,24.002187,24.144122,24.001699,24.121234,24.001683,24.116786,24.001246,24.096319,24.001226,24.090932,24.000746,24.068419,24.000728,24.06344,24.00024,24.040552,24.000224,24.036104,23.999861,24.019104,24.000332,23.985683,24.000422,23.979307,24.000457,23.976742,24.000573,23.96858,24.000605,23.966324,24.006216,23.566242,24.007586,23.532183,24.007774,23.518852,24.009123,23.485327,24.009327,23.470862,24.010641,23.438201,24.010837,23.424261,24.01217,23.391152,24.012356,23.377944,24.013687,23.344853,24.013888,23.330614,24.015219,23.297536,24.015405,23.284311,24.016738,23.251176,24.016944,23.236567,24.018276,23.203478,24.01845,23.191149,24.019797,23.157657,24.020007,23.142822,24.021322,23.110128,24.021516,23.096333,24.022847,23.063265,24.023033,23.05004,24.024366,23.016905,24.024572,23.002296,24.025904,22.969207,24.02609,22.955973,24.027421,22.922891,24.027616,22.909009,24.028948,22.875924,24.029136,22.862617,24.030468,22.829488,24.030672,22.815008,24.032005,22.781898,24.032201,22.76801,24.032506,22.760425,24.04653,22.549347,24.068938,22.361299,24.068964,22.361038,24.068968,22.361038,24.187887,21.362924,24.187887,21.362921,24.277907,20.607365,24.331119,20.086187,24.344907,19.924196,24.344911,19.924159,24.34522,19.922369,25.37094,15.983024,27.047664,12.273699,27.047667,12.273693,29.327138,8.901107,32.143814,5.962245,35.416624,3.541679,39.051445,1.709049,39.051455,1.709045,42.943695,0.517052,46.98141,0.0,51.048426,0.172767,55.027751,1.030383,58.804887,2.548152,58.804895,2.548156,62.271192,4.68244,65.326945,7.371851,67.88423,10.538975,67.884239,10.538988,69.869484,14.092744,69.869487,14.092751,71.225585,17.930889,71.225587,17.930895,71.605074,19.692077,71.610658,19.724599,71.728367,20.490971,71.730746,20.511002,71.794732,20.952198,71.863299,21.500021,71.864032,21.507185,71.866248,21.524888,71.867075,21.532981,71.869501,21.552367,71.870204,21.559246,71.872373,21.576569,71.873191,21.584575,71.875658,21.604293,71.876348,21.611041,71.878522,21.628407,71.879349,21.636498,71.881775,21.655884,71.882478,21.662763,71.884745,21.680871,71.885492,21.688175,71.887726,21.706023,71.888555,21.714136,71.890999,21.733664,71.891691,21.740437,71.893873,21.757866,71.894703,21.765989,71.897135,21.785421,71.897824,21.792163,71.900002,21.80956,71.900829,21.817653,71.903273,21.837181,71.903965,21.843954,71.906245,21.862167,71.907004,21.869589,71.907567,21.874089,71.912864,21.940838,71.912995,21.942482,71.913084,21.943602,71.913316,21.946532,71.943629,22.328321,71.946243,22.377495,71.948526,22.40652,71.948538,22.406519,71.949932,22.432702,71.95086,22.444376,71.954686,22.515106,71.954864,22.517324,71.959351,22.600747,71.959935,22.60806,71.961966,22.645841,71.962186,22.648597,71.966543,22.729678,71.96721,22.738031,71.971372,22.815284,71.971804,22.820679,71.973897,22.859553,71.974121,22.862356,71.976805,22.912242,71.986033,23.245856,71.960511,24.285153,71.960509,24.285237,71.934059,25.362557,71.924222,25.76307,71.913539,26.01371,71.907711,26.081947,71.907399,26.085605,71.905644,26.106212,71.905356,26.109602,71.901821,26.151217,71.899634,26.170826,71.846387,26.556339,71.846377,26.556412,71.711482,27.53311,71.711465,27.533228,71.606547,28.292857,71.560429,28.495261,71.424681,29.090874,71.337644,29.497807,71.309278,29.639681,71.306133,29.654357,71.30517,29.659171,71.302081,29.67359,71.30143,29.676845,71.298016,29.692778,71.297149,29.697113,