{"Index":-1,"Tolerance":5.8182221817E-05,"Coordinates":[-9.582272679693327,-35.12655848514842,-4.756321562,-93.051587659,177.57409164332972,-77.8609580828217,285.424707412,-68.875519368,282.5700997216933,-34.61217319885158,277.744148604,23.312855975,169.8935328353297,14.327417260178311,-12.43688037,-0.863212316]}