{"Index":-1,"Tolerance":5.8182221817E-05,"Coordinates":[-11.630421695159992,-10.54299172701512,-4.756321562,-93.051587659,254.9556993697296,-71.41400653855503,285.424707412,-68.875519368,284.61824873715994,-59.19573995698488,277.744148604,23.312855975,247.27514056172956,20.77436880444497,-12.43688037,-0.863212316]}