{"Index":-1,"Tolerance":5.8182221817E-05,"Coordinates":[-5.588382099533334,-83.06451366350834,-4.756321562,-93.051587659,26.679956576849975,-90.43251359414168,285.424707412,-68.875519368,278.5762091415333,13.32578197950835,277.744148604,23.312855975,18.999397768849995,1.7558617488583332,-12.43688037,-0.863212316]}