{"Index":-1,"Tolerance":5.8182221817E-05,"Coordinates":[-6.458845431106666,-72.61649779130168,-4.756321562,-93.051587659,59.56713986056997,-87.69255918782834,285.424707412,-68.875519368,279.4466724731066,2.8777661073016816,277.744148604,23.312855975,51.88658105256995,4.4958161551716636,-12.43688037,-0.863212316]}