{"Index":-1,"Tolerance":5.8182221817E-05,"Coordinates":[-8.04616091809333,-53.56423355374839,-4.756321562,-93.051587659,119.53788584852984,-82.69617174102169,285.424707412,-68.875519368,281.0339879600933,-16.174498130251614,277.744148604,23.312855975,111.85732704052982,9.49220360197832,-12.43688037,-0.863212316]}