{"Index":-1,"Tolerance":5.8182221817E-05,"Coordinates":[-11.912042184786657,-7.162751297771791,-4.756321562,-93.051587659,265.59567043210956,-70.52755070121836,285.424707412,-68.875519368,284.8998692267866,-62.57598038622821,277.744148604,23.312855975,257.91511162410956,21.660824641781634,-12.43688037,-0.863212316]}