{"Index":-1,"Coordinates":[53.056305,0.517051,53.056308,0.517051,56.948561,1.709048,60.58337,3.541674,60.583373,3.541676,63.8562,5.962252,63.856199,5.962252,66.672859,8.901096,68.952342,12.2737,68.952342,12.273701,70.629063,15.983028,71.65478,19.922366,71.654784,19.922383,71.655096,19.924174,71.655098,19.924186,71.674453,20.151596,71.714374,20.542592,71.81212,21.362942,71.812164,21.363303,71.931021,22.360905,71.931038,22.361049,71.953472,22.549328,71.963476,22.699904,71.964662,22.729367,71.964859,22.743327,71.96619,22.776415,71.966385,22.79024,71.967703,22.822992,71.967903,22.837184,71.969247,22.870568,71.969433,22.883814,71.970766,22.916934,71.970962,22.930863,71.97228,22.96363,71.97248,22.977786,71.973825,23.0112,71.974013,23.024568,71.975342,23.057604,71.975533,23.071173,71.976853,23.103963,71.977053,23.118181,71.978397,23.151578,71.978586,23.164991,71.979917,23.198084,71.98011,23.211765,71.98143,23.244572,71.981629,23.258684,71.982971,23.292037,71.983161,23.305502,71.984494,23.338622,71.98469,23.352551,71.986008,23.385318,71.986208,23.399474,71.987553,23.432888,71.987741,23.446256,71.98907,23.479292,71.989261,23.492861,71.990581,23.525651,71.990783,23.539997,71.992127,23.573384,71.992317,23.586888,71.993648,23.619989,71.993849,23.634225,71.995176,23.667261,71.999412,23.967725,71.999424,23.968542,71.99955,23.977443,71.999642,23.984026,71.999664,23.985599,72.000033,24.011752,71.999765,24.024305,71.999749,24.028839,71.999261,24.051696,71.999244,24.056524,71.998774,24.078547,71.998756,24.083477,71.998288,24.105441,71.99827,24.110371,71.997802,24.132335,71.997784,24.137265,71.997316,24.159229,71.997299,24.164121,71.996824,24.186399,71.996804,24.191849,71.996366,24.212347,71.996349,24.216987,71.99586,24.239933,71.995843,24.244725,71.995372,24.266795,71.995354,24.271731,71.994886,24.293689,71.994868,24.298625,71.9944,24.320583,71.994382,24.325528,71.993912,24.347588,71.993893,24.352965,71.993451,24.373621,71.993435,24.378246,71.992943,24.401297,71.992926,24.406089,71.992455,24.428159,71.992437,24.433095,71.991969,24.455053,71.991951,24.459989,71.991483,24.481947,71.991465,24.486892,71.990995,24.508952,71.990976,24.514329,71.990534,24.534985,71.990518,24.53961,71.990026,24.562661,71.990009,24.567491,71.989533,24.589813,71.989515,24.594831,71.985167,24.798646,71.947351,25.464351,71.947342,25.4645,71.929981,25.770018,71.929977,25.770065,71.845949,26.478797,71.725399,27.495564,71.725357,27.495991,71.725349,27.49599,71.72129,27.530236,71.695064,27.787872,71.671759,27.950192,71.654648,28.034443,71.65465,28.034443,71.654492,28.035204,71.653183,28.04165,71.65306,28.042255,71.649983,28.0574,71.649589,28.059341,71.619422,28.207784,71.615674,28.225023,71.608279,28.261418,71.604558,28.278536,71.59736,28.31397,71.593572,28.331401,71.586256,28.367415,71.582428,28.385032,71.575295,28.420145,71.571417,28.437993,71.563999,28.474508,71.560187,28.492048,71.553205,28.526423,71.549308,28.544358,71.542074,28.579964,71.53822,28.597703,71.530966,28.633409,71.527126,28.65108,71.519932,28.686495,71.51608,28.704222,71.508826,28.739928,71.504986,28.757599,71.497691,28.793511,71.493878,28.811056,71.486578,28.846996,71.482744,28.864637,71.475517,28.900216,71.471676,28.917887,71.464448,28.95347,71.460598,28.971186,71.453604,29.005615,71.449706,29.023557,71.442434,29.059351,71.438591,29.077039,71.431337,29.112745,71.427497,29.130416,71.420303,29.165831,71.416451,29.183558,71.409197,29.219264,71.405357,29.236935,71.398062,29.272847,71.394249,29.290392,71.386949,29.326332,71.383115,29.343973,71.375888,29.379552,71.372047,29.397223,71.364819,29.432806,71.360969,29.450522,71.353975,29.484951,71.350077,29.502893,71.342808,29.538673,71.338961,29.556378,71.331757,29.591839,71.327914,29.609525,71.32327,29.632388,71.317149,29.658818,71.303499,29.711243,71.299287,29.727467,71.143609,30.328923,70.629062,31.973733,68.952344,35.683053,66.67286,39.05566,66.672858,39.055662,63.856205,41.994509,63.8562,41.994515,61.387451,43.820391,61.002112,44.118022,60.629525,44.43147,60.27034,44.760189,59.925181,45.103608,59.594651,45.461127,59.279324,45.832125,58.979749,46.215955,58.696449,46.611949,58.429916,47.019418,58.180615,47.437652,57.948979,47.865922,57.735413,48.303483,57.540287,48.749574,57.363942,49.203416,57.206685,49.66422,57.06879,50.131184,56.950496,50.603495,56.85201,51.080329,56.773504,51.560857,56.715113,52.044242,56.67694,52.529642,56.657579,53.201531,56.657579,109.328031,56.663627,161.978373,56.663627,161.978375,56.454122,163.60968,56.408296,164.02533,56.373837,164.39928,56.373836,164.399289,56.267349,164.787683,56.148432,165.259837,56.078666,165.584556,56.028466,165.835553,55.992524,166.015259,55.884228,166.646295,55.841396,166.944793,55.840057,166.951877,55.741683,167.413056,55.678005,167.776413,55.670403,167.824225,55.603997,168.306574,55.574894,168.585606,55.560748,168.739098,55.516832,169.457515,55.507501,169.766328,55.507446,169.767872,55.507434,169.768563,55.506525,169.798636,55.506896,169.798647,55.499999,170.184684,55.499999,195.047431,55.494597,195.123262,55.494595,195.123281,55.4723,195.436222,55.459485,195.495177,55.459478,195.495208,55.389879,195.81541,55.389875,195.815424,55.373958,195.857869,55.373914,195.857985,55.254775,196.175705,55.254766,196.175725,55.239312,196.203581,55.239304,196.203596,55.070293,196.508249,55.058357,196.523687,54.840993,196.804776,54.834233,196.811154,54.572519,197.058058,54.56856,197.060737,54.530944,197.0862,54.530922,197.086215,54.27154,197.256059,54.271257,197.256207,53.945553,197.400371,53.945254,197.400482,53.945237,197.400488,53.602841,197.488341,53.602813,197.488348,53.601903,197.488559,53.250925,197.518085,53.250906,197.518086,53.250002,197.518152,42.749996,197.518152,42.749214,197.518095,42.748997,197.518078,42.398099,197.488559,42.398081,197.488556,42.397267,197.488367,42.397215,197.488354,42.054763,197.400486,42.054427,197.40036,41.728744,197.256206,41.728737,197.256203,41.728456,197.256056,41.469136,197.086253,41.42748,197.058056,41.427477,197.058054,41.426744,197.057362,41.426258,197.056903,41.159013,196.80478,41.152639,196.796538,41.152094,196.795834,40.929716,196.508255,40.929714,196.508251,40.919085,196.489093,40.919013,196.488964,40.745235,196.175718,40.732841,196.142663,40.732771,196.142488,40.732774,196.142487,40.610126,195.81541,40.610125,195.815406,40.599309,195.765652,40.59931,195.765652,40.527701,195.436218,40.522892,195.368714,40.522889,195.368714,40.522884,195.368595,40.500003,195.047441,40.500003,170.184646,40.493109,169.798632,40.493478,169.798621,40.492575,169.768746,40.492562,169.767995,40.492502,169.766315,40.483173,169.457532,40.439261,168.739134,40.425115,168.585634,40.370327,168.101828,40.329593,167.824151,40.321997,167.776378,40.235524,167.297219,40.15945,166.949227,40.158605,166.944756,40.115773,166.646266,40.007499,166.015349,39.948266,165.719179,39.948266,165.719178,39.921358,165.584635,39.81593,165.109288,39.73264,164.787613,39.626169,164.399285,39.601501,164.131582,39.601496,164.131525,39.591707,164.025298,39.545882,163.609671,39.455468,162.905676,39.455465,162.905658,39.336375,161.978374,39.342422,109.326691,39.342422,53.248958,39.332263,52.762165,39.301804,52.27622,39.251098,51.791969,39.180233,51.310254,39.089333,50.831916,38.978556,50.357786,38.848094,49.888691,38.698176,49.425447,38.529061,48.968861,38.341046,48.519728,38.134456,48.07883,37.909651,47.646935,37.667024,47.224794,37.406996,46.813144,37.130021,46.4127,36.836581,46.02416,36.527186,45.648201,36.202375,45.285477,35.862715,44.93662,35.508796,44.602238,35.141234,44.282911,34.760671,43.979198,34.367767,43.691626,33.791985,43.313213,33.728801,43.274309,33.728798,43.274307,30.673062,40.584914,30.673048,40.5849,28.115769,37.417778,28.115768,37.417777,26.13052,33.864009,26.130517,33.864003,26.122361,33.840918,26.09881,33.774893,24.847668,30.300427,24.800934,30.141049,24.774575,30.025809,24.774555,30.025724,24.751451,29.92471,24.74951,29.915656,24.748446,29.910334,24.745406,29.896145,24.744324,29.890735,24.740937,29.87493,24.740468,29.872582,24.737401,