{"Index":-1,"Tolerance":5.8182221817E-05,"Coordinates":[-9.83829130662666,-32.05361264038176,-4.756321562,-93.051587659,187.2467926091297,-77.05508913978836,285.424707412,-68.875519368,282.8261183486266,-37.68511904361824,277.744148604,23.312855975,179.5662338011297,15.133286203211643,-12.43688037,-0.863212316]}