{"Index":-1,"Tolerance":5.8182221817E-05,"Coordinates":[-8.19977209425333,-51.72046604688839,-4.756321562,-93.051587659,125.34150642800984,-82.21265037520169,285.424707412,-68.875519368,281.1875991362533,-18.018265637111618,277.744148604,23.312855975,117.66094762000982,9.97572496779832,-12.43688037,-0.863212316]}