{"Index":-1,"Tolerance":5.8182221817E-05,"Coordinates":[-11.041578853213325,-17.610767169978445,-4.756321562,-93.051587659,232.70848714838965,-73.26750510753169,285.424707412,-68.875519368,284.0294058952133,-52.127964514021556,277.744148604,23.312855975,225.0279283403896,18.920870235468307,-12.43688037,-0.863212316]}