{"Index":-1,"Tolerance":5.8182221817E-05,"Coordinates":[-6.638058469959999,-70.46543569996501,-4.756321562,-93.051587659,66.33803053662999,-87.128450927705,285.424707412,-68.875519368,279.62588551195995,0.7267040159650122,277.744148604,23.312855975,58.65747172862996,5.059924415294996,-12.43688037,-0.863212316]}