{"Index":-1,"Coordinates":[67.916866,-40.5847,67.92467,-40.583457,67.940065,-40.579739,68.122452,-40.563782,68.129847,-40.562572,68.299256,-40.521644,68.306767,-40.519188,68.340063,-40.505306,68.517299,-40.457821,68.523609,-40.455671,68.666176,-40.396224,68.67321,-40.392615,68.721138,-40.363027,68.887818,-40.285309,68.892959,-40.282535,69.007511,-40.211814,69.013887,-40.207145,69.071916,-40.157161,69.222904,-40.051446,69.226863,-40.048367,69.312238,-39.97482,69.314958,-39.972295,69.449867,-39.8374,69.452704,-39.834316,69.516722,-39.758567,69.575562,-39.688945,69.57833,-39.685351,69.687775,-39.52908,69.689611,-39.52626,69.750754,-39.425102,69.78807,-39.363366,69.790596,-39.358632,69.871009,-39.18621,69.871613,-39.184862,69.925398,-39.06004,70.110625,-38.647338,70.111561,-38.645111,70.261322,-38.263015,70.973178,-36.676911,71.790201,-35.056442,72.264704,-34.311698,72.996268,-33.163484,74.075402,-31.704399,74.901035,-30.749054,75.543023,-30.006199,76.85324,-28.750458,78.095739,-27.676665,78.551439,-27.28284,80.054987,-26.26662,81.759833,-25.180408,81.947841,-25.06062,83.996853,-24.141006,83.997192,-24.140852,85.561033,-23.424962,85.701478,-23.361854,85.70807,-23.358276,85.729903,-23.344213,85.919516,-23.255775,85.925465,-23.252491,86.040055,-23.178676,86.046177,-23.174031,86.08254,-23.141758,86.254345,-23.021438,86.258856,-23.017876,86.342565,-22.943583,86.344733,-22.94154,86.497794,-22.788464,86.50096,-22.784985,86.548398,-22.727659,86.604529,-22.659826,86.606968,-22.656625,86.731119,-22.4793,86.733105,-22.47623,86.781972,-22.39428,86.781974,-22.394277,86.816304,-22.336694,86.818675,-22.332217,86.910155,-22.136028,86.911197,-22.133632,86.954811,-22.025708,86.972067,-21.983016,86.974009,-21.977213,87.030027,-21.768119,87.030409,-21.7666,87.061788,-21.632848,87.067514,-21.608448,87.068648,-21.601373,87.087518,-21.385725,87.087561,-21.385203,87.107386,-21.127613,86.907975,-21.112266,86.88821,-21.369088,86.870348,-21.573219,86.867078,-21.587152,86.867077,-21.587156,86.836233,-21.718628,86.783198,-21.916587,86.769384,-21.950762,86.769383,-21.950764,86.72724,-22.055048,86.640622,-22.240811,86.610189,-22.291857,86.564134,-22.369091,86.4466,-22.536965,86.394312,-22.600153,86.351371,-22.652046,86.206469,-22.796962,86.132551,-22.862565,85.960746,-22.982885,85.956234,-22.986447,85.922049,-23.016788,85.825729,-23.078834,85.63612,-23.16727,85.630172,-23.170553,85.609236,-23.184038,85.478591,-23.242743,85.478272,-23.242888,83.914415,-23.958785,81.855984,-24.882626,81.849581,-24.886079,81.652365,-25.011735,79.945825,-26.099026,79.944693,-26.099769,78.432087,-27.122111,78.427388,-27.12571,77.964965,-27.525345,76.719531,-28.601674,76.717627,-28.603407,75.399552,-29.866679,75.396317,-29.870085,74.749714,-30.61828,73.920354,-31.577938,73.917983,-31.580901,72.832364,-33.048755,72.830394,-33.051621,72.09603,-34.20423,71.617484,-34.95532,71.615004,-34.95968,70.793068,-36.589892,70.792098,-36.59193,70.077373,-38.184428,70.076437,-38.186656,69.926679,-38.568743,69.742491,-38.979132,69.742189,-38.979819,69.688825,-39.103662,69.612739,-39.266806,69.579592,-39.321645,69.521064,-39.418476,69.418411,-39.565049,69.363968,-39.629469,69.304005,-39.70042,69.177484,-39.826927,69.102031,-39.891927,68.951043,-39.997642,68.947087,-40.000719,68.89235,-40.047867,68.795353,-40.10775,68.628675,-40.185467,68.623535,-40.18824,68.578249,-40.216197,68.455871,-40.267225,68.278639,-40.314709,68.272331,-40.316858,68.240753,-40.330024,68.09382,-40.365523,67.911435,-40.381479,67.904044,-40.382688,67.889251,-40.386261,67.612061,-40.408208,67.627847,-40.607584]}