{"Index":-1,"Tolerance":5.8182221817E-05,"Coordinates":[-11.758431008626657,-9.006518804631796,-4.756321562,-93.051587659,259.7920498526296,-71.01107206703837,285.424707412,-68.875519368,284.74625805062664,-60.732212879368205,277.744148604,23.312855975,252.11149104462956,21.177303275961634,-12.43688037,-0.863212316]}