{"Index":-1,"Tolerance":5.8182221817E-05,"Coordinates":[-11.24639375475999,-15.152410494165125,-4.756321562,-93.051587659,240.44664792102964,-72.62280995310503,285.424707412,-68.875519368,284.23422079676,-54.586321189834884,277.744148604,23.312855975,232.76608911302958,19.56556538989497,-12.43688037,-0.863212316]}