{"Index":-1,"Tolerance":5.8182221817E-05,"Coordinates":[-9.91509689470666,-31.131728886951763,-4.756321562,-93.051587659,190.1486028988697,-76.81332845687835,285.424707412,-68.875519368,282.90292393670666,-38.60700279704824,277.744148604,23.312855975,182.46804409086965,15.375046886121643,-12.43688037,-0.863212316]}