{"Index":-1,"Coordinates":[100.746377,-30.321046,97.669079,-29.519788,97.668902,-29.519742,97.668765,-29.519706,94.500051,-29.250007,94.500012,-29.250003,94.499995,-29.250004,91.334198,-29.519453,91.333037,-29.519553,91.331238,-29.519706,88.254884,-30.32072,88.25362,-30.321049,85.359426,-31.629312,85.358261,-31.629839,85.35768,-31.630101,85.355729,-31.630983,85.355723,-31.630987,82.723067,-33.410352,82.722126,-33.41096,82.722138,-33.410978,82.720887,-33.411823,82.720875,-33.411833,80.427842,-35.609526,80.424902,-35.612343,80.4249,-35.612345,78.534362,-38.16852,78.533826,-38.169245,77.102262,-41.008581,77.102084,-41.008935,77.102079,-41.008946,76.171278,-44.048324,76.171268,-44.048358,76.170837,-44.049766,75.767014,-47.203325,75.766899,-47.204223,75.901805,-50.380218,75.901863,-50.381579,75.901863,-50.381585,76.571152,-53.48707,76.571874,-53.490423,76.571877,-53.490432,77.756049,-56.437355,77.756919,-56.439517,77.757645,-56.441322,79.422684,-59.145536,79.424718,-59.148841,79.425052,-59.149383,81.523586,-61.533777,81.525151,-61.535555,81.526148,-61.536688,83.998407,-63.532889,84.000095,-63.534251,84.000471,-63.534554,84.000473,-63.534556,86.77352,-65.083673,86.775301,-65.084667,86.776857,-65.085536,89.77351,-66.144327,89.773881,-66.144457,89.775418,-66.145,92.905617,-66.681726,92.908401,-66.682204,92.909887,-66.682459,92.910637,-66.682491,92.911019,-66.682508,94.499992,-66.749995,94.500744,-66.749963,94.50104,-66.749951,96.090105,-66.68246,96.090109,-66.68246,99.223482,-66.145189,99.224594,-66.144999,102.221737,-65.086038,102.222239,-65.085861,102.22316,-65.085536,104.997631,-63.535615,104.999523,-63.534557,107.47269,-61.53763,107.473852,-61.536692,107.473862,-61.536683,109.573464,-59.151068,109.574947,-59.149383,109.574953,-59.149375,111.241474,-56.442764,111.24157,-56.442608,111.242359,-56.441327,112.426936,-53.4934,112.42757,-53.491824,112.42813,-53.490431,112.428133,-53.490422,113.097353,-50.385221,113.097368,-50.385151,113.09764,-50.383887,113.098135,-50.381585,113.233035,-47.205933,113.233044,-47.205736,113.233108,-47.204227,112.829248,-44.050498,112.829211,-44.050206,112.829155,-44.049767,111.898374,-41.010429,111.898358,-41.010379,111.897918,-41.008944,110.467111,-38.171091,110.466179,-38.169245,110.466176,-38.169239,108.577451,-35.615514,108.576005,-35.613558,108.575111,-35.612349,106.280216,-33.412872,106.279433,-33.412121,106.279134,-33.411835,106.279126,-33.411828,103.645293,-31.631679,103.644277,-31.630992,103.644262,-31.630983,100.747118,-30.32138,100.746388,-30.32105]}