{"Index":-1,"Tolerance":5.8182221817E-05,"Coordinates":[-5.281159747213334,-86.75204867722834,-4.756321562,-93.051587659,15.072715417889981,-91.39955632578167,285.424707412,-68.875519368,278.26898678921333,17.013316993228344,277.744148604,23.312855975,7.392156609889991,0.7888190172183329,-12.43688037,-0.863212316]}