{"Index":-1,"Tolerance":5.8182221817E-05,"Coordinates":[-6.689262195346665,-69.85084653101168,-4.756321562,-93.051587659,68.27257072978998,-86.96727713909834,285.424707412,-68.875519368,279.67708923734665,0.11211484701168217,277.744148604,23.312855975,60.59201192178993,5.221098203901662,-12.43688037,-0.863212316]}