{"Index":-1,"Tolerance":5.8182221817E-05,"Coordinates":[-6.228428666866666,-75.38214905159168,-4.756321562,-93.051587659,50.861708991350014,-88.41784123655833,285.424707412,-68.875519368,279.21625570886664,5.643417367591667,277.744148604,23.312855975,43.18115018334997,3.770534106441665,-12.43688037,-0.863212316]}