{"Index":-1,"Tolerance":5.8182221817E-05,"Coordinates":[-6.279632392253333,-74.76755988263835,-4.756321562,-93.051587659,52.796249184509975,-88.25666744795167,285.424707412,-68.875519368,279.2674594342533,5.028828198638351,277.744148604,23.312855975,45.11569037650996,3.931707895048331,-12.43688037,-0.863212316]}