{"Index":-1,"Tolerance":5.8182221817E-05,"Coordinates":[-10.171115521639994,-28.058783042185098,-4.756321562,-93.051587659,199.8213038646697,-76.00745951384502,285.424707412,-68.875519368,283.15894256364,-41.6799486418149,277.744148604,23.312855975,192.14074505666966,16.180915829154976,-12.43688037,-0.863212316]}