{"Index":-1,"Tolerance":5.8182221817E-05,"Coordinates":[-11.220791892066657,-15.459705078641775,-4.756321562,-93.051587659,239.4793778244496,-72.70339684740836,285.424707412,-68.875519368,284.20861893406664,-54.27902660535822,277.744148604,23.312855975,231.7988190164496,19.48497849559164,-12.43688037,-0.863212316]}