{"Index":-1,"Tolerance":5.8182221817E-05,"Coordinates":[-8.148568368866663,-52.33505521584172,-4.756321562,-93.051587659,123.40696623484985,-82.37382416380835,285.424707412,-68.875519368,281.1363954108666,-17.40367646815828,277.744148604,23.312855975,115.72640742684983,9.814551179191653,-12.43688037,-0.863212316]}