{"Index":-1,"Tolerance":5.8182221817E-05,"Coordinates":[-5.998011902626667,-78.14780031188167,-4.756321562,-93.051587659,42.15627812213003,-89.14312328528834,285.424707412,-68.875519368,278.98583894462666,8.409068627881666,277.744148604,23.312855975,34.47571931412999,3.045252057711666,-12.43688037,-0.863212316]}