{"Index":-1,"Tolerance":5.8182221817E-05,"Coordinates":[-8.353383270413328,-49.87669854002839,-4.756321562,-93.051587659,131.1451270074898,-81.72912900938168,285.424707412,-68.875519368,281.3412103124133,-19.86203314397161,277.744148604,23.312855975,123.46456819948979,10.459246333618317,-12.43688037,-0.863212316]}