{"Index":-1,"Tolerance":5.8182221817E-05,"Coordinates":[-7.226901311906665,-63.3976602570017,-4.756321562,-93.051587659,88.5852427579699,-85.27495235872834,285.424707412,-68.875519368,280.21472835390665,-6.3410714269982975,277.744148604,23.312855975,80.90468394996991,6.9134229842716595,-12.43688037,-0.863212316]}