{"Index":-1,"Tolerance":5.8182221817E-05,"Coordinates":[-8.763013073506663,-44.95998518840174,-4.756321562,-93.051587659,146.62144855276978,-80.43973870052835,285.424707412,-68.875519368,281.75084011550666,-24.778746495598263,277.744148604,23.312855975,138.94088974476975,11.748636642471649,-12.43688037,-0.863212316]}