{"Index":-1,"Tolerance":5.8182221817E-05,"Coordinates":[-10.145513658946658,-28.366077626661763,-4.756321562,-93.051587659,198.8540337680897,-76.08804640814836,285.424707412,-68.875519368,283.13334070094663,-41.37265405733824,277.744148604,23.312855975,191.17347496008966,16.100328934851643,-12.43688037,-0.863212316]}