{"Index":-1,"Tolerance":5.8182221817E-05,"Coordinates":[-7.73893856577333,-57.25176856746838,-4.756321562,-93.051587659,107.93064468956987,-83.66321447266168,285.424707412,-68.875519368,280.7267656077733,-12.48696311653162,277.744148604,23.312855975,100.25008588156985,8.525160870338322,-12.43688037,-0.863212316]}