{"Index":-1,"Tolerance":5.8182221817E-05,"Coordinates":[-10.401532285879991,-25.293131781895113,-4.756321562,-93.051587659,208.52673473388967,-75.28217746511503,285.424707412,-68.875519368,283.38935932787996,-44.4455999021049,277.744148604,23.312855975,200.84617592588964,16.906197877884974,-12.43688037,-0.863212316]}