{"Index":-1,"Tolerance":5.8182221817E-05,"Coordinates":[-10.350328560493326,-25.90772095084843,-4.756321562,-93.051587659,206.59219454072968,-75.44335125372169,285.424707412,-68.875519368,283.3381556024933,-43.83101073315157,277.744148604,23.312855975,198.91163573272965,16.74502408927831,-12.43688037,-0.863212316]}