{"Index":-1,"Tolerance":5.8182221817E-05,"Coordinates":[-9.275050327373327,-38.81409349886842,-4.756321562,-93.051587659,165.96685048436973,-78.82800081446169,285.424707412,-68.875519368,282.2628773693733,-30.924638185131585,277.744148604,23.312855975,158.28629167636973,13.360374528538312,-12.43688037,-0.863212316]}