{"Index":-1,"Tolerance":5.8182221817E-05,"Coordinates":[-6.868475234199998,-67.69978443967503,-4.756321562,-93.051587659,75.04346140584994,-86.40316887897501,285.424707412,-68.875519368,279.8563022762,-2.038947244324973,277.744148604,23.312855975,67.36290259784994,5.785206464024995,-12.43688037,-0.863212316]}