{"Index":-1,"Tolerance":5.8182221817E-05,"Coordinates":[-6.996484547666665,-66.1633115172917,-4.756321562,-93.051587659,79.87981188874994,-86.00023440745835,285.424707412,-68.875519368,279.9843115896666,-3.5754201667083123,277.744148604,23.312855975,72.19925308074991,6.18814093554166,-12.43688037,-0.863212316]}