{"Index":-1,"Tolerance":5.8182221817E-05,"Coordinates":[-6.02361376532,-77.840505727405,-4.756321562,-93.051587659,43.12354821871003,-89.062536390985,285.424707412,-68.875519368,279.01144080731996,8.101774043405001,277.744148604,23.312855975,35.442989410709984,3.125838952014999,-12.43688037,-0.863212316]}