{"Index":-1,"Tolerance":5.8182221817E-05,"Coordinates":[-8.891022386973328,-43.423512266018406,-4.756321562,-93.051587659,151.45779903566978,-80.0368042290117,285.424707412,-68.875519368,281.8788494289733,-26.315219417981595,277.744148604,23.312855975,143.77724022766975,12.151571113988314,-12.43688037,-0.863212316]}