{"Index":-1,"Tolerance":5.8182221817E-05,"Coordinates":[-9.479865228919994,-36.35573682305509,-4.756321562,-93.051587659,173.70501125700974,-78.18330566003502,285.424707412,-68.875519368,282.46769227091994,-33.38299486094491,277.744148604,23.312855975,166.02445244900971,14.005069682964978,-12.43688037,-0.863212316]}