{"Index":-1,"Tolerance":5.8182221817E-05,"Coordinates":[-9.556670816999993,-35.43385306962509,-4.756321562,-93.051587659,176.60682154674973,-77.94154497712502,285.424707412,-68.875519368,282.544497859,-34.304878614374914,277.744148604,23.312855975,168.9262627387497,14.246830365874978,-12.43688037,-0.863212316]}