{"Index":-1,"Tolerance":5.8182221817E-05,"Coordinates":[-7.534123664226664,-59.7101252432817,-4.756321562,-93.051587659,100.19248391692989,-84.30790962708835,285.424707412,-68.875519368,280.5219507062266,-10.028606440718292,277.744148604,23.312855975,92.51192510892989,7.880465715911658,-12.43688037,-0.863212316]}