{"Index":-1,"Tolerance":5.8182221817E-05,"Coordinates":[-9.940698757399993,-30.82443430247509,-4.756321562,-93.051587659,191.1158729954497,-76.73274156257503,285.424707412,-68.875519368,282.92852579939995,-38.914297381524904,277.744148604,23.312855975,183.43531418744968,15.455633780424977,-12.43688037,-0.863212316]}