{"Index":-1,"Tolerance":5.8182221817E-05,"Coordinates":[-8.506994446573328,-48.032931033168396,-4.756321562,-93.051587659,136.94874758696983,-81.24560764356168,285.424707412,-68.875519368,281.4948214885733,-21.705800650831605,277.744148604,23.312855975,129.26818877896977,10.942767699438317,-12.43688037,-0.863212316]}