{"Index":-1,"Tolerance":5.8182221817E-05,"Coordinates":[-5.229956021826666,-87.36663784618167,-4.756321562,-93.051587659,13.138175224729991,-91.56073011438835,285.424707412,-68.875519368,278.21778306382663,17.627906162181688,277.744148604,23.312855975,5.457616416729994,0.6276452286116663,-12.43688037,-0.863212316]}