{"Index":-1,"Tolerance":5.8182221817E-05,"Coordinates":[-7.457318076146664,-60.632008996711704,-4.756321562,-93.051587659,97.29067362718988,-84.54967030999835,285.424707412,-68.875519368,280.4451451181466,-9.10672268728829,277.744148604,23.312855975,89.61011481918987,7.638705033001658,-12.43688037,-0.863212316]}