{"Index":-1,"Tolerance":5.8182221817E-05,"Coordinates":[-11.323199342839992,-14.230526740735115,-4.756321562,-93.051587659,243.34845821076962,-72.38104927019504,285.424707412,-68.875519368,284.31102638484,-55.508204943264886,277.744148604,23.312855975,235.6678994027696,19.807326072804972,-12.43688037,-0.863212316]}