{"Index":-1,"Coordinates":[-37.82958979232054,37.88601855107229,-37.83110636808649,37.88588711807506,-37.82961593494695,36.15897072171354,-37.831132642182645,36.1589916184348,-37.82463655380771,28.63218533015324,-37.82311984111129,28.632158106267752,-37.821918584383965,27.2403010120888,-37.82040187168756,27.240273788203314,-37.81920061496023,25.84841669402435,-0.3182175238322155,25.17530142852646,-0.33076979959090236,39.71921503617469,-13.661795939822145,39.53641010129776,-14.56220742413155,39.54470264060561,-20.268680135062617,39.597350322108426,-20.279943829716515,40.43075339674651,-20.28113220014533,40.5354122468944,-20.2829409122113,40.65061689711468,-20.436458342395188,51.98909727981139,-20.50718462478254,55.41346869128819,-20.54331570834112,57.05064032400989,-20.69851492078459,64.51613454117759,-20.789611700845224,67.20734740134473,-20.859643378208943,69.45025394573878,-20.965422786651136,72.59465987669805,-21.101932795820225,76.65241444981152,-21.201554870271035,78.83163403686784,-21.383277044803577,84.12488511096481,-21.425787694401656,84.51468034424589,-21.486526106081683,85.411641811722,-21.517999096776812,85.77420265924559,-21.549983511377537,86.07447611669413,-21.774150343608625,88.1534800565034,-21.80755758274636,88.3950462163834,-21.824396764779607,88.48987345710998,-21.841297737450397,88.56702273380404,-21.858229701557267,88.62627446427457,-21.875171001204922,88.66744475214158,-21.892096680135836,88.69055200014586,-21.908978414510884,88.6954931513528,-22.118248975998803,90.60269252832785,-22.124915851645383,90.60211627374844,-28.537790722781395,89.03811169808526,-32.62282156683878,88.04188500713552,-32.62943428582374,88.03923078787922,-32.76969587302936,87.41041526565128,-32.923050039102556,86.86093624323615,-32.971031287301685,86.04641674399538,-33.185608364825185,82.40416337617506,-33.305083397761216,80.79432878257487,-33.535031691787694,76.84799024784843,-33.63259018904585,74.61136982995242,-33.63457719570681,74.57812997750842,-33.71292056270116,71.90627210624724,-33.82093318975369,67.1945299857321,-33.907020869327326,63.4393842442738,-34.14461718827674,53.07552401371973,-34.17324556985113,51.68895381216902,-34.24551844014836,48.57216303504279,-34.26058727524232,47.57063683965469,-34.32116288003553,43.624360152287736,-34.36173831504589,39.40559820209549,-34.61689419395869,39.3595851026607,-37.83062119359677,39.08106965930651]}