{"Index":-1,"Tolerance":5.8182221817E-05,"Coordinates":[-9.505467091613326,-36.048442238578424,-4.756321562,-93.051587659,174.67228135358974,-78.1027187657317,285.424707412,-68.875519368,282.4932941336133,-33.690289445421584,277.744148604,23.312855975,166.99172254558968,14.08565657726831,-12.43688037,-0.863212316]}