{"Index":-1,"Tolerance":5.8182221817E-05,"Coordinates":[-11.067180715906659,-17.30347258550178,-4.756321562,-93.051587659,233.67575724496965,-73.18691821322837,285.424707412,-68.875519368,284.05500775790665,-52.43525909849822,277.744148604,23.312855975,225.99519843696962,19.00145712977164,-12.43688037,-0.863212316]}