{"Index":-1,"Tolerance":5.8182221817E-05,"Coordinates":[-9.095837288519995,-40.96515559020508,-4.756321562,-93.051587659,159.19595980830977,-79.39210907458502,285.424707412,-68.875519368,282.08366433052,-28.773576093794922,277.744148604,23.312855975,151.51540100030974,12.79626626841498,-12.43688037,-0.863212316]}