{"Index":-1,"Coordinates":[89.77399,-66.144496,89.775417,-66.145,92.90841,-66.682205,92.908872,-66.682284,92.909893,-66.682459,92.910569,-66.682488,92.910649,-66.682495,92.910649,-66.682492,94.500004,-66.749995,94.500758,-66.749963,94.5008,-66.749961,96.090112,-66.682459,96.09012,-66.682459,99.22317,-66.145243,99.223638,-66.145163,99.224588,-66.145,99.224595,-66.144999,102.221654,-65.086067,102.221729,-65.086045,102.221728,-65.086042,102.223145,-65.085541,102.223154,-65.085537,104.998308,-63.535236,104.999527,-63.534555,107.472441,-61.537831,107.472688,-61.537631,107.473863,-61.536683,109.573572,-59.150944,109.573967,-59.150496,109.574951,-59.149379,111.241555,-56.442631,111.241576,-56.442598,111.242361,-56.441323,112.427569,-53.491826,112.427583,-53.491832,112.427674,-53.491562,112.428132,-53.490422,113.097771,-50.383279,113.097789,-50.383194,113.098135,-50.381585,113.098136,-50.381578,113.233043,-47.205765,113.233044,-47.205728,113.233108,-47.204226,112.829359,-44.051364,112.829314,-44.051013,112.829154,-44.049762,111.898368,-41.010408,111.898359,-41.010382,111.897918,-41.008944,110.467152,-38.171172,110.46697,-38.170812,110.466176,-38.16924,110.466171,-38.169232,108.576248,-35.613886,108.576006,-35.613559,108.575115,-35.612354,108.575109,-35.612347,106.280216,-33.412872,106.280087,-33.412748,106.279132,-33.411833,106.279132,-33.411832,103.645709,-31.631961,103.645548,-31.631852,103.644265,-31.630985,100.747585,-30.321591,100.747065,-30.321355,100.746381,-30.321047,97.670591,-29.520181,97.670408,-29.520134,97.668761,-29.519706,94.50126,-29.25011,94.500002,-29.250003,91.332688,-29.519583,91.332378,-29.519608,91.331245,-29.519705,91.331236,-29.519706,88.25523,-30.320629,88.255101,-30.320663,88.253626,-30.321047,85.356995,-31.630411,85.355727,-31.630984,82.722283,-33.410881,82.72213,-33.410984,82.720882,-33.411827,82.720873,-33.411834,80.425983,-35.611307,80.425472,-35.611797,80.424896,-35.612349,80.424892,-35.612353,78.534664,-38.168111,78.533828,-38.169243,78.533824,-38.169248,77.102843,-41.007429,77.10208,-41.008943,76.171279,-44.04832,76.171278,-44.048325,76.170837,-44.049765,75.767077,-47.202831,75.766899,-47.204221,75.9018,-50.380102,75.901799,-50.380102,75.901862,-50.381574,76.571559,-53.488956,76.571679,-53.489513,76.571875,-53.490422,76.571877,-53.490431,77.757109,-56.439989,77.757281,-56.440418,77.757642,-56.441317,77.757643,-56.441319,79.424258,-59.148095,79.424588,-59.148631,79.425049,-59.14938,81.52515,-61.535554,81.525404,-61.535843,81.526142,-61.536682,81.52615,-61.53669,83.99952,-63.533787,84.000193,-63.534331,84.000462,-63.534548,84.000471,-63.534554,86.775501,-65.084779,86.77686,-65.085538]}