{"Index":-1,"Tolerance":5.8182221817E-05,"Coordinates":[-6.356437980333332,-73.84567612920834,-4.756321562,-93.051587659,55.69805947424999,-88.01490676504167,285.424707412,-68.875519368,279.34426502233333,4.106944445208342,277.744148604,23.312855975,48.01750066624996,4.173468577958331,-12.43688037,-0.863212316]}