{"Index":-1,"Tolerance":5.8182221817E-05,"Coordinates":[-8.814216798893328,-44.3453960194484,-4.756321562,-93.051587659,148.5559887459298,-80.27856491192169,285.424707412,-68.875519368,281.8020438408933,-25.393335664551593,277.744148604,23.312855975,140.87542993792977,11.909810431078316,-12.43688037,-0.863212316]}