{"Index":-1,"Tolerance":5.8182221817E-05,"Coordinates":[-9.403059640839993,-37.277620576485084,-4.756321562,-93.051587659,170.80320096726973,-78.42506634294503,285.424707412,-68.875519368,282.39088668283995,-32.46111110751492,277.744148604,23.312855975,163.1226421592697,13.763309000054978,-12.43688037,-0.863212316]}