{"Index":-1,"Tolerance":5.8182221817E-05,"Coordinates":[-9.787087581239993,-32.668201809335095,-4.756321562,-93.051587659,185.3122524159697,-77.21626292839503,285.424707412,-68.875519368,282.77491462323997,-37.070529874664906,277.744148604,23.312855975,177.63169360796968,14.972112414604977,-12.43688037,-0.863212316]}