{"Index":-1,"Tolerance":5.8182221817E-05,"Coordinates":[-7.89254974193333,-55.408001060608385,-4.756321562,-93.051587659,113.73426526904987,-83.17969310684168,285.424707412,-68.875519368,280.8803767839333,-14.330730623391624,277.744148604,23.312855975,106.05370646104984,9.008682236158322,-12.43688037,-0.863212316]}