{"Index":-1,"Tolerance":5.8182221817E-05,"Coordinates":[-9.121439151213327,-40.65786100572841,-4.756321562,-93.051587659,160.16322990488976,-79.31152218028168,285.424707412,-68.875519368,282.10926619321333,-29.080870678271587,277.744148604,23.312855975,152.48267109688973,12.876853162718314,-12.43688037,-0.863212316]}