{"Index":-1,"Tolerance":5.8182221817E-05,"Coordinates":[-10.734356500893325,-21.29830218369844,-4.756321562,-93.051587659,221.10124598942963,-74.2345478391717,285.424707412,-68.875519368,283.7221835428933,-48.440429500301555,277.744148604,23.312855975,213.42068718142963,17.953827503828307,-12.43688037,-0.863212316]}