{"Index":-1,"Tolerance":5.8182221817E-05,"Coordinates":[-5.02514112028,-89.82499452199501,-4.756321562,-93.051587659,5.400014452089977,-92.205425268815,285.424707412,-68.875519368,278.01296816227995,20.086262837995008,277.744148604,23.312855975,-2.2805443559100045,-0.01704992581500031,-12.43688037,-0.863212316]}