{"Index":-1,"Tolerance":5.8182221817E-05,"Coordinates":[-12.065653360946655,-5.318983790911801,-4.756321562,-93.051587659,271.3992910115896,-70.04402933539836,285.424707412,-68.875519368,285.0534804029466,-64.4197478930882,277.744148604,23.312855975,263.7187322035896,22.144346007601634,-12.43688037,-0.863212316]}