{"Index":-1,"Tolerance":5.8182221817E-05,"Coordinates":[-7.124493861133331,-64.62683859490836,-4.756321562,-93.051587659,84.71616237164992,-85.59729993594168,285.424707412,-68.875519368,280.1123209031333,-5.11189308909163,277.744148604,23.312855975,77.03560356364991,6.591075407058327,-12.43688037,-0.863212316]}