{"Index":-1,"Tolerance":5.8182221817E-05,"Coordinates":[-11.502412381693325,-12.079464649398446,-4.756321562,-93.051587659,250.1193488868296,-71.8169410100717,285.424707412,-68.875519368,284.4902394236933,-57.65926703460155,277.744148604,23.312855975,242.43879007882958,20.371434332928306,-12.43688037,-0.863212316]}