{"Index":-1,"Tolerance":5.8182221817E-05,"Coordinates":[-7.278105037293331,-62.78307108804837,-4.756321562,-93.051587659,90.51978295112991,-85.11377857012168,285.424707412,-68.875519368,280.2659320792933,-6.955660595951635,277.744148604,23.312855975,82.8392241431299,7.0745967728783254,-12.43688037,-0.863212316]}