{"Index":-1,"Tolerance":5.8182221817E-05,"Coordinates":[-10.759958363586659,-20.99100759922176,-4.756321562,-93.051587659,222.06851608600965,-74.15396094486836,285.424707412,-68.875519368,283.7477854055866,-48.74772408477823,277.744148604,23.312855975,214.38795727800965,18.03441439813164,-12.43688037,-0.863212316]}