{"Index":-1,"Coordinates":[94.500765,-66.749963,94.500849,-66.749959,96.090107,-66.68246,99.223233,-66.145232,99.223627,-66.145165,99.224587,-66.145001,99.224601,-66.144997,102.221572,-65.086097,102.221738,-65.086038,102.223156,-65.085537,104.998403,-63.535182,104.998972,-63.534865,104.999528,-63.534554,107.472194,-61.538031,107.472691,-61.53763,107.473855,-61.536691,107.473862,-61.536684,109.573191,-59.151378,109.573947,-59.15052,109.574948,-59.149383,109.574949,-59.149382,111.24154,-56.442657,111.241566,-56.442615,111.242354,-56.441334,111.242365,-56.441314,112.427358,-53.492351,112.427573,-53.491816,112.428129,-53.490433,112.428133,-53.49042,113.09788,-50.382775,113.098013,-50.382156,113.098134,-50.381595,113.098136,-50.381584,113.233041,-47.205799,113.233044,-47.205749,113.233108,-47.204238,113.233107,-47.204219,112.829391,-44.051608,112.82939,-44.051608,112.829153,-44.049762,112.829152,-44.049759,111.898363,-41.010393,111.89836,-41.010382,111.89792,-41.008945,110.46708,-38.171029,110.466178,-38.169242,110.466177,-38.16924,108.576007,-35.61356,108.575535,-35.612922,108.575115,-35.612353,108.575113,-35.612351,106.280216,-33.412872,106.279959,-33.412625,106.27913,-33.41183,106.279126,-33.411827,103.645603,-31.631888,103.64427,-31.630988,100.74868,-30.322086,100.748093,-30.321821,100.746377,-30.321046,97.671725,-29.520476,97.670963,-29.520278,97.670612,-29.520187,97.668765,-29.519707,97.668758,-29.519706,94.501017,-29.250089,94.500095,-29.25001,94.500008,-29.250003,94.499993,-29.250003,91.333524,-29.51951,91.332846,-29.519569,91.331235,-29.519706,88.255144,-30.320652,88.253622,-30.321048,85.356898,-31.630455,85.356252,-31.630747,85.355722,-31.630987,82.722127,-33.410986,82.72183,-33.411187,82.720879,-33.411829,82.720873,-33.411835,80.42701,-35.610322,80.426006,-35.611285,80.424903,-35.612341,80.424895,-35.61235,78.534603,-38.168193,78.533829,-38.16924,78.533826,-38.169244,77.103442,-41.006238,77.102926,-41.007263,77.10208,-41.008942,77.102078,-41.008947,76.171278,-44.048324,76.171275,-44.048336,76.170837,-44.049768,75.767065,-47.202929,75.766899,-47.204224,75.901801,-50.380125,75.901863,-50.381582,75.901865,-50.381595,76.571559,-53.488955,76.571806,-53.490099,76.571877,-53.49043,77.757135,-56.440055,77.757645,-56.441322,77.757647,-56.441326,79.423585,-59.147002,79.424254,-59.148089,79.425044,-59.149374,79.425047,-59.149378,81.52515,-61.535553,81.52566,-61.536133,81.526147,-61.536687,83.999739,-63.533963,84.000467,-63.534551,84.000473,-63.534555,86.774968,-65.084483,86.775463,-65.084758,86.776857,-65.085536,86.776863,-65.085539,89.774034,-66.144512,89.775405,-66.144996,89.775415,-66.144999,92.908411,-66.682205,92.909338,-66.682364,92.909902,-66.682461,92.910519,-66.682487,92.910649,-66.682492,94.500008,-66.749995]}