{"Index":-1,"Tolerance":5.8182221817E-05,"Coordinates":[-8.788614936199995,-44.65269060392507,-4.756321562,-93.051587659,147.5887186493498,-80.35915180622501,285.424707412,-68.875519368,281.77644197819995,-25.086041080074935,277.744148604,23.312855975,139.90815984134974,11.82922353677498,-12.43688037,-0.863212316]}