{"Index":-1,"Tolerance":5.8182221817E-05,"Coordinates":[-11.400004930919991,-13.30864298730512,-4.756321562,-93.051587659,246.2502685005096,-72.13928858728504,285.424707412,-68.875519368,284.38783197291997,-56.43008869669488,277.744148604,23.312855975,238.5697096925096,20.04908675571497,-12.43688037,-0.863212316]}