{"Index":-1,"Tolerance":5.8182221817E-05,"Coordinates":[-8.302179545026663,-50.49128770898173,-4.756321562,-93.051587659,129.21058681432984,-81.89030279798835,285.424707412,-68.875519368,281.29000658702665,-19.247443975018278,277.744148604,23.312855975,121.5300280063298,10.298072545011651,-12.43688037,-0.863212316]}