{"Index":-1,"Tolerance":5.8182221817E-05,"Coordinates":[-6.766067783426665,-68.92896277758169,-4.756321562,-93.051587659,71.17438101952996,-86.72551645618834,285.424707412,-68.875519368,279.75389482542664,-0.8097689064183129,277.744148604,23.312855975,63.493822211529945,5.462858886811662,-12.43688037,-0.863212316]}