{"Index":-1,"Tolerance":5.8182221817E-05,"Coordinates":[-7.790142291159997,-56.63717939851505,-4.756321562,-93.051587659,109.86518488272986,-83.50204068405502,285.424707412,-68.875519368,280.77796933315994,-13.101552285484956,277.744148604,23.312855975,102.18462607472985,8.686334658944988,-12.43688037,-0.863212316]}