{"Index":-1,"Tolerance":5.8182221817E-05,"Coordinates":[-9.30065219006666,-38.50679891439175,-4.756321562,-93.051587659,166.93412058094975,-78.74741392015835,285.424707412,-68.875519368,282.28847923206666,-31.231932769608257,277.744148604,23.312855975,159.2535617729497,13.440961422841646,-12.43688037,-0.863212316]}