{"Index":-1,"Coordinates":[93.732127,162.004833,57.750003,161.978374,57.750003,45.908668,58.804892,45.408603,62.271197,43.274311,65.326945,40.584907,67.884234,37.417778,69.869487,33.864006,71.151248,30.304502,93.717204,161.978374,71.352015,29.426513]}