{"Index":-1,"Tolerance":5.8182221817E-05,"Coordinates":[-5.306761609906667,-86.44475409275168,-4.756321562,-93.051587659,16.039985514470004,-91.31896943147834,285.424707412,-68.875519368,278.2945886519066,16.70602240875168,277.744148604,23.312855975,8.359426706469993,0.8694059115216664,-12.43688037,-0.863212316]}