{"Index":-1,"Tolerance":5.8182221817E-05,"Coordinates":[-11.707227283239991,-9.621107973585126,-4.756321562,-93.051587659,257.8575096594696,-71.17224585564503,285.424707412,-68.875519368,284.69505432523994,-60.117623710414875,277.744148604,23.312855975,250.17695085146957,21.01612948735497,-12.43688037,-0.863212316]}