{"Index":-1,"Tolerance":5.8182221817E-05,"Coordinates":[-9.249448464679993,-39.12138808334508,-4.756321562,-93.051587659,164.99958038778976,-78.90858770876503,285.424707412,-68.875519368,282.23727550667996,-30.61734360065492,277.744148604,23.312855975,157.31902157978973,13.27978763423498,-12.43688037,-0.863212316]}