{"Index":-1,"Tolerance":5.8182221817E-05,"Coordinates":[-7.6621329776933305,-58.17365232089838,-4.756321562,-93.051587659,105.02883439982986,-83.90497515557168,285.424707412,-68.875519368,280.6499600196933,-11.565079363101617,277.744148604,23.312855975,97.34827559182986,8.283400187428322,-12.43688037,-0.863212316]}