{"Index":-1,"Tolerance":5.8182221817E-05,"Coordinates":[-6.151623078786667,-76.30403280502168,-4.756321562,-93.051587659,47.95989870161,-88.65960191946834,285.424707412,-68.875519368,279.13945012078665,6.565301121021676,277.744148604,23.312855975,40.27933989360997,3.528773423531665,-12.43688037,-0.863212316]}