{"Index":-1,"Tolerance":5.8182221817E-05,"Coordinates":[-7.841346016546663,-56.022590229561715,-4.756321562,-93.051587659,111.79972507588985,-83.34086689544834,285.424707412,-68.875519368,280.82917305854664,-13.716141454438286,277.744148604,23.312855975,104.11916626788984,8.847508447551654,-12.43688037,-0.863212316]}