{"Index":-1,"Tolerance":5.8182221817E-05,"Coordinates":[-11.963245910173324,-6.548162128818461,-4.756321562,-93.051587659,267.53021062526955,-70.3663769126117,285.424707412,-68.875519368,284.9510729521733,-63.19056955518154,277.744148604,23.312855975,259.84965181726955,21.8219984303883,-12.43688037,-0.863212316]}