{"Index":-1,"Tolerance":5.8182221817E-05,"Coordinates":[-6.561252881879999,-71.38731945339502,-4.756321562,-93.051587659,63.436220246889974,-87.370211610615,285.424707412,-68.875519368,279.54907992387996,1.6485877693950215,277.744148604,23.312855975,55.755661438889945,4.818163732384996,-12.43688037,-0.863212316]}