{"Index":-1,"Tolerance":5.8182221817E-05,"Coordinates":[-6.049215628013333,-77.53321114292834,-4.756321562,-93.051587659,44.09081831529002,-88.98194949668166,285.424707412,-68.875519368,279.0370426700133,7.794479458928336,277.744148604,23.312855975,36.41025950728998,3.206425846318332,-12.43688037,-0.863212316]}