{"Index":-1,"Tolerance":5.8182221817E-05,"Coordinates":[-10.939171402439992,-18.839945507885105,-4.756321562,-93.051587659,228.83940676206964,-73.58985268474503,285.424707412,-68.875519368,283.92699844443996,-50.898786176114896,277.744148604,23.312855975,221.1588479540696,18.59852265825497,-12.43688037,-0.863212316]}