{"Index":-1,"Tolerance":5.8182221817E-05,"Coordinates":[-7.687734840386664,-57.86635773642171,-4.756321562,-93.051587659,105.99610449640988,-83.82438826126835,285.424707412,-68.875519368,280.67556188238666,-11.872373947578296,277.744148604,23.312855975,98.31554568840986,8.363987081731656,-12.43688037,-0.863212316]}