{"Index":-1,"Tolerance":5.8182221817E-05,"Coordinates":[-8.430188858493329,-48.95481478659839,-4.756321562,-93.051587659,134.04693729722982,-81.48736832647168,285.424707412,-68.875519368,281.4180159004933,-20.78391689740161,277.744148604,23.312855975,126.3663784892298,10.701007016528319,-12.43688037,-0.863212316]}