{"Index":-1,"Tolerance":5.8182221817E-05,"Coordinates":[-11.732829145933323,-9.31381338910846,-4.756321562,-93.051587659,258.82477975604957,-71.0916589613417,285.424707412,-68.875519368,284.7206561879333,-60.42491829489154,277.744148604,23.312855975,251.14422094804954,21.096716381658304,-12.43688037,-0.863212316]}