{"Index":-1,"Tolerance":5.8182221817E-05,"Coordinates":[-6.484447293799999,-72.30920320682502,-4.756321562,-93.051587659,60.53440995714996,-87.61197229352501,285.424707412,-68.875519368,279.47227433579997,2.5704715228250166,277.744148604,23.312855975,52.85385114914996,4.5764030494749965,-12.43688037,-0.863212316]}