{"Index":-1,"Tolerance":5.8182221817E-05,"Coordinates":[-10.017504345479992,-29.902550549045102,-4.756321562,-93.051587659,194.01768328518972,-76.49098087966503,285.424707412,-68.875519368,283.00533138747994,-39.836181134954906,277.744148604,23.312855975,186.33712447718966,15.697394463334975,-12.43688037,-0.863212316]}