{"Index":-1,"Tolerance":5.8182221817E-05,"Coordinates":[-6.714864058039999,-69.54355194653502,-4.756321562,-93.051587659,69.23984082636994,-86.886690244795,285.424707412,-68.875519368,279.70269110004,-0.19517973746498285,277.744148604,23.312855975,61.55928201836994,5.301685098204996,-12.43688037,-0.863212316]}