{"Index":-1,"Tolerance":5.8182221817E-05,"Coordinates":[-6.1004193533999995,-76.91862197397501,-4.756321562,-93.051587659,46.02535850845001,-88.820775708075,285.424707412,-68.875519368,279.08824639539995,7.179890289975006,277.744148604,23.312855975,38.34479970044998,3.367599634924999,-12.43688037,-0.863212316]}