{"Index":-1,"Tolerance":5.8182221817E-05,"Coordinates":[-5.921206314546667,-79.06968406531168,-4.756321562,-93.051587659,39.25446783239002,-89.38488396819834,285.424707412,-68.875519368,278.9090333565466,9.330952381311661,277.744148604,23.312855975,31.573909024389994,2.8034913748016663,-12.43688037,-0.863212316]}