{"Index":-1,"Tolerance":5.8182221817E-05,"Coordinates":[-5.460372786066666,-84.60098658589168,-4.756321562,-93.051587659,21.84360609395003,-90.83544806565834,285.424707412,-68.875519368,278.44819982806666,14.862254901891674,277.744148604,23.312855975,14.163047285949993,1.3529272773416665,-12.43688037,-0.863212316]}