{"Index":-1,"Tolerance":5.8182221817E-05,"Coordinates":[-5.17875229644,-87.981227015135,-4.756321562,-93.051587659,11.203635031570002,-91.72190390299501,285.424707412,-68.875519368,278.16657933844,18.242495331135004,277.744148604,23.312855975,3.5230762235699906,0.4664714400049994,-12.43688037,-0.863212316]}