{"Index":-1,"Tolerance":5.8182221817E-05,"Coordinates":[-8.276577682333329,-50.79858229345839,-4.756321562,-93.051587659,128.24331671774982,-81.97088969229168,285.424707412,-68.875519368,281.2644047243333,-18.940149390541606,277.744148604,23.312855975,120.5627579097498,10.21748565070832,-12.43688037,-0.863212316]}