{"Index":-1,"Tolerance":5.8182221817E-05,"Coordinates":[-8.635003760039996,-46.49645811078506,-4.756321562,-93.051587659,141.7850980698698,-80.84267317204501,285.424707412,-68.875519368,281.62283080203997,-23.242273573214938,277.744148604,23.312855975,134.10453926186977,11.345702170954985,-12.43688037,-0.863212316]}