{"Index":-1,"Tolerance":5.8182221817E-05,"Coordinates":[-5.357965335293334,-85.83016492379834,-4.756321562,-93.051587659,17.97452570763005,-91.15779564287168,285.424707412,-68.875519368,278.3457923772933,16.091433239798334,277.744148604,23.312855975,10.29396689962999,1.0305797001283328,-12.43688037,-0.863212316]}