{"Index":-1,"Tolerance":5.8182221817E-05,"Coordinates":[-8.942226112359995,-42.80892309706507,-4.756321562,-93.051587659,153.39233922882977,-79.87563044040502,285.424707412,-68.875519368,281.93005315436,-26.929808586934932,277.744148604,23.312855975,145.71178042082974,12.312744902594982,-12.43688037,-0.863212316]}