{"Index":-1,"Tolerance":5.8182221817E-05,"Coordinates":[-10.708754638199991,-21.605596768175104,-4.756321562,-93.051587659,220.13397589284966,-74.31513473347503,285.424707412,-68.875519368,283.6965816802,-48.13313491582489,277.744148604,23.312855975,212.45341708484963,17.873240609524974,-12.43688037,-0.863212316]}