{"Index":-1,"Tolerance":5.8182221817E-05,"Coordinates":[-8.12296650617333,-52.642349800318385,-4.756321562,-93.051587659,122.43969613826985,-82.45441105811169,285.424707412,-68.875519368,281.1107935481733,-17.096381883681616,277.744148604,23.312855975,114.75913733026982,9.73396428488832,-12.43688037,-0.863212316]}