{"Index":-1,"Tolerance":5.8182221817E-05,"Coordinates":[-7.201299449213331,-63.70495484147837,-4.756321562,-93.051587659,87.61797266138993,-85.35553925303168,285.424707412,-68.875519368,280.1891264912133,-6.0337768425216325,277.744148604,23.312855975,79.9374138533899,6.832836089968326,-12.43688037,-0.863212316]}