{"Index":-1,"Tolerance":5.8182221817E-05,"Coordinates":[-12.270468262493322,-2.860627115098467,-4.756321562,-93.051587659,279.13745178422954,-69.3993341809717,285.424707412,-68.875519368,285.2582953044933,-66.87810456890153,277.744148604,23.312855975,271.45689297622954,22.789041162028298,-12.43688037,-0.863212316]}