{"Index":-1,"Tolerance":5.8182221817E-05,"Coordinates":[-5.0507429829733335,-89.51769993751834,-4.756321562,-93.051587659,6.36728454867,-92.12483837451168,285.424707412,-68.875519368,278.0385700249733,19.778968253518343,277.744148604,23.312855975,-1.3132742593300044,0.06353696848833301,-12.43688037,-0.863212316]}