{"Inners":[{"Index":-1,"Coordinates":[495.29998779300007,25.399999619,493.31329345700004,25.556358337,491.37548828100006,26.021583557,489.53433227500005,26.784217834,487.83511352500005,27.825483322,486.31973266600005,29.119743347,485.02545166000004,30.635128021,483.98419189500004,32.334320068,483.22155761700003,34.175483704,482.75634765600006,36.11328125,482.60000610400004,38.100002289,482.60000610400004,97.584617615,482.75970459000007,99.59249115,483.2348937990001,101.549865723,484.01351928700007,103.407485962,485.07608032200005,105.118644714,486.39581298800005,106.640304565,487.93951416000004,107.934158325,489.6683349610001,108.967689514,491.53881835900006,109.714897156,493.5039367680001,110.156974792,544.0390052693303,117.3762637677222,560.946044922,119.791557312,566.6177428683765,120.54341737097502,568.1427159741944,120.70632522385667,582.444274902,122.088142395,586.051711392368,122.2161678305071,593.1484931969104,122.60427792692163,604.051208496,122.854957581,661.4048163477081,122.854957581,662.3141894729617,122.75311026356373,664.2031172709877,122.6479908752825,665.0933669685525,122.54939251442693,666.9548849687087,122.23336792,669.5586940869946,121.470733643,671.9617156504436,120.429473877,674.1048211986106,119.13520813,675.9351598452191,117.619827271,676.9813746458469,116.4126135399055,677.2093697189054,116.17111370310862,677.4077415754599,115.920631409,678.1916057405132,114.58252186081897,678.3535126192193,114.33398439872236,678.4863002272082,114.079467773,678.9782107602969,112.63055207473364,679.0689481382321,112.40531144857,679.1442066420686,112.141670227,679.3153161368641,110.60471297625107,679.3525212296302,110.38316588237097,679.3653639112993,110.154945374,679.3653639112993,38.100002289,679.3525941464957,37.872490514350424,679.1854789226188,36.359140646474806,679.1442066420686,36.11328125,679.0689481382321,35.849640028429995,678.5833258854993,34.41611304597376,678.4863002272082,34.175483704,678.3535126192193,33.92096707827764,677.5761726439923,32.592643158441305,677.4077415754599,32.334320068,677.2093697189054,32.08383667586127,676.1668965253773,30.880353482306564,675.9351598452191,30.635128021,674.1048211986106,29.119743347,671.9617156504436,27.825483322,669.5586940869946,26.784217834,666.9548849687087,26.021583557,666.0455122741089,25.919738114637383,664.2031172709877,25.6069651058132,663.2732660195817,25.5039806610501,661.4048163477081,25.399999619]},{"Index":-1,"Coordinates":[378.58146554203506,30.64645577912203,378.574523926,30.635128021,377.28887131618615,29.12984574306477,377.28024292,29.119743347,375.7749644316318,27.834111578315166,375.764862061,27.825483322,374.0770015606958,26.791159488187766,374.065673828,26.784217834,372.23679199073666,26.026667700749773,372.224517822,26.021583557,370.2996311317945,25.559459786758858,370.286712646,25.556358337,368.3132324045373,25.401041993074724,368.299987793,25.399999619,115.9933004734352,25.399999619,114.29999542199994,25.399999619,112.32652275867797,25.555315962925285,112.31327819799995,25.556358337,110.3883990869285,26.018482107241173,110.37548065199994,26.021583557,108.54659881473647,26.779133690250283,108.53432464599994,26.784217834,106.84645656755475,27.818541667812312,106.83512878399995,27.825483322,105.32984271649751,29.111115090684933,105.31974029499995,29.119743347,104.03411042159523,30.625025624935347,104.02548217799995,30.635128021,102.9911640280416,32.3229923098781,102.98422241199994,32.334320068,102.22666469961548,34.163209484397655,102.22158050499995,34.175483704,101.75945673575211,36.10036281507144,101.75635528599994,36.11328125,101.60104083536821,38.08675770288909,101.59999847399995,38.100002289,101.59999847399995,43.12234141274503,101.59999847399995,43.156047821,101.7586626357265,45.1505357556001,101.75972747799995,45.163921356,102.2317184972052,47.10823940459317,102.23488616899995,47.1212883,103.00834364336346,48.966532188680915,103.01353454599995,48.978916168,104.06900438072498,50.67867117474191,104.07608795199994,50.690078735,105.38700738963435,52.20158298841154,105.39580535899994,52.211727142,106.92920778229502,53.49696672178105,106.93949890099994,53.505592346,108.65681715756037,54.53223344194601,108.66834258999994,54.539123535,110.52637146484473,55.28134608620192,110.53884124799994,55.286327362,112.49084392775295,55.72545407432133,112.50394439699994,55.728401184,364.8106317165471,91.77222123650377,366.503936768,92.014122009,368.6585136283126,92.1354618970036,368.672973633,92.136276245,370.81669803438496,91.88864768773243,370.831085205,91.886985779,372.90123721056614,91.27760353904853,372.915130615,91.273513794,374.85114259111026,90.32023289500246,374.864135742,90.313835144,376.609320263785,89.04454458659694,376.621032715,89.036026001,378.12440141353443,87.48786059545984,378.134490967,87.477470398,379.35199740996217,85.69572703445107,379.360168457,85.683769226,380.2561935407644,83.7206033676514,380.262207031,83.707427979,380.81049871877593,81.6202697452777,380.814178467,81.606262207,380.99873089588317,79.45618699479114,380.999969482,79.441757202,380.999969482,38.375609393459726,380.999969482,38.100002289,380.84467018963664,36.12652583611107,380.84362793,36.11328125,380.3814890024838,34.18840213892871,380.378387451,34.175483704,379.6208676313065,32.346594287602485,379.615783691,32.334320068]}],"Index":-1,"Coordinates":[543.1460075970426,142.9065677344982,76.19999694799994,76.200004578,76.19999694799994,0.0,838.1999511720002,0.0,850.7421264650001,1.039268732,862.9420776370001,4.128726006,874.4672241210001,9.184100151,885.0029907230002,16.067493439,894.2621459960001,24.591144562,901.9920654300001,34.52255249,907.9819335940001,45.590808868,912.0682983400001,57.494007111,914.1397705080001,69.907455444,914.1397705080001,82.492546082,912.0682983400001,94.90599823,907.9819335940001,106.809188843,901.9920654300001,117.877449036,894.2621459960001,127.808853149,885.0029907230002,136.332519531,874.4672241210001,143.215896606,862.9420776370001,148.271270752,850.7421264650001,151.360733032,838.1999511720002,152.400009155,631.261474609,152.400009155,612.9295856022374,151.8433849139315,612.7596251107972,151.8379002247113,609.65447998,151.63319397,599.8947260692685,150.78122921566532,598.7735733820231,150.64428204767364,598.773523503262,150.6422111598487,596.7409436616829,150.39393449228328,596.7408937829218,150.39186360445834,594.7083139413427,150.14358693689294,594.7082640625816,150.14151604906797,592.6756842210025,149.89323938150258,592.6756343422414,149.8911684936776,590.6430545006623,149.64289182611222,590.6430046219012,149.64082093828725,590.1233758319555,149.57734903834037,590.0293045454838,149.56729971272378,588.15625,149.336608887]}