{"Index":-1,"Tolerance":2.034307730954677E-05,"Coordinates":[215.50697910544392,-28.810123943368176,215.52187552131892,-28.828331409963212,215.7413598315014,-29.112642562019744,215.84777556196502,-29.263415878777938,216.27975011042665,-29.89472833102574,216.8035853775558,-30.048628656489143,217.10799393641102,-30.146452608050435,217.6654116153525,-30.34119724963578,219.0537684375457,-30.297014980710703,219.41294052494095,-30.295748001573514,219.46200446762134,-30.29715272404213,221.1211577884493,-30.35107346135569,223.1982630067093,-30.36438030550594,223.45101146735126,-30.371033171406808,226.71851046735128,-30.52218317140681,226.7331739472496,-30.522878470510335,227.19070794724962,-30.545103470510334,227.25317030815845,-30.548446070145975,229.05355830815844,-30.653687070145974,229.41138436601426,-30.68477896489935,229.76688007286225,-30.736052700989347,230.1189080699578,-30.807344235275657,230.46634209300808,-30.898425480475154,230.8080705754971,-31.009005034895196,231.14300020498717,-31.138729114732556,231.47005942101882,-31.287182685955166,231.78820184341868,-31.453890792145394,232.09640962004622,-31.638320074056622,232.3936966832692,-31.839880476021477,232.67911190474905,-32.05792713375232,232.95174213844277,-32.291762437494285,233.2107151420859,-32.540638263929985,233.45520236780948,-32.80375836969536,233.684421612963,-33.080280938848816,233.89763952266233,-33.36932127614352,234.09417393605588,-33.669954637485944,234.2733960688028,-33.98121918852514,234.4347325247805,-34.302119081907094,234.57766713058513,-34.63162764334892,234.7017425869563,-34.968690656339476,234.8065619318419,-35.312229734957526,234.8917898104227,-35.661145774016504,234.95715354803306,-36.01432246549768,235.00244402254543,-36.3706298700214,235.0275163334273,-36.72892803192994,235.033004,-36.992866,235.033004,-43.88712,235.02284603200002,-44.246150652293224,234.99240462699655,-44.60403263627873,234.94177717800306,-44.95962095865223,234.87112566045482,-45.311777964358654,234.78067611399095,-45.659376976360235,234.67071791927248,-46.00130590028193,234.54160287214924,-46.33647078240169,234.39374405813842,-46.66379930960227,234.2276145308152,-46.982244240086885,234.0437457983441,-47.290786753882735,233.84272612299307,-47.58843971241288,233.62519863907062,-47.87425081670792,233.3918592953077,-48.14730565415323,233.14345462826722,-48.406730624024064,232.88077937390466,-48.65169573244882,232.60467392492185,-48.88141724785821,232.31602164204804,-49.095160208424694,232.01574602785098,-49.292240773469956,231.70480777211966,-49.47202841131741,231.384201678272,-49.63394791659003,231.05495348062038,-49.777481250499434,230.71811656267846,-49.90216919823844,230.374768587008,-50.00761283817457,230.02600804738844,-50.093474818143974,229.67295075433984,-50.1594804347624,229.31672626524326,-50.20541851230026,229.09179033649616,-50.22394836528606,225.56698067641298,-50.45133246735281,224.96263043420828,-50.50141743228225,224.60398744234888,-50.52094684574292,224.50778491216195,-50.52273048285228,224.2968136026105,-50.52504322990193,223.0186979445252,-50.54958044450362,220.15989892307036,-50.63224684694249,219.92292209473044,-50.63467517852149,219.11948409473044,-50.62791417852149,218.94252648789606,-50.62395807645896,218.8232963395123,-50.61962930284542,218.81832560310576,-50.620306027083096,218.50210601199473,-50.710765402364345,218.15175040448867,-50.789867500244505,217.93173497374897,-50.82903386458139,217.33269668496467,-50.9248300215859,216.48191750492612,-51.56377366548149,216.1771910504916,-51.86630697905031,215.63504932467254,-52.653095260219956,215.51904176842615,-53.21825747668754,215.5230812489243,-53.45203438931057,215.5191276373372,-53.81118695098236,215.49487377097373,-54.169541445256414,215.45039724668382,-54.52595136709793,215.42268172528247,-54.691714061103525,215.35487059322583,-55.06670391965816,215.67483224503525,-56.208142829852356,215.76195745689787,-56.5565899435696,215.8114524497171,-56.80741074780857,215.8559274950208,-56.88535822870445,215.94456551206576,-56.975097495050186,216.1821154058086,-57.24449727527048,216.39011380250392,-57.508160768988176,216.79456666214713,-58.04971245031302,216.80459660071887,-58.05588169271444,217.0059732511157,-58.097087978842524,217.3532223532382,-58.188871717462746,217.62592792272338,-58.275997270724844,218.01000873207556,-58.40831880710248,218.63915458599172,-58.359638633597584,218.99789892542154,-58.34206898570555,219.05779579202667,-58.34111449741805,219.88154953715508,-58.33187383683587,219.89208508639996,-58.33083335149229,221.18996849191655,-58.087999090587836,221.41382183770958,-58.05024442992997,221.78031263136626,-57.99515103571551,222.66801355460666,-57.80912370603141,225.2648216680582,-57.24268452637164,225.72821141755307,-57.137214594496754,225.77836773527588,-57.12601203762758,225.8013185416484,-57.12098324273818,226.98960181406056,-56.853310890796514,227.05253831204277,-56.839468998032764,230.40972731204275,-56.11894699803276,230.66022044837914,-56.07042878316739,233.26728444837914,-55.61960678316739,233.62279547578999,-55.56843938154023,233.98063081752244,-55.53745451737717,234.14573179762348,-55.532532414110634,234.45296313604638,-55.47767647122336,234.8095494719703,-55.434637202731096,234.83021898030435,-55.4327677900703,237.51512298030434,-55.1943597900703,237.5520317405889,-55.191190930038175,238.6535657405889,-55.099852930038175,239.01174505062608,-55.080319671177094,241.59191905062607,-55.012620671177096,241.7545513321982,-55.010437211600326,248.16498333219818,-55.00647721160033,248.1758638673171,-55.00647981196316,249.49416540348292,-55.00792431159764,249.54224985513676,-55.00779941923514,249.56595751774051,-55.00778209836874,250.80963651774053,-55.00919509836874,250.84633047393527,-55.00934280922279,256.5672334899282,-55.04890219921398,257.8992996875671,-55.00365944075566,258.114849,-55.0,274.9929279394654,-54.99999993946544,274.9929279394654,-20.231597060534558,234.67723,-20.231597,234.31819934770678,-20.221439032000006,233.95984881483412,-20.190944352364887,232.12128626594696,-19.98175907773326,231.8798573908082,-19.949588907487176,231.4776753908082,-19.888126907487177,231.36230654510948,-19.869407976325625,228.50119657606663,-19.378119132279146,226.59430686939308,-19.053859893374675,226.51780344162972,-19.040368779580987,226.28943444162974,-18.99865477958099,226.2720405829786,-18.99545257086345,224.67804441528483,-18.69970229334526,222.66811215655417,-18.337165912707295,222.6542675629649,-18.33465288843957,221.6253462887538,-18.14670876436302,221.586105708193,-18.140790172843985,218.98461768054764,-17.830474251391436,218.97402230477215,-17.829404128459746,218.86000353597737,-17.816847009828642,218.49467789464177,-17.773269829563418,217.87729878832016,-17.72216418800894,217.392866070601,-17.842699850290636,216.03837468434116,-18.68989862612235,216.01453869686264,-18.723940628045938,216.00777194032167,-18.739267837671544,215.9475782239811,-18.976061052529317,215.90520935310917,-19.118600536215705,215.3452753164383,-20.924653725366884,215.2466986190894,-21.466595409243048,215.20381079415708,-22.28441242120884,215.21935351043447,-26.794908907458215,215.24895876934974,-26.98633125384725,215.26122545672698,-27.06926613058741]}