{"Index":-1,"Tolerance":9.753634396146537E-06,"Coordinates":[80.27943171103658,-29.332866122046063,78.80669448980875,-29.888412047748307,78.38373693409841,-30.14272241169885,77.23128484625411,-31.314592817569153,76.93784419005138,-32.025391487352124,76.54580313647047,-33.11352315036047,76.3954590644276,-34.847648331666434,76.35985889348987,-37.38276051643242,76.38358011336561,-44.73166255078607,76.44268629924582,-45.28564707228394,76.64707902941863,-47.05114647406018,77.11759662086762,-47.889411885049604,77.68549907693,-49.21676023066244,78.21104728994186,-49.653645303241795,78.96125981812641,-50.07592694253455,79.45836333647743,-50.56783632216283,79.97557705289125,-50.792837876969735,80.75709959767516,-51.223010710703086,82.31590294835794,-52.38030021838727,83.18804090682302,-53.020613313889235,84.49665845744023,-53.82183652163663,85.47596949856221,-54.30750554963602,86.5405623784418,-54.91321653783046,87.95558656606136,-54.78708787107791,88.03162066993723,-54.80809086195492,88.0548317099093,-54.80402624424096,90.09645916911681,-54.03939132309233,90.22704912310468,-53.96882725363336,90.50551622629128,-53.728260820347664,90.74367910434653,-53.50633596184388,91.7007759878501,-52.6724181412568,92.32963384084911,-52.109904763449826,93.59970552232254,-50.42452610134474,93.65465216713962,-50.32811898864358,94.56310971550332,-48.661790429700375,95.25307344694403,-46.90206560434917,95.39016050869881,-46.23721882382585,95.81096976138103,-43.20584603372615,95.80743587427779,-42.76446894295667,95.86712768578295,-40.502273652860914,95.6382430724847,-38.675194410140314,95.47885015615206,-37.66033082783243,95.20656906965694,-36.58479138062071,94.75466503387315,-34.25548231667533,94.31398744021378,-33.03415855281994,93.41086393089093,-31.04887579757856,92.88466267817708,-29.527280199440085,92.25942443200927,-28.41445431022807,90.28811212108066,-25.71265076566757,89.00141082784013,-24.874995192673286,88.52694088826588,-24.631162846361498,88.0143507755217,-24.559513725967733,86.94537478309394,-24.704328704039156,86.91335727620725,-24.718758434626572,85.33161309249064,-25.690335130465083,84.7271017174394,-26.171277431106333,82.6338194351588,-27.69617345901647,82.4454774026678,-27.80160053046112]}