{"Index":-1,"Tolerance":2.8536005015448234E-05,"Coordinates":[200.4546326523346,-27.670134513496013,200.3402190770869,-30.048768632279042,200.33690620233526,-30.248806853058262,200.3612931721081,-31.88056472158638,200.40471037125417,-32.358822060786906,200.65693026283307,-33.863094880914886,200.65164903613294,-34.52182827440033,200.785949164197,-35.46404191324679,201.75177169803894,-38.686652336852106,205.36525752045642,-41.21735592134419,209.23676848097912,-40.99375327123171,207.5775382431855,-41.28236793191612,205.1026969737526,-42.65984847111907,203.64610413851852,-44.328957012231065,202.41812472028286,-47.475162362724774,202.2334030720658,-48.174031170776715,202.12644742004548,-48.908066910013225,201.89111634793753,-49.92958577911278,201.6059232581494,-50.64605789739837,201.44806492960336,-51.16982647077368,201.20289641980906,-52.33936528883463,200.64108934351376,-54.989817718516946,200.57219703587558,-55.60739058370464,200.53262575523763,-58.57955473887087,200.7517234537712,-59.78753467052694,201.0002651765911,-60.42424442831187,201.06005330014,-61.22667640314334,202.07585623736148,-63.36668270369472,203.93286179883347,-65.12745652730607,204.6695813101509,-65.64987381770547,205.89764565106898,-66.2811643099069,206.8345904441205,-66.59135867311069,208.39591684231723,-66.8506953930349,209.08427546382364,-66.88937364228656,210.6680961502147,-66.80640485024273,210.7002402042692,-66.80455750173958,211.33030239594265,-66.7651410657389,211.64659796975096,-66.72937636491832,212.58625854926458,-66.57511791630304,212.73686564934454,-66.54664495714292,216.60927396149785,-65.71727827465993,216.84777519436417,-65.6683134348532,216.90549432280503,-65.65590323225726,221.38645070190756,-64.64877654093786,221.3998056981207,-64.64574463898235,221.80348827691705,-64.55320555767426,228.39511389710356,-63.04592538715848,231.73267817526593,-62.32961484142281,234.1592927175083,-61.91463354314881,235.05182818209906,-61.81777318431144,235.40031717558216,-61.75773740099975,238.67667794799334,-61.470279352915256,239.8290848447756,-61.41655380399166,243.01592668446875,-61.368630005917936,247.74129594111383,-61.371599837268235,247.81744039173597,-61.36965962396572,247.98616641706715,-61.36975838388999,248.15173510714246,-61.3655362157196,248.16218562949186,-61.364996738127324,250.81284614322277,-61.35926348593494,256.58820087976596,-61.39919879652585,256.71794349886994,-61.39744477779387,258.11483623808897,-61.35,277.62318412106913,-61.35,281.34292800000003,-57.630256121069124,281.34292800000003,-17.601340878930873,277.62318412106913,-13.881597000000001,234.67723173615278,-13.881597000000001,232.8391392621317,-13.67246532466431,232.43503813218217,-13.610710197083696,227.87434345394084,-12.83041222953733,225.8020346235192,-12.451848116106914,221.135118052246,-11.568434915903126,221.0912980378331,-11.560458064600585,219.41470275665122,-11.267390489714666,215.36585995676396,-10.487298565394807,215.13676583592925,-10.451775654608744,212.30288114031535,-10.117746941150736,212.24819597974545,-10.111781060489522,209.31391390049316,-9.817363611390087,207.40379021505154,-10.21420895242386,206.02699947980784,-10.98377249929981,203.49549994737654,-12.073596809746938,201.53728450873325,-14.457572824740605,201.13705900300653,-16.325728961329514,200.65715886566778,-18.325174189570742,200.5695130087907,-19.024313930255744,200.49182620062646,-24.628026336786128]}