{"Inners":[{"Index":-1,"Tolerance":2.4412514999999996E-06,"Coordinates":[221.920587,-42.618735,221.712783,-42.621375,221.698902,-42.622006,220.058584,-42.548922,217.186876,-42.139581,217.137661,-42.132958,217.097279,-42.127845,215.134561,-41.578331,215.111451,-41.571955,214.84516,-41.499564,213.943617,-41.06107,213.990795,-40.889385,214.224546,-39.739318,216.126681,-38.882117,217.419555,-38.593665,218.533848,-38.394768,218.828936,-38.354345,218.955956,-38.334317,219.654328,-38.20966,222.662818,-37.969448,222.680676,-37.967971,223.74119,-37.877268,226.709578,-37.797328,226.984249,-37.796705,228.683004,-37.910286,228.683004,-42.527439,227.525666,-42.582882,227.110121,-42.584802,226.906287,-42.592295,226.544819,-42.617225,226.195962,-42.618837,225.992127,-42.62633,225.532035,-42.658062,224.940597,-42.679208]},{"Index":-1,"Tolerance":1.1296570000000017E-06,"Coordinates":[14.913514,-36.128,14.777452,-36.106983,14.131334,-35.721035,14.050247,-35.61467,13.967663,-35.462826,13.909162,-35.299937,13.876133,-35.129602,13.869515,-34.956875,13.88942,-34.784437,13.935283,-34.617508,14.005962,-34.459845,14.100307,-34.314151,14.215682,-34.184702,14.349052,-34.074708,14.498002,-33.986167,14.658735,-33.921377,14.827241,-33.88195,15.0,-33.868686,15.172758,-33.88195,15.341259,-33.921376,15.502017,-33.986176,15.650943,-34.074704,15.784321,-34.184705,15.899674,-34.314129,15.993803,-34.459487,16.064748,-34.617742,16.110591,-34.784568,16.130485,-34.956918,16.123869,-35.129577,16.09086,-35.299799,16.032327,-35.46279,15.949559,-35.614987,15.844599,-35.752691,15.719795,-35.872803,15.578119,-35.972453,15.422956,-36.049279,15.257921,-36.101503,15.086413,-36.128]}],"Index":-1,"Tolerance":4.6346316499999995E-05,"Coordinates":[75.577358,-86.343794,77.803057,-86.165817,78.197535,-86.109206,80.502245,-85.629356,80.902676,-85.518235,83.16024,-84.729515,83.543391,-84.566779,85.654554,-83.50187,86.009682,-83.292816,87.963161,-81.965175,88.296037,-81.704992,89.403316,-80.714183,93.414227,-82.146691,93.640716,-82.218153,96.454524,-82.991568,97.103695,-83.099462,99.074318,-83.22013,99.209039,-83.225512,106.888692,-83.369082,106.94419,-83.369635,109.296592,-83.372487,109.71512,-83.345323,112.999403,-82.91315,113.349235,-82.846997,115.79565,-82.240682,116.243551,-82.093669,117.439036,-81.60037,117.801126,-81.576175,119.743503,-81.683442,119.841471,-81.687337,121.89655,-81.737261,122.038837,-81.737529,124.844291,-81.679939,125.385115,-81.622329,127.371795,-81.236702,128.675519,-81.036353,136.385466,-80.71241,137.298868,-80.751086,137.394398,-80.753691,141.762858,-80.80707,142.001232,-80.801031,142.66327,-80.75935,142.880317,-80.738183,147.870416,-80.077901,150.955167,-79.716328,153.693212,-79.722161,154.347159,-79.655694,156.806537,-79.145072,156.852345,-79.135208,165.627249,-77.177832,165.662043,-77.169865,173.323629,-75.370179,173.460618,-75.334762,176.529695,-74.467906,176.581512,-74.462684,177.228535,-74.328556,178.043279,-74.069034,179.093082,-73.844758,179.47138,-73.739121,182.164063,-72.804336,184.05956,-72.291543,184.809914,-71.981445,185.096355,-71.8176,188.267705,-71.053343,191.360159,-70.99969,191.782702,-70.964069,192.38217,-70.872945,192.576646,-70.837155,197.88084,-69.689236,199.502676,-69.4196,200.409428,-69.340962,200.77787,-69.287111,204.504291,-68.517158,205.039327,-68.418956,205.172484,-68.391558,206.637152,-68.057349,206.6899,-68.046547,206.757764,-68.031875,212.703355,-66.678242,212.727529,-66.672639,216.625161,-65.753167,228.39907,-63.045076,231.701415,-62.336325,235.184813,-61.776645,238.616113,-61.475593,241.425987,-61.398449,243.656449,-61.40089,243.827818,-61.396451,244.023656,-61.386082,250.818539,-61.359303,256.588201,-61.399199,256.717943,-61.397445,258.114849,-61.35,277.623184,-61.35,281.342928,-57.630256,281.342928,-17.601341,277.623184,-13.881597,234.67723,-13.881597,232.898872,-13.679262,226.308504,-12.544102,212.723441,-9.948173,212.687645,-9.941545,204.527674,-8.479052,204.509138,-8.474697,204.341642,-8.440076,202.227254,-8.062099,201.988202,-8.028682,198.445554,-7.670079,197.335516,-7.482598,196.71556,-7.439424,194.550072,-7.500641,193.330267,-7.448207,192.446314,-7.266848,192.399722,-7.257651,189.923711,-6.78813,183.152783,-4.963149,183.080181,-4.937175,182.762523,-4.841915,178.543466,-3.8133,178.077234,-3.73579,177.733828,-3.70468,176.993526,-3.524193,176.481111,-3.442827,175.731105,-3.385856,168.558388,-1.871873,168.457856,-1.852341,166.698301,-1.539845,166.326603,-1.496214,160.92662,-1.183059,149.211784,-0.253324,148.780129,-0.248471,141.558193,-0.658487,138.284932,-0.728564,137.451727,-0.682739,133.187875,-0.058999,133.039849,-0.040884,131.499448,0.111007,131.307813,0.124066,127.08915,0.283584,126.971191,0.285851,125.964206,0.286492,121.464332,0.753822,115.394738,1.574985,115.309142,1.585384,113.945466,1.732294,113.599917,1.75057,108.478429,1.742161,108.421753,1.741562,103.652908,1.648589,103.599289,1.64709,95.932286,1.36798,95.786634,1.359324,95.077987,1.30084,94.709323,1.248525,91.272579,0.553344,90.495283,0.288194,90.083018,0.085017,89.781245,0.392949,89.605394,0.559216,88.389673,1.623949,88.16085,1.80643,86.776916,2.809385,86.473725,3.003896,84.454358,4.143263,84.081861,4.322563,81.88603,5.208619,81.499572,5.336454,79.26281,5.920413,78.867802,5.99721,76.649703,6.284208,76.309077,6.309767,74.735948,6.342988,74.461169,6.336898,72.755962,6.225154,72.49008,6.196449,70.998133,5.971491,70.711578,5.9147,69.207019,5.543883,68.946124,5.467604,67.386144,4.938069,67.144087,4.844715,65.723089,4.228885,65.413287,4.074052,63.433477,2.945737,63.092548,2.721268,61.219003,1.307249,60.899542,1.030988,59.182951,-0.665451,58.910415,-0.972001,57.477105,-2.810599,57.256479,-3.132599,56.119998,-5.031741,55.935111,-5.390636,54.998067,-7.534008,54.858536,-7.919035,54.205357,-10.16345,54.121617,-10.531352,53.804533,-12.442699,53.764055,-12.840045,53.658143,-15.579409,53.67304,-16.033144,53.829813,-17.531061,53.350892,-17.688518,50.543647,-18.329243,42.571698,-19.460847,41.69175,-19.400047,39.926317,-18.970826,38.649616,-18.206561,33.474608,-14.567897,32.759762,-14.190551,31.589058,-13.751806,31.404637,-13.68907,28.180802,-12.701632,27.099978,-12.564646,23.69756,-12.718138,22.054052,-13.254936,20.409693,-14.34715,19.992354,-14.243157,17.451934,-13.791681,17.03821,-13.745839,14.905482,-13.650178,14.51833,-13.656425,12.181467,-13.836936,11.773498,-13.895247,9.457113,-14.381336,9.040183,-14.498991,6.640677,-15.356539,6.265978,-15.518276,4.335112,-16.503308,3.986471,-16.710193,1.955572,-18.097751,1.628873,-18.353784,-0.057671,-19.863291,-0.338693,-20.148685,-1.874036,-21.918323,-2.12515,-22.249171,-3.447601,-24.2508,-3.65301,-24.61071,-4.67564,-26.709584,-4.829863,-27.085384,-5.570654,-29.280435,-5.676004,-29.674433,-6.13644,-31.980515,-6.190954,-32.391916,-6.349866,-34.781312,-6.350112,-35.199432,-6.196559,-37.549959,-6.14479,-37.94991,-5.703104,-40.219454,-5.598881,-40.616333,-4.856202,-42.84693,-4.705525,-43.219168,-3.727804,-45.254391,-3.524297,-45.615574,-2.172533,-47.686153,-1.917657,-48.024857,-0.684637,-49.454086,-0.728331,-50.899935,-0.633654,-51.773555,0.432069,-56.01595,1.365546,-57.597181,5.401753,-61.359763,6.086779,-61.846894,11.703937,-64.813978,12.210343,-65.027758,16.100096,-66.286402,16.493796,-66.386509,18.35706,-66.735285,18.468912,-66.754161,21.59286,-67.22412,22.182132,-67.257413,25.247556,-67.145654,25.4557,-67.131208,28.418454,-66.827503,28.689433,-66.787858,29.742052,-66.587171,30.143573,-66.483065,33.239396,-65.460603,33.682089,-65.276314,37.461806,-63.35658,38.078852,-62.946565,39.272797,-61.93473,41.292651,-61.117285,42.684003,-61.481126,42.946777,-61.538079,47.691857,-62.357989,48.562133,-62.598083,50.571544,-63.291502,50.726606,-63.340605,52.274029,-63.787357,52.652609,-63.872011,53.696094,-64.039252,53.650179,-65.139449,53.659157,-65.544912,53.88415,-68.15514,53.952534,-68.591377,54.478528,-70.889509,54.588988,-71.264408,55.315929,-73.267917,55.471164,-73.625621,56.540424,-75.726243,56.75202,-76.082416,58.09773,-78.044061,58.366395,-78.383573,