{"Index":-1,"Tolerance":2.135139593175044E-05,"Coordinates":[53.65120401401539,-65.12689244255486,53.653307739257016,-65.26186386634731,53.653524626810025,-65.2753535048005,53.79028716986547,-67.36239856503278,53.79801909845891,-67.45816190632331,53.80145815801314,-67.50071751819702,53.82326187180683,-67.72803069984656,53.8251012157058,-67.74055287486573,53.87164159557681,-68.05709299750968,54.279748566249495,-70.10871000242372,54.299251437438556,-70.19975627274957,54.308255306165094,-70.24177474996091,54.35934273618887,-70.4643970229482,54.398495029320145,-70.60239983604038,54.45076241141093,-70.78667088735489,55.12314823683259,-72.76747916595014,55.15325965219908,-72.85222318577506,55.167861137311725,-72.89330635932532,55.247373339091,-73.10745565771415,55.29635698765415,-73.22113236141072,55.38095336148242,-73.4174947430652,56.30617643938083,-75.29363247899877,56.34573356329274,-75.37114874061669,56.365581687967065,-75.41003893086398,56.47222364912954,-75.61218830895794,56.54841387730349,-75.74007397237226,56.64632691653252,-75.9044615063529,57.808529363949454,-77.64376774407997,57.855984365813825,-77.71279812654905,57.88094261119942,-77.74910035326694,58.01273772468478,-77.93555498252334,58.01956843836423,-77.94422165577771,58.225307152365104,-78.20518192388094,59.60456185058387,-79.77794016257411,59.65870791365239,-79.83811761811606,59.68843508391929,-79.87115275784511,59.84331073193322,-80.03897925275571,59.85092113063948,-80.04640160962782,60.0909771134247,-80.28045024323374,61.66357363458046,-81.65956228438236,61.72251347753324,-81.7099902633229,61.75677085517151,-81.73929568862665,61.932108814223604,-81.88567425919345,62.03127035890163,-81.95986033039759,62.21107656266192,-82.09440064357982,63.950440931601904,-83.256620853504,64.01307819989994,-83.29741602110374,64.05107016282118,-83.32215654595389,64.24384430613088,-83.44454151668629,64.25237267037724,-83.44933450702261,64.55001128458632,-83.61656848870548,66.42598202914805,-84.5417180895061,66.49060094430598,-84.57268392418652,66.53169120073953,-84.5923731179507,66.73885436109359,-84.68883381273403,66.88013623921032,-84.74550392515843,67.0672176789272,-84.82056071933799,69.04815547752139,-85.49299161985051,69.11332906948604,-85.51433276879723,69.15705186344508,-85.52864862158081,69.37483819992252,-85.59740977444658,69.38349775862369,-85.59963179953421,69.72028886569265,-85.68601871800445,71.77184663664895,-86.09409060840444,71.8361507801497,-86.10619384210831,71.8818668251048,-86.11479623222239,72.1066008476311,-86.15474128010513,72.11529344227753,-86.15580038452026,72.32799067241852,-86.18159334328298,72.45475777528989,-86.19696589028791,72.46346096942194,-86.19801824042919,74.55071780913798,-86.3348268337469,74.6130810279857,-86.33829879137065,74.65990231518964,-86.34090417227222,74.88801533258226,-86.35139289499325,74.89610869036396,-86.35131551043534,75.24992861807647,-86.3478678931247,77.33722419141782,-86.21105565160633,77.39647477269375,-86.20661497831978,77.44355138358415,-86.20308571441372,77.67091073185743,-86.18394996969712,77.6790892827864,-86.18280808722847,77.86800690573374,-86.15615567784077,78.02408743661583,-86.13413588988988,78.03232097580461,-86.13296434771155,80.08373609762897,-85.72492083140938,80.13897947102043,-85.71342130085566,80.18554164057053,-85.7037277350323,80.40862783074368,-85.65526994132841,80.41583365324416,-85.65327519962787,80.61254123425189,-85.59871372860113,80.75547187907998,-85.55906855303324,80.76266745832434,-85.55706977256604,82.74341823292924,-84.88470273407842,82.79381429465496,-84.86712207589804,82.8390518906821,-84.85134047880919,83.05410059306008,-84.7743448459348,83.18087408789862,-84.7205961483163,83.39470424169261,-84.62994292848495,85.27073805411574,-83.70476222527671,85.31564885594459,-83.6821704478045,85.35878680162776,-83.66047046689985,85.56173273326839,-83.55642328689002,85.56806949917478,-83.55272027692355,85.7341383558565,-83.45510572055633,85.87716695379041,-83.37103406990775,85.88353830992489,-83.3672701934072,87.62255639957401,-82.20528099463718,87.66211186987815,-82.1784205624061,87.70198939798357,-82.15134443246225,87.88997056720449,-82.0217141504351,87.8947239905716,-82.01801381997979,88.18597814430792,-81.79112087873214,89.75866484093248,-80.41192781102673,89.79111554923774,-80.38307469615525,89.79508174495454,-80.37952078131212,89.82842992180314,-80.34988037410034,89.99783999156912,-80.19716330733584,90.0024336938128,-80.1925332241108,90.13733871646532,-80.05577037930104,90.25907763929351,-79.93235487259,90.26368296858912,-79.92766176851451,91.64269172698717,-78.35518523883651,91.66907611114456,-78.32471119051078,91.67425233107733,-78.31869400461532,91.70195030479604,-78.28672305375828,91.85032500750398,-78.1131404621917,91.85356110233374,-78.10887327387826,92.0184718040396,-77.89111036788563,92.07695412561053,-77.81388505554213,92.08017558718336,-77.80962893093395,93.24229335806973,-76.07041676157607,93.26282114295604,-76.03930123767665,93.26706996875681,-76.03277798147184,93.34129879156166,-75.92168722625364,93.36486211589039,-75.88263553140544,93.41219083367515,-75.80997048531545,93.47379124563496,-75.70210637195756,93.49270439751422,-75.67076144687388,93.51163680959768,-75.63583768849433,93.59619613748688,-75.48777184544672,93.66572630354813,-75.34760263105476,93.67679296116074,-75.3262124657306,94.64659615820514,-73.35965251155326,94.65211170231372,-73.34842068397893,94.81444093778332,-72.95466495087373,94.95108538103521,-72.54776180932333,95.57524601747275,-70.70902828625438,95.68586467273579,-70.29210020638855,95.80622013126457,-69.67111302291981,96.14806225869987,-67.95252199060306,96.14881310748973,-67.94647291434063,96.15686517366001,-67.90599242431962,96.2138676735216,-67.44687489492689,96.25171495439132,-66.70101466083722,96.35229213251195,-65.16653509014897,96.35220789968025,-65.15057360941574,96.35552756695947,-65.09992926257733,96.35316243922716,-64.65067909424462,96.27065631529352,-63.566935740660455,96.18424246833163,-62.24854326484035,96.11587233016184,-61.76917343730535,95.6805311406184,-59.802887387337,95.63665695602039,-59.62832066980594,95.58510980109384,-59.44532857519486,95.48361491586404,-58.98691082136247,95.43974211085164,-58.812348894001325,95.21285993028197,-58.006913155155736,95.0937119964722,-57.70087221782563,95.08693152486244,-57.67680168182412,94.86400618781451,-57.10420255187308,93.8424325485768,-55.08288317607065,93.79513574174032,-54.99290735570729,93.27268560013191,-54.03650681969337,93.20547698890378,-53.903526452996125,93.15818337247778,-53.8135569950718,92.72660229124038,-53.02350235149128,92.33869052315728,-52.46489027128431,92.32551826730082,-52.44968781578255,92.31422613178584,-52.43342616039858,91.02233690926693,-50.94240189218583,90.41690541495996,-50.24407884623792,90.34341871240449,-50.16222579078197,90.14947372768567,-49.95358645159827,89.91953259866355,-49.73000100147503,89.79598667744912,-49.621449461485305,88.31326230307522,-48.32114804701897,88.26471675076232,-48.27943328358035,88.08056473125346,-48.12439223817464,87.79933557404705,-47.9130749108808,87.79537382377005,-47.910427934270714,87.78329934133143,-47.901354034596615,86.00764941060696,-46.71486752974452,85.88225216239624,-46.635255397003874,85.85219473345414,-46.616175031991716,85.65665123601846,-46.498339120119745,85.63918474075233,-46.48878619144676,85.45268382068073,-46.38684021138157,85.42221555437135,-46.37018551001427,85.40463655864687,-46.360577651644235,83.52873722377873,-45.43547159487824,83.39694423320108,-45.37418631164434,83.36419682801235,-45.358961717721805,83.1550114503475,-45.267441723096674,83.13700530942413,-45.260457930581836,82.88477162293877,-45.16267158685891,80.90400996544201,-44.49030047758105,80.7682806239143,-44.4475937017841,80.73346811349084,-44.43664383127911,80.51413131219114,-44.37298192880517,80.47252468771734,-44.362826574803364,80.23017709992283,-44.30366235143151,78.178595529275,-43.89556242933125,78.0415303025658,-43.87140729360887,78.00515189780528,-43.86500082797605,