{"Index":-1,"Tolerance":2.049803940902948E-05,"Coordinates":[214.15841206209527,-29.737787758097074,214.85729279603117,-30.604798416164268,214.97167941507385,-30.619288969574985,215.32658682411628,-30.674487924336525,215.67780553160944,-30.749665135689575,216.0242118624693,-30.84458008467122,216.26799683928783,-30.924264622227426,216.3398562808999,-30.949370148196845,218.4401132048128,-30.882532286251884,220.5799928288982,-30.709514036391216,220.93182568214743,-30.690873085389267,222.64785568214742,-30.64764208538927,222.98326852568803,-30.648053445541294,225.68728212607323,-30.722811357322847,226.59603649600723,-30.728633308640607,226.8604178540724,-30.73583500733399,228.98806585407243,-30.83816800733399,229.34619395141647,-30.86556252307596,229.70220026535753,-30.913161872169056,230.05494580353508,-30.980813767159766,230.40330200598405,-31.06830176528134,230.7461543558046,-31.175345960932106,231.08240594490283,-31.30160388119426,231.41098098339458,-31.446671581528037,231.73082824144475,-31.610084938135692,232.04092441252982,-31.79132113286063,232.34027738736384,-31.989800325870902,232.6279294280133,-32.204887510775556,232.90296023204536,-32.43589454623869,233.16448987690688,-32.682082357591334,233.41168163511327,-32.942663301397346,233.64374465124098,-33.216803685408365,233.85993647215875,-33.50362643584539,234.05956542240236,-33.80221390347359,234.24199281709363,-34.11161079949253,234.40663500532304,-34.430827251848974,234.55296523745926,-34.7588419721939,234.6805153504108,-35.094605523351625,234.78887726544826,-35.43704367684712,234.87770429379523,-35.78506084974961,234.94671224581023,-36.13754360983682,234.99568034021192,-36.493364237865414,235.0244519104378,-36.85138433555092,235.033004,-37.180836,235.033004,-43.720007,235.02284603200002,-44.07903765229322,234.99240462699655,-44.43691963627873,234.9417771780031,-44.79250795865223,234.87112566045485,-45.144664964358654,234.780676113991,-45.492263976360235,234.67071791927256,-45.83419290028193,234.54160287214933,-46.16935778240169,234.39374405813854,-46.496686309602275,234.22761453081532,-46.8151312400869,234.04374579834425,-47.123673753882755,233.8427261229932,-47.421326712412906,233.62519863907076,-47.707137816707956,233.39185929530785,-47.98019265415327,233.14345462826736,-48.23961762402411,232.88077937390483,-48.484582732448885,232.60467392492203,-48.71430424785828,232.3160216420482,-48.92804720842478,232.01574602785115,-49.12512777347005,231.70480777211986,-49.304915411317516,231.3842016782722,-49.46683491659015,231.05495348062058,-49.61036825049957,230.71811656267866,-49.73505619823859,230.3747685870082,-49.840499838174736,230.02600804738864,-49.92636181814414,229.67295075434004,-49.99236743476256,229.31672626524346,-50.03830551230044,229.20744744228412,-50.048313177473176,227.9786824422841,-50.15014417747318,227.6200394226756,-50.16967308133604,227.52386647680984,-50.17145625738155,226.21851347680985,-50.18577025738155,226.13478708173824,-50.186136348051875,224.0832691933569,-50.18158134895631,222.12816338553068,-50.195030757006705,221.99105773725321,-50.194493711398785,219.8531727372532,-50.16303671139879,219.71356881469447,-50.159446800820504,218.56844136384728,-50.11739534707777,217.76947346290473,-50.113840135485944,217.56731865952722,-50.109721392847625,217.19727210849794,-50.09628539991529,216.41454788478595,-50.34434858974661,216.06922519019633,-50.4431333567977,215.71886958498158,-50.52223546482632,215.70490475026057,-50.524959545738895,215.46815310053051,-50.57086715544805,214.99289172785203,-51.14986291607606,214.7572473317442,-51.42093101117941,214.55854405820156,-51.62731154413059,214.32360568880765,-51.860559709428145,214.26389417610926,-51.94721539799713,213.95628865384086,-53.44581151410494,213.93495524070053,-53.67556607917077,213.92277183437577,-53.85560438536598,213.89494796094485,-54.096578770167696,213.75046805958334,-55.167868160207576,213.85909488843157,-55.545587779882254,213.94856280441067,-55.89344074538684,214.0182199031717,-56.245795796708904,214.06009769227293,-56.53482368144856,214.08680689940718,-56.75467941680265,214.08941152841263,-56.7606053051923,214.27346141601342,-56.98864381769481,214.48288005520814,-57.28044859345731,214.67546497364387,-57.58362715930768,214.79046618658646,-57.784767998138534,214.95158699022588,-58.078899521610936,216.5779555239199,-58.54607813492598,216.690794228649,-58.57179081909673,217.8888072163717,-58.55835340292148,217.95642185116762,-58.55795502339364,218.63239908875744,-58.557571200900895,220.33717694575046,-58.302866841269555,223.14637353263146,-57.71417132423505,224.01489627571812,-57.52472110272765,224.62239055760816,-57.386452652200006,224.66185796614246,-57.377601805753955,224.7150344712087,-57.36585432645845,226.98934416104768,-56.853371520679566,227.05272631612274,-56.839429211777826,230.40972631612274,-56.11894721177782,230.66022044837914,-56.07042878316739,233.26728444837914,-55.61960678316739,233.62279547578999,-55.56843938154023,233.98063081752244,-55.53745451737717,234.14573179762348,-55.532532414110634,234.45296313604638,-55.47767647122336,234.8095494719703,-55.434637202731096,234.8302174829002,-55.432767923033566,237.5150804829002,-55.194362923033566,237.55199421223284,-55.1911936421742,238.17050621223282,-55.1399076421742,238.42294097049898,-55.12403088532468,239.08955603742862,-55.09541926616525,239.78777792903344,-55.061699213938866,239.92680521248596,-55.056510836414176,241.54487221248596,-55.01386983641417,241.67919340424822,-55.01175155433372,241.78032940424822,-55.011226554333724,241.8085264297273,-55.0111427882412,247.22903042972732,-55.0070747882412,247.24075201518016,-55.00707680993399,249.299758252093,-55.00933231788679,249.63421799443597,-55.00846914702154,249.6547571751307,-55.00844935687062,250.8081411751307,-55.00920335687062,250.84789830108625,-55.00935380802756,256.567233446726,-55.04890220068131,257.8992996875671,-55.00365944075566,258.114849,-55.0,274.9929279394654,-54.99999993946544,274.9929279394654,-20.231597060534558,234.67723,-20.231597,234.31819934770678,-20.221439032000006,233.95984881483412,-20.190944352364887,232.12128626594696,-19.98175907773326,231.8798664452942,-19.94959029119935,231.4757894452942,-19.88783929119935,231.36418587832128,-19.869765905621655,226.80620287832127,-19.089931905621654,226.73045816039811,-19.076499867547714,224.67845725427523,-18.699778117627393,222.08792138835605,-18.2284541420777,222.04354961681142,-18.22021810806249,221.5633969052535,-18.129328722832778,220.99535160483453,-18.030034616161277,217.42617368014703,-17.57571200103777,215.70261000817885,-17.61956481889816,215.1993374703252,-17.853496460597768,215.08191021725824,-18.080162005321963,214.9077369992486,-18.394279632538527,214.71608211027498,-18.698046973002413,214.68679949319628,-18.741288848720778,213.85406878629482,-19.960163169646265,213.8460973432968,-20.56053096376216,213.83117364598087,-20.91939511195533,213.80386313924623,-21.212195236486515,213.7923093458801,-21.311210457283288,213.59740688176018,-25.027688236100992,213.59864908359236,-25.388043699058976,213.60416339653742,-25.45819655321656,213.62572272076122,-25.629552348539505,213.65033848234725,-25.98788216572128,213.6540783304186,-26.10961032486155,213.70166344341442,-28.361961001415455,213.74993463598113,-29.137114103458543]}