{"Index":-1,"Tolerance":2.8651105841788202E-05,"Coordinates":[199.77647665231217,-29.615337936868045,199.72315796092698,-30.72382641897318,199.71984517133825,-30.923867952191635,199.7339845487521,-31.869871304322736,199.77740161453565,-32.34812430675037,199.8681312512223,-32.88924833842223,199.8558680379274,-34.41884734153783,199.9901671285577,-35.36105759291609,201.1874897324747,-39.35611874879017,204.80097649116365,-41.88682661055683,205.39504385507374,-41.852515838627475,204.7795062459031,-42.19512097095957,203.322917040147,-43.864226896856096,202.02185046115585,-47.19768677561832,201.870263919073,-47.70906806277719,201.0870093595391,-49.67783857209902,200.92915087116293,-50.201607653568765,200.40975242780715,-52.67931924818664,200.00287941676598,-54.59883424549568,199.93398705488255,-55.2164072296848,199.88654273240618,-58.77989633269237,200.10564029190328,-59.98787605837776,200.46152155751886,-60.8995666595101,200.4912211120203,-61.298165692885696,201.50702332904336,-63.4381675309234,203.48643574720435,-65.3150054539678,204.22316156167133,-65.83742612391045,205.3209488616383,-66.40174436729802,206.25788509896947,-66.71193521972118,207.92428548318415,-66.98872611175209,208.6126474245622,-67.0274047326162,209.91438371099088,-66.95921265958765,209.94653164117324,-66.95736506034301,210.73947919113039,-66.90775740477102,211.05576963585355,-66.87199306913419,212.24843777372578,-66.67620005434229,212.39904505213667,-66.6477270786276,215.95637728733436,-65.88584160163828,216.02615431411513,-65.87007307523852,216.84692213264523,-65.67484850723412,220.68908686143578,-64.81043890829585,220.7067640457217,-64.8064088367732,221.77991131748726,-64.55852562564141,221.8072863077881,-64.55224870660233,221.81563530481915,-64.55036887909704,221.82595247074357,-64.54802783925892,228.39508627112258,-63.04593131626721,231.73267817526593,-62.32961484142281,234.1592927175083,-61.91463354314881,235.05182818209906,-61.81777318431144,235.40031717558216,-61.75773740099975,238.67667794799334,-61.470279352915256,239.82908471525863,-61.41655381002978,242.90168322835882,-61.370348131101366,247.49642460380056,-61.37344039759902,247.57287188516574,-61.37149391393278,247.66559079420784,-61.37155226356306,247.67995869672475,-61.37152879577935,250.81834861810052,-61.35930153434119,256.58820087976596,-61.39919879652585,256.71794349886994,-61.39744477779387,258.11483623808897,-61.35,277.62318412106913,-61.35,281.34292800000003,-57.630256121069124,281.34292800000003,-17.601340878930873,277.62318412106913,-13.881597000000001,234.67723173615278,-13.881597000000001,232.8391392621317,-13.67246532466431,232.43503813218217,-13.610710197083696,227.87434408844607,-12.83041233809604,225.97390313281176,-12.483244213327161,221.02928809014787,-11.54726492397161,220.985468645176,-11.539288173990352,219.4520500864208,-11.271247555310726,214.89747705763085,-10.393716589177753,214.6683836062503,-10.358193765910627,212.15154713770946,-10.061534935978138,212.09685975182816,-10.055568822323272,208.80418509342647,-9.725193049039794,206.89406639162846,-10.122036814728636,205.9244069831524,-10.664031061244135,205.25822515893603,-10.950826420753394,204.25452413852503,-11.27486586510559,203.07026341139525,-11.964385438559795,201.5655929590556,-13.344449520513404,200.51558185584528,-15.457623756747832,200.41502180557995,-16.527194059436056,200.32892723580443,-17.021339820822988,199.99584591553028,-18.409081843323555,199.90819998765258,-19.108222047372042,199.88054820020807,-21.1029103688592]}