{"Index":-1,"Tolerance":2.3378340067760737E-05,"Coordinates":[200.66320173028157,-60.450572830143024,201.732781341035,-61.3485491341152,202.10621648480702,-61.55206178250968,203.1193718216656,-61.717101913441255,203.79767963580505,-61.76910012847777,205.0160449719882,-61.674582783973165,205.48675181699159,-61.62146207297722,205.80236480799468,-61.59379801787821,206.04833595161617,-61.57840976946599,207.05894262302604,-61.412504434919796,208.28812318345743,-61.183945897501424,208.6793748218805,-61.0946695165718,208.78864939321684,-61.07074570518346,208.84589024755547,-61.05874114493441,209.20207696110373,-60.97548980686763,209.23466305183274,-60.967963920464186,209.5297003353216,-60.900641778145726,210.29544055053285,-60.71995059345299,210.308559040848,-60.71686972314829,211.28163626057065,-60.48943223249903,215.23660815336538,-59.556433974759805,215.26567804971774,-59.54964832798212,222.02412604971775,-57.98879832798212,222.03762291114367,-57.98569675360471,226.97962791114367,-56.85569775360471,227.06254173030047,-56.83732190826605,230.40017173030046,-56.12099790826605,230.6622792814758,-56.070482407224596,233.0889042814758,-55.655499407224596,233.444509661026,-55.604991906445285,233.47419170285005,-55.60170006699865,234.1693863993217,-55.526255038019436,234.32225598161074,-55.499919617449535,234.6777992091182,-55.448976443485364,234.84531573981636,-55.43203828129749,238.12167373981634,-55.144580281297486,238.38095277753814,-55.12716955310831,239.53338477753815,-55.07344255310831,239.7336256525005,-55.067270844893116,242.0049896525005,-55.03311484489311,242.10726613537594,-55.03240063894943,245.712328878229,-55.03626012219497,245.86786448169613,-55.03433219852592,245.94968431229978,-55.03441432095985,250.78957028444663,-55.00941371607226,250.86627941342581,-55.00948080880437,256.5672334748044,-55.04890219972765,257.8992996875671,-55.00365944075566,258.114849,-55.0,274.9929279394654,-54.99999993946544,274.9929279394654,-20.231597060534558,234.67723,-20.231597,234.31819934770678,-20.221439032000006,233.95984881483412,-20.190944352364887,232.12128626594696,-19.98175907773326,231.8798664452942,-19.94959029119935,231.4757894452942,-19.88783929119935,231.36418533721954,-19.8697658130435,226.80346933721955,-19.0894638130435,226.73322092467504,-19.077038322200334,225.15396792467504,-18.788543322200333,225.10501194459215,-18.779401606957897,221.22434595055103,-18.03899169330042,219.12932957200263,-17.642420714297415,218.62003770403243,-17.55339623752686,218.5120808659364,-17.53356227685186,210.53125219193225,-15.995893733265683,210.44146519513274,-15.986196597492267,210.08560106166772,-15.937545676502284,209.91513641059126,-15.906914858664706,209.10975979782,-15.750829844502407,206.0492261382411,-15.235171951278247,205.98680020515195,-15.2243334836364,205.1381723145439,-15.072628426988627,204.5526513238658,-15.012419992956291,202.79819443768616,-15.38544884018858,202.46352483661343,-15.447281465308777,201.88995509440522,-15.53743011758727,201.24653216369083,-15.978326745679967,201.18946666591225,-16.102038994524083,201.02985852215167,-16.423802003655467,200.8523131360863,-16.73602600895756,200.7936872989235,-16.826766259080525,200.63849560288898,-17.157498557626752,200.6170569837406,-17.322113678948334,200.5606173534785,-17.676825902780354,200.48421248713126,-18.02777958918134,200.476264371207,-18.059538852851233,200.18880935803446,-19.19571399874704,200.18943840362797,-19.540071404645342,200.18803664005313,-19.685593531370575,200.03973741133956,-26.715760740179807,200.0426666431909,-27.7308959293467,200.12431497754963,-35.1882559660874,200.22262804535313,-36.36103224500857,200.2396170017509,-36.63441004422458,200.41812859979274,-41.04015270342112,200.7287682064712,-43.86398247022097,200.75793002186305,-44.221970992555185,200.76596574660266,-44.45265693243794,200.76189088621453,-44.8132598601054,200.73749159658848,-45.17160448231386,200.71421453188913,-45.37748290879682,200.49632934421362,-47.058466804855605,200.48478614551777,-49.71702778783435,200.47306941374765,-50.07601095150169,200.4492493868521,-50.36088076194991,200.04576394360018,-54.15545878226953,200.06918959894486,-56.382283968272965,200.12474921658432,-59.571167980956595,200.1473672733451,-59.63025932509023,200.27933209358096,-59.81169310106551,200.4738407954942,-60.1136410410817,200.65096613063068,-60.42610353363526]}