{"Index":-1,"Tolerance":2.5986397769118477E-05,"Coordinates":[216.36502123488623,-34.26865168172399,216.87974667805253,-34.62423089338049,217.66778560092888,-35.020426336108464,218.29169131126295,-35.232161834712066,218.5291931321062,-35.302562105360074,219.54558007175945,-35.56118297192425,220.30918402390188,-35.6595130708794,221.649224885359,-35.66885197805144,222.37935226216422,-35.58927359332874,223.2439907951956,-35.39220074487421,223.43018819578802,-35.38805447775512,223.82047026558553,-35.44551376112203,224.1587730692906,-35.534280247852436,224.5522200810202,-35.64226079520903,224.6284390761402,-35.66216556117591,225.06961542847685,-35.77155213927623,225.29502047472704,-35.83949961256924,225.64210777144805,-35.923177768668175,226.2495442338523,-36.03393966622983,226.32128785104362,-36.046173754865244,227.10328370533063,-36.170318064962366,227.29746810700541,-36.17699109664688,227.39375317547047,-36.18850749398166,228.683004,-36.313935729109076,228.683004,-44.40235187319737,228.53343969675475,-44.43992085930245,228.4053569913091,-44.52738976099388,228.32537512580248,-44.547480617213516,228.25137461299803,-44.593713440374984,228.1568664998177,-44.61745301232972,228.08285615482717,-44.66369189081094,227.98834412580246,-44.68743261721353,227.91434361299804,-44.73366544037498,227.8198354998177,-44.75740501232971,227.74583006142697,-44.80364082535202,227.65131949981713,-44.82738101232981,227.5773140614263,-44.87361682535219,227.4828034998179,-44.89735701232962,227.4087980614269,-44.94359282535209,227.3142874998177,-44.96733301232972,227.24027715482717,-45.01357189081094,227.14576512580246,-45.03731261721353,227.07176461299804,-45.08354544037498,226.9772564998177,-45.10728501232971,226.90325106142697,-45.153520825352025,226.80874464897173,-45.1772599701002,226.80372836132295,-45.180393948686266,226.657266321735,-45.19389032169092,226.586032519578,-45.23112763918133,226.46771847399663,-45.242685388152395,226.39820810019768,-45.279265848926386,226.2779336783423,-45.29169097550265,226.21734726273252,-45.323789893733434,226.1001390825616,-45.33624514368928,226.04830375447534,-45.36380494598137,225.9356600825616,-45.37577514368928,225.88382692988074,-45.40333378936204,225.77118339769854,-45.41530388915899,225.71934589176826,-45.442864825125795,225.6067010825606,-45.45483514368944,225.55486575447438,-45.48239494598152,225.4422220825606,-45.494365143689436,225.39038675447438,-45.52192494598152,225.27774937497406,-45.53389447501953,225.22590947035872,-45.56145658283186,225.11326076737788,-45.573427398238586,225.06142979256975,-45.60098491021868,224.94878739769854,-45.61295488915892,224.8969498917681,-45.64051582512581,224.7843050825606,-45.65248614368944,224.73246975447438,-45.68004594598152,224.62103858672555,-45.69188729566513,224.56915236742955,-45.71944952538867,224.45721048548654,-45.731344846001036,224.405273335321,-45.75892105567059,224.29331363598308,-45.77081881380723,224.24136321200245,-45.798389931263046,224.12940239759243,-45.810287740139444,224.07742854568647,-45.83785978038469,223.96553679229962,-45.849750017464004,223.9135313301055,-45.87732646878956,223.8016673741647,-45.889213601661545,223.74961197686514,-45.91680419805251,223.6377601745894,-45.92869066590089,223.58570261851392,-45.95627043674135,223.47387352825353,-45.968154175678706,223.21265867803032,-46.10648440659492,223.03514050076308,-46.13825800851449,222.58019781701302,-46.0508337800605,221.9980851989271,-45.99371825714458,220.31243330967317,-45.98401190459955,219.1078617558536,-46.21155117372041,217.91010110768994,-46.688773821302306,217.27798498829893,-47.02753973102852,216.9871552356032,-47.22855981696372,216.65128425385373,-47.36984691053999,215.465813985524,-48.230301562712356,214.53812081246323,-49.30248277614763,214.02075983622586,-50.1272189541399,213.45899933800843,-51.429556342025556,213.40735544081792,-51.55677808953541,213.2101697740369,-52.074371245959895,213.02883416302538,-52.79170786799042,212.9103476490214,-53.68951780762314,212.90134422797266,-53.764627037173675,212.8038192598394,-54.66927979698693,212.81864718619678,-55.46973679005894,212.96219009375028,-56.456650644505565,213.05483292366074,-56.88433369464971,213.50727024301742,-58.444760422835,213.78465031606186,-59.109196851498396,214.28488808602236,-60.00615585231763,214.79759302622475,-60.690241766260826,216.18783916083243,-62.10236825855576,217.12985520881313,-62.76413721287797,218.15989560462512,-63.23853369258699,218.71757745432365,-63.43490294414372,220.15183948737436,-63.79428947750347,220.94345200233457,-63.88983302598568,222.20919434913782,-63.88313762125079,222.47716748126743,-63.87039083322167,224.53045410209364,-63.685563294373324,225.03704767657686,-63.59824616934484,230.2314750579379,-62.26306248311885,230.99836971152163,-61.955384915328885,231.23645476932563,-61.82174551195492,232.51629071000167,-61.702465811452356,232.53235889628894,-61.700436136646466,233.05789876529965,-61.90283245599449,235.5661667289339,-61.846472760252716,236.70054408443576,-61.35,251.48620393384203,-61.35,252.1546477986096,-61.35622751947144,255.74583067007214,-61.39574619242477,255.77139185971717,-61.395924572551756,256.00920074547497,-61.39662681551534,256.23152661858575,-61.39907373108596,256.27028730192575,-61.39926371589544,256.6449353562979,-61.39881314302901,256.7850285083357,-61.39555263612982,257.7682247119364,-61.350947257943666,258.0190218940835,-61.35,277.62318412106913,-61.35,281.34292800000003,-57.630256121069124,281.34292800000003,-17.601340878930873,277.62318412106913,-13.881597000000001,232.40274787893085,-13.881597000000001,232.30861209635236,-13.975732782578488,232.2345069278653,-13.971903815606984,231.6536182975091,-13.873162706730648,231.62707987241075,-13.868767217547449,231.3868214543276,-13.83001882928729,230.5044482546879,-13.519635075458288,229.48860613717724,-13.331835370166086,228.36108116721007,-12.974047008064657,228.0145568092147,-12.88521361002397,225.88105541918034,-12.464644635704433,225.83046297752315,-12.455097008697932,224.38542433550003,-12.19450963691374,224.25896887021815,-12.171116756150216,223.9499487734998,-12.129512720409412,222.57557101079794,-12.012777163774288,222.5649254301019,-12.01189099518651,221.40178047488905,-11.91703748774872,220.42513059956985,-11.988003287989606,219.17375629748287,-12.276307877845504,218.74252177708797,-12.408495295123231,217.89663261499666,-12.73506652798902,217.46179059409044,-12.942040300670973,216.7046548254217,-13.375594949385775,216.429654294138,-13.5524543418302,215.840285585771,-13.975889384625066,215.297070143008,-14.470468160530967,214.58310376205011,-15.289999486831851,214.3081090797718,-15.65579820584492,213.65172904789745,-16.674022740016774,213.261493294921,-17.54030853522088,212.90959046885106,-18.792817501327335,212.84222322341017,-19.084865535739475,212.65142628658518,-20.13626748761871,212.6103526117544,-20.451912472629946,212.52262905604556,-21.55605957706853,212.51507725830635,-21.6835311274741,212.42180884046564,-24.069831350154697,212.4193954955723,-24.201512538440287,212.42210573402002,-25.3238529070549,212.4271110986113,-25.49457586546081,212.52606831856124,-27.253348230377483,212.56473450678016,-27.599918739433317,212.77920103812772,-28.879907186960136,212.8074878770058,-29.027274383591674,212.92485210619787,-29.56921009238724,213.1815685897968,-30.304743443788805,213.89753185719445,-31.755899360772755,214.23539379834665,-32.2964373495141,214.79756349829998,-33.02238149355698,215.5478998514434,-33.7222683964646]}