{"Inners":[{"Index":-1,"Tolerance":1.1296570000000017E-06,"Coordinates":[14.913514,-36.128,14.742416,-36.101571,14.576624,-36.049093,14.42198,-35.972524,14.280207,-35.872805,14.155569,-35.752825,14.05026,-35.614687,13.967663,-35.462818,13.909155,-35.299909,13.876127,-35.129589,13.869513,-34.956932,13.889426,-34.784417,13.935284,-34.617506,14.005971,-34.459824,14.100301,-34.314156,14.215679,-34.184704,14.349048,-34.074711,14.49801,-33.986163,14.658731,-33.921378,14.827241,-33.88195,15.0,-33.868686,15.172758,-33.88195,15.341256,-33.921375,15.502023,-33.986179,15.650941,-34.074702,15.784328,-34.18471,15.89967,-34.314123,15.9938,-34.459483,16.064787,-34.617832,16.11059,-34.784526,16.130484,-34.956869,16.123867,-35.129587,16.090856,-35.299821,16.032289,-35.462908,15.949626,-35.614901,15.844594,-35.752698,15.719797,-35.872802,15.578121,-35.972452,15.422944,-36.049286,15.257836,-36.101532,15.086492,-36.128]}],"Index":-1,"Tolerance":2.13504175E-05,"Coordinates":[25.908362,-16.652194,25.848535,-16.615139,25.770123,-16.564307,25.725898,-16.539182,25.697236,-16.52143,25.588743,-16.461263,25.446974,-16.380722,23.590314,-15.465157,23.491261,-15.418418,23.489763,-15.417742,23.453037,-15.400412,23.19259,-15.282961,23.178936,-15.277579,23.17877,-15.277504,22.996897,-15.205822,22.907948,-15.17076,22.907864,-15.170731,22.894111,-15.165311,20.967427,-14.51126,20.867931,-14.479301,20.866542,-14.47888,20.828621,-14.466698,20.557865,-14.384612,20.54466,-14.381305,20.544327,-14.381204,20.295709,-14.318957,20.256174,-14.309056,20.25612,-14.309045,20.242607,-14.305662,18.248566,-13.909012,18.15397,-13.89168,18.152264,-13.891394,18.112038,-13.884025,17.832973,-13.837259,17.820771,-13.83584,17.82059,-13.83581,17.503262,-13.798919,15.47425,-13.665955,15.386111,-13.661409,15.384131,-13.661334,15.342572,-13.659191,15.059873,-13.648547,15.048626,-13.648703,15.048434,-13.648696,14.721187,-13.653248,12.69233,-13.786202,12.612443,-13.79245,12.610311,-13.792644,12.56804,-13.795949,12.286289,-13.821563,12.275961,-13.823055,12.275598,-13.823088,12.048197,-13.855958,11.954321,-13.869519,11.954173,-13.869548,11.943667,-13.871067,9.949502,-14.267742,9.878975,-14.282605,9.87654,-14.283147,9.834188,-14.292073,9.557974,-14.353568,9.549307,-14.355996,9.549254,-14.356008,9.218366,-14.448705,7.292961,-15.102284,7.232632,-15.123443,7.229987,-15.1244,7.188351,-15.139004,6.922251,-15.235355,6.91493,-15.238474,6.914895,-15.238487,6.591272,-15.376372,4.767712,-16.275668,4.717861,-16.3008,4.714933,-16.302308,4.675105,-16.322387,4.423529,-16.452001,4.417551,-16.455523,4.41744,-16.45558,4.107381,-16.638252,2.416756,-17.767926,2.377228,-17.794771,2.373801,-17.797136,2.33679,-17.822271,2.103929,-17.982986,2.099344,-17.986559,2.099269,-17.986611,1.809089,-18.212763,0.280375,-19.553394,0.250721,-19.579729,0.244986,-19.584887,0.24286,-19.586751,0.213202,-19.61309,0.002808,-19.802306,-0.000526,-19.805682,-0.000584,-19.805734,-0.215368,-20.023221,-0.261374,-20.069807,-0.264826,-20.073302,-1.605452,-21.60201,-1.626089,-21.625779,-1.634612,-21.635694,-1.639034,-21.640737,-1.659679,-21.664517,-1.844121,-21.879097,-1.846333,-21.88201,-1.84636,-21.882041,-2.078688,-22.187947,-3.208358,-23.878561,-3.22134,-23.898145,-3.23168,-23.913871,-3.237209,-23.922145,-3.250194,-23.941734,-3.404798,-24.176857,-3.407632,-24.181802,-3.409365,-24.184443,-3.504376,-24.350603,-3.598225,-24.514354,-3.599606,-24.517147,-3.602557,-24.522308,-4.501208,-26.344574,-4.508032,-26.358495,-4.51933,-26.38169,-4.524634,-26.392446,-4.531466,-26.406386,-4.654571,-26.659117,-4.655616,-26.661654,-4.656823,-26.664135,-4.761309,-26.918329,-4.806111,-27.027132,-4.806493,-27.028255,-4.808714,-27.033658,-5.360442,-28.65981,-5.554815,-29.23246,-5.555196,-29.233828,-5.568841,-29.274047,-5.631439,-29.507706,-5.649723,-29.573383,-5.652821,-29.587516,-5.676226,-29.674879,-5.723241,-29.911133,-5.725743,-29.923107,-6.001069,-31.307224,-6.140964,-32.010189,-6.167266,-32.212425,-6.192913,-32.405182,-6.193553,-32.414535,-6.195944,-32.432922,-6.207575,-32.619586,-6.212221,-32.687532,-6.212836,-32.696715,-6.27754,-33.68498,-6.349986,-34.787302,-6.35,-35.203958,-6.349991,-35.204099,-6.349991,-35.20528,-6.210538,-37.335998,-6.195936,-37.559229,-6.195903,-37.559491,-6.195141,-37.571126,-6.163085,-37.819955,-6.148283,-37.937434,-6.147221,-37.943099,-6.144231,-37.966307,-6.091165,-38.240977,-6.087804,-38.258121,-6.086732,-38.263509,-6.083436,-38.280794,-6.078627,-38.305481,-5.681974,-40.299539,-5.680859,-40.30379,-5.680778,-40.304197,-5.63831,-40.466013,-5.585038,-40.669123,-5.584876,-40.669618,-5.583762,-40.673862,-5.495651,-40.942604,-5.485156,-40.974058,-5.483334,-40.979426,-5.479598,-40.990821,-5.469098,-41.022291,-4.815455,-42.947878,-4.721437,-43.179064,-4.672474,-43.299473,-4.550569,-43.554949,-4.532635,-43.591917,-4.531755,-43.593702,-4.528855,-43.599779,-4.510906,-43.636778,-3.611568,-45.460434,-3.512666,-45.634832,-3.427984,-45.784187,-3.274346,-46.022038,-3.249742,-46.059486,-3.247631,-46.062754,-3.220501,-46.104049,-2.090877,-47.794596,-2.086437,-47.800494,-2.064748,-47.829294,-1.875493,-48.08062,-1.875385,-48.080748,-1.871035,-48.086524,-1.688365,-48.302589,-1.659576,-48.336023,-1.657343,-48.338664,-1.619796,-48.38227,-0.279063,-49.911101,-0.033919,-50.161349,-0.033825,-50.161435,-0.028107,-50.167272,0.180805,-50.358235,0.213276,-50.387307,0.215481,-50.389323,0.26423,-50.432971,1.792823,-51.773494,1.800517,-51.779541,1.800657,-51.779664,1.881891,-51.843499,2.061554,-51.984709,2.061891,-51.984945,2.069402,-51.990848,2.300813,-52.153352,2.336413,-52.177741,2.338417,-52.179148,2.399041,-52.22068,4.109087,-53.363329,4.250759,-53.446166,4.371042,-53.517977,4.398159,-53.532352,4.437886,-53.555581,4.531207,-53.602884,4.588167,-53.633079,4.670974,-53.675434,4.810999,-53.744488,4.811527,-53.744752,6.654572,-54.653657,7.058094,-54.819287,7.41666,-54.938442,9.281108,-55.571299,9.281361,-55.571366,9.31854,-55.583988,9.771654,-55.701425,10.093629,-55.759987,12.023382,-56.143353,12.027273,-56.143852,12.078091,-56.153961,12.571361,-56.212528,12.889695,-56.225266,14.794658,-56.350096,14.799975,-56.350095,14.816592,-56.351185,15.123388,-56.350045,15.211313,-56.350031,15.216353,-56.349699,15.256223,-56.349551,15.596347,-56.324705,17.596229,-56.19331,17.597131,-56.193191,17.604521,-56.192707,18.016931,-56.138423,19.983371,-55.74726,20.029523,-55.737723,20.386787,-55.661126,20.400354,-55.657383,20.401188,-55.657202,20.448302,-55.644154,20.741974,-55.563128,20.746895,-55.561458,20.74849,-55.561016,22.568836,-54.943766,22.864877,-54.849915,22.965652,-54.809363,22.969293,-54.808131,22.990198,-54.799485,23.310325,-54.670665,23.355236,-54.648517,23.356329,-54.648065,25.055784,-53.810129,25.257307,-53.716619,25.557853,-53.557076,25.617507,-53.521188,25.652396,-53.501995,25.893265,-53.357091,26.020515,-53.276366,26.03453,-53.267001,26.061034,-53.250187,27.688033,-52.163029,27.706431,-52.14984,27.712716,-52.14564,27.882596,-52.02385,28.121892,-51.840075,28.151225,-51.815992,28.151751,-51.815588,28.311362,-51.684545,29.793441,-50.384811,29.926373,-50.26134,29.930151,-50.257624,29.955204,-50.234354,30.170655,-50.022452,30.188772,-50.003269,30.190971,-50.001106,30.35181,-49.830803,31.617021,-48.38809,31.648329,-48.351842,31.812255,-48.159129,31.818689,-48.150839,31.819368,-48.150041,31.993975,-47.925085,32.162136,-47.687133,32.187057,-47.650872,32.20015,-47.632346,32.247171,-47.563933,33.374222,-45.877299,33.498441,-45.662166,33.54655,-45.580477,33.55433,-45.565373,33.582083,-45.517309,33.652622,-45.374288,33.670687,-45.338465,34.451939,-43.755446,34.595627,-43.478585,34.640594,-43.373109,34.643511,-43.367197,34.657166,-43.334239,34.784301,-43.03603,34.800558,-42.988141,34.802781,-42.982776,35.409396,-41.195907,35.449388,-41.088792,35.516535,-40.888935,35.538593,-40.815268,35.569397,-40.72447,35.598543,-40.615351,35.613945,-40.564084,35.637525,-40.46941,35.677698,-40.319009,35.711064,-40.150026,35.878026,-39.310678,36.085059,-38.270191,36.093099,-38.228316,36.150353,-37.918919,