{"Index":-1,"Tolerance":2.37342015E-05,"Coordinates":[230.387919,-57.63025612106915,234.10766287893085,-61.35,275.87984312106914,-61.35,279.59958700000004,-57.630256121069124,279.59958700000004,-17.601340878930873,275.87984312106914,-13.881597000000001,237.01825,-13.881597000000001,234.10766287893085,-13.881597000000001,230.387919,-17.601340878930845]}