{"Index":-1,"Tolerance":2.4010617727997246E-05,"Coordinates":[227.30622487437284,-58.17346378183727,227.96857274289587,-59.122907101740346,229.74967051519616,-60.39529931806035,230.0314144985169,-60.47599918068095,230.39528443126932,-60.877404371793276,233.05789876529965,-61.90283245599449,235.5661667289339,-61.846472760252716,236.70054408443576,-61.35,277.62318412106913,-61.35,281.34292800000003,-57.630256121069124,281.34292800000003,-17.601340878930873,277.62318412106913,-13.881597000000001,232.40274787893085,-13.881597000000001,231.99004500426892,-14.294299874661926,230.97999125345518,-14.533476718709728,230.25524862482354,-14.801353957093315,229.62566291367682,-15.125588360622608,228.92870069983584,-15.42768978170142,228.00460508779616,-16.036937642182966,226.99242738739193,-16.992717621532723,226.41540022823477,-17.724778672277427,225.73775152300897,-18.905608746417126,225.6284393409304,-19.113544154350592,225.364704106592,-19.663715901426563,225.1482858923434,-20.26249072062736,225.00287897698792,-20.840029307491214,224.97153798191587,-20.977297634400266,224.80762711340137,-21.77645492338497,224.7745546632803,-21.967013515264508,224.70978324892022,-22.422067742064847,224.68369783228644,-22.680968659645302,224.61996730690097,-23.75183255353776,224.61889385108677,-23.770829523989136,224.59753987846386,-24.169960263840828,224.5938057354462,-24.411007006018828,224.6019585999348,-24.77377946305104,224.62048341428235,-25.052280610892154,224.83657360429328,-27.002256053246047,224.84037765951712,-27.035027253066986,224.93724094130462,-27.833255120006264,225.01734599310566,-28.253925380719235,225.1975925867204,-28.94374262125661,225.22745413436627,-29.050385755630362,225.9155245793255,-31.352278021232763,226.71369883593795,-32.69739447930325,228.20207503916544,-34.20005043351646,228.31497935551116,-34.30855170102006,228.683004,-34.64516904697622,228.683004,-44.86014219125366,227.29048106327414,-46.12276417602905,226.3604126997078,-47.750273799581954,226.15168376159994,-48.190851094894306,225.32513081191414,-50.349372807841505,225.11900469216505,-51.69812390801627,225.19584801697366,-52.9281287475006,225.2127662902535,-53.112435521592666,225.4620574584586,-55.1680801200676,226.20540466046623,-56.871977454808935]}