{"Index":-1,"Coordinates":[205.929943,-211.222149,206.148128,-211.174317,206.155434,-211.172997,206.88473,-211.069047,207.339277,-210.851262,207.350996,-210.845647,207.544315,-210.709511,207.558918,-210.700975,208.157234,-210.416009,208.368133,-210.255188,208.661488,-209.930314,208.700006,-209.887655,208.834589,-209.703172,208.841354,-209.694871,209.432146,-209.044351,209.606077,-208.774416,209.744154,-208.469175,209.792458,-208.36239,209.79246,-208.362386,210.285799,-207.271898,210.334752,-207.143762,210.444886,-206.776972,210.47497,-206.597014,210.474972,-206.597001,210.503649,-206.425596,210.752464,-204.937725,210.75806,-204.896024,210.777627,-204.465308,210.780472,-204.347814,210.780478,-204.347566,210.783528,-204.233341,210.783664,-204.230144,210.79975,-203.956365,210.78426,-203.824816,210.783612,-203.815885,210.764065,-203.110166,210.764027,-203.107398,210.764028,-180.403223,210.764028,-176.159663,210.76465,-176.148524,210.823933,-175.619189,210.823944,-175.619095,211.07833,-173.367023,211.078691,-173.364192,211.083552,-173.329948,211.086943,-173.314713,211.47094,-172.060112,211.476834,-172.045226,211.556728,-171.88276,211.869635,-171.246466,212.016203,-170.839331,212.020661,-170.828858,212.308449,-170.247032,212.319165,-170.229944,213.211846,-169.081794,213.421341,-168.785505,213.424106,-168.781781,213.449077,-168.749727,213.462903,-168.735235,213.749842,-168.489177,214.212808,-168.092175,214.230768,-168.079884,215.018845,-167.658082,215.249085,-167.492123,215.260661,-167.484923,215.594127,-167.307789,215.62136,-167.298036,216.890212,-167.041466,216.907477,-167.039512,216.960611,-167.038137,216.960633,-167.038136,217.066842,-167.035411,217.281082,-166.987423,217.303006,-166.984998,244.28997,-166.984998,312.520342,-149.9708,312.529841,-149.968914,316.99016,-149.305929,320.427851,-148.794947,324.23595,-147.045093,327.953996,-145.336619,330.740802,-143.061186,334.815,-139.734594,336.418733,-137.692473,340.708713,-132.229809,341.225982,-131.222949,343.408932,-126.973851,205.81806,-126.973851,205.799015,-126.972025,204.610646,-126.742027,203.948248,-126.613823,203.902826,-126.592383,203.16612,-125.983307,203.166121,-125.983306,202.627538,-125.538049,202.595799,-125.491778,202.25749,-124.479375,202.25749,-124.479374,202.048906,-123.855135,202.044317,-123.811816,202.230193,-122.150611,202.272472,-121.772729,202.280068,-121.744094,202.51053,-121.209663,202.744857,-120.666266,203.085694,-119.527207,203.089286,-119.51718,204.870154,-115.272361,204.870683,-115.271122,205.942529,-112.809793,206.198653,-111.984218,207.144566,-108.935165,209.325961,-100.202006,209.347677,-100.09509,209.35332,-100.067307,209.356299,-100.033079,194.37789,-100.033079,191.414566,-108.017937,191.259931,-108.434609,191.250901,-108.452951,186.885696,-115.42122,186.468112,-116.087818,186.453167,-116.106354,181.223497,-121.211387,180.513341,-121.904617,180.490641,-121.921266,174.68824,-125.033295,173.736713,-125.543633,173.706175,-125.554133,167.604561,-126.601889,166.53108,-126.786225,166.496986,-126.786225,160.35992,-125.732378,159.321907,-125.554132,159.291369,-125.543632,153.387659,-122.377265,152.537441,-121.921264,152.514741,-121.904615,147.13318,-116.651311,146.574915,-116.106351,146.55997,-116.087815,142.019022,-108.839002,141.777181,-108.452947,141.768151,-108.434605,138.650194,-100.033079,123.671219,-100.033079,123.674511,-100.066058,123.680407,-100.095085,123.680407,-100.095086,123.702119,-100.201991,125.8835,-108.935152,126.829424,-111.984211,127.085797,-112.810605,129.938531,-119.516481,129.942317,-119.526967,130.017538,-119.778342,130.017538,-119.778343,130.283219,-120.666264,130.517543,-121.209663,130.634319,-121.480466,130.748002,-121.744095,130.755597,-121.772728,130.915245,-123.199495,130.983758,-123.811816,130.979169,-123.855137,130.658897,-124.81359,130.432288,-125.491774,130.400549,-125.538046,129.673666,-126.138996,129.125254,-126.592384,129.079833,-126.613823,127.819783,-126.857694,127.229058,-126.972025,127.210013,-126.973851,109.564039,-126.973851,109.564039,-139.942889,109.562856,-139.958239,109.499887,-140.364232,108.962673,-143.827964,108.953347,-143.857322,108.945637,-143.872834,108.945628,-143.872852,108.91046,-143.943565,108.910456,-143.943574,108.462209,-144.844653,108.472091,-193.084454,108.472091,-193.084516,108.464608,-211.222421,124.262578,-211.222422,154.322908,-211.222424,199.483212,-211.222428,205.899279,-211.222428]}