{"Index":-1,"Tolerance":2.0277163055228278E-05,"Coordinates":[215.93382589205424,-28.699868670108717,216.1340681344759,-28.94461915940776,216.35355240130372,-29.228930344933474,216.4599668993169,-29.379701910346064,216.69290168714866,-29.720126073742673,218.0566538743335,-30.120791394986348,218.22102410809998,-30.134851457413333,221.42039279761764,-30.238827578221752,222.06373910608994,-30.242950383031324,222.31647377272483,-30.249603093015956,224.9486980847957,-30.37136545355269,226.7495447095471,-30.435797477014095,226.94703969081775,-30.445944878607563,229.10754869081777,-30.590714878607564,229.46509689030657,-30.62485398583523,229.82014289308586,-30.679154349650297,230.17155077917616,-30.753442243640777,230.51819626824306,-30.847479994090165,230.85897031657464,-30.96096674038118,231.1927826653116,-31.09353939755721,231.5185653285779,-31.244773817961786,231.835276010352,-31.41418614823965,232.1419014391471,-31.601234377357805,232.43746060983128,-31.805320070693938,232.72100792221622,-32.02579028464421,232.9916362063726,-32.26193965562492,233.2484796249932,-32.51301265678453,233.4907164435182,-32.77820601520606,233.71757165915992,-33.056671281866294,233.92831948041564,-33.3475175461297,234.1222856491359,-33.64981428609224,234.29884959771923,-33.962594345655944,234.45744643453102,-34.284857028809455,234.59756875119547,-34.61557130121479,234.71876824597754,-34.9536790888574,234.8206571580616,-35.2980986632058,234.9029095081379,-35.64772810205061,234.96526214132768,-36.00144881495036,235.00751556911044,-36.358129122005025,235.02953460755944,-36.71662787450744,235.033004,-36.926507,235.033004,-43.953288,235.02284603200002,-44.31231865229322,234.99240462699652,-44.67020063627873,234.94177717800304,-45.02578895865222,234.8711256604548,-45.377945964358645,234.78067611399092,-45.72554497636022,234.67071791927245,-46.067473900281904,234.5416028721492,-46.40263878240166,234.3937440581384,-46.72996730960223,234.22761453081515,-47.04841224008684,234.04374579834405,-47.35695475388268,233.842726122993,-47.65460771241282,233.62519863907053,-47.940418816707854,233.39185929530763,-48.21347365415315,233.14345462826714,-48.47289862402397,232.88077937390457,-48.71786373244871,232.60467392492177,-48.94758524785809,232.31602164204796,-49.16132820842457,232.0157460278509,-49.358408773469826,231.70480777211958,-49.53819641131727,231.38420167827192,-49.70011591658989,231.0549534806203,-49.84364925049929,230.71811656267838,-49.968337198238295,230.3747685870079,-50.07378083817442,230.02600804738836,-50.15964281814381,229.67295075433975,-50.22564843476222,229.4410279787579,-50.25788153548094,229.14890497875788,-50.29300453548094,228.79966857796296,-50.3252392851994,225.8649728785232,-50.51455594623734,224.35099790956522,-50.626751925812215,224.07039332685792,-50.641313002384294,219.7703891668025,-50.76914209392515,219.34631740986882,-50.783701939814456,217.95544207480395,-51.0056308040005,217.24359001043067,-51.54023833683703,216.95040464390473,-51.74771974432951,216.78618544959227,-51.85051483452128,216.7204233823421,-51.9205804196217,216.5823463759157,-52.16088510424155,216.39705387329138,-52.44582381204394,216.09210098553004,-52.88838891322119,216.03995999088335,-53.142408269118675,216.03229412407055,-53.22496706402233,216.03187946183036,-53.26264697765869,216.00762677998515,-53.62100155210041,215.9631514337859,-53.977411620954314,215.93543186064113,-54.14319984248455,215.77261132639578,-55.04358035613152,215.93128277765555,-55.60963129736779,216.01840767793178,-55.958078488993515,216.07224665074372,-56.230911485132054,216.18200077871353,-56.85924245216093,216.18480084674744,-56.864149889066304,216.4010661059201,-57.05964750814697,216.65346701517674,-57.31518610524419,216.8910159449749,-57.584586735443416,217.09899680987468,-57.84822876194008,217.23866885683148,-58.035245631276595,217.35179230291467,-58.05507804701005,217.7036753003153,-58.12708186455016,218.05092428294327,-58.218866055257706,218.32361605484158,-58.30598724915213,218.46014402941304,-58.35302302522533,219.35828040888305,-58.28352956992611,219.71702475059655,-58.265959968662415,219.7769168826933,-58.26500554127316,220.27899771624624,-58.25937301666542,220.2916276327483,-58.25812569722787,222.01594210210297,-57.933797671992274,222.2457116191672,-57.89493103167104,222.26135253783787,-57.89257944027368,222.5085582591267,-57.84077474392643,225.68144640386936,-57.14867518766389,225.8187286787023,-57.11742916942975,225.874718375388,-57.1049514050471,225.88979564465987,-57.10166271235724,226.98799846932175,-56.85369057189565,227.05410662398816,-56.83913336032435,230.40972562398815,-56.11894736032434,230.66022044837914,-56.07042878316739,233.26728444837914,-55.61960678316739,233.62279547578999,-55.56843938154023,233.98063081752244,-55.53745451737717,234.14573179762348,-55.532532414110634,234.45296313604638,-55.47767647122336,234.8095494719703,-55.434637202731096,234.83021898030435,-55.4327677900703,237.51512298030434,-55.1943597900703,237.5520317405889,-55.191190930038175,238.6535657405889,-55.099852930038175,239.01174505062608,-55.080319671177094,241.59191905062607,-55.012620671177096,241.7545512562569,-55.01043721164724,248.4805182562569,-55.006282211647246,248.49139402678452,-55.0062848066611,249.55718102678452,-55.007451806661095,250.81044616107982,-55.009192124223595,250.8455349370557,-55.00933780551035,256.56723425456306,-55.04890221631153,257.48042481060213,-55.00747281817216,257.7442200066107,-55.00099333179321,257.9951060066107,-55.00004533179321,258.0191,-55.0,274.9929279394654,-54.99999993946544,274.9929279394654,-20.231597060534558,234.67723,-20.231597,234.31819934770678,-20.221439032000006,233.95984881483412,-20.190944352364887,232.12128626594696,-19.98175907773326,231.87986720304198,-19.949590406998237,231.47261620304198,-19.887354406998234,231.36736518310593,-19.87036458634634,228.98854618310594,-19.465852586346337,228.92369235282516,-19.454478090413605,228.50130119335785,-19.378136971005716,226.49198855716008,-19.036460670234376,226.41551420790665,-19.022974851319766,226.24557720790665,-18.991934851319765,226.22262851757006,-18.98769954727564,224.67808393440626,-18.699709784878973,222.09170066549223,-18.233196463387866,222.0778947313293,-18.230690494892766,221.56450080046508,-18.136916350581046,221.54124544929624,-18.133435337751745,221.53425497776362,-18.132384979845313,221.52617404692595,-18.13116617439961,219.9644807235826,-17.94488079186128,219.95385374264814,-17.943807465687986,219.8398424732134,-17.93125112162508,219.47455409684173,-17.887678455972832,218.3996149823442,-17.798696914768772,217.55616793068288,-18.008561323270726,216.46652138276104,-18.68973741638247,216.2253980990349,-19.192904101284412,215.7281519761376,-21.409791668943434,215.7051422834163,-21.678442175601173,215.60980296030718,-25.585625140310725,215.6113872080446,-26.823391536910624,215.65414432142023,-26.990988629060002,215.7330542374224,-27.34138757134796,215.7888785651823,-27.67309689885849]}