{"Index":-1,"Tolerance":2.8305834775211708E-05,"Coordinates":[201.6663124171637,-26.786572295066918,201.57434003092854,-28.69865963427708,201.57102718635022,-28.898699603439557,201.61591335261107,-31.90196562994541,201.65933058852875,-32.38022153409453,202.43579710481487,-37.011167149082446,206.03826875929303,-40.0231676892743,209.34718456441917,-39.98364652303098,210.18288387658353,-40.10646307244072,211.46220033235505,-40.03580414178387,213.584564345558,-39.479678950213426,213.8647861861944,-39.3922311941677,216.0376223412237,-38.6022599058978,216.69118267685656,-38.46449665757715,220.45267166100064,-38.003933680983664,220.54259583583388,-37.991616258547694,221.7243864231873,-37.812628659818344,222.89495838266876,-37.75677879584321,222.93109008340917,-37.754850433501566,226.73062395245077,-37.530349208105186,228.683004,-37.502293056591256,228.683004,-43.184987956743,227.96912437755847,-43.14802475776615,222.6454543051831,-42.87774559210105,222.60462119275925,-42.87593595404098,222.42263475717104,-42.86904407065954,222.2457978270971,-42.85277656387026,222.22604312239983,-42.85102150047221,217.84456616269281,-42.47554737419976,217.26041868862984,-42.40937512952843,216.46570335613467,-42.203991216110374,216.13721639129457,-42.13735846076004,212.93431830133918,-41.66193150004153,211.971329311576,-41.6657862459665,211.28922709869173,-41.772622925676274,210.6575714368842,-41.66845113490766,208.53766028913446,-42.037199646864586,205.7490709072337,-43.58931144840935,204.29247899143004,-45.25841942561268,203.28038644026472,-47.85150106824037,203.09566454006938,-48.550371537407685,202.82635201326045,-50.39866777905467,202.29783768712696,-52.69282966883419,202.21790655257303,-53.31612919925421,202.18347712993292,-54.51702091501724,201.91750972139053,-55.77178174025738,201.84861736596332,-56.3893522155562,201.82479027614173,-58.178866371672804,202.04388779572042,-59.38684876813691,202.07775550644152,-59.47361049897923,202.19772397943413,-61.08371356622599,203.2135247909431,-63.22371413792788,204.82571679164553,-64.7523630078944,205.5624419627366,-65.27478392211466,207.05106386655405,-66.04001224017092,207.98800678646015,-66.35020490035915,209.34025232242246,-66.5748122906792,210.03079857304348,-66.61337611655667,212.4671079557943,-66.4840770312388,212.81344529493765,-66.44657261042799,213.2619076514262,-66.37295025781773,213.41250651903303,-66.34447873040033,214.55972607446535,-66.09877548830072,216.40517770339815,-65.71263129272715,217.60494996804707,-65.47380848869076,217.68101696247538,-65.45769610065996,220.95665139298993,-64.72183672748402,221.83135509524126,-64.54413783015896,221.8952812467378,-64.53046430084402,222.27888242632696,-64.44427464690203,222.2924520674001,-64.44119449232562,224.49969388618172,-63.93508713988636,228.39391404863443,-63.0461828995358,231.73267830607193,-62.32961481334913,234.35495885710614,-61.88117207783788,235.19574582591193,-61.81530722953918,235.43931015567244,-61.75431598667785,238.6766776791897,-61.470279365446956,239.8290846240149,-61.41655381428359,243.24495447865817,-61.36518612561646,247.27624758383183,-61.36688548412685,248.2282355031563,-61.36796371097702,248.30645892763178,-61.36599019628603,248.39844763597472,-61.366036849562185,248.4089618725695,-61.36602477266318,250.81488277525662,-61.35927756879851,256.58820087976596,-61.39919879652585,256.71794349886994,-61.39744477779387,258.11483623808897,-61.35,277.62318412106913,-61.35,281.34292800000003,-57.630256121069124,281.34292800000003,-17.601340878930873,277.62318412106913,-13.881597000000001,234.67723173615278,-13.881597000000001,232.8391392621317,-13.67246532466431,232.43503813218217,-13.610710197083696,227.87434356134332,-12.830412247913022,225.45808480526514,-12.389016150016023,221.34678046477094,-11.610776182741816,221.3029629835327,-11.602799773156653,219.34001230093867,-11.25967580611182,216.3026244975115,-10.67446232406936,216.0735316842788,-10.638939646150673,212.605550844313,-10.230170021896187,212.5508660748492,-10.224204176017272,210.33337044580495,-10.001706566133246,208.42324711189508,-10.39855128254253,206.2321872624491,-11.623253310948575,204.69018076517543,-12.287096963256886,202.73196726267875,-14.671074497141579,202.0405926331108,-17.89825696052955,202.02041871849474,-18.00060441060289,201.93707346269764,-18.463376850636735,201.88847524646303,-18.921701058992227,201.6963676633882,-24.725185955401237,201.694954517646,-24.78480440063224]}