{"Index":-1,"Tolerance":2.6846596089384013E-05,"Coordinates":[207.66494938455043,-27.055863282047337,207.69972383520786,-28.701829548569453,207.70515431575546,-28.832112634452088,207.7984548263719,-30.33037520833595,208.35170427047797,-31.947188740165576,209.40561743410657,-33.49698480127621,209.55922219593782,-33.70423429549794,210.93847333190294,-35.4152927283815,213.0893473369132,-36.61610035178322,214.23230253116523,-36.76089114571799,215.0193872989708,-37.03587345777677,216.17731935182312,-37.21342455813118,219.42466026125152,-37.110083482697135,219.57957262340733,-37.10136113995639,221.0756168061297,-36.9803996806249,222.15009983009006,-36.95333102204157,223.99340529402411,-37.00429410982363,224.0608170615497,-37.0054417817466,225.99391130207854,-37.017824756185846,226.8516968877587,-37.057504814899836,228.683004,-37.14645950802841,228.683004,-43.73689350343257,226.9515624096257,-43.88038281621671,225.1228106312367,-43.900437665406734,224.42177938785136,-43.898880575251695,224.3928857328957,-43.898947870074466,221.80284784050315,-43.91676562810564,218.96707401558118,-43.87503965563279,218.61154613283338,-43.86198394691516,218.50914933498103,-43.859876630502875,218.28188109209452,-43.8588656310784,217.1528731450073,-43.81787271711312,216.0705103476619,-43.965225386442626,214.24287277647622,-44.54444479431599,213.61809404355097,-44.66814516138533,211.9348173732758,-45.57542092906752,211.22226763153807,-46.299242010311644,209.9493336599348,-47.56301543478865,209.5710282042012,-48.015657057518425,208.90123820387325,-48.987697706814046,208.4005019966433,-50.16255051000257,207.9262277405549,-52.47312525085524,207.86166333201908,-53.168472395465415,207.8745767746764,-53.915820683230095,207.73548591728323,-54.94715034364615,207.83170157652054,-56.26307771395342,208.01129181777617,-56.88755223359832,208.20201247922185,-58.4574595620868,208.95665040791462,-60.1743621649365,209.75218373721054,-61.104902677826956,210.3746033992015,-62.24115746022955,212.35900894209726,-63.82851275392148,214.5390010687992,-64.45471851062922,215.43233164712674,-64.76248384932663,216.72490594460672,-64.9278972639033,217.3312033582147,-64.88098624977184,219.23625561742793,-64.85961738350561,219.78780022920915,-64.80514665434686,219.99299637427953,-64.76660487070562,220.1667545986426,-64.73470610792813,221.6117341562107,-64.51748624548465,221.79099434134662,-64.48525684952571,224.38183653126345,-63.94231855370851,224.40727660696933,-63.93687842144362,225.59033648900007,-63.67881869883059,225.61783976024907,-63.672691462010924,226.100997542958,-63.56279993725654,226.13161707202903,-63.55606737737006,226.14805070038437,-63.55240828001071,228.38559122057126,-63.04796915289315,231.74221638524656,-62.32756793011427,234.3492888917868,-61.876744819911515,234.8142835323493,-61.87795525485066,235.39186150945153,-61.7578814745622,238.0767703636648,-61.51947237632097,238.96023882745368,-61.44621604250738,239.68625937640843,-61.41505510886767,241.74379956374094,-61.36083251756306,241.8286504517641,-61.36039181445251,247.37964916980854,-61.356963146961554,249.33112926983816,-61.35909958607738,249.342805496194,-61.3590908989938,249.62662002382962,-61.35835786881138,250.80370657581847,-61.35920028783203,256.58820087976596,-61.39919879652585,256.71794349886994,-61.39744477779387,258.11483623808897,-61.35,277.62318412106913,-61.35,281.34292800000003,-57.630256121069124,281.34292800000003,-17.601340878930873,277.62318412106913,-13.881597000000001,234.67723173615278,-13.881597000000001,232.8391392621317,-13.67246532466431,232.43693124501144,-13.610999504426909,229.57086890331146,-13.1188621435676,227.86960655503015,-12.829566652038531,227.84639150760705,-12.825337766741386,225.8222751595075,-12.4536441256664,225.81665472739604,-12.45261725809868,222.77913215137175,-11.900535335958272,222.48708600881488,-11.846600567362453,222.31070081732224,-11.81909022539547,217.9116065603797,-11.259126893398411,217.42924269632445,-11.234705085135275,215.33391850472583,-11.288015839605357,214.0630935289007,-11.585938105721297,211.7037790636093,-12.682596588295048,210.18216176219556,-14.14032272198656,209.39914422839468,-15.651756404260064,208.39937115702506,-17.115132121340714,207.83419314325906,-18.902126779491226,207.81929120762766,-20.02439106566835,207.75097404960886,-20.39997833683553,207.70402851805846,-20.802301078556717,207.51921225618523,-24.326452159165964,207.51487323002934,-24.503703953887292,207.51962455588887,-25.882630468059983,207.55696176108742,-26.35762729323192]}