{"Index":-1,"Tolerance":2.2240968499999993E-05,"Coordinates":[232.754915,-57.63025612106915,236.47465887893085,-61.35,273.5171081210691,-61.35,277.236852,-57.630256121069124,277.236852,-17.601340878930873,273.5171081210691,-13.881597000000001,239.57123,-13.881597000000001,236.47465887893085,-13.881597000000001,232.754915,-17.601340878930845]}