{"Index":-1,"Tolerance":2.5455660704409175E-05,"Coordinates":[214.6190615220871,-25.60819284856773,214.62114676830717,-26.471572861667422,214.62615190915784,-26.642290618399656,214.66107500790022,-27.26299454721579,214.6997428036631,-27.609577262213445,214.78270774841164,-28.104724228771612,214.81098920495248,-28.252064701882777,215.01322508236876,-29.18592670757976,215.12914384213502,-29.754718781065833,215.263837214683,-30.226260618741623,215.5385738721691,-30.966413247285658,216.00649689128946,-31.809031861531945,216.90846480678746,-32.97502368374336,217.65983202728972,-33.676240913796626,218.68392381371044,-34.361022435823905,219.13507095438524,-34.56377818022539,219.42078758109136,-34.738911303057165,220.59988631408032,-35.172892533129904,222.1714163991629,-35.41917868446313,223.1204113665667,-35.39804715404766,223.1907579024516,-35.417485364043195,223.2638688255204,-35.41633385991806,223.35617363686967,-35.44184051058501,223.4293416956392,-35.44068872745262,223.5216663724848,-35.466200152258516,223.59481279398258,-35.465048793755905,223.68713577304376,-35.49055955177449,223.7602774214018,-35.48940848023782,223.8526299503581,-35.51492740350661,223.92742809500137,-35.51374975548679,224.02108503974728,-35.539571431887325,224.16935153286386,-35.53718348069645,224.5522200810202,-35.64226079520903,224.6284390761402,-35.66216556117591,225.06961542847685,-35.77155213927623,225.29502047472704,-35.83949961256924,225.64210777144805,-35.923177768668175,226.2495442338523,-36.03393966622983,226.32128785104362,-36.046173754865244,227.10328370533063,-36.170318064962366,227.29746810700541,-36.17699109664688,227.39375317547047,-36.18850749398166,228.683004,-36.313935729109076,228.683004,-44.40235187319737,228.53343969675475,-44.43992085930245,228.4053569913091,-44.52738976099388,228.32537512580248,-44.547480617213516,228.25137461299803,-44.593713440374984,228.1568664998177,-44.61745301232972,228.08285615482717,-44.66369189081094,227.98834412580246,-44.68743261721353,227.91434361299804,-44.73366544037498,227.8198354998177,-44.75740501232971,227.74583006142697,-44.80364082535202,227.65131949981713,-44.82738101232981,227.5773140614263,-44.87361682535219,227.4828034998179,-44.89735701232962,227.4087980614269,-44.94359282535209,227.3142874998177,-44.96733301232972,227.24027715482717,-45.01357189081094,227.14576512580246,-45.03731261721353,227.07176461299804,-45.08354544037498,226.9772564998177,-45.10728501232971,226.90325106142697,-45.153520825352025,226.80874464897173,-45.1772599701002,226.80372836132295,-45.180393948686266,226.657266321735,-45.19389032169092,226.586032519578,-45.23112763918133,226.46771847399663,-45.242685388152395,226.39820810019768,-45.279265848926386,226.2779336783423,-45.29169097550265,226.21734726273252,-45.323789893733434,226.1001390825616,-45.33624514368928,226.04830375447534,-45.36380494598137,225.9356600825616,-45.37577514368928,225.88382692988074,-45.40333378936204,225.77118339769854,-45.41530388915899,225.71934589176826,-45.442864825125795,225.6067010825606,-45.45483514368944,225.55486575447438,-45.48239494598152,225.4422220825606,-45.494365143689436,225.39038675447438,-45.52192494598152,225.27774937497406,-45.53389447501953,225.22590947035872,-45.56145658283186,225.11326076737788,-45.573427398238586,225.06142979256975,-45.60098491021868,224.94878739769854,-45.61295488915892,224.8969498917681,-45.64051582512581,224.7843050825606,-45.65248614368944,224.73246975447438,-45.68004594598152,224.62103858672555,-45.69188729566513,224.56915236742955,-45.71944952538867,224.45721048548654,-45.731344846001036,224.405273335321,-45.75892105567059,224.29331363598308,-45.77081881380723,224.24136321200245,-45.798389931263046,224.12940239759243,-45.810287740139444,224.07742854568647,-45.83785978038469,223.96553679229962,-45.849750017464004,223.9135313301055,-45.87732646878956,223.8016673741647,-45.889213601661545,223.74961197686514,-45.91680419805251,223.6377601745894,-45.92869066590089,223.58570261851392,-45.95627043674135,223.47387352825353,-45.968154175678706,223.21265867803032,-46.10648440659492,222.81756888109663,-46.17720069111015,222.75376446738096,-46.214069457561436,222.40091261188252,-46.28010600910482,222.2708382253275,-46.358605241913054,221.63131501300944,-46.50937793852791,221.49283198457547,-46.54731997352756,220.68686360345177,-46.70222276603514,220.08640928725222,-46.789126702744504,217.9776002166744,-48.003101245438565,217.39421096876544,-48.73968565677447,216.89427255062353,-49.18421258887949,215.9727374893278,-50.58712374153563,215.61272645694558,-51.67940303905752,215.44868610319625,-52.109988681355034,215.2673451105596,-52.827347293888785,215.1745508186938,-53.53049962871462,215.15309628332943,-53.75342328418474,215.09828628689448,-54.65555526955517,215.1285066397675,-55.32660397402074,215.26372477647095,-56.217130033319904,215.31650831248155,-56.48602102396384,215.55522379783613,-57.474404832523035,215.87809580555196,-58.29362106238109,216.4416178541322,-59.29195981992431,216.70088031433744,-59.75683180844028,217.21356992905768,-60.440899308152716,217.9661705558626,-61.20535264056677,218.9082057364389,-61.86713694147844,219.01535882570235,-61.91648715946753,219.4140078232003,-62.201195850548,220.45792783081725,-62.691449329118235,222.165746513262,-63.14198136741147,223.12346876149132,-63.24440177162009,224.426572141342,-63.18591076844743,225.16417969192304,-63.15531969160755,225.29785733577455,-63.12447661464675,225.32556150461042,-63.123325302921096,225.90786992790123,-62.98894763262302,225.9503064976761,-62.983890456902195,226.51272990184196,-62.872355264458704,227.0958778735233,-62.756709178008016,227.2258842277745,-62.72655347096343,227.5504500414688,-62.681348191038346,227.86166558874191,-62.59346271345633,228.4949848506045,-62.490828461251915,228.50696042662395,-62.48715268732618,228.52469339133677,-62.48494438124997,228.66198264932385,-62.445109065307925,228.71578273450157,-62.43840931894776,228.85308324215745,-62.398571230609136,228.90689281904184,-62.391870195572494,229.04418645952157,-62.352033954475466,229.09799493270026,-62.345333056885934,229.23529621648302,-62.30549454576955,229.28910970765972,-62.298792969936386,229.4263945922003,-62.2589587580002,229.48020162298192,-62.252258093368916,229.61748994995125,-62.21242302787067,229.6712897345013,-62.2057233189478,229.80859024215732,-62.165885230609135,229.86239981904197,-62.159184195572465,229.99969345952152,-62.119347954475494,230.05350081904183,-62.11264719557249,230.1907910346433,-62.07281194821615,230.24460762298165,-62.066110093369,230.38189937475912,-62.02627403414128,230.43570973636594,-62.019572954717695,230.77229892315572,-61.921909371868104,230.91895644799558,-61.89088113132585,231.10854235730295,-61.83366684789472,232.51629071000167,-61.702465811452356,232.53235889628894,-61.700436136646466,233.05789876529965,-61.90283245599449,235.5661667289339,-61.846472760252716,236.70054408443576,-61.35,254.1032690267965,-61.35,254.87008894379798,-61.3613500329159,254.92907599557864,-61.36167511252504,258.0190264222225,-61.35,277.62318412106913,-61.35,281.34292800000003,-57.630256121069124,281.34292800000003,-17.601340878930873,277.62318412106913,-13.881597000000001,232.40274787893085,-13.881597000000001,232.30861209635236,-13.975732782578488,232.2345069278653,-13.971903815606984,231.653617822549,-13.87316262599557,231.62707844618672,-13.868766983394572,230.4326094920337,-13.676125835534934,229.76892593714933,-13.445330976244051,229.74933967272287,-13.438591419630498,228.64718399467262,-13.063360334295762,228.51435160671485,-13.021365548415394,228.25530773955845,-12.945678044842781,227.97895112969465,-12.878202525114858,226.05741649846436,-12.499311482837966,226.04353193616342,-12.496605823090569,225.47341507723343,-12.386825865448987,224.7167504310386,-12.333080362801741,222.20771336657518,-12.45463239439133,222.16174898440974,-12.457193302928172,221.62881048509146,-12.49076326680627,220.86412023920764,-12.634084783805491,219.55063037257986,-13.051419844879247,