{"Index":-1,"Tolerance":2.7256424236563056E-05,"Coordinates":[205.97129952748202,-27.900085899700372,205.9733899911309,-27.999001410263187,205.97882023154085,-28.129266472939232,206.13969599364592,-30.712638596116832,206.82775424973056,-32.51796765529241,207.26062334746734,-33.06877965076999,208.1912222719068,-35.04001251781407,210.2504074553438,-36.805864305949115,212.4487338815549,-37.457076575735265,213.2296909838595,-37.585919938722874,214.5270547354307,-37.63657084720355,215.07267926061564,-37.720233651608666,215.899446203327,-37.693926352385766,216.05437068627785,-37.68520362128683,221.15625629498743,-37.27269464402563,225.43852563308226,-37.16481399973731,227.2529051505547,-37.21497657208554,228.30487454683663,-37.25959242498587,228.40531576202878,-37.262261130166166,228.683004,-37.26524384026671,228.683004,-43.59270394135803,223.67157698663283,-43.577999728700945,223.17809981102397,-43.55920180725126,221.82600506059947,-43.49381284216069,221.78915281001676,-43.492245129824845,219.30523120296206,-43.40102906760871,219.20283541954566,-43.39892169821535,218.34095827714503,-43.39508689154117,216.8030092371911,-43.34827281958646,215.94102150539655,-43.30067715755123,215.146284859408,-43.3565111887908,213.8216041998589,-43.61875313760237,211.98346005349921,-43.955708334876334,210.0426216356938,-45.09911751620466,209.10197048186578,-46.245085963248314,207.97737774428947,-47.241530302969835,206.98231560508125,-48.877544412559125,206.4926696536572,-50.81824376476322,206.42350655205937,-51.17928882405481,206.10957370751387,-53.55474400961351,205.9043850004975,-55.07617946373242,206.00060049146126,-56.392104568633535,206.27180324993046,-57.335137096839965,206.3541910156616,-58.598406483427475,206.7786479574735,-59.99805366922861,208.15095935852028,-62.37405940793208,209.52250974132866,-63.6597829170544,210.79458646769973,-64.28874719337828,210.82299545209824,-64.30261811693732,212.6012814340471,-65.15994349779876,214.33582996291364,-65.46423070876574,216.07247035588833,-65.2866325754833,216.42570191011473,-65.28643141470032,216.83766234616644,-65.25938372499753,219.5109013980219,-64.90838416105022,219.56955500073434,-64.90012562937804,220.4091322482691,-64.77391422869933,220.58839221767252,-64.74168487199525,223.5437554523236,-64.12235746247106,224.4018415358274,-63.94803432837369,224.46577032845897,-63.93436019363767,226.4297885720167,-63.493071483375964,226.4433557148024,-63.48999188690563,227.4640907101906,-63.25594321227259,228.38629614825606,-63.047817860824125,231.74221637380165,-62.32756793257058,233.57831907615235,-62.01006333280187,233.92492308756866,-61.955282605094304,233.9754893442623,-61.94687167433145,234.37662648618016,-61.87681624712286,234.81427792601002,-61.877956021425604,235.39186114735216,-61.757881506715165,238.07677095409167,-61.51947232389344,238.66150243837546,-61.47098685591574,240.08006174075783,-61.40485340481252,241.06681908550505,-61.38156133496234,242.46856653362585,-61.36201691878718,246.71958191472376,-61.35759161877485,249.16912658831362,-61.36027358484744,249.18080078095778,-61.36026490423779,249.76804500723404,-61.3587486198464,250.80457691392667,-61.35920630602905,256.58820087976596,-61.39919879652585,256.71794349886994,-61.39744477779387,258.11483623808897,-61.35,277.62318412106913,-61.35,281.34292800000003,-57.630256121069124,281.34292800000003,-17.601340878930873,277.62318412106913,-13.881597000000001,234.67723173615278,-13.881597000000001,232.8391392621317,-13.67246532466431,232.43503813218217,-13.610710197083696,227.87434490790747,-12.830412478299259,223.9106206057545,-12.106327487804501,222.29925354108258,-11.801307193861943,222.25543437739321,-11.793330483551111,220.31620938632616,-11.45435455223065,220.17040305990602,-11.432343351389118,218.29578335539395,-11.193721717893132,217.81341589528938,-11.169299956560556,216.50665753398536,-11.202548805670645,213.98370391631147,-10.951382235639624,212.2861402771332,-11.243462572942839,209.97261024238364,-12.332644587168385,208.42785520504498,-13.855887232762107,206.55952793488413,-17.68415516776908,206.2442540369474,-18.845486008604702,206.16790404237642,-19.846236626449148,206.15870456288349,-20.09291173397248,206.15914099580573,-20.36706154599605,205.85938263434434,-24.139526491737797,205.85137698774662,-24.503340319445737]}