{"Index":-1,"Tolerance":1.5890968439465423E-05,"Coordinates":[270.88685193946543,-54.99999993946544,270.88685193946543,-20.231597060534558,239.10491506053458,-20.231597060534572,239.10491506053458,-54.999999939465425]}