{"Inners":[{"Index":-1,"Tolerance":1.1296570000000017E-06,"Coordinates":[14.913514,-36.128,14.777452,-36.106983,14.131334,-35.721035,14.050247,-35.61467,13.967663,-35.462826,13.909162,-35.299937,13.876133,-35.129602,13.869515,-34.956875,13.88942,-34.784437,13.935283,-34.617508,14.005962,-34.459845,14.100307,-34.314151,14.215682,-34.184702,14.349052,-34.074708,14.498002,-33.986167,14.658735,-33.921377,14.827241,-33.88195,15.0,-33.868686,15.172758,-33.88195,15.341259,-33.921376,15.502017,-33.986176,15.650943,-34.074704,15.784321,-34.184705,15.899674,-34.314129,15.993803,-34.459487,16.064748,-34.617742,16.110591,-34.784568,16.130485,-34.956918,16.123869,-35.129577,16.09086,-35.299799,16.032327,-35.46279,15.949559,-35.614987,15.844599,-35.752691,15.719795,-35.872803,15.578119,-35.972453,15.422956,-36.049279,15.257921,-36.101503,15.086413,-36.128]}],"Index":-1,"Tolerance":4.63382075E-05,"Coordinates":[75.885626,-86.326043,80.220459,-85.694935,80.811561,-85.550068,83.257485,-84.695541,83.822082,-84.433844,87.800344,-82.092458,88.459282,-81.577374,89.331293,-80.68846,93.414227,-82.146691,93.640716,-82.218153,96.454524,-82.991568,97.103695,-83.099462,99.080357,-83.2205,99.227181,-83.226085,109.231496,-83.374978,109.693579,-83.348157,112.999403,-82.91315,113.349235,-82.846997,115.79565,-82.240682,116.243551,-82.093669,117.439036,-81.60037,117.846145,-81.573167,121.816948,-81.736073,122.012304,-81.738073,124.813792,-81.680565,125.294419,-81.634025,128.739376,-81.03367,136.480231,-80.708428,142.295138,-80.780986,142.732304,-80.756282,150.982886,-79.716388,153.71214,-79.722201,154.403318,-79.647796,165.61392,-77.180844,165.657609,-77.170906,173.323629,-75.370179,173.460618,-75.334762,176.904718,-74.361981,186.468788,-72.195688,190.724311,-71.473616,190.830633,-71.453706,200.360412,-69.500621,200.435432,-69.484298,226.871245,-63.396855,231.623225,-62.353975,235.218814,-61.779747,238.565757,-61.480427,250.860361,-61.359205,277.624896,-61.348997,281.342928,-57.629547,281.342928,-17.601341,277.623184,-13.881597,235.308453,-13.881597,232.815582,-13.664915,227.074968,-12.676122,216.173919,-10.616935,215.617078,-10.484464,215.492684,-10.457494,214.178746,-10.200071,214.096457,-10.185072,212.52781,-9.920448,207.164398,-8.948814,207.114925,-8.942976,201.305108,-7.887123,201.115069,-7.858496,196.794741,-7.340848,188.724847,-5.665682,188.648322,-5.650775,176.716122,-3.477995,176.387585,-3.435722,175.713931,-3.384551,166.824918,-1.55839,166.369209,-1.498685,160.92662,-1.183059,149.211784,-0.253324,148.780129,-0.248471,141.624332,-0.654732,137.241775,-0.657163,131.656293,0.097458,131.322798,0.124735,126.053733,0.277194,121.450793,0.755228,114.040383,1.725534,113.594675,1.752269,103.696314,1.649548,103.613752,1.647617,95.771152,1.362114,95.305597,1.310641,91.323192,0.570129,90.456516,0.275443,90.053659,0.069961,88.444532,1.585216,87.955962,1.962976,84.65372,4.037929,84.151609,4.294419,81.793671,5.245888,81.21242,5.418161,76.881097,6.263461,76.191773,6.321436,72.874129,6.238729,72.332813,6.178591,69.355392,5.586308,68.83769,5.436784,65.812882,4.277539,65.19997,3.962819,61.457256,1.495851,60.971646,1.102246,59.115586,-0.732025,58.730713,-1.191804,56.26947,-4.769462,55.975451,-5.298362,54.964518,-7.610747,54.782272,-8.158246,53.849924,-12.130803,53.768117,-12.73498,53.654785,-15.66627,53.692524,-16.292967,53.887916,-17.511959,53.350892,-17.688518,50.543647,-18.329243,42.571698,-19.460847,41.775694,-19.405847,39.723468,-18.849395,38.649616,-18.206561,33.411777,-14.523719,32.550519,-14.095271,28.242834,-12.713398,27.121074,-12.563695,23.69756,-12.718138,22.054052,-13.254936,20.406482,-14.349283,20.051571,-14.253681,17.351012,-13.773745,16.731644,-13.72526,12.453923,-13.80927,11.862906,-13.876485,9.457113,-14.381336,9.040183,-14.498991,6.537862,-15.393283,5.971537,-15.661157,2.095939,-17.986392,1.461578,-18.486305,-1.686366,-21.69168,-2.071038,-22.167268,-3.50344,-24.335316,-3.792049,-24.880646,-5.518948,-29.085663,-5.730605,-29.880052,-6.349357,-34.572444,-6.350608,-35.396483,-5.755466,-40.018038,-5.550557,-40.80233,-3.867638,-44.978942,-3.580633,-45.52928,-2.120982,-47.765117,-1.738355,-48.243388,-0.680929,-49.331421,-0.728331,-50.899935,-0.633654,-51.773555,0.432069,-56.01595,1.365546,-57.597181,5.401753,-61.359763,6.086779,-61.846894,11.703937,-64.813978,12.210343,-65.027758,16.134233,-66.297448,16.598777,-66.410002,21.530404,-67.218372,22.161217,-67.258175,25.276272,-67.144607,25.541571,-67.12378,29.424296,-66.654638,30.040669,-66.517052,33.239396,-65.460603,33.682089,-65.276314,37.408501,-63.383654,37.932319,-63.049592,39.437726,-61.867982,41.292651,-61.117285,42.684003,-61.481126,42.946777,-61.538079,47.592875,-62.340886,52.183201,-63.764464,52.621765,-63.867068,53.73488,-64.045468,53.85722,-67.987457,53.982643,-68.779237,55.233882,-73.07903,55.554072,-73.81649,57.915845,-77.791952,58.296647,-78.306814,60.093023,-80.283737,60.405391,-80.58364,62.296532,-82.166452,62.793444,-82.50787,66.672563,-84.663087,67.425786,-84.963579,71.905465,-86.117251,72.534493,-86.213559,75.262317,-86.354979]}