{"Index":-1,"Tolerance":2.3698632886689466E-05,"Coordinates":[53.662112581264914,-15.659582368096489,53.66328166673145,-15.716339921058992,53.665082961500524,-15.802187856541593,53.69561775774042,-16.268171839910266,53.70633374908016,-16.39356463988658,53.708661823135984,-16.415640305427367,53.756681524472384,-16.979155209106516,53.76333623495173,-17.04829948943977,53.8626821103438,-17.974201602718004,53.881231095145694,-18.116629404872498,53.90336857012278,-18.261780070316377,53.947146651763646,-18.550791174439922,54.03827166933394,-19.00889579406219,54.06396096426718,-19.12637053533919,54.17559999761907,-19.635894444221584,54.18732479512046,-19.687363343007526,54.41129070554731,-20.634106182399655,54.44973067303149,-20.780857873117952,54.49966334159791,-20.954599164220276,54.540329814522714,-21.09584002288783,54.55752948431378,-21.15557607861075,54.58188698105124,-21.240027324007524,54.73199459321795,-21.68223508117584,54.77020802821984,-21.78855633357889,54.77855921971116,-21.81055421140102,54.96568169272579,-22.331537314392392,54.98638988170986,-22.38753221915344,55.329539589439655,-23.289257534011867,55.38511499662163,-23.425689980219786,55.43738504835161,-23.546032039097504,55.49688972820963,-23.682845347939296,55.52170138536026,-23.73989184101803,55.55845552117193,-23.824307213905158,55.76499356084702,-24.24311902743657,55.81400365082958,-24.338412258644418,56.066686452063124,-24.82925885249877,56.090713235859276,-24.87501539698343,56.56809689121401,-25.766441355981616,56.650454846069955,-25.91099797076333,56.7010907158769,-25.9948817526246,56.861060180645325,-26.261703849072017,57.12051636334789,-26.649998270250062,57.17779827758095,-26.73284928353287,57.49971111795322,-27.198055982550326,57.52751463050706,-27.237591117337576,58.11127731863921,-28.054387246867943,58.20517771986826,-28.17916793233073,58.270444290137206,-28.26166627261057,58.368099140320695,-28.384935107589204,58.41078518968038,-28.43881685185365,58.46702176884473,-28.50973497190732,58.77488860804504,-28.860793491575958,58.83748866979331,-28.930093029610806,58.85507970458638,-28.949000107642156,59.224851418470585,-29.35844946491307,59.25669114498293,-29.393184019623014,59.943689563942065,-30.131568246066852,60.059692770953866,-30.249900958137207,60.118510139648734,-30.306927704215653,60.350445110023195,-30.532209561020817,60.701617506008276,-30.8401744860362,60.76789118306636,-30.89670472873402,60.8045747111637,-30.92713577602424,61.21602585241912,-31.278535632049973,61.25084752383278,-31.30784605398451,62.027535424990205,-31.952152477953685,62.160360574359956,-32.05650159302402,62.21518933470278,-32.09731438673781,62.47905944473077,-32.294143632191336,62.8673586622061,-32.553604799480915,62.93507009087158,-32.597614344414076,62.956155593318115,-32.61094069578702,63.44286776176299,-32.92728487116656,63.47687453747535,-32.9490815287722,64.32669946719452,-33.486181538580134,64.46938759745007,-33.571222841218315,64.52474678180437,-33.60232164425041,64.67126339628061,-33.68449170971317,64.7368455914005,-33.721271607278865,64.81760770078031,-33.766527145683064,65.23650840658618,-33.97310902279423,65.30345033022012,-34.00515445855087,65.32980731140984,-34.01739512724964,65.81973367688373,-34.25198274548758,65.85204643447186,-34.267231906523065,66.80807385473977,-34.71184397617753,66.97190644610907,-34.78250843691452,67.02672082997152,-34.80434585355632,67.32634814885708,-34.92436734252468,67.76849256941625,-35.074454059061935,67.83350363559427,-35.095744040888526,68.39251681338395,-35.27857986873251,68.42323815981679,-35.28845578272273,69.43717593033321,-35.60872788453509,69.61063975653195,-35.65814825113208,69.66874114824465,-35.67293120357932,69.96355200237505,-35.74857698579876,70.42173359661854,-35.839718741123114,70.48276173433143,-35.8512392750127,71.07342330124871,-35.96251247189985,71.10205820012716,-35.967771441184674,72.15783182564981,-36.156670886517446,72.33380320285875,-36.18241426278149,72.35767292383228,-36.185902405240384,72.43013082169095,-36.194157508270514,72.68553033429491,-36.22527748969305,73.15151008684641,-36.25581378830608,73.20742746668589,-36.25898648141433,73.67566681622444,-36.28539253573696,73.70141534915645,-36.286740035733516,74.93245802431622,-36.34615307319477,75.05560366577639,-36.34817992903198,75.08488579532101,-36.34959315922236,75.12203935324162,-36.34927339494227,75.1341708050469,-36.34947306667741,75.17952546586952,-36.34877863733497,75.44584945319149,-36.34648650428387,75.9118742446299,-36.315947254210194,75.96000602192929,-36.31242554803866,76.0221420723601,-36.30742222627499,76.43461720049987,-36.277462041253436,76.46030680173017,-36.27549088428745,77.68519706152692,-36.17650451914494,77.79896366562159,-36.16381533437767,77.85325523408163,-36.159428136926344,78.25276992794862,-36.10142080809564,78.49574138595725,-36.050206832818816,78.71946339409398,-36.005928509396995,78.74326218377287,-36.00112370127899,79.17726319299511,-35.91177358840193,79.19741939436882,-35.90755574132475,80.46950144793854,-35.637053464681365,80.51842046643027,-35.62386641659449,80.54457237006795,-35.61835407630963,80.7036579201442,-35.57393215207058,80.7993480117008,-35.54813707527427,80.81824500572468,-35.54193566444496,80.93954009327638,-35.508066081775716,81.25526817303599,-35.39749780259068,81.55078518784293,-35.29718603653347,81.56856848707326,-35.291090813065885,81.74894153321583,-35.22867065085414,81.92855192740988,-35.441915650113195,82.7538539764398,-36.13864503904405,82.80293109547412,-36.1674953090537,83.19674097951508,-36.526947892350826,83.63895158322272,-36.86468889287023,85.74106351972068,-38.19633905340835,86.01089416541713,-38.34934540370837,86.50272371819221,-38.597322464691146,86.65790356892818,-38.67037579873763,89.1159197779684,-39.747423606356456,89.29410298185655,-39.81915741621873,90.0641457113183,-40.10241620174957,90.44402192936809,-40.21580709608465,92.54980991893224,-40.703677141701775,93.04370454490864,-40.77784400009486,94.16464527614848,-40.856937729433874,94.9162535809259,-40.82089474289872,95.25180070856062,-40.764580360427374,96.47431885659637,-41.05544834131259,100.57560903056121,-39.0366133399279,101.43166356980436,-37.13179203059258,102.51827062690869,-35.690293336692825,103.1271633150214,-34.25876417461692,103.55713620768563,-31.566914342373522,103.62864980771101,-31.277412918781234,103.72154644967134,-30.535290869975213,103.73481469982337,-28.6077768722308,103.83593277654661,-21.772710479358494,103.83625427863682,-21.73856577846051,103.85218011160617,-17.794839912270074,103.85220213715385,-17.77706598467601,103.84699392692403,-14.438128302436441,103.85703145845926,-11.665165821910527,103.90278226408641,-10.897777185768,103.90671261321415,-10.81262615029252,103.96619548779863,-8.994279828920428,103.94543958247566,-8.51310327059677,103.67582965883658,-6.2566275052025,103.41653467261096,-5.323739186155835,103.10912455276201,-4.64140421689991,102.8666972219184,-3.8644843168074754,102.19085139334294,-2.675772691527789,101.57755510564483,-1.9925126245590998,100.75960963210032,-0.9309855658310273,99.07014759989936,0.21397258933941543,96.84345291873882,0.8468772446380974,96.01858585923549,0.9680240956540022,94.97594722348305,0.9833729171388645,94.45445085702103,0.9480939290613368,91.7574239028298,0.540993159921736,91.20093361230388,0.4048261280881477,90.13725269812136,0.040329294860636355,89.75243497910904,0.4197516462433677,89.67814091658134,0.49067120850416024,89.25454059393948,0.8821345920879914,89.24186335632723,0.8944903384212723,89.1192041380673,1.0079029697958704,88.76799128346903,1.3159051556814068,88.57977737771034,1.4686596032881725,88.56427771813442,1.480286877104504,88.26820345662335,1.7213587396696435,88.15153986320456,1.8119205116697825,87.45046981056862,2.330465157394388,87.39605031265096,2.3698327666218812,87.08792946094475,2.5878033767908026,87.07486542000031,2.5976035613858595,86.93354389985126,2.697714314064569,86.5453497874174,2.957105250265557,86.34459174347236,3.0807270964565214,86.32700826134989,