{"Index":-1,"Tolerance":2.1803202062181668E-05,"Coordinates":[208.85738020199327,-33.178779187439986,209.48241064805833,-33.171313886671776,209.84153701111612,-33.17718321004582,210.19975703384267,-33.20334824239393,210.48153913931156,-33.238342769334054,211.11777496460317,-33.33184497192052,213.3242172255692,-32.75368908651114,213.8722614657981,-32.55443889520892,214.2131545587439,-32.44131023932618,214.5598986554669,-32.347636737268466,214.91138439677374,-32.27371808429133,215.26835217578355,-32.21956186821582,216.56746609341982,-32.06049547704392,220.12353052483155,-31.52151687669505,220.48002923913464,-31.477757759927876,220.56127002452106,-31.470636784833395,221.15406102452107,-31.422510784833392,221.36561809185557,-31.4088858162065,224.76446394685092,-31.246906464167807,226.12095604904619,-31.16675654301003,226.40425827299424,-31.156356549802567,228.59176227299426,-31.124921549802565,228.95090181789695,-31.12991963814632,229.30918426123696,-31.155215574466332,229.6654633284964,-31.20072842795578,230.01859915467858,-31.26631258661172,230.3674619311467,-31.35175822310032,230.71093552028825,-31.456791966070014,231.04792102644103,-31.581077774764907,231.3773403116561,-31.724218014140085,231.69813944504912,-31.8857547270393,232.0092920747047,-32.065171099364775,232.30980271134555,-32.26189311355155,232.5987099132613,-32.47529138505631,232.87508936230637,-32.70468317598513,233.13805682112672,-32.949334579417794,233.38677096215326,-33.20846286744021,233.62043605931177,-33.48123899537281,233.83830453383698,-33.76679025418294,234.03967934604628,-34.064203062595205,234.22391622542045,-34.37252588996688,234.3904257318571,-34.690772300576995,234.53867514150173,-35.0179241095893,234.66819015112304,-35.35293464059211,234.77855639557993,-35.69473207429295,234.8694207735245,-36.04222287765434,234.9404925771005,-36.394295302499636,234.9915444220225,-36.74982294239568,235.02241297505992,-37.10766833643251,235.03299947659886,-37.46668660837025,235.033004,-37.474266,235.033004,-43.240747,235.02284603200002,-43.59977765229322,234.99240462699655,-43.95765963627873,234.9417771780031,-44.31324795865223,234.87112566045485,-44.66540496435865,234.780676113991,-45.01300397636023,234.67071791927256,-45.35493290028192,234.54160287214935,-45.690097782401686,234.39374405813857,-46.01742630960228,234.22761453081534,-46.3358712400869,234.04374579834428,-46.64441375388276,233.84272612299324,-46.94206671241292,233.6251986390708,-47.22787781670797,233.39185929530788,-47.50093265415328,233.1434546282674,-47.760357624024124,232.88077937390486,-48.005322732448896,232.60467392492205,-48.2350442478583,232.31602164204824,-48.4487872084248,232.01574602785118,-48.645867773470066,231.7048077721199,-48.825655411317534,231.38420167827223,-48.98757491659017,231.0549534806206,-49.13110825049959,230.7181165626787,-49.255796198238606,230.37476858700822,-49.361239838174754,230.02600804738867,-49.44710181814417,229.67295075434006,-49.51310743476261,229.3167262652435,-49.559045512300486,228.9584742704804,-49.58476907831005,228.5993409471527,-49.59019583384316,228.35464764213953,-49.582251719090934,222.79029966709675,-49.294135717177184,222.00966147673458,-49.262307621673344,221.6998064489778,-49.24207585783473,216.32952744897779,-48.75931385783473,215.97284823552695,-48.71705119946981,215.96571323521644,-48.715996246596525,212.9387472001863,-48.2666842429479,212.35504961675807,-48.35810787787055,211.9987716471606,-48.40362932314078,211.64048981394512,-48.42893389955956,211.48307516843823,-48.431128411173304,211.1658901634988,-48.48630193017417,210.12832809937356,-49.06380293422782,209.7583287512779,-50.01177710318147,209.4599512359586,-52.05954477205723,209.39813218111803,-52.41335912741693,209.36422498308838,-52.569496683535974,209.00748742278586,-54.11801423348487,208.94998681349747,-56.12359722415573,208.9295437519953,-56.48218929718079,208.88885850373399,-56.83905188162178,208.83409502966632,-57.15791155138603,208.83212717216426,-57.17555208723307,208.82848295338215,-57.449277876537494,208.83713448019705,-57.4969772488779,208.8912137636717,-57.85205699301837,208.92152148728454,-58.158398186409414,209.01099679391655,-59.359249525245716,209.31360096476118,-59.64617363382142,210.09199833999685,-60.04631023213691,210.51122063782353,-60.115943256921604,212.51568665361367,-60.00985473594548,212.75330581922668,-59.96558775477219,214.94693077050303,-59.50659060598408,215.00776313164056,-59.49417205832182,216.71976128046524,-59.153388022246475,219.38887168623108,-58.55378281494282,219.51648862828827,-58.52648861804402,220.82071398926035,-58.261531210590086,221.34123161390463,-58.14457754467803,223.70618499709423,-57.60230887705662,223.7132845588134,-57.60068527775954,226.98133555881338,-56.85528627775954,227.06092229474413,-56.83767021636612,230.40019329474413,-56.12099321636612,230.66230101898307,-56.070477623126656,233.3396180189831,-55.61262262312666,233.69522338834565,-55.56211505062032,234.05311561420274,-55.53179429418114,234.1411469443544,-55.527451427675004,234.20479258613346,-55.524754221828516,234.33081553051917,-55.49931749712506,234.6863443959485,-55.44827418760734,234.85563846657865,-55.431132217533545,238.12167446657864,-55.144580217533544,238.38095303358588,-55.12716954117123,239.53338603358588,-55.073442541171225,239.73362618020406,-55.06727085199536,243.26288118020406,-55.01419885199536,243.36157996053984,-55.01348181638949,248.3964015800015,-55.016034876078336,248.46512516616605,-55.01427918058883,248.62788510454052,-55.01220802723362,248.6795570122821,-55.0122128128216,250.80159557518405,-55.00925317608651,250.8543599536099,-55.00939880562482,256.5672333598775,-55.048902203631066,257.8992996875671,-55.00365944075566,258.114849,-55.0,274.9929279394654,-54.99999993946544,274.9929279394654,-20.231597060534558,234.67723,-20.231597,234.31819934770678,-20.221439032000006,233.95984881483412,-20.190944352364887,232.12128626594696,-19.98175907773326,231.8798664452942,-19.94959029119935,231.4757894452942,-19.88783929119935,231.36418552994263,-19.86976584601688,226.80347452994263,-19.089464846016877,226.73322873906318,-19.07703983632687,224.14501973906317,-18.604231836326868,224.10510349172262,-18.596808084384094,220.2934890133153,-17.875297345560888,218.20928184394091,-17.510977611583566,218.1013241636316,-17.491143526879014,215.68348046548323,-17.0252974191553,212.0408836223939,-16.59594521912596,211.17972203760624,-16.509539132558263,209.310783336035,-17.55419037609358,209.1897169065004,-17.642360460452583,209.15589115895366,-17.95984705158025,209.1111844245834,-18.245114821909986,208.75312666906873,-20.233192798919195,208.64113585211072,-23.616419592786457,208.59203212202775,-27.048339177169495,208.58534869343202,-27.262581865788537,208.53887384502545,-28.228774035105566,208.5889256172116,-31.57767987724371]}