{"Index":-1,"Tolerance":2.4010617727997246E-05,"Coordinates":[225.17288035104383,-26.541790461940163,225.2326354433994,-27.08101461355941,225.23643927159594,-27.113783964810256,225.28106636510935,-27.481547559143994,225.36117145895145,-27.902219110593386,225.45664215902616,-28.26759304285209,225.48650371160443,-28.374236296839957,226.32179113146552,-31.168635151006892,227.1199657954666,-32.51375252657274,228.683004,-34.09178655256648,228.683004,-45.36002941617893,227.95102424878846,-46.07025292620081,227.2400813201515,-47.12326016968253,226.90535183945903,-47.76656289513304,225.8443969521937,-50.53721431223423,225.63827030642935,-51.88597000972426,225.73797431685304,-53.48187628926391,225.75489230560805,-53.66617941396571,225.96710010346496,-55.41604054556362,226.7104485380592,-57.119940227212844,228.4852920937625,-59.21831396650795,229.67517999412374,-60.083017055900505,230.39528443126932,-60.877404371793276,233.05789876529965,-61.90283245599449,235.5661667289339,-61.846472760252716,236.70054408443576,-61.35,277.62318412106913,-61.35,281.34292800000003,-57.630256121069124,281.34292800000003,-17.601340878930873,277.62318412106913,-13.881597000000001,232.40274787893085,-13.881597000000001,231.87426525920438,-14.410079619726472,231.3299805030616,-14.53896425092228,230.60524389433428,-14.806838536840926,229.84679054462865,-15.197437464547706,229.22862533440298,-15.4653847469682,228.30453130205686,-16.074632710206735,227.3480763126371,-16.977796007466207,226.77105073148581,-17.709855548752557,226.0400245020212,-18.983698067549142,225.9307209104435,-19.19161555004696,225.69671468033982,-19.67976248760183,225.48028381136893,-20.278571237580838,225.354803644735,-20.77697396042383,225.32346704317925,-20.914224447495684,225.2109901423096,-21.46261045791413,225.17791648655543,-21.65317659429651,225.06011243669803,-22.480824046890646,225.03402790231152,-22.7397177212368,224.94870426110174,-24.17339702953808,224.96393905753976,-24.726017297383695]}