{"Index":-1,"Tolerance":1.2677695500000027E-05,"Coordinates":[242.356923,-57.63025612106915,246.07666687893084,-61.35,263.99257012106915,-61.35,267.71231400000005,-57.630256121069124,267.71231400000005,-17.601340878930873,263.99257012106915,-13.881597000000001,250.792966,-13.881597000000001,246.07666687893084,-13.881597000000001,242.356923,-17.601340878930845]}