{"Index":-1,"Tolerance":2.665343542228583E-05,"Coordinates":[209.50122071715367,-28.560712646618413,209.76796634940462,-30.45027028832563,210.467365758326,-32.046440727486164,211.2193549728084,-32.965576339165736,212.07241757351042,-34.21228952388824,213.84934136893418,-35.503081027007354,216.57222371665176,-36.30305437685026,217.19817483694302,-36.42054682842348,217.76342791227472,-36.46889776400182,217.93092430718474,-36.478776266818954,221.25552321032924,-36.586822135738494,221.3383141437163,-36.58843239562359,222.02304629558918,-36.59281956029273,224.67180087102395,-36.71534732119532,224.7049912437218,-36.71670870545269,226.52247820463137,-36.78173567329738,228.683004,-36.92650701560309,228.683004,-43.953287606000934,228.3908789489396,-43.98841126275315,225.44103470158166,-44.17870479284633,225.41078140238108,-44.18080155204149,223.88170843679484,-44.29411668252179,219.5743383275965,-44.42216507987709,219.55973565941508,-44.42263281429645,218.93177675604667,-44.44419321550216,218.54007107997163,-44.482021115060775,216.18935696663348,-44.85710245405795,214.76203247731615,-45.46256368615854,213.43031179509308,-46.46269932594993,212.82264697534288,-46.794682701203975,211.4331763443024,-48.27508195032523,211.16819464565137,-48.84283359633694,210.50092357308588,-49.8112158736883,210.0001860208341,-50.98606699638426,209.749440584218,-52.207641286554676,209.68487514801882,-52.902995255337,209.6867798188823,-53.01322222586775,209.39566769468092,-54.62303932807748,209.46369768934846,-56.063321739205804,209.8169597852943,-57.3235603110281,210.11740868665623,-59.04360303377334,211.21585995146552,-60.96876265201231,212.011293347222,-61.64793589867179,212.87755669224728,-62.807838104806905,214.94611038482688,-64.08017039619328,216.255258624866,-64.30968580521514,217.0078114300253,-64.56895112098677,218.3003932651845,-64.73436392505717,219.848157739296,-64.61460517321804,220.62731799057448,-64.60586539878445,221.17886173970092,-64.55139484808043,221.3658081123544,-64.51628095972617,221.37870369120648,-64.5150060722097,223.18973804868622,-64.17436657426197,223.29538664734676,-64.15848444744722,223.47463776296655,-64.12625650574911,223.82367111095024,-64.05311306746101,223.84911247067916,-64.04767266823833,227.04873422669195,-63.34974249689306,227.07670703148315,-63.343508432227054,227.22800451789672,-63.309072547306364,227.2543402826831,-63.30332818757266,227.27702170816374,-63.29829390788082,228.38663891630574,-63.04774429570738,231.74221638524656,-62.32756793011427,234.3492888917868,-61.876744819911515,234.8142835323493,-61.87795525485066,235.39186150945153,-61.7578814745622,238.07677044474477,-61.519472369121395,239.17829374672257,-61.428135114718664,241.7584963918665,-61.36043555181476,248.48420440934362,-61.35628114694171,249.55209448799187,-61.35745019499735,250.8015693485601,-61.35918550937456,256.60627688506884,-61.39932378813571,256.7721536208928,-61.396136740524646,257.7682247119364,-61.35094725794366,258.0190218940835,-61.35,277.62318412106913,-61.35,281.34292800000003,-57.630256121069124,281.34292800000003,-17.601340878930873,277.62318412106913,-13.881597000000001,234.67723173615278,-13.881597000000001,232.8391392621317,-13.67246532466431,232.43185168794113,-13.610223241576644,230.05304417799462,-13.205713696868461,229.61446374284,-13.126446362916074,229.58203161544102,-13.120758210387985,227.55650847998197,-12.776325517704441,227.3865352836289,-12.745279195657156,225.83295046505435,-12.455602588696747,225.81456884140067,-12.452231156043178,223.21916613880833,-11.984091073712323,222.60967673566347,-11.872765471768153,222.56110508189983,-11.865395292182058,222.4810186855145,-11.853360964342873,222.413986575585,-11.84328966989824,222.37204049238755,-11.837048017525493,220.65965118542246,-11.632787299330095,220.59197798620508,-11.625952635548275,220.16972749656355,-11.575584610867013,220.05557992058914,-11.564055922926947,218.4058341154706,-11.427493080485506,217.37040642547345,-11.511169210741356,215.53691417022196,-11.96737444917112,214.61482768156304,-12.358619342886271,212.33454916406075,-13.784100778729718,211.13045842531065,-15.130960274880499,210.34359639339715,-16.77295275540454,210.1080342023549,-17.452324874633852,209.48510760841012,-20.229534992396918,209.41964007609351,-20.653957700965467,209.37003555992763,-21.233110368174565,209.35939572964966,-21.426652892610136,209.26069825700225,-25.471483174506073,209.2597560367159,-25.552999469145558,209.26189771696963,-27.226534649563046,209.36081423059144,-28.01035309367808]}