{"Index":-1,"Tolerance":2.466104332887326E-05,"Coordinates":[218.11494758486762,-22.514884583436178,218.0105041358792,-23.72194605929425,218.00022270498283,-23.896812881492266,217.98291869932504,-24.452241119788,217.981573970663,-24.586322011442647,218.00268943382798,-26.490857735339766,218.00321239786288,-26.523181545117577,218.00902348412905,-26.79636512780532,218.02350314154802,-27.039159191299333,218.14216307408682,-28.247764347601574,218.1898565235747,-28.74291050433273,218.30084781398548,-29.323172142890453,218.61984803288541,-30.424378426960274,218.76276839663598,-30.81841693313385,219.13363115913998,-31.662597056479584,219.50694105465595,-32.29961933110121,220.23077566617962,-33.25927785781782,220.7996763398939,-33.84107286871218,221.85168092422356,-34.67219154533583,223.1040715550208,-35.277824430072194,223.56071725437056,-35.385814559276724,224.1950958630596,-35.54424894766656,224.5522200810202,-35.64226079520903,224.6284390761402,-35.66216556117591,225.06961542847685,-35.77155213927623,225.29502047472704,-35.83949961256924,225.64210777144805,-35.923177768668175,226.2495442338523,-36.03393966622983,226.32128785104362,-36.046173754865244,227.10328370533063,-36.170318064962366,227.29746810700541,-36.17699109664688,227.39375317547047,-36.18850749398166,228.683004,-36.313935729109076,228.683004,-44.40235187319737,228.53343969675475,-44.43992085930245,228.4053569913091,-44.52738976099388,228.32537512580248,-44.547480617213516,228.25137461299803,-44.593713440374984,228.1568664998177,-44.61745301232972,228.08285615482717,-44.66369189081094,227.98834412580246,-44.68743261721353,227.91434361299804,-44.73366544037498,227.8198354998177,-44.75740501232971,227.74583006142697,-44.80364082535202,227.65131949981713,-44.82738101232981,227.5773140614263,-44.87361682535219,227.4828034998179,-44.89735701232962,227.4087980614269,-44.94359282535209,227.3142874998177,-44.96733301232972,227.24027715482717,-45.01357189081094,227.14576512580246,-45.03731261721353,227.07176461299804,-45.08354544037498,226.9772564998177,-45.10728501232971,226.90325106142697,-45.153520825352025,226.80874464897173,-45.1772599701002,226.80372836132295,-45.180393948686266,226.657266321735,-45.19389032169092,226.586032519578,-45.23112763918133,226.46771847399663,-45.242685388152395,226.39820810019768,-45.279265848926386,226.2779336783423,-45.29169097550265,226.21734726273252,-45.323789893733434,226.1001390825616,-45.33624514368928,226.04830375447534,-45.36380494598137,225.9356600825616,-45.37577514368928,225.88382692988074,-45.40333378936204,225.77118339769854,-45.41530388915899,225.71934589176826,-45.442864825125795,225.6067010825606,-45.45483514368944,225.55486575447438,-45.48239494598152,225.4422220825606,-45.494365143689436,225.39038675447438,-45.52192494598152,225.27774937497406,-45.53389447501953,225.22590947035872,-45.56145658283186,225.11326076737788,-45.573427398238586,225.06142979256975,-45.60098491021868,224.94878739769854,-45.61295488915892,224.8969498917681,-45.64051582512581,224.7843050825606,-45.65248614368944,224.73246975447438,-45.68004594598152,224.62103858672555,-45.69188729566513,224.56915236742955,-45.71944952538867,224.45721048548654,-45.731344846001036,224.405273335321,-45.75892105567059,224.29331363598308,-45.77081881380723,224.24136321200245,-45.798389931263046,224.12940239759243,-45.810287740139444,224.07742854568647,-45.83785978038469,223.96553679229962,-45.849750017464004,223.9135313301055,-45.87732646878956,223.8016673741647,-45.889213601661545,223.74961197686514,-45.91680419805251,223.6329372843234,-45.92920319344999,221.46007564510654,-47.084472635485795,220.6005130445302,-48.10637304463515,219.8589755023314,-48.98164189940841,219.27030998591724,-50.021038842032034,218.88274448835,-51.160893477154225,218.731552598358,-51.59323686904505,218.55617713385317,-52.49670634512967,218.4641706528152,-54.450873527002244,218.5362968164,-55.29136320675116,218.67358920136266,-55.91038325821784,218.79190057870417,-56.31482038061813,219.32647740600876,-57.77508915158954,219.5814042814195,-58.31064476050228,219.89310336858046,-58.83347107476643,220.15600841225444,-59.209741528815115,220.7478582847507,-59.93846971028621,220.78614200204845,-59.98470724932346,221.43676904963067,-60.755556295123,222.92932778666994,-61.75265901225643,224.68774998411072,-62.31233648700911,224.738127251764,-62.32791125922666,225.35821279135766,-62.51399162453324,226.50570721620912,-62.64098887738603,227.35796832367606,-62.5803012255652,227.52484506718773,-62.56398042455472,228.90689554238475,-62.391869559029445,229.04418712424027,-62.35203387169646,229.09799493270026,-62.345333056885934,229.23529621648302,-62.30549454576955,229.28910970765972,-62.298792969936386,229.4263945922003,-62.2589587580002,229.48020162298192,-62.252258093368916,229.61748994995125,-62.21242302787067,229.6712897345013,-62.2057233189478,229.80859024215732,-62.165885230609135,229.86239981904197,-62.159184195572465,229.99969345952152,-62.119347954475494,230.05350081904183,-62.11264719557249,230.1907910346433,-62.07281194821615,230.24460762298165,-62.066110093369,230.38189937475912,-62.02627403414128,230.43570973636594,-62.019572954717695,230.77229892315572,-61.921909371868104,230.91895644799558,-61.89088113132585,231.10854235730295,-61.83366684789472,232.51629071000167,-61.702465811452356,232.53235889628894,-61.700436136646466,233.05789876529965,-61.90283245599449,235.5661667289339,-61.846472760252716,236.70054408443576,-61.35,254.1032690267965,-61.35,254.87008894379798,-61.3613500329159,254.92907599557864,-61.36167511252504,258.0190264222225,-61.35,277.62318412106913,-61.35,281.34292800000003,-57.630256121069124,281.34292800000003,-17.601340878930873,277.62318412106913,-13.881597000000001,232.40274787893085,-13.881597000000001,232.30861209635236,-13.975732782578488,232.2345069278653,-13.971903815606984,231.65361873359632,-13.873162780857998,231.62708118190383,-13.868767432536073,229.50845421563392,-13.527078985387385,229.2601243242461,-13.487029346080815,229.05332892585966,-13.450118150227766,227.719120560218,-13.324622154033431,227.19225541921648,-13.3189022196395,226.68230396170824,-13.355719262840967,226.10180590751744,-13.387858480972186,225.70793460568143,-13.434451411665616,224.7912145058312,-13.601443429561213,224.1289932204757,-13.798247198729058,223.05291948525408,-14.250114568168222,222.56238855900784,-14.508501285407755,221.68993890474417,-15.070268363955266,221.03580088628087,-15.629568581246506,220.43267200576724,-16.30614382448239,220.11349969848055,-16.648257979896627,219.62360940909775,-17.337797865859788,219.4116923443166,-17.74021994298962,219.16793683067766,-18.13668077158903,218.86655581153963,-18.830485493486428,218.73260970568234,-19.19977857720315,218.56799000546346,-19.759368324086335,218.3909105406429,-20.272077764618388,218.23134403948197,-21.003488119009635,218.1746094551789,-21.58629404226954,218.1657862762036,-21.696961382986206]}