{"Index":-1,"Tolerance":2.6219099606057646E-05,"Coordinates":[224.8117043091817,-45.73689003689695,223.70904522958526,-45.575929149628934,223.37051720487946,-45.5448913063113,221.7582588989403,-45.48374650800336,221.52430403739797,-45.48349672998118,220.05018684598335,-45.53625062584525,219.7723910516693,-45.55842424323071,219.1335863454839,-45.63773992845364,218.34765770348804,-45.8393696497072,216.96418232348387,-46.38992148376592,216.330830465757,-46.72918066403763,215.29092052131244,-47.447961656257064,215.1282090946266,-47.56826397506171,214.28621021382685,-48.233316416466444,213.36465932435453,-49.397773612744814,212.93516977019627,-50.317995818294776,212.8892274735107,-50.4211817258585,212.3528360844355,-51.68598694405625,212.12784468652018,-52.50848063956888,211.80726015084048,-54.905908221433485,211.88779265411296,-56.159032106926155,212.20986266846504,-57.363487206277945,212.233481017629,-57.44720133232607,212.78407643033918,-59.30119930337377,213.57229570713085,-60.63994162328578,214.84281602493525,-61.935684779670666,215.14102260065783,-62.2036888418668,216.07598228894253,-62.942875583161246,217.19376388774154,-63.51347204161302,218.99296660960852,-64.0211002035499,219.29777653105933,-64.09110472465831,219.8755993409081,-64.19416879816113,220.58888985268044,-64.23993084870938,221.35233316839398,-64.20297191056113,221.45758967141097,-64.19612232099342,223.4947376835186,-64.02953321673964,223.92591960961076,-63.964259070449486,230.43352700615193,-62.51659531384935,230.6572711844407,-62.46678668137347,234.31047565561227,-61.8746875959358,235.56617067629557,-61.846472156597876,235.98123990742974,-61.66481212400262,237.60732940744603,-61.50341998134025,240.51892832652422,-61.35,250.39516772037987,-61.35,251.0065034785351,-61.3556955161292,252.87117799077254,-61.3762151303568,252.89672824763292,-61.37639347903855,253.12401365424188,-61.37706543673145,253.34723098046334,-61.3794331521822,253.36162737613995,-61.379553215091555,256.6102884844454,-61.39928052771741,256.773489624055,-61.39607612909624,257.7682247119364,-61.35094725794366,258.0190218940835,-61.35,277.62318412106913,-61.35,281.34292800000003,-57.630256121069124,281.34292800000003,-17.601340878930873,277.62318412106913,-13.881597000000001,233.3493749946719,-13.881597000000001,230.6338684106995,-13.416042350340096,230.3615407966648,-13.366823036175468,228.53433789305754,-13.029024856968693,228.36569993739076,-12.975325577589427,228.01612469508643,-12.885522681373073,225.8807803679758,-12.464590415911786,225.82963611078384,-12.454943328805362,223.74894249166357,-12.080106102363798,223.6185347834787,-12.055982041255115,223.30951306198122,-12.014377731729931,222.36405040809885,-11.934073028097522,222.35340268754223,-11.93318668590977,220.7414147193848,-11.801731636594086,219.76476902942002,-11.87269723546963,218.1418338912267,-12.246604922338243,217.7105997037349,-12.378791945388476,217.00854182969078,-12.649833881557013,216.57369444384867,-12.85681034434965,215.95879744548478,-13.20891653817857,215.68380487245383,-13.385770696084405,214.9936748121243,-13.881596379410718,214.4504557699842,-14.37617728417759,213.5312723523126,-15.431267334864533,213.25627837368387,-15.797064530672584,212.8334970539292,-16.452912238877172,212.44225100528843,-17.322775605376993,211.84594743391838,-19.454583631896405,211.74505577491075,-19.986030494044375,211.64664665779912,-20.94298988251395,211.63526547528164,-21.0848321282256,211.5686830183459,-22.23832349149862,211.5656988851657,-22.300666913798118,211.49637195027987,-24.12415685149276,211.4951567535063,-24.327532180890543,211.55259277915104,-26.531839697632652,211.55285566626966,-26.541378391813915,211.57274857963534,-27.225830274987594,211.65353470709152,-27.851740140458325,211.7765823081155,-28.382847163705687,211.78899363724565,-28.4344522796947,212.1479016659164,-29.873735787044303,212.36946966824934,-30.486583227515847,212.96952639359722,-31.730534083192826,213.32270125841802,-32.300270986463296,214.0014155464464,-33.17409542691897,214.70841891765554,-33.842677623336336,215.95750048969333,-34.70556180121552,216.74553336865736,-35.10175615602114,217.89398647263985,-35.49151153554955,218.13150182970816,-35.561915991358795,218.95402308127038,-35.77120613517634,219.7176214726646,-35.86953499680538,221.4399148175845,-35.88153824445457,221.77059366088287,-35.866598769825366,222.21543293581536,-35.82319486395532,222.31977292192758,-35.81126920381511,224.21432701776564,-35.562924289683274,224.2396533141259,-35.558880580171305,224.58687479522553,-35.651371215672846,224.64003227947327,-35.665040014521175,225.0696154284769,-35.771552139276245,225.31158151622114,-35.84449187402631,225.69279348988755,-35.934204282260424,227.04601648230866,-36.165763329648534,227.28394277766802,-36.17537336848595,227.39375317547047,-36.18850749398166,228.683004,-36.313935729109076,228.683004,-44.45748481730702,228.24082894717927,-44.601669233584765,228.13747399346403,-44.677617133577726,227.8198354998177,-44.75740501232971,227.74583006142697,-44.80364082535202,227.65131949981713,-44.82738101232981,227.5773140614263,-44.87361682535219,227.4828034998179,-44.89735701232962,227.2607865122416,-45.03606487148931,226.9772564998177,-45.10728501232971,226.90325106142697,-45.153520825352025,226.80874464897173,-45.1772599701002,226.74047560148745,-45.21991177715095,226.62233191044868,-45.24061415095505,226.5140876136792,-45.3028948788785,226.48768773243575,-45.30942298338644,226.32548413789726,-45.4103475170916,226.28178378618986,-45.42085019312718,224.86977808171318,-45.702536179823134]}