{"Index":-1,"Tolerance":1.9960097611473326E-05,"Coordinates":[217.28223886201707,-23.715827290820403,217.32580565147344,-25.361415518287494,217.36601394301022,-26.744903209258133,217.5401031426886,-27.496327771433496,217.71226005889014,-28.186704000730202,217.9090940369301,-28.59475304554837,218.2779705997915,-29.06966848865916,218.58903581226093,-29.284556131713476,219.55226602374003,-29.61145132586114,219.75244304555116,-29.662387227981256,220.3183168468924,-29.666331227738823,220.6105177567947,-29.67509695178324,221.41170272754601,-29.71760781670698,222.48722728704433,-29.696842708479597,223.20606477896527,-29.602301216460198,223.56335454471918,-29.565555918971917,223.66633908566314,-29.558741588756092,224.88676108566312,-29.487944588756093,225.2457774324989,-29.477293001798813,225.60482171156312,-29.486957331639616,225.9627452109511,-29.516906658608193,226.31840280453585,-29.5670451640258,226.67065661563876,-29.637212436763747,226.82645201693603,-29.677523696018792,226.95682336310304,-29.708204537356885,227.7124359371827,-29.83750252668268,229.30345858803838,-29.99370781359963,229.65977874626904,-30.038897839473258,230.0129738504475,-30.104162010228464,230.36191390228524,-30.189291522287903,230.705482516938,-30.294014015695872,231.04258049472278,-30.417994445495864,231.37212933785344,-30.56083615366,231.69307470094316,-30.722082138140834,232.0043897642351,-30.901216514985464,232.3050785187684,-31.09766616883399,232.59417895296934,-31.310802586521866,232.87076613047276,-31.53994386791981,233.13395514932643,-31.784356907577767,233.38290397311098,-32.04325974019318,233.61681612491756,-32.315824042399484,233.83494323556417,-32.60117778287078,234.03658743789808,-32.89840801226394,234.22110359952413,-33.20656378407227,234.38790138681543,-33.52465919704567,234.53644715360326,-33.85167654944369,234.66626564850318,-34.18656959502976,234.77694153541535,-34.52826689038955,234.86812072233423,-34.875675222864196,234.9395114942163,-35.227683108131096,234.9908854462817,-35.58316434624244,235.02207821476316,-35.940981624744275,235.03299000276482,-36.29999015734845,235.033004,-36.313323,235.033004,-44.483414,235.02284603200002,-44.842444652293224,234.99240462699655,-45.20032663627873,234.9417771780031,-45.55591495865223,234.87112566045488,-45.908071964358655,234.78067611399103,-46.255670976360236,234.6707179192726,-46.597599900281935,234.54160287214938,-46.93276478240171,234.3937440581386,-47.260093309602304,234.22761453081537,-47.57853824008693,234.0437457983443,-47.887080753882785,233.84272612299327,-48.18473371241295,233.62519863907082,-48.470544816708006,233.3918592953079,-48.74359965415332,233.14345462826742,-49.003024624024164,232.8807793739049,-49.247989732448936,232.60467392492208,-49.477711247858345,232.31602164204827,-49.691454208424844,232.0157460278512,-49.88853477347012,231.70480777211992,-50.068322411317595,231.38420167827226,-50.23024191659023,231.11822800265386,-50.347898977975355,230.53558300265385,-50.589841977975354,229.77817855856546,-50.90435227103716,229.53616151701388,-51.010212594838286,229.22165803932,-51.12729627834552,229.13999689406606,-51.15866291743797,228.79796074076984,-51.268287109285836,228.45027355553563,-51.35839712440006,228.43836950419876,-51.360802604847194,228.3307363044807,-51.396963831733814,227.98434074891534,-51.491918098012704,227.63313057646948,-51.56713517300585,227.2782294349204,-51.62237441021222,226.92077278078435,-51.65745907942585,226.56190424658226,-51.67227693215945,226.38257150512123,-51.67207261003108,225.02531750512125,-51.65135861003108,224.66648366791293,-51.635723045624125,224.3091078888973,-51.59982393459119,224.20499472657585,-51.58550483599981,224.12767024948033,-51.57421744381337,221.42668552702457,-51.47178192021376,221.04928007171523,-51.48528840192208,219.8324471126691,-51.6363682236412,219.01406347446004,-51.95842762527874,218.68815713249404,-52.183692903871844,218.2589617699553,-52.52269033143257,218.04051173388376,-52.99074282201992,217.796734335389,-53.56556725553365,217.70194224071437,-54.28314826089309,217.69572628691083,-54.32892051030543,217.59008014018576,-55.08619835244721,217.982030189995,-56.55198961092154,218.1012111813784,-56.953303399574075,218.32160836653037,-57.17807635039553,219.02397275849137,-57.73336981230298,219.67954258614424,-57.918332464174256,220.21500563843108,-58.013840305339706,221.76054271739633,-57.93902177979234,222.0561247172868,-57.91548718146461,222.2596848944052,-57.87586564691549,223.3595990972231,-57.636207264559374,228.2239531392337,-56.538860042997385,228.33245878353023,-56.51537716195958,229.96363378353024,-56.177256161959576,230.2365740351696,-56.126873931621574,231.89451975516602,-55.858158982598226,232.25346326764392,-55.794500194599664,232.34644059768613,-55.778721843715566,232.43820839052617,-55.763848955804264,233.20583883915677,-55.63067162724069,233.5613215857784,-55.579308114370754,233.91913978014253,-55.548125853676986,234.27814863303087,-55.537224608436965,234.36394312229888,-55.53896272567635,234.374730393622,-55.53596418327262,234.72566927278686,-55.45949133390432,235.08037055684727,-55.40298299216726,235.3758375420369,-55.37145592411725,238.17924042273006,-55.13851720131943,238.3251572186093,-55.12386892920162,238.5073443743902,-55.10822561178854,238.6908513743902,-55.09512761178854,238.9742282493871,-55.08125560174416,241.39239324938708,-55.01698560174415,241.40275027861244,-55.016718787469514,241.99380227861243,-55.001974787469514,242.152156,-55.0,249.611532,-55.0,249.6738528527775,-55.00030582537166,251.01184037094708,-55.013437874163444,251.21887238126538,-55.01404973053817,251.26587432250693,-55.01436259750016,251.4910238502816,-55.01669464490874,252.24229805265875,-55.01891370002194,252.26764446732165,-55.01903915362834,256.5672404831516,-55.04890172419857,257.4804262279311,-55.0074727538713,257.7442200066107,-55.00099333179321,257.9951060066107,-55.00004533179321,258.0191,-55.0,274.9929279394654,-54.99999993946544,274.9929279394654,-20.231597060534558,234.662174,-20.231597,234.30314334770677,-20.221439032000006,233.94526136372124,-20.190997626996506,233.91862519218785,-20.18791408451146,233.40027024210798,-20.126797244155455,232.5600842760197,-20.067965726406,232.2026401226525,-20.032753926912317,231.930629437991,-19.992162174098794,231.336741437991,-19.890344174098793,231.2803672966754,-19.88041745363807,228.50131881522097,-19.37814027242862,226.04219148139347,-18.95997297716374,225.97769608526468,-18.948663276858788,225.5876940852647,-18.878199276858787,225.48859568574554,-18.85948075186113,224.67817405208183,-18.699726226775233,222.19792064296252,-18.253074579157428,222.19033107967164,-18.251715510325475,220.273040751699,-18.093645082393053,219.09927719798296,-18.364069527326063,218.9281275020662,-18.43014422917896,218.75888162706426,-18.52705955011232,218.43265006638984,-18.761440850313083,218.06205967054132,-19.18682641809658,217.80078440380018,-19.650593021271288,217.53014644071533,-20.619936214201918,217.37239465633587,-22.153963216963295]}