{"Index":-1,"Tolerance":6.455970265245866E-06,"Coordinates":[239.3489173084157,-58.7286919019119,241.0162213304533,-56.0219610848487,241.1299697383318,-54.17574506562697,241.12574598457923,-53.72529543829313,241.03325507937987,-52.575765616528926,240.3941883907548,-50.889873117892236,238.44642513960008,-48.29758697811719,233.94267372924463,-47.251934524296544,228.3466808343672,-50.09560616120434,228.21802920784006,-57.74022936171022,233.1253836661848,-60.44546265149698,236.47629428973113,-60.40468090789254]}