{"Index":-1,"Tolerance":2.632446043508586E-05,"Coordinates":[211.40663756163738,-53.45150573295541,211.21297673174595,-54.83967078915698,211.29106488648293,-56.111201854825886,211.85878653687232,-58.23433409699305,211.88240503062065,-58.31804893232029,212.23511077264055,-59.50570308759504,213.02332747144757,-60.84444382950459,213.92791785597007,-61.76699492820503,214.22613064854934,-62.03500458452119,215.57799801185826,-63.10379906551219,216.6957771713276,-63.674393156826525,218.10576716421434,-64.07220815940339,218.41058073704372,-64.14221324014319,219.45180593475993,-64.32793109147875,220.1650872090426,-64.3736925521977,222.11689754197573,-64.27920660974155,222.2153844631046,-64.27290345050974,222.73864912517138,-64.23124028910193,223.09353544027925,-64.18273153113081,223.50766801051876,-64.10212382415787,223.57700194214607,-64.08782448470173,224.7228374106592,-63.83816004555852,224.74558977391064,-63.8331150283795,229.62132087936274,-62.733200631503195,231.25249794899065,-62.395079303124184,232.93372472517333,-62.122591389673836,232.98019949861336,-62.11470440551559,233.3623139638595,-62.046935768418,233.47160206951466,-62.029222569912186,233.50636261980773,-62.02339045841002,234.29129552249256,-61.88721100707088,235.3682585015537,-61.93309911102,235.90165562153314,-61.699648164875875,238.732201115985,-61.464453579616,238.786423359434,-61.45947966936725,238.95943631322015,-61.44211162155729,239.1429290795542,-61.429014473618736,241.56132699529033,-61.36473898458045,242.1521587458764,-61.35,249.61151408396276,-61.35,250.96041570363192,-61.363239062151564,250.98219637869164,-61.3633781181619,251.20009850980236,-61.36402184536567,251.4369330839349,-61.36647508757828,251.46043741709863,-61.36663154754386,252.22364737869023,-61.36888683768971,256.60613064199754,-61.39932532263552,256.77210491691574,-61.39613895011344,257.7682247119364,-61.350947257943666,258.0190218940835,-61.35,277.62318412106913,-61.35,281.34292800000003,-57.630256121069124,281.34292800000003,-17.601340878930873,277.62318412106913,-13.881597000000001,234.6621746866017,-13.881597000000001,234.06901166432084,-13.811659526041293,233.91899348312882,-13.79757116676364,233.0036346363819,-13.733475221294071,232.40971239185157,-13.631651213107112,229.61446883486732,-13.12644726920956,229.58203641642655,-13.120759039197969,227.10669995068997,-12.69983536498586,226.7166880943621,-12.629369777344865,225.88067979404786,-12.464570588059152,225.8293327729779,-12.454886975563406,223.32335191091454,-12.003601874500959,223.18769031623242,-11.978505892305531,222.87077896545344,-11.936240846966957,220.30535667602047,-11.724771682025974,219.32588644231237,-11.795511469398354,217.4538835056851,-12.226803167704524,217.02265663652855,-12.358987693082707,216.41648374282656,-12.593010303928704,215.98162231582432,-12.799993832062766,215.46155045500697,-13.097802859478186,215.1865721575176,-13.27464804407221,214.42926954874608,-13.818731580916745,213.88604336524418,-14.313318317730644,213.06165490537666,-15.259598895523903,212.68841953204713,-15.788127165861669,212.0804974241352,-16.867197923568988,211.78760677856232,-17.574378228001926,211.34152599561642,-19.17210487343763,211.2410484329324,-19.702067817308905,211.0484277914802,-21.575164449952815,211.03704660820972,-21.71700623807623,210.9350941677269,-23.483245900213948,210.9309281798015,-23.75035749460914,210.9781388913589,-25.533593205195885,210.97836683582617,-25.541801831813192,211.02786108881392,-27.244792870293644,211.10864582250164,-27.870699140978406,211.359943232664,-28.95537744642201,211.3723564169366,-29.00699045140993,211.6297749586678,-30.039281283441024,211.85134096366656,-30.652123826053217,212.33535997062003,-31.655525025888274,212.68854018716024,-32.225270086032324,213.56146156318889,-33.349125948969025,214.2684631187874,-34.01770465518085,215.34267956634724,-34.75978821965532,216.13071277070193,-35.155982000359494,217.62885498177675,-35.664411591803486,217.86635596107436,-35.73481219653353,218.55962788459038,-35.91121781252174,219.32323706275872,-36.00954976451844,220.27405546764416,-36.01617677009714,221.18989140722738,-36.064771376907395,221.4194844498111,-36.068641096065825,222.78676200180328,-36.04224322417735,223.13975808277243,-36.015705681238,224.03409077606273,-35.89808324522351,225.25450702176087,-35.82728698996286,225.31158151622114,-35.84449187402631,225.69279348988755,-35.934204282260424,226.75347779871205,-36.11570507666496,226.97883437523194,-36.14600929743853,228.683004,-36.31332341411948,228.683004,-44.48341371678274,228.11760804560893,-44.718193899557505,228.1003690853755,-44.7253521426519,227.25779377418883,-45.075230403253855,227.15696541809623,-45.12277432361374,227.07611108985193,-45.15035368149464,227.03165781656966,-45.16888778248194,226.62233191044868,-45.24061415095505,226.47947168953027,-45.322811909318716,225.1222220842372,-45.302098605683724,224.876710601,-45.266259754480934,224.53818015970023,-45.23522146485053,221.55043229587238,-45.12191049107079,221.31647475614193,-45.1216607449021,220.68293166977082,-45.144333568473435,220.4051506745502,-45.166505508932936,218.65348278060708,-45.3839899155042,217.87895454688578,-45.5811177510245,216.34876569157666,-46.18329548512103,215.70403233216797,-46.52706884370105,214.9943736512139,-47.01758225175466,214.83167178289085,-47.13787716297977,213.74040606419075,-47.999807134619545,212.8188436748636,-49.16427758643764,212.26248874734605,-50.35632773015743,212.21654990429144,-50.4595061277473,211.78326677076615,-51.48118199797592,211.55759332411702,-52.3087580174479]}