{"Index":-1,"Tolerance":2.5095051341185426E-05,"Coordinates":[216.5607304277726,-19.17898886677313,216.34706074558423,-19.797646284748488,216.18749784337598,-20.529042725864308,216.06067915361126,-21.83176699791905,216.05185561229925,-21.942437451546002,216.0121428665525,-22.581354313243256,216.00861117858923,-22.650256677536134,215.96159115116225,-23.815024064772526,215.95903730544907,-23.95698875397551,215.96799629060536,-26.00616415465948,215.96811365163154,-26.022908403489403,215.97626455517596,-26.867896794454232,215.99213935935316,-27.15590794659707,216.05903309626174,-27.819406949859964,216.1069974779898,-28.135139866480262,216.3862562649639,-29.505422852114062,216.5209589145071,-29.976991985429297,216.9113769443082,-31.028771361551957,217.37593303617305,-31.867002916757468,217.71463477495837,-32.30639575253476,218.1760690194098,-32.965033106720774,219.1394045249312,-33.86712794071344,220.54145629944037,-34.71805006605134,221.83866009810234,-35.162893588408586,222.57985646785815,-35.24868139524137,223.19074468486048,-35.417484316644874,223.2638648714219,-35.41633276727936,223.35617363686967,-35.44184051058501,223.4293416956392,-35.44068872745262,223.5216663724848,-35.466200152258516,223.59481279398258,-35.465048793755905,223.68713577304376,-35.49055955177449,223.7602774214018,-35.48940848023782,223.8526299503581,-35.51492740350661,223.92742809500137,-35.51374975548679,224.02108503974728,-35.539571431887325,224.16935153286386,-35.53718348069645,224.5522200810202,-35.64226079520903,224.6284390761402,-35.66216556117591,225.06961542847685,-35.77155213927623,225.29502047472704,-35.83949961256924,225.64210777144805,-35.923177768668175,226.2495442338523,-36.03393966622983,226.32128785104362,-36.046173754865244,227.10328370533063,-36.170318064962366,227.29746810700541,-36.17699109664688,227.39375317547047,-36.18850749398166,228.683004,-36.313935729109076,228.683004,-44.40235187319737,228.53343969675475,-44.43992085930245,228.4053569913091,-44.52738976099388,228.32537512580248,-44.547480617213516,228.25137461299803,-44.593713440374984,228.1568664998177,-44.61745301232972,228.08285615482717,-44.66369189081094,227.98834412580246,-44.68743261721353,227.91434361299804,-44.73366544037498,227.8198354998177,-44.75740501232971,227.74583006142697,-44.80364082535202,227.65131949981713,-44.82738101232981,227.5773140614263,-44.87361682535219,227.4828034998179,-44.89735701232962,227.4087980614269,-44.94359282535209,227.3142874998177,-44.96733301232972,227.24027715482717,-45.01357189081094,227.14576512580246,-45.03731261721353,227.07176461299804,-45.08354544037498,226.9772564998177,-45.10728501232971,226.90325106142697,-45.153520825352025,226.80874464897173,-45.1772599701002,226.80372836132295,-45.180393948686266,226.657266321735,-45.19389032169092,226.586032519578,-45.23112763918133,226.46771847399663,-45.242685388152395,226.39820810019768,-45.279265848926386,226.2779336783423,-45.29169097550265,226.21734726273252,-45.323789893733434,226.1001390825616,-45.33624514368928,226.04830375447534,-45.36380494598137,225.9356600825616,-45.37577514368928,225.88382692988074,-45.40333378936204,225.77118339769854,-45.41530388915899,225.71934589176826,-45.442864825125795,225.6067010825606,-45.45483514368944,225.55486575447438,-45.48239494598152,225.4422220825606,-45.494365143689436,225.39038675447438,-45.52192494598152,225.27774937497406,-45.53389447501953,225.22590947035872,-45.56145658283186,225.11326076737788,-45.573427398238586,225.06142979256975,-45.60098491021868,224.94878739769854,-45.61295488915892,224.8969498917681,-45.64051582512581,224.7843050825606,-45.65248614368944,224.73246975447438,-45.68004594598152,224.62103858672555,-45.69188729566513,224.56915236742955,-45.71944952538867,224.45721048548654,-45.731344846001036,224.405273335321,-45.75892105567059,224.29331363598308,-45.77081881380723,224.24136321200245,-45.798389931263046,224.12940239759243,-45.810287740139444,224.07742854568647,-45.83785978038469,223.96553679229962,-45.849750017464004,223.9135313301055,-45.87732646878956,223.8016673741647,-45.889213601661545,223.74961197686514,-45.91680419805251,223.6377601745894,-45.92869066590089,223.58570261851392,-45.95627043674135,223.47387352825353,-45.968154175678706,223.21265867803032,-46.10648440659492,222.81756888109663,-46.17720069111015,222.75376446738096,-46.214069457561436,222.40091261188252,-46.28010600910482,222.28591745290774,-46.34950500452014,221.4188006124001,-46.475003089876616,219.3099878539702,-47.68898206094612,218.32748699253605,-48.92948702927011,217.8720762567419,-49.467029071280294,217.28341504385102,-50.50641693877181,217.01774899809905,-51.28775200772512,216.99369551978765,-51.36143302766354,216.68741649291186,-52.33995860554535,216.54461611434243,-53.15932283839964,216.50644985213654,-54.072802659928506,216.47630981185645,-54.71250897982182,216.5559121958602,-55.58620122958634,216.8445692464346,-56.82572460686559,216.95332032152737,-57.19163054959494,217.16554808019293,-57.7748560751821,217.3042442346232,-58.098850056223796,217.92220701741752,-59.346236769419235,218.7528528040629,-60.39496621570308,219.08494765950843,-60.66962228710267,219.47014586350272,-61.12599508743184,220.96268958044152,-62.12308928148584,222.11459943968472,-62.489727905546,222.16499436524558,-62.50530816164298,223.40605204706827,-62.87773161774267,224.55355283885896,-63.00472562960218,225.43088685839737,-62.94224877271897,226.45216581709863,-62.89989320102656,226.88666684249387,-62.799642956565926,227.0577009228107,-62.77366021458224,227.24443403424942,-62.723969868011814,227.5504500414688,-62.681348191038346,227.86166558874191,-62.59346271345633,228.4949848506045,-62.490828461251915,228.50696042662395,-62.48715268732618,228.52469339133677,-62.48494438124997,228.66198264932385,-62.445109065307925,228.71578273450157,-62.43840931894776,228.85308324215745,-62.398571230609136,228.90689281904184,-62.391870195572494,229.04418645952157,-62.352033954475466,229.09799493270026,-62.345333056885934,229.23529621648302,-62.30549454576955,229.28910970765972,-62.298792969936386,229.4263945922003,-62.2589587580002,229.48020162298192,-62.252258093368916,229.61748994995125,-62.21242302787067,229.6712897345013,-62.2057233189478,229.80859024215732,-62.165885230609135,229.86239981904197,-62.159184195572465,229.99969345952152,-62.119347954475494,230.05350081904183,-62.11264719557249,230.1907910346433,-62.07281194821615,230.24460762298165,-62.066110093369,230.38189937475912,-62.02627403414128,230.43570973636594,-62.019572954717695,230.77229892315572,-61.921909371868104,230.91895644799558,-61.89088113132585,231.10854235730295,-61.83366684789472,232.51629071000167,-61.702465811452356,232.53235889628894,-61.700436136646466,233.05789876529965,-61.90283245599449,235.5661667289339,-61.846472760252716,236.70054408443576,-61.35,254.1032690267965,-61.35,254.87008894379798,-61.3613500329159,254.92907599557864,-61.36167511252504,258.0190264222225,-61.35,277.62318412106913,-61.35,281.34292800000003,-57.630256121069124,281.34292800000003,-17.601340878930873,277.62318412106913,-13.881597000000001,232.40274787893085,-13.881597000000001,232.30861209635236,-13.975732782578488,232.2345069278653,-13.971903815606984,231.65361829537304,-13.873162706367554,231.6270798659968,-13.868767216494424,229.78951406847963,-13.57240835037969,229.7211453260197,-13.539460297695783,228.82484736066942,-13.260702711811355,227.09530169588996,-12.992267912893327,226.45183593146086,-12.868366553074301,225.69518932826102,-12.814622947231323,224.88779015674766,-12.85373630917352,224.8418015426917,-12.85629865019861,223.42268172878184,-12.94569744552623,222.65803011135267,-13.089011271407324,220.82170015348925,-13.672454640399478,219.3065731018995,-14.694606444227858,218.1931735289913,-16.039683047676917,217.8816073149673,-16.335399073320982,217.0433067668929,-17.652284631933906,216.75364851280528,-18.51975334877315,216.71445018658002,-18.645808316586578]}