{"Index":-1,"Tolerance":2.2638377614299983E-05,"Coordinates":[53.65545180527524,-65.40223965009007,53.65651917622954,-65.47096923860892,53.657979041361344,-65.56394783984085,53.7142290613492,-66.42234713027644,53.72196448941831,-66.51814726871854,53.74784513082855,-66.83796511287652,53.75222671331766,-66.88732546466296,53.845508370633524,-67.85259279518215,53.86447603688456,-68.00849343137337,53.86569382024844,-68.01689891702758,53.889269753877336,-68.17733835300918,53.89865196524897,-68.24118610434277,53.9122528070399,-68.33363324815762,54.08012647421369,-69.1775605019091,54.09963095402824,-69.26861382126023,54.15844258474915,-69.5429176691679,54.16834550389366,-69.58754067062036,54.39490337355414,-70.57476824139738,54.43487683740905,-70.73070969200198,54.436381819979076,-70.73604700198344,54.47984720220713,-70.88931573840819,54.49910175952982,-70.95721160954616,54.524566908474995,-71.04697722228005,54.80117444802265,-71.86184740654011,54.82808373946149,-71.93758997757438,54.83465337565641,-71.95628813467728,54.86478218080292,-72.03920486509251,54.920881357401264,-72.19875435902908,54.93961344731884,-72.25058747482909,55.29386631334474,-73.20483908068395,55.35462165703815,-73.35645246969565,55.41982493980685,-73.50786881158393,55.44699854010783,-73.57096223091057,55.484245257129054,-73.65739929584593,55.864888705778796,-74.42925699108653,55.901214441634586,-74.50045153873585,55.90985699921561,-74.51753039991861,55.95106801717407,-74.59692262785117,56.027877197141976,-74.74865257861155,56.05238791564672,-74.79607771549769,56.52732524289828,-75.69638331513106,56.60625689058001,-75.83714954875582,56.69084040272765,-75.97926961639375,56.72699101469824,-76.03997037605791,56.7752912664672,-76.12104226287265,57.253357308258906,-76.83649712184405,57.298164012005614,-76.90168256018127,57.308511522208036,-76.91684027608865,57.3601871532473,-76.9909440255105,57.457120878690425,-77.13289519256108,57.48644532111299,-77.17510076681694,58.07388901934014,-78.00615140599639,58.166182170687,-78.12976978358876,58.169840858249536,-78.1349461827157,58.2725603840647,-78.26523975082243,58.31674993506171,-78.32130819829104,58.375626338373664,-78.39597274273095,58.943066304021485,-79.04302243198069,58.99603710918426,-79.10190253348003,59.007328774097765,-79.11453167124009,59.068785880725194,-79.18195500917838,59.184544450199446,-79.31138825071012,59.21787067908961,-79.34807109920742,59.90802904410606,-80.09593067144849,60.01170554350476,-80.20250824244245,60.01830308730617,-80.20965740207495,60.14099090373102,-80.32927376646802,60.19028791700178,-80.37734457455807,60.258336924020924,-80.44368206496172,60.90524972523682,-81.01100198458757,60.96403307708009,-81.0612993043342,60.97694182520487,-81.07240947856764,61.04729737605114,-81.13185309278899,61.180345733843076,-81.24634856923826,61.21659353208047,-81.27707270743286,61.99742015374598,-81.92893457916401,62.10967146837947,-82.0177102896096,62.120135238026954,-82.02644512418101,62.25400442137026,-82.12660018584717,62.31412453467326,-82.17159565506012,62.391025708371934,-82.2291135134592,63.10647452505816,-82.70716762569234,63.16903625980504,-82.74791489417768,63.18441886351446,-82.75799063701798,63.26266864006601,-82.80829327504188,63.41094891355863,-82.90545104649601,63.44931754060835,-82.93019887104924,64.30799341751747,-83.47534383299607,64.42558294970208,-83.54565777584172,64.44014357366835,-83.55490200575835,64.58929676821258,-83.63870756373852,64.65409080719822,-83.67512476098742,64.73781007897728,-83.72215358656192,65.50951294573134,-84.10272462716755,65.57400015909977,-84.13362912578478,65.85028900750922,-84.26596870831776,65.8817731808263,-84.28083815836315,66.79963037995152,-84.70818719680871,66.91958969664337,-84.76014428777795,66.93857566360658,-84.76898603169974,67.09710042646178,-84.83258602837898,67.16948051018554,-84.8616321817833,67.25862090716375,-84.89738790444713,68.07357781371383,-85.17402664399671,68.13831881699917,-85.19523499239996,68.45962639608084,-85.30010492690279,68.488824645297,-85.3094787095925,69.4199135942431,-85.6034424717491,69.55049038019202,-85.64108246623245,69.57452020766138,-85.64866936150372,69.7211331773619,-85.68627522950621,69.7980164484516,-85.70635669108484,69.81156090684794,-85.70946972086507,69.91129519826558,-85.73505132258855,70.75522695145143,-85.90291667746101,70.82082842346014,-85.91526898616777,71.15507933195892,-85.97785818986011,71.183824203876,-85.98310350632048,72.15577532371218,-86.15584602559663,72.27427256608982,-86.17356197929983,72.30207085790124,-86.17850156234388,72.474656270183,-86.19942640116408,72.55368675613549,-86.20901896093733,72.65015437427519,-86.22070438458589,73.50877943281417,-86.27698243849792,73.57143819225091,-86.28047129546383,73.88780529257721,-86.2980325213403,73.91794056792337,-86.29956189977686,74.92937246083135,-86.34607512505147,75.04272093322258,-86.34814091647644,75.07462219104396,-86.34961087639573,75.24762686027348,-86.34793225397911,75.33153474126341,-86.34712620971531,75.4286990339481,-86.3461753545202,76.28747685748478,-86.28988728771989,76.34910571001103,-86.2852653276833,76.66809555455082,-86.26131249953845,76.69957739276734,-86.25879086753125,77.72367257403569,-86.17163465847851,77.79645072868192,-86.16342143819507,77.84720507835715,-86.15914600718881,78.02210220605348,-86.13446480691,78.10320219152521,-86.12303403992632,78.20037327598054,-86.10930748135102,79.04420694352756,-85.94146163656394,79.10031859071893,-85.92977349329992,79.10627922873014,-85.9285383735098,79.22631167727094,-85.90353531802391,79.24938175318218,-85.89864029556031,80.43492003072492,-85.64248715751387,80.52521557880775,-85.62023815520214,80.57065717775482,-85.61036561569342,80.7417499621531,-85.56290574785507,80.82299297652625,-85.54037843335163,80.91742527631993,-85.51417472028929,81.73217901387923,-85.23760670855356,81.78378024901822,-85.21959462140573,81.79167311483153,-85.21685087018935,81.90842146953183,-85.17610762862657,81.93253081243547,-85.16758480101332,83.0951468419783,-84.75131713694536,83.13352889397287,-84.73632693797505,83.19976717788715,-84.71261224812865,83.36656533185189,-84.641898253563,83.44383004953607,-84.60914794731849,83.53413912804587,-84.57085542585934,84.3058728524599,-84.19026916756789,84.3500461335923,-84.16805552309933,84.35474591970397,-84.1656460876013,84.36857026261616,-84.15874558334411,84.50147573987347,-84.09160638044925,84.51837956319356,-84.0830036885277,85.57238447440466,-83.54262995941556,85.61482798940867,-83.51962923027816,85.69001972884712,-83.48108730799464,85.81004150671642,-83.4105452861139,85.873147460045,-83.37445655504108,85.90514418641827,-83.3546493026387,86.00596319583934,-83.29539358342814,86.72154408430795,-82.8172512224521,86.75996233634201,-82.79117226164529,86.7649945638681,-82.78770227788849,86.77314673143759,-82.78221029360091,86.87344113234744,-82.7140902307082,86.89029383497925,-82.70256450070745,87.89690795035148,-82.00937028004887,87.94738922667472,-81.97239055608226,87.99923158370461,-81.93665215703092,88.143628418832,-81.82418010470184,88.2124605357771,-81.77058473927666,88.29084474526857,-81.7095119240865,88.93797479164579,-81.14200148804602,88.97044136472456,-81.11313410939987,88.975627353858,-81.10845911097597,88.98426673114609,-81.10082840597683,89.1500947847183,-80.95331036199232,89.1664273295981,-80.93867984454175,89.91879479488834,-80.26001989672194,92.4761598381057,-80.8871448767284,93.10768510402579,-80.9762209981053,95.83594933896995,-81.0847864523764,97.49179005907637,-80.70366307904588,99.75289195596513,-79.49113401649733,99.89649996729746,-79.40924051896206,101.20285450738568,-78.61852569817245,102.7728823920504,-76.26253015217235,102.98196772354395,-74.87091019137091,103.44613722724762,-72.82837258270354,103.4617902033122,-72.75555042805394,103.63170532136196,-71.91731817240762,103.69514509793645,-71.28936220272381,103.69551992512605,-71.01613714743469,103.69787306318044,-70.99284664495623,103.698247926704,-70.71959414580603,103.70060106007939,-70.69630369075931,