{"Index":-1,"Tolerance":2.5873165651230015E-05,"Coordinates":[79.67734283646513,-35.803785168226874,79.95772471245925,-36.06089711457645,81.25438067596546,-36.94111533742676,82.4854043673865,-37.856691380600104,83.12489426904688,-38.22568986712662,83.48151763887947,-38.37950881065612,84.98506116749955,-39.33852849134967,85.71446982634633,-39.6827519032687,86.614823523961,-39.97522316586601,89.33155844918369,-41.309577392719774,89.9880994439082,-41.71477491625,92.61570045341598,-43.80762503028943,92.86504061935305,-43.9872218495376,93.7327275208901,-44.55054643526984,94.91898924017347,-45.018426566151774,95.82715135319391,-45.17949885377284,96.23262061440805,-45.224817478449054,100.04683780615102,-45.404513875023106,103.40512004461846,-43.313732935598914,104.6202867498739,-40.51797062640832,104.80471433923708,-39.95555197860971,105.15391682183902,-38.42083650796171,105.19530549654648,-38.20451643767434,105.65654184377756,-35.24033514191444,105.67606466440324,-35.091922253795296,105.76829955928642,-34.23498686111855,105.78654309196818,-33.89078563187747,105.78484817951392,-32.601594711823516,105.89538077496398,-28.63101201080795,105.8955359913521,-28.46004175692821,105.71920072572856,-21.683350206689852,105.70936042631116,-20.974959968405393,105.70224226997009,-19.89833858800466,105.75518417869448,-14.376788447664826,105.77830153816282,-12.494364919788083,105.77847041123098,-12.434214134439669,105.75891835096974,-9.500734007930223,105.7937107271403,-7.54969800446572,105.79401326598487,-7.457251636448944,105.78355621577543,-6.530718030776674,105.59392923700977,-5.481497976699304,104.41005368474993,-2.2007930522757926,103.28489813580023,-0.6915694421703237,101.95025126697881,0.29356817713087785,101.19137795171092,0.7080416805916216,99.74878834386574,1.2575300962405245,98.48610686568169,1.4653101880212567,95.98596406646543,1.3708829117397319,95.979276306025,1.3696564592504228,95.92430950499619,1.3675631344763026,95.78398067880507,1.3591046579992418,94.80676312162454,1.278456741072653,94.31675674558407,1.1655604928655485,94.05208804651696,1.1276048134192411,93.8232014805812,1.0675744358205328,93.68291454199523,1.0435636456816737,92.85412910939186,0.8785018656950001,92.82662556022166,0.8704866794954124,92.73600261774287,0.854976046402591,91.90722206134437,0.6899134870563401,91.80904072647857,0.661301192313028,91.45318660374579,0.6034944260258268,90.55994300672651,0.3189340811339321,90.08888109346344,0.08802270156386921,89.75185911977047,0.42031943169999286,89.6763767783127,0.4923365664961605,88.9759619021906,1.138952474216332,88.8217192264126,1.2724323441632428,88.26028640956764,1.7275943620400118,88.14883892581835,1.8139182530007543,87.44971358501651,2.331024497662216,87.39375790160521,2.37147815275292,86.77817723847103,2.806404720136481,86.60958704025467,2.917653935856817,85.97832527200269,3.305972752890756,85.85899895462727,3.3758412271185607,85.10370036887714,3.796276508532883,85.04007349839294,3.830750437360873,84.38589493900817,4.1756086953254155,84.20435577142715,4.264051621879678,83.51021277758524,4.575322929171448,83.38558425050816,4.628049367179719,82.58315550796799,4.9475487259526005,82.50468328987124,4.977596866951231,81.80011017149802,5.236750944843649,81.61708303961032,5.297826040212043,80.89861938837602,5.513549399923896,80.77100137068774,5.548983501052842,79.9428944590602,5.760414785879896,79.86612676965579,5.779001067435489,79.17281761713821,5.937756354132205,78.97555648373451,5.976399513708052,78.36858759222442,6.075470751345788,78.29091450101969,6.087164330500461,77.49521860618778,6.196907900600555,77.36987862440084,6.211663164555061,76.5267962238362,6.293962054966173,76.33754773937233,6.306744313082251,75.63818014046487,6.33303274630437,75.54470516538221,6.335168752865805,74.72623179619393,6.341817427436933,74.59699675115755,6.340236841438546,73.73568340268558,6.312163159171582,73.53396471811627,6.299151944163173,72.62795132438278,6.21168463150606,72.4953082869784,6.196057214436727,71.68902140948576,6.083825288211059,71.60550108357104,6.0710646328947995,70.94820405864803,5.961671084970743,70.75207260582152,5.9226462907353365,70.1096411430839,5.7736494687930655,70.03751284502891,5.7560298182329985,69.21650612897041,5.545270385510364,69.09093398388882,5.510272366778536,68.3316554266548,5.281758677821615,68.13955594001436,5.217191355122916,67.27877832567358,4.896957209797288,67.16523748475086,4.852214493088861,66.39174842786022,4.530101306996755,66.29236489001669,4.486707839623422,65.68214155118244,4.207766144439933,65.51464729954323,4.125164327270575,64.75674820380627,3.7232721111338,64.65723544153235,3.668197668311912,63.943050569048616,3.2560597258577277,63.856844468476076,3.2044775146654354,63.324310834901304,2.8742797103572704,63.15888551997269,2.7644015740901975,62.4139816718406,2.2353294365069005,62.32510568440596,2.169851028601673,61.67391683958629,1.672401569062689,61.59215082636398,1.6077875841724685,61.118134423057654,1.2204011197365037,60.969189207568704,1.0907478898335257,60.31081578616166,0.4806515843911895,60.23684315684518,0.4098523303788206,59.621708909104974,-0.19819756160508875,59.51858871016581,-0.3050104586089324,59.069830403366744,-0.7921311341029781,58.96807085771051,-0.908122655873961,58.43435001042497,-1.5471629087851637,58.367446749538516,-1.6300557018627269,57.83571158739522,-2.3119677378448307,57.74467514150888,-2.434694328316545,57.371578462347,-2.9638142782594272,57.28666230651403,-3.0906037015836225,56.87297401577393,-3.7415917209964817,56.83013939551246,-3.8109481718060274,56.40627485929949,-4.5173821601949875,56.339534539733286,-4.634151163472865,56.04762349087461,-5.170957814063254,55.96013074093335,-5.344274279593851,55.59936229647443,-6.116759089475517,55.56865812163118,-6.184565364761427,55.20864374120946,-7.005072312625393,55.153785587986896,-7.138226905591164,54.93886817591199,-7.695437759933632,54.87459844696849,-7.878544272183804,54.62389368876931,-8.669342382334733,54.60387097390581,-8.734952048799824,54.34127231128666,-9.629943778811699,54.303394179105716,-9.770965290579898,54.162034780851506,-10.350088443071556,54.12002346716266,-10.54987316476747,53.961165960230545,-11.447738939664264,53.95001392357356,-11.514968219705262,53.8147083839228,-12.388624919771576,53.79495039815048,-12.54025691161254,53.732175819780366,-13.133110201540052,53.71760739500727,-13.327535855584907,53.67676933270622,-14.253196261723728,53.674372683903414,-14.327004702279549,53.655812712168355,-15.21787882673021,53.655781646201845,-15.348648121254387,53.665569646034626,-15.829439279158507,53.6763208272819,-16.0337530987997,53.75658517054184,-16.978113445205377,53.76329902982989,-17.0479527382455,53.862876702494695,-17.97601519873321,53.88198069237062,-18.122049513818347,53.94999719599396,-18.56233170477008,53.98385962450851,-18.74567903882874,54.17177917297578,-19.618806943664687,54.18598115972084,-19.681683562585054,54.41707040046679,-20.658537957612506,54.469776256775106,-20.853452548928853,54.64371904302977,-21.4240706783329,54.69273592249717,-21.571789492448225,54.96581198675187,-22.33189302287502,54.98643479325393,-22.38765023725253,55.329540814671674,-23.289260753664113,55.38511896904476,-23.425699520306818,55.56124712751166,-23.8309076734343,55.64891925333627,-24.016038081464558,56.06481321028295,-24.825665335669367,56.090075517713835,-24.87382457592579,56.5685492883331,-25.76728612419102,56.65190010676887,-25.91348284795104,56.86049156362711,-26.25781287991067,56.95825120423283,-26.409309979808473,57.489219711279304,-27.183015961199306,57.523960381898775,-27.232618040836357,58.11127610154765,-28.054385543923075,58.20517390333217,-28.179162946273955,58.463010589597594,-28.5048074820257,58.595772036123606,-28.661765012044228,59.22460944622581,-29.35818416512066,59.25660961388301,-29.39309639019551,59.94321767145215,-30.13106105716872,60.05822534625266,-30.248429453964576,60.340799500149835,-30.522257626925164,60.487305155622785,-30.65562359604155,61.214404266571975,-31.27716364935579,61.250302578869984,