{"Index":-1,"Tolerance":6.181450845756941E-06,"Coordinates":[259.35332873324364,-53.933000174322,259.5699967769721,-53.39401210758204,259.8002067590442,-52.89639892603679,259.90036059235825,-51.86225230076805,259.93133392755163,-51.04949454560135,259.8781059558322,-49.464827424130014,259.85670695744585,-48.56211653351297,259.62617631474825,-47.33577363561063,259.5984182719924,-47.13009974356812,259.3079111358896,-46.580966675510005,259.0255903941966,-46.120254601103504,258.87900647765514,-46.02856770807105,257.8692621963286,-45.50202911435181,257.6276582902035,-45.44454454974105,257.15664122589624,-45.43418907795646,256.4521496143925,-45.41400687516476,256.22437166446144,-45.43014512399583,255.31175467074564,-45.50804920766815,254.59765144512892,-45.65796869590758,253.9281273611887,-45.78451908809425,252.89346423322047,-46.052278281239275,250.40501026221037,-46.83954592849116,250.22441407586152,-46.895975856093834,250.1689653790721,-46.917518697989706,249.8251937099602,-47.06558996837048,246.27768960870816,-48.42771480589473,245.23932504304148,-49.018562487438686,243.1645799300152,-49.78137033060357,241.66171658872625,-50.519233119184385,240.1411703955915,-50.98640434863088,237.64601233900905,-51.79613367606033,236.8643761071742,-52.09261754115038,235.99337872854497,-52.43495950313448,232.97075351080957,-53.20740449373218,232.1897737681257,-53.32939418555834,231.81552565939197,-53.20994162134583,228.12057204501656,-53.111835176799694,227.4520960740477,-52.9280677703867,225.5243253606673,-52.65644669679609,223.30599381610014,-52.17445246868771,222.37618542968545,-52.03872380881526,221.73841521189675,-52.014536126287815,221.05492005298345,-52.038996460461,220.51524304525446,-52.03588883201187,219.9617614916153,-52.25641169754609,219.13298168114406,-52.829260713851006,219.0776787289334,-52.87294147805091,219.049531282677,-52.93325025188557,218.64960212413555,-53.87627805970796,218.48913850672307,-55.09100158219168,218.4816417303454,-55.14473861186587,218.50863769998293,-55.24569642078436,218.92465698677154,-56.64654150644715,219.6939502720992,-57.43110766344247,219.77095897416388,-57.4919912274683,220.1567410012897,-57.60083582448678,220.85942188830256,-57.77690856667864,221.04722541553198,-57.77591520744058,221.64745913683845,-57.72188465312404,223.15031869666933,-57.59898687654067,227.29851788364857,-56.67619075197172,229.38570103435578,-56.138476441530656,232.52090712043054,-55.639686489562344,234.3835811599788,-55.222464062878636,235.43906839069388,-55.290002857919156,236.1548675504231,-55.21895864990212,241.60235563032478,-54.931915707686514,242.48563262896334,-54.90990011404423,244.99352064087643,-54.93393865722843,245.99763879109204,-54.94427457118487,246.1631089812047,-54.95415276356638,246.6400242752096,-54.961351676267924,251.45373393494611,-55.0061988198943,253.8864929551506,-55.03296991171086,255.6197175689741,-55.03809100810007,255.93806985456922,-55.015625256087105,257.07064071086137,-54.96314317898787,257.8040244137155,-54.8112364416542,258.1376040267914,-54.711778595080624,258.35933229183775,-54.59476309284956,258.96537491222426,-54.30717700228807]}