{"Index":-1,"Tolerance":2.504980006251881E-05,"Coordinates":[216.74800103709416,-19.169449366256814,216.51738102719628,-19.83718620193403,216.35781898257295,-20.5685794635467,216.23684011095114,-21.811311262978354,216.22801626477482,-21.92198608044125,216.17532763575326,-22.769679624444695,216.17179622450251,-22.83857697342532,216.130224241519,-23.86837393486579,216.12767032463773,-24.01033879448986,216.13553127903984,-25.808549375850525,216.13564865360664,-25.825295814001258,216.14552462565393,-26.84909355643727,216.16139995122307,-27.137109201261005,216.23769710883147,-27.893865353609144,216.28566079015275,-28.20959218296708,216.54339491377897,-29.474258459463776,216.67809762799297,-29.945828145611923,217.08309328014633,-31.036879705098595,217.5476478476649,-31.87510942593287,217.85571585385776,-32.27476225259314,218.35922078022566,-32.99344719926597,219.32255192102005,-33.89553655009271,220.68026057248437,-34.719546872078254,221.97746674183853,-35.164391096768405,222.62215814460643,-35.239008891210624,223.35619281720622,-35.44184203061261,223.42934743347197,-35.44069031294736,223.5216663724848,-35.466200152258516,223.59481279398258,-35.465048793755905,223.68713577304376,-35.49055955177449,223.7602774214018,-35.48940848023782,223.8526299503581,-35.51492740350661,223.92742809500137,-35.51374975548679,224.02108503974728,-35.539571431887325,224.16935153286386,-35.53718348069645,224.5522200810202,-35.64226079520903,224.6284390761402,-35.66216556117591,225.06961542847685,-35.77155213927623,225.29502047472704,-35.83949961256924,225.64210777144805,-35.923177768668175,226.2495442338523,-36.03393966622983,226.32128785104362,-36.046173754865244,227.10328370533063,-36.170318064962366,227.29746810700541,-36.17699109664688,227.39375317547047,-36.18850749398166,228.683004,-36.313935729109076,228.683004,-44.40235187319737,228.53343969675475,-44.43992085930245,228.4053569913091,-44.52738976099388,228.32537512580248,-44.547480617213516,228.25137461299803,-44.593713440374984,228.1568664998177,-44.61745301232972,228.08285615482717,-44.66369189081094,227.98834412580246,-44.68743261721353,227.91434361299804,-44.73366544037498,227.8198354998177,-44.75740501232971,227.74583006142697,-44.80364082535202,227.65131949981713,-44.82738101232981,227.5773140614263,-44.87361682535219,227.4828034998179,-44.89735701232962,227.4087980614269,-44.94359282535209,227.3142874998177,-44.96733301232972,227.24027715482717,-45.01357189081094,227.14576512580246,-45.03731261721353,227.07176461299804,-45.08354544037498,226.9772564998177,-45.10728501232971,226.90325106142697,-45.153520825352025,226.80874464897173,-45.1772599701002,226.80372836132295,-45.180393948686266,226.657266321735,-45.19389032169092,226.586032519578,-45.23112763918133,226.46771847399663,-45.242685388152395,226.39820810019768,-45.279265848926386,226.2779336783423,-45.29169097550265,226.21734726273252,-45.323789893733434,226.1001390825616,-45.33624514368928,226.04830375447534,-45.36380494598137,225.9356600825616,-45.37577514368928,225.88382692988074,-45.40333378936204,225.77118339769854,-45.41530388915899,225.71934589176826,-45.442864825125795,225.6067010825606,-45.45483514368944,225.55486575447438,-45.48239494598152,225.4422220825606,-45.494365143689436,225.39038675447438,-45.52192494598152,225.27774937497406,-45.53389447501953,225.22590947035872,-45.56145658283186,225.11326076737788,-45.573427398238586,225.06142979256975,-45.60098491021868,224.94878739769854,-45.61295488915892,224.8969498917681,-45.64051582512581,224.7843050825606,-45.65248614368944,224.73246975447438,-45.68004594598152,224.62103858672555,-45.69188729566513,224.56915236742955,-45.71944952538867,224.45721048548654,-45.731344846001036,224.405273335321,-45.75892105567059,224.29331363598308,-45.77081881380723,224.24136321200245,-45.798389931263046,224.12940239759243,-45.810287740139444,224.07742854568647,-45.83785978038469,223.96553679229962,-45.849750017464004,223.9135313301055,-45.87732646878956,223.8016673741647,-45.889213601661545,223.74961197686514,-45.91680419805251,223.6377601745894,-45.92869066590089,223.58570261851392,-45.95627043674135,223.47387352825353,-45.968154175678706,223.21265867803032,-46.10648440659492,222.81756888109663,-46.17720069111015,222.75376446738096,-46.214069457561436,222.40091261188252,-46.28010600910482,222.31896243160705,-46.329562527413295,221.5853468425879,-46.43573962986032,219.47653919638518,-47.64971576700194,218.52240424819408,-48.854403849828294,218.03764828317043,-49.426584277991424,217.44898762776793,-50.4659732484804,217.17028503073513,-51.28565196932667,217.1462334352661,-51.35932722499833,216.854580095126,-52.29112237044902,216.71177871045992,-53.110491935503006,216.6754582801063,-53.97980904355807,216.64189571858554,-54.692208977727006,216.72149701516207,-55.56588320035501,216.9979606902214,-56.75305877499397,217.10671706058238,-57.1189817258898,217.34448477363802,-57.77238696626249,217.48317614047838,-58.096368581069406,218.0780670287142,-59.29718590786979,218.90871422584428,-60.345917836391486,219.21656739997474,-60.60052498363519,219.6340361918807,-61.0951309305154,221.1265903459481,-62.09222819405154,222.32904207189608,-62.474949150079965,222.3794229047255,-62.4905249893033,223.56872571903884,-62.847419166117064,224.71622724314446,-62.974414540278076,225.65029066087493,-62.90789876684972,226.61317024768218,-62.867964627655624,226.74659943533254,-62.83717902203502,226.77416682291405,-62.83603570031069,227.28339991546383,-62.71854272968268,227.5504500414688,-62.681348191038346,227.86166558874191,-62.59346271345633,228.4949848506045,-62.490828461251915,228.50696042662395,-62.48715268732618,228.52469339133677,-62.48494438124997,228.66198264932385,-62.445109065307925,228.71578273450157,-62.43840931894776,228.85308324215745,-62.398571230609136,228.90689281904184,-62.391870195572494,229.04418645952157,-62.352033954475466,229.09799493270026,-62.345333056885934,229.23529621648302,-62.30549454576955,229.28910970765972,-62.298792969936386,229.4263945922003,-62.2589587580002,229.48020162298192,-62.252258093368916,229.61748994995125,-62.21242302787067,229.6712897345013,-62.2057233189478,229.80859024215732,-62.165885230609135,229.86239981904197,-62.159184195572465,229.99969345952152,-62.119347954475494,230.05350081904183,-62.11264719557249,230.1907910346433,-62.07281194821615,230.24460762298165,-62.066110093369,230.38189937475912,-62.02627403414128,230.43570973636594,-62.019572954717695,230.77229892315572,-61.921909371868104,230.91895644799558,-61.89088113132585,231.10854235730295,-61.83366684789472,232.51629071000167,-61.702465811452356,232.53235889628894,-61.700436136646466,233.05789876529965,-61.90283245599449,235.5661667289339,-61.846472760252716,236.70054408443576,-61.35,254.1032690267965,-61.35,254.87008894379798,-61.3613500329159,254.92907599557864,-61.36167511252504,258.0190264222225,-61.35,277.62318412106913,-61.35,281.34292800000003,-57.630256121069124,281.34292800000003,-17.601340878930873,277.62318412106913,-13.881597000000001,232.40274787893085,-13.881597000000001,232.30861209635236,-13.975732782578488,232.2345069278653,-13.971903815606984,231.65361829537304,-13.873162706367554,231.6270798659968,-13.868767216494424,229.7448636984929,-13.5652072297239,228.9231542404463,-13.309647305350005,227.0161938502269,-13.013677742261226,226.57415854496992,-12.928560453411185,225.8174939792433,-12.874814415240456,225.2227943307293,-12.90362462179692,225.17681077930862,-12.90618670471766,223.64691920344782,-13.002563244032753,222.8822669989293,-13.145877030160802,220.98058089366316,-13.75008530948028,219.4654539702958,-14.77223668995575,218.32926280743612,-16.14484679988362,218.0719589046882,-16.412161138891722,217.5000195637144,-17.231792608706407,217.1437157931319,-17.965314940459784,216.94852268877258,-18.473935999458174]}