{"Index":-1,"Tolerance":3.4314429159870344E-05,"Coordinates":[58.220588795174386,-31.864897420541855,57.34521599529239,-32.33324380100389,55.724797921215476,-34.344004470106206,54.24210720073828,-39.55707057237628,54.120477717849866,-40.41204915237118,54.110410675760775,-42.23471824383197,54.86707510987786,-44.346220019294364,58.192384303392004,-48.34487989313311,58.3699787216453,-48.53671677423239,58.51238925790307,-49.04890247634975,59.11473811164108,-50.0358610740406,59.360507494153644,-50.4665465664927,59.27244208678837,-50.56100467756799,58.56792143365669,-51.3932431899707,58.50207409803022,-51.47366039540029,57.70500874830267,-52.48026046943451,57.50797647759804,-52.758564323494554,56.45226997906218,-54.43360050614003,56.32507981870472,-54.6546025691893,56.04469649261521,-55.19045570878778,55.976090166383514,-55.32976178443577,55.25057552436248,-56.898584184997524,55.155545821984,-57.12703183484293,54.938625326477236,-57.71174603002347,54.884570667643864,-57.87013010028382,54.35113419570233,-59.579199525788425,54.268683453972386,-59.901985643636976,54.01518284528191,-61.16791607581772,53.99687552774651,-61.26757277693104,53.828074499762465,-62.27681074965581,53.8033810389441,-62.455510049423246,53.74836288788733,-62.95869259330504,53.73230904974451,-63.17146449188418,53.65154056878516,-65.10682785131084,53.65557709346783,-65.4470674417773,53.74303474181103,-66.78171269159607,53.75428560877044,-66.91213765544282,53.895369912327915,-68.2298032018479,53.94743471937826,-68.55537401515573,54.161039970324,-69.55515881664009,54.17865184493378,-69.63281295082007,54.491929139033296,-70.93801736322038,54.59471219365829,-71.28018381886477,55.30905564889429,-73.24897395051805,55.4462103418229,-73.57058425370664,56.00528737363239,-74.70426195720484,56.04464122771996,-74.78139285895159,56.56586442350374,-75.76943935455665,56.73429577951694,-76.05218896032083,57.429989798160605,-77.09333741736374,57.477215844498964,-77.16204391990118,58.12212907909867,-78.07439612905219,58.32783310886992,-78.33530729412165,59.16321940443117,-79.28789458851814,59.23705660256034,-79.36920959391679,60.13639942797355,-80.32585123963898,60.381071801155684,-80.55978499774274,61.19452139821562,-81.25849947888688,61.25055917101529,-81.30552235126225,62.24747785811692,-82.12268016550533,62.52272497958109,-82.32458520655449,63.42622007813456,-82.91541589545103,63.48577097564103,-82.9534195339671,64.58292716224183,-83.6365361181632,64.90296216630944,-83.81116080879313,66.82190866087132,-84.71947634503479,67.10080282357865,-84.83559596200053,67.6306988803475,-85.02720039330269,67.7396224692779,-85.06436798862076,69.48699866486882,-85.6254754118643,69.83860528630282,-85.71657837497666,71.10241632826553,-85.96796049889076,71.16623795832871,-85.97997794547852,72.24251367045996,-86.17126182195642,72.59069887150048,-86.21348282091346,73.8524695067718,-86.29618521491844,73.9386648069997,-86.30065922539983,75.22391437960971,-86.34986568310515,75.59878904894069,-86.34208062003603,77.78727078280704,-86.16707894695841,78.15065221761787,-86.11677816129325,79.1793957576032,-85.91326506833211,79.23377048899525,-85.90201334085637,80.52090358217123,-85.62390913524284,80.86677387855728,-85.52845373616607,81.86345862947282,-85.19176625261923,81.91758908297663,-85.17293459721509,83.19433254515884,-84.7158042935622,83.55433197041718,-84.56125985579857,85.65455407083654,-83.5018698228107,86.00968153657342,-83.29281581267348,87.95001713772557,-81.97410783291599,88.25904928968748,-81.73504177646284,89.1301411158006,-80.97112461111553,89.17373591823072,-80.9321777065723,89.4104646799731,-80.71673667520054,93.40203292418292,-82.14233547802479,93.60356216834701,-82.20682713525197,94.5151840723274,-82.46541254355105,94.55258410344975,-82.47577467863731,96.41485511173686,-82.97950495963103,96.92974022734003,-83.07414278211957,97.65064901872117,-83.14602273412723,97.81040151994299,-83.15789063680998,99.15344967970735,-83.223654748806,99.29132298482236,-83.22740689213073,101.1794439016374,-83.23776937626172,101.46229739695619,-83.2709020619487,105.45374991932569,-83.34310828560157,105.46451444891036,-83.34233432947717,106.12335146795506,-83.36090797600582,106.14610425318183,-83.35726519535768,106.54749304710657,-83.36857994127453,106.57024333585858,-83.36493749143226,106.97162637216759,-83.37625186591208,106.99436683651288,-83.3726109403608,107.39573613846045,-83.38392588728217,107.41849129062905,-83.38028265877941,107.52306616333983,-83.38323055570672,107.59143615209949,-83.39816949085274,108.12175274746683,-83.39393315536486,108.3449397310954,-83.43504614354309,109.31651836220446,-83.36839380407804,109.92293442098725,-83.34923667267668,110.13540836435496,-83.29975973197483,110.36783409003674,-83.29166896795834,110.57798529894832,-83.24130695050106,110.85047093819414,-83.22986320945488,111.02481393618645,-83.18542698745716,111.26473259433021,-83.17535126924359,111.4390806420746,-83.1309139117105,111.67900548049467,-83.1208378358688,111.85335174458062,-83.07640078141516,112.09327348049459,-83.0663248358688,112.26761974458053,-83.02188778141516,112.50754148049467,-83.0118118358688,112.68188759352455,-82.96737481991605,112.92180875432736,-82.95729891684921,113.94905365606044,-82.69547679644015,114.84837343706002,-82.51329071634571,115.0021815909878,-82.4781327622567,116.15609741182088,-82.18402118321619,116.82919171728355,-82.04766315392348,116.93485506350267,-81.96191622828583,117.10151602840513,-81.92815388560281,117.20718693535858,-81.84240106456933,117.37385202840485,-81.80863788560286,117.47952293535835,-81.72288506456937,117.64618278359407,-81.6891229481018,120.06906785700339,-79.72293792033214,121.31171614253384,-76.84210943236234,121.49177669179656,-76.50329029477096,121.84180632868295,-75.39537232870626,122.22684696840334,-72.29459228459032,122.25057373810576,-71.95882052771648,122.27524694862801,-70.5530227829624,122.27573585688843,-70.49732204932229,122.27574799991626,-68.13274160968645,122.27887092670227,-47.57956782181084,122.28039888852585,-39.425089840982515,122.28006799616134,-29.90428820331262,122.2803581984927,-16.659867323136254,122.28030610405226,-16.641609780128334,122.27653008602817,-15.982455366479567,122.25470120301267,-10.461666456975278,122.25413630886449,-10.413028950842163,122.23651221861446,-9.498734612593328,122.23497455296615,-9.443716949318436,122.16481671954023,-7.528155114718506,122.14695573179176,-7.288627781566849,122.05961509307967,-6.513814795971244,122.03831863563384,-6.359152284346935,121.86602064528297,-5.301054560458521,121.76108113366222,-4.858793856940596,121.60788741216406,-4.37137807077041,121.5639956254322,-4.241586253711851,121.27390686561223,-3.4411084650076518,121.18578979233357,-3.223436339606293,120.94524078804803,-2.6871269860191935,120.6435617783925,-2.1572577517727467,119.87331481792388,-1.0634272776896534,119.14380557784654,-0.3215711954074354,118.18864337866194,0.37529682629887007,117.89333236634839,0.5666318225396444,116.93267415571171,1.1160369110976212,115.8067821359863,1.5047980371230205,114.58231503028692,1.6841549921279906,114.5188124625017,1.6881087381376019,114.49071381043076,1.69222452317219,114.18058626289769,1.722209102152738,113.66730819683602,1.7465197812743425,113.52631343278716,1.7500620613223261,111.15097602187221,1.7569700594678737,111.10014630304691,1.756711001940809,110.24045216425881,1.7454472696530166,108.47371289545539,1.7421458353534447,108.41048693304023,1.741398082932029,105.12040893514866,1.6697170854642454,103.68530764486091,1.6492786919811824,103.6297862109694,1.6480022180183314,100.91177518148116,1.5617242706207233,100.88891003327652,1.5609159839727054,95.92015524463133,1.3673422725855822,95.78259859427332,1.3589905971765697,95.08273175435377,1.301231910433,94.72341874066618,1.2507926935404383,92.1508627688184,0.7384377786604447,92.09620801564708,0.7270521781451188,91.20587517926752,0.5333968203926086,90.47442988325953,0.2779166560562749,90.08895977648156,0.08794512172729965,89.75185911977047,0.42031943169999286,89.6763767783127,