{"Inners":[{"Index":-1,"Tolerance":2.4590840000000007E-06,"Coordinates":[223.26198,-42.64763,221.928451,-42.618726,221.715402,-42.621256,221.698903,-42.622006,220.058584,-42.548922,217.186876,-42.139581,217.137661,-42.132958,217.116622,-42.130294,216.648943,-41.99627,216.521743,-41.96774,215.826951,-41.768631,215.699762,-41.740104,215.162575,-41.58616,215.120807,-41.574498,214.845159,-41.499563,213.943617,-41.06107,213.990795,-40.889385,214.224546,-39.739318,216.126681,-38.882117,217.419555,-38.593665,218.533848,-38.394768,218.828936,-38.354345,218.955956,-38.334317,219.654328,-38.20966,222.706512,-37.965959,222.81161,-37.955806,222.987708,-37.935834,223.713109,-37.878436,225.04574,-37.845876,225.07547,-37.84501,225.333317,-37.836293,225.510834,-37.833756,225.572746,-37.832267,227.559289,-37.765102,228.683004,-37.79179,228.683004,-42.665067,228.495177,-42.667826,225.154307,-42.68327]}],"Index":-1,"Tolerance":3.0048628E-05,"Coordinates":[202.268747,-68.468667,204.451509,-68.299335,204.562002,-68.288817,205.675888,-68.16311,205.900149,-68.129656,208.396416,-67.665639,208.522507,-67.639545,208.980392,-67.535064,209.092021,-67.511814,209.932457,-67.317822,210.950012,-67.085635,210.972867,-67.080331,211.489767,-66.958359,212.717259,-66.675024,212.732159,-66.671547,216.649778,-65.74736,219.138242,-65.17376,219.139665,-65.173432,223.948234,-64.062711,228.395023,-63.045945,231.732669,-62.329617,234.241988,-61.900492,235.106283,-61.783535,238.676696,-61.470278,239.379413,-61.437517,240.826422,-61.414037,240.867878,-61.413093,241.699961,-61.388718,241.86104,-61.386154,245.294192,-61.390019,245.4654,-61.385594,245.493604,-61.384103,245.544284,-61.384103,245.559217,-61.384068,250.820949,-61.359319,256.588201,-61.399199,256.717943,-61.397445,258.114849,-61.35,277.623184,-61.35,281.342928,-57.630256,281.342928,-17.601341,277.623184,-13.881597,234.67723,-13.881597,232.839136,-13.672465,232.435059,-13.610714,227.874326,-12.830409,226.339176,-12.549971,221.130772,-11.556236,221.116993,-11.553639,219.822682,-11.312611,215.176013,-10.417336,215.143897,-10.411319,214.846589,-10.357203,212.74274,-9.951855,212.72653,-9.948776,211.088165,-9.641934,211.034359,-9.632335,210.487021,-9.539549,210.44445,-9.531059,210.350998,-9.513872,207.823882,-9.088087,207.378883,-9.01265,205.161898,-8.616331,204.927861,-8.583426,202.86818,-8.371634,201.8771,-8.424723,200.163515,-8.78906,198.55016,-9.042635,197.232201,-9.566483,195.000905,-11.095442,193.892625,-12.408252,193.883159,-12.428773,192.874195,-13.516256,192.03336,-15.308182,191.586956,-18.735846,191.46202,-19.110165,191.299191,-20.02712,191.251701,-21.645022,191.250637,-21.694301,191.154709,-28.635054,191.154408,-28.675471,191.150134,-32.595567,191.150243,-32.625496,191.22307,-41.361324,191.223192,-41.373292,191.258375,-44.279431,191.248932,-44.420959,191.242211,-45.968878,191.105423,-52.456319,191.105081,-52.571277,191.140695,-54.925785,191.150475,-55.131384,191.41214,-58.397356,191.443077,-61.027646,192.242077,-63.132931,192.792281,-63.768288,193.879253,-65.462998,195.422589,-66.732496,197.122134,-67.40385,198.47976,-68.001922,200.827884,-68.384425,201.095796,-68.416457,201.779773,-68.46889]}