{"Inners":[{"Index":-1,"Tolerance":1.1296570000000017E-06,"Coordinates":[14.913514,-36.128,14.74251,-36.101586,14.576621,-36.049092,14.421985,-35.972526,14.280206,-35.872804,14.155568,-35.752824,14.050261,-35.614689,13.967664,-35.462818,13.909154,-35.299907,13.876127,-35.129589,13.869513,-34.956932,13.889426,-34.784417,13.935283,-34.617508,13.994858,-34.484613,14.00597,-34.459825,14.100303,-34.314153,14.215675,-34.184708,14.34905,-34.074709,14.498011,-33.986162,14.658729,-33.921378,14.827241,-33.88195,15.0,-33.868686,15.172758,-33.88195,15.341256,-33.921375,15.502023,-33.986179,15.65094,-34.074702,15.784334,-34.184716,15.842142,-34.249575,15.899667,-34.314118,15.9938,-34.459483,16.064787,-34.617832,16.11059,-34.784526,16.130484,-34.956869,16.123867,-35.129587,16.090856,-35.299823,16.032289,-35.46291,15.949627,-35.614899,15.844591,-35.752702,15.719801,-35.8728,15.578121,-35.972452,15.422941,-36.049287,15.257834,-36.101533,15.086496,-36.128]}],"Index":-1,"Tolerance":2.13504795E-05,"Coordinates":[15.250905,-56.34937,15.547674,-56.327692,17.585225,-56.194172,17.58667,-56.193981,17.594327,-56.19348,18.006737,-56.139196,20.051275,-55.732497,20.097399,-55.722966,20.389973,-55.660242,20.682149,-55.579595,20.747534,-55.561563,22.619417,-54.926115,22.874605,-54.845215,23.319999,-54.665993,23.328524,-54.661789,23.32965,-54.661336,25.133573,-53.771778,25.286805,-53.700675,25.587361,-53.541122,25.637772,-53.510795,25.673299,-53.491499,25.922077,-53.341253,25.994178,-53.293074,26.020563,-53.276336,27.712632,-52.145699,27.730994,-52.132535,27.737187,-52.128397,27.907038,-52.006631,28.091918,-51.864654,28.121373,-51.840472,28.121934,-51.840041,28.281506,-51.709028,29.822254,-50.357844,29.955256,-50.234306,29.958999,-50.230624,29.983926,-50.207472,30.1503,-50.043841,30.168446,-50.024626,30.170583,-50.022525,30.331442,-49.852204,31.647951,-48.350997,31.679266,-48.31474,31.819455,-48.149933,31.993987,-47.925067,32.035767,-47.865949,32.04568,-47.852736,32.145933,-47.711228,32.160255,-47.689795,32.162104,-47.687178,32.2091,-47.6188,33.379037,-45.867991,33.587031,-45.507732,33.590122,-45.501464,33.591423,-45.499211,34.475359,-43.706811,34.599652,-43.46732,34.788319,-43.024782,34.791502,-43.015406,34.792489,-43.01309,35.435407,-41.119287,35.460039,-41.053314,35.527197,-40.85343,35.53914,-40.813543,35.569353,-40.724398,35.676463,-40.324278,36.057927,-38.406579,36.07062,-38.353221,36.120795,-38.095356,36.130442,-38.031874,36.149576,-37.928698,36.163409,-37.81809,36.1679,-37.789462,36.175067,-37.724877,36.196038,-37.557199,36.199451,-37.505148,36.199475,-37.504931,36.213106,-37.296929,36.331009,-35.499597,36.34938,-35.244176,36.349461,-35.218474,36.350014,-35.210056,36.350025,-35.040511,36.35076,-34.808154,36.35004,-34.79717,36.35004,-34.793992,36.223831,-32.868057,36.223804,-32.866639,36.21066,-32.631593,36.202836,-32.547643,36.194445,-32.419545,36.140167,-32.007209,35.728732,-29.938835,35.673906,-29.656152,35.542202,-29.179243,35.454424,-28.93676,34.80447,-27.022043,34.645405,-26.638009,33.788641,-24.900538,33.781886,-24.885054,33.668953,-24.652506,33.646933,-24.6115,33.608892,-24.53304,33.543658,-24.419175,33.509066,-24.354756,33.463956,-24.280056,33.391612,-24.153781,33.350972,-24.092961,33.343334,-24.080313,33.262504,-23.960563,32.767881,-23.220336,32.670337,-22.877256,31.027025,-20.853231,30.883416,-20.777755,30.404203,-20.231309,30.366018,-20.188552,30.185258,-19.989788,29.929565,-19.738668,29.929302,-19.738438,29.928756,-19.737901,28.4794,-18.466853,28.449257,-18.438184,28.257862,-18.270233,28.222624,-18.241728,28.1606,-18.187375,27.831677,-17.935077,26.027766,-16.729706,25.990987,-16.705497,25.794041,-16.577813,25.470826,-16.39418,25.470202,-16.393872,25.458866,-16.387432,23.552029,-15.447124,23.453056,-15.400422,23.45145,-15.399698,23.414606,-15.382313,23.205998,-15.288242,23.143406,-15.263573,22.907801,-15.170703,20.928005,-14.498623,20.828498,-14.46666,20.827099,-14.466236,20.789262,-14.454081,20.570865,-14.387866,20.557936,-14.384629,20.557914,-14.384622,20.255885,-14.308986,18.206734,-13.901373,18.112015,-13.884021,18.110379,-13.883747,18.070439,-13.876429,17.84531,-13.838695,17.787385,-13.831962,17.51574,-13.800371,15.430759,-13.66374,15.34263,-13.659193,15.340614,-13.659117,15.299248,-13.656983,15.071301,-13.648392,15.060101,-13.648548,15.060056,-13.648546,14.732623,-13.653091,12.647862,-13.789707,12.568048,-13.795949,12.565831,-13.796151,12.523555,-13.799457,12.296501,-13.820095,12.286148,-13.821591,12.285747,-13.821627,12.052729,-13.855308,11.964501,-13.868053,11.964352,-13.868083,11.953813,-13.869606,9.904755,-14.277201,9.834228,-14.292065,9.831861,-14.292592,9.789407,-14.301539,9.566892,-14.351081,9.557932,-14.353591,9.557644,-14.353655,9.340488,-14.414501,9.236309,-14.443684,9.236175,-14.44373,9.227051,-14.446286,7.248742,-15.117823,7.188319,-15.139015,7.185582,-15.140006,7.144372,-15.154458,6.929971,-15.232082,6.922301,-15.23535,6.921971,-15.235469,6.727129,-15.318494,6.606506,-15.36988,6.606311,-15.369976,6.598588,-15.373267,4.724939,-16.297264,4.675072,-16.322404,4.672093,-16.323939,4.632416,-16.343941,4.429529,-16.448464,4.316795,-16.514884,4.113523,-16.634631,2.376262,-17.795465,2.336753,-17.822297,2.333156,-17.824779,2.296335,-17.849785,2.108594,-17.979354,2.103976,-17.982953,2.103908,-17.983,1.813729,-18.209151,0.242913,-19.586704,0.213211,-19.613081,0.207474,-19.61824,0.205502,-19.61997,0.175832,-19.646319,0.00623,-19.798845,0.002786,-19.802332,0.002685,-19.802423,-0.153238,-19.960314,-0.257973,-20.066362,-0.258033,-20.066431,-0.261484,-20.069925,-1.639006,-21.640705,-1.659696,-21.664535,-1.668232,-21.674466,-1.672457,-21.679284,-1.693095,-21.703053,-1.841954,-21.876226,-1.952038,-22.021193,-2.076286,-22.18476,-3.237194,-23.922123,-3.250149,-23.941667,-3.260582,-23.957532,-3.266118,-23.965818,-3.279055,-23.985335,-3.403483,-24.174565,-3.406312,-24.179501,-3.40806,-24.182165,-3.503402,-24.348905,-3.596916,-24.512071,-3.5983,-24.514869,-3.601251,-24.520031,-4.524654,-26.392488,-4.531475,-26.406404,-4.542692,-26.429432,-4.548112,-26.440422,-4.555009,-26.454496,-4.645919,-26.641154,-4.654481,-26.65871,-4.654544,-26.658863,-4.655276,-26.660366,-4.730884,-26.844315,-4.807431,-27.03027,-4.807974,-27.03187,-4.808023,-27.031989,-4.812934,-27.046483,-5.479226,-29.009332,-5.481515,-29.016102,-5.500183,-29.071506,-5.56626,-29.26622,-5.572097,-29.2878,-5.577309,-29.303515,-5.622893,-29.475613,-5.670769,-29.652628,-5.674077,-29.668854,-5.677065,-29.680134,-5.730556,-29.947312,-5.731324,-29.951164,-6.138232,-31.996765,-6.139631,-32.007147,-6.141547,-32.016937,-6.16607,-32.203367,-6.191177,-32.389696,-6.191891,-32.399656,-6.19331,-32.410447,-6.208546,-32.633154,-6.20915,-32.642164,-6.209851,-32.652863,-6.212218,-32.687484,-6.212818,-32.69645,-6.349787,-34.786573,-6.349788,-34.788048,-6.349989,-34.791104,-6.349999,-34.99708,-6.350199,-35.195854,-6.350009,-35.198852,-6.350009,-35.206968,-6.333295,-35.462104,-6.332182,-35.479669,-6.331748,-35.486393,-6.2082,-37.371723,-6.208131,-37.372772,-6.194908,-37.573537,-6.143836,-37.96877,-6.098602,-38.202399,-6.097182,-38.209636,-6.093364,-38.229658,-6.08855,-38.254371,-5.680879,-40.303821,-5.627845,-40.505891,-5.582959,-40.677039,-5.511814,-40.89406,-5.501302,-40.925568,-5.499372,-40.931253,-5.495663,-40.942566,-5.485188,-40.973963,-4.813526,-42.952636,-4.731962,-43.153174,-4.670694,-43.303871,-4.572344,-43.509995,-4.554348,-43.54709,-4.553472,-43.548867,-4.550616,-43.554852,-4.532657,-43.591871,-3.608471,-45.465918,-3.503523,-45.650948,-3.424936,-45.789537,-3.301193,-45.98112,-3.276471,-46.018748,-3.274379,-46.021987,-3.247259,-46.063265,-2.086474,-47.800447,-1.917572,-48.024725,-1.866845,-48.092092,-1.719534,-48.266343,-1.690653,-48.299883,-1.688421,-48.302524,-1.650888,-48.346113,-0.273261,-49.917014,-0.028117,-50.167262,-0.028025,-50.167346,-0.022313,-50.173177,0.146096,-50.327117,0.178622,-50.356239,0.180756,-50.35819,0.229511,-50.401844,1.800288,-51.779362,2.06924,-51.990732,2.069393,-51.990839,2.076792,-51.996654,