{"Index":-1,"Tolerance":2.482924722220046E-05,"Coordinates":[53.708570110672085,-13.569186253742348,53.677218234073884,-14.241128558637273,53.674456529002065,-14.322980157958206,53.655812712168355,-15.21787882673021,53.655781646201845,-15.348648121254387,53.665569646034626,-15.829439279158507,53.6763208272819,-16.0337530987997,53.75658517054184,-16.978113445205377,53.76329902982989,-17.0479527382455,53.862876702494695,-17.97601519873321,53.88198069237062,-18.122049513818347,53.94999719599396,-18.56233170477008,53.98385962450851,-18.74567903882874,54.17177917297578,-19.618806943664687,54.18598115972084,-19.681683562585054,54.41360940973737,-20.643907748113037,54.457680772763624,-20.81000725448253,54.57235500791213,-21.1993753565782,54.5985168456338,-21.28384720699639,54.671124025687,-21.507226819678152,54.70260406346396,-21.599257329323923,54.96581198675187,-22.33189302287502,54.98643479325393,-22.38765023725253,55.329540814671674,-23.289260753664113,55.38511896904476,-23.425699520306818,55.55651291118981,-23.820015928076938,55.633406426606946,-23.9839682340878,55.716040384389785,-24.147837095148397,55.728047694531256,-24.171403748975937,56.06668699897352,-24.82925990093373,56.0907134219452,-24.87501574446459,56.5685492883331,-25.76728612419102,56.65190010676887,-25.91348284795104,56.85519945645112,-26.24907699273443,56.94145064606256,-26.38368793716924,57.097204955032865,-26.61380585150292,57.11208382157756,-26.635592951036795,57.49432877651244,-27.190350371416876,57.52569285183093,-27.23504209904337,58.11127610154765,-28.054385543923075,58.20517390333217,-28.179162946273955,58.4566263848896,-28.496744310688868,58.57564610290822,-28.63838338840037,58.69902125014993,-28.77680983488786,58.71429190464276,-28.79381977588926,59.22692942860148,-29.360726705365593,59.257391132999764,-29.393936365037593,59.94321767145215,-30.13106105716872,60.05822534625266,-30.248429453964576,60.340799500149835,-30.522257626925164,60.487305155622785,-30.65562359604155,61.214404266571975,-31.27716364935579,61.250302578869984,-31.307393991399632,62.0250041478278,-31.95005264076792,62.152552907623004,-32.05047036340089,62.463160958649176,-32.282398131703,62.6322886840196,-32.40033093842434,63.44248200830033,-32.9270364492774,63.476745252095704,-32.948999818791414,64.32669725756763,-33.48618014206824,64.46938082703186,-33.57121888567013,64.81100496220395,-33.762898763827266,65.02602538344446,-33.873009086916674,65.2345446655728,-33.969965076678925,65.80843093084076,-34.246610634837,65.84826396469191,-34.26547282338213,66.80983353245989,-34.712662335501214,66.97727416164145,-34.78476169037847,67.30054722801627,-34.91309234434373,67.47904785289707,-34.977844589334,68.38355673587604,-35.27567621394486,68.42024434310964,-35.287510127084765,69.45077158666369,-35.61302233884491,69.65191460004067,-35.66935348168682,70.01734769202099,-35.75884614513358,70.18477366831802,-35.79509091980525,71.07342100642063,-35.9625120468142,71.10205743433012,-35.96777130416796,72.15419045867398,-36.15601937166108,72.34667813938385,-36.18440432713248,72.65261172109209,-36.21998139005557,72.83252065193649,-36.23573318479679,73.66355387526427,-36.28473187289695,73.69737639168216,-36.28654510607221,74.93272817209302,-36.346166111166816,75.13498208676862,-36.349477781907076,75.40988674364156,-36.345221856938004,75.58509145830779,-36.337666661637265,76.42601327273037,-36.278105289484785,76.45744016045538,-36.27572254455064,77.67984138389222,-36.17693732449848,77.86131724863966,-36.15700686316782,78.13712728569575,-36.11866374873362,78.33870140113686,-36.083991199627036,79.1749824659828,-35.91224788808639,79.1966598681127,-35.90771725101737,80.40062741101973,-35.651699205288956,80.59561057917267,-35.603747346244525,80.74658050931328,-35.56151608605357,81.3528233865489,-36.117444874330474,82.20729414418628,-36.69749068455852,82.5487587286946,-37.009165630146924,82.99097257299499,-37.346909609400896,85.88227599514124,-39.1784985265715,86.30255006002699,-39.402511732798466,86.68100217702299,-39.56913888275137,90.5567399142553,-41.32874416905735,91.07784135838408,-41.51261541294953,91.3056681455475,-41.57133437587674,92.37933405994923,-42.268384250246974,93.56559556542541,-42.73626303622268,95.97541223586441,-43.163667842167364,96.3808729520122,-43.20898573229407,98.66567173353228,-43.31663208788341,102.02395908599611,-41.225855325936614,102.58288535063421,-39.93992514494561,103.04120279466053,-39.30630020862284,103.61216544492201,-37.92452028333231,103.90728079302369,-36.06594326553088,104.11669064480239,-35.696595314265444,104.5363418221043,-34.13188530011082,104.56697693943649,-30.43298361368357,104.67818001051756,-29.74951995061743,104.71664270662447,-29.10355314491849,104.6107524120657,-26.60448318200008,104.49419362863618,-22.89035925595742,104.50226229238,-20.45929344627072,104.56928328226523,-13.840968947971579,104.56942819385394,-13.819471262827076,104.57339409321513,-12.637446405232287,104.57327780809315,-12.597606688072418,104.54783660835481,-9.830168876046312,104.61798037342172,-7.685922832209791,104.59722525072394,-7.2047531076553435,104.48802290547015,-6.290777775840838,104.45296266113182,-6.164637867447959,104.45005439960093,-5.9070260885110315,104.26042811947964,-4.857817686621069,103.46111366295632,-2.6427883386156514,102.33595603335752,-1.1335619891864805,101.49600083918766,-0.513569889900083,101.34884828793602,-0.3225967445310227,99.65940377097021,0.8223511414022396,98.01431494681601,1.2899497164164935,96.86200115477384,1.3999201986401093,95.10669805808769,1.2474544449787284,94.93070539990408,1.2272078076519997,93.57864524915436,1.0333136347133942,93.35656661721558,0.9750689918284028,93.10519141487563,0.9390200053980037,92.87630269912006,0.878989204942922,92.73600261774287,0.854976046402591,91.90722206134437,0.6899134870563401,91.80904072647857,0.661301192313028,91.45318660374579,0.6034944260258268,90.55994300672651,0.3189340811339321,90.08888109346344,0.08802270156387138,89.75185911977047,0.42031943169999286,89.6763767783127,0.4923365664961605,88.9759619021906,1.138952474216332,88.8217192264126,1.2724323441632428,88.26028640956764,1.7275943620400118,88.14883892581835,1.8139182530007543,87.44971358501651,2.331024497662216,87.39375790160521,2.37147815275292,86.77817723847103,2.806404720136481,86.60958704025467,2.917653935856817,85.97832527200269,3.305972752890756,85.85899895462727,3.3758412271185607,85.10370036887714,3.796276508532883,85.04007349839294,3.830750437360873,84.33584907498745,4.201990986883164,84.05017838407254,4.334922848762854,83.96603773115763,4.369108797003028,83.52739943318291,4.567880688495796,83.39138465380383,4.625739847299212,82.58315550796799,4.9475487259526005,82.50468328987124,4.977596866951231,81.80011017149802,5.236750944843649,81.61708303961032,5.297826040212043,80.89861938837602,5.513549399923896,80.77100137068774,5.548983501052842,79.9428944590602,5.760414785879896,79.86612676965579,5.779001067435489,79.12079767460969,5.949667982386459,78.81784349494716,6.0037476912478,78.71845668988088,6.016558663758369,78.39686980264621,6.071035528896331,78.30036784495162,6.08586051114031,77.49521860618778,6.196907900600555,77.36987862440084,6.211663164555061,76.5267962238362,6.293962054966173,76.33754773937233,6.306744313082251,75.63818014046487,6.33303274630437,75.54470516538221,6.335168752865805,74.72070088088702,6.341862356517511,74.5804076692063,6.339902109404118,73.99543357962159,6.318795123818864,73.88755006555391,6.3187227039833695,73.58440960446447,6.30402193689914,72.62795132438278,6.21168463150606,72.4953082869784,6.196057214436727,71.68902140948576,6.083825288211059,71.60550108357104,6.0710646328947995,70.9004091221586,5.95371660248089,70.61015370223556,5.891346294327377,70.50388543922686,5.8632578837246765,70.13313008263533,5.779248505871922,70.04530922299745,5.758031215013072,69.2105324042254,5.543736879372265,69.07315294926225,5.50516035282719,68.58216018519403,5.355307902911557,68.48597645613252,5.329885333487652,68.19006842399746,5.235983458759334,