{"Inners":[{"Index":-1,"Coordinates":[152.540737,-368.347995,146.62599,-364.265313,146.62599,-364.265314,146.599596,-364.247097,146.581481,-364.23105,141.815657,-358.851533,141.794393,-358.827531,141.780648,-358.807618,138.440695,-352.443862,138.425793,-352.415468,138.417212,-352.392844,136.697248,-345.414738,136.689574,-345.383602,136.686657,-345.359583,136.686657,-338.140563,136.689573,-338.116544,138.409538,-331.138408,138.417212,-331.107272,138.425792,-331.084649,141.765745,-324.720894,141.780647,-324.6925,141.794392,-324.672586,146.560215,-319.293101,146.581479,-319.269099,146.59959,-319.253054,152.514343,-315.1704,152.540734,-315.152183,152.562159,-315.140938,159.282095,-312.592368,159.312078,-312.580997,159.335571,-312.575206,166.470122,-311.708937,166.501956,-311.705072,166.52615,-311.705072,173.660716,-312.571341,173.660717,-312.571341,173.69255,-312.575207,173.716042,-312.580997,180.435978,-315.129567,180.46596,-315.140938,180.487384,-315.152182,186.40214,-319.234838,186.42853,-319.253053,186.446641,-319.269099,191.212463,-324.648583,191.233727,-324.672586,191.247472,-324.692498,194.587427,-331.056256,194.587428,-331.056257,194.60233,-331.084651,194.610909,-331.107273,196.330857,-338.085409,196.338532,-338.116544,196.341448,-338.140563,196.341448,-345.359583,196.338532,-345.383602,194.618583,-352.361708,194.610909,-352.392843,194.602329,-352.415467,191.262374,-358.779225,191.262373,-358.779228,191.247469,-358.807622,191.233726,-358.827531,186.467906,-364.207044,186.446645,-364.231045,186.428533,-364.247091,180.513775,-368.329779,180.513774,-368.32978,180.487382,-368.347996,180.465959,-368.35924,173.746024,-370.907749,173.746022,-370.907749,173.716039,-370.91912,173.692548,-370.92491,166.557984,-371.791209,166.526151,-371.795074,166.501955,-371.795074,159.367404,-370.928775,159.335571,-370.92491,159.312079,-370.919119,152.592147,-368.370611,152.562163,-368.35924]}],"Index":-1,"Coordinates":[170.885592,-385.778129,170.997201,-385.770495,170.997202,-385.770495,171.022942,-385.768735,171.159528,-385.740352,171.159743,-385.740307,179.733703,-383.978309,179.75315,-383.971397,179.753152,-383.971397,179.858819,-383.933843,187.902724,-380.481938,187.992734,-380.435299,188.020025,-380.421158,188.134179,-380.34058,188.13472,-380.3402,195.318783,-375.339935,195.329933,-375.329521,195.329934,-375.32952,195.415824,-375.249305,201.446546,-368.904983,201.507131,-368.830513,201.52965,-368.802834,201.602363,-368.683263,201.60294,-368.682325,206.232787,-361.254422,206.236722,-361.245363,206.236723,-361.245361,206.285689,-361.132629,209.325752,-352.924207,209.350201,-352.836947,209.36116,-352.797834,209.380245,-352.658974,209.380467,-352.657448,210.705837,-344.005945,210.705837,-343.873166,210.262473,-335.131129,210.250866,-335.046686,210.250866,-335.046685,210.244663,-335.001554,210.206786,-334.866372,210.20627,-334.864457,208.012499,-326.3916,207.959606,-326.269828,204.104728,-318.41109,204.063237,-318.342861,204.063236,-318.34286,204.036997,-318.29971,203.948262,-318.190641,203.946756,-318.188743,198.58959,-311.267868,198.492555,-311.177244,191.850951,-305.475592,191.790105,-305.432642,191.744811,-305.400669,191.619771,-305.335879,191.617248,-305.334525,183.965139,-301.087252,183.840038,-301.042791,175.488199,-298.422404,175.420553,-298.408347,175.358185,-298.395387,166.64983,-297.509817,166.514053,-297.500529,166.378276,-297.509817,157.669937,-298.395387,157.607568,-298.408347,157.539923,-298.422404,149.188074,-301.042794,149.06027,-301.088216,148.939033,-301.151036,141.28567,-305.399014,141.238031,-305.43264,141.238031,-305.432641,141.177188,-305.47559,134.535549,-311.177246,134.436737,-311.26953,134.350292,-311.375787,128.99239,-318.297629,128.964883,-318.342862,128.923394,-318.411088,125.0685,-326.269828,125.015258,-326.392404,125.014813,-326.39343,124.977743,-326.525732,122.783708,-334.999576,122.777232,-335.046688,122.765626,-335.131129,122.322283,-343.873165,122.322283,-344.007498,122.34105,-344.144033,123.666544,-352.796342,123.677921,-352.836948,123.702369,-352.924204,126.742424,-361.132645,126.791383,-361.245361,126.791384,-361.245363,126.79576,-361.255438,126.867614,-361.373595,131.497775,-368.801978,131.520988,-368.830511,131.520989,-368.830512,131.581575,-368.904983,137.612283,-375.249306,137.698169,-375.329518,137.70981,-375.340389,137.823091,-375.420352,145.00751,-380.420854,145.035388,-380.4353,145.125391,-380.481936,153.169286,-383.933843,153.274953,-383.971396,153.274954,-383.971397,153.294611,-383.978383,153.430905,-384.006705,162.004943,-385.768719,162.029176,-385.770377,166.411733,-385.992604,166.413493,-385.992709,166.515825,-385.999709]}