{"Index":-1,"Tolerance":2.6144380319960813E-05,"Coordinates":[220.95961349004327,-45.68834182833672,219.9388848022447,-45.68246345152675,218.73431217680607,-45.91000213195935,217.27830475385494,-46.490116977485414,216.64618639873015,-46.828884008590684,215.439196062831,-47.66315028785598,215.27648614819475,-47.78345142476005,214.5591059826418,-48.350073181473306,213.63754128295628,-49.514557627037675,213.27149169183707,-50.29887157846476,213.2255613066455,-50.40203192851452,212.63632574051104,-51.79144264256781,212.41078420560254,-52.618032249424,212.1044411019533,-54.9315691612959,212.18551104699858,-56.18053098528216,212.38539887442008,-56.92805933321595,212.40901754992097,-57.01177473316078,213.05855718791162,-59.19894492053442,213.8467770712291,-60.53768821277523,215.3002561672941,-62.02002172958847,215.59844537365848,-62.28801195548424,216.32495258867232,-62.862402476974204,217.4427595477904,-63.4330148759026,218.47750794973408,-63.724956602368394,218.5679311031703,-63.74903572455647,219.70271617268142,-64.03338281219811,220.49432453921054,-64.12892718349832,221.21494123510283,-64.12511697509476,221.48292506808207,-64.11236983742586,222.19089514298443,-64.04864080655281,223.88518977318628,-63.91008794067346,224.31636981328148,-63.84481399934014,228.72893976402077,-62.863206824693414,228.8315993434564,-62.83857143910699,230.67952708848563,-62.36249620113533,233.616725714755,-61.895207830675176,233.6459293536235,-61.889619783034284,235.56616845939138,-61.84647249562077,236.12136951032645,-61.60348239453489,236.63577436549724,-61.552427030486115,240.4774244508067,-61.35,250.75888369685407,-61.35,251.38921750737077,-61.35587251635814,253.82939437216388,-61.38272514534744,253.8549471825313,-61.382903501156136,254.08379432804145,-61.383579888224766,254.3056527342233,-61.385946811904226,254.32124236509722,-61.3860748536164,256.611786020809,-61.399263801058346,256.7739883574176,-61.39605350269657,257.7682247119364,-61.350947257943666,258.0190218940835,-61.35,277.62318412106913,-61.35,281.34292800000003,-57.630256121069124,281.34292800000003,-17.601340878930873,277.62318412106913,-13.881597000000001,232.40274787893085,-13.881597000000001,232.31337748332473,-13.970967395606118,231.99457886285882,-13.920565412285194,231.84168899437898,-13.838292311042851,230.90872551247242,-13.510112828798945,228.8497891781239,-13.129473874061464,228.36570074552705,-12.97532580158975,228.01612496944253,-12.88552273545584,225.88084991286985,-12.464604125030931,225.82984518031654,-12.454982176561836,223.96148373322617,-12.118310487932476,223.8320408339952,-12.09436415237428,223.52300255133238,-12.052756674747023,222.4345577684977,-11.960307141861138,222.42390855621878,-11.959420674457455,220.9615337436525,-11.840166543576693,219.98488590074982,-11.911132772050154,218.48580781989043,-12.256506360142156,218.05458140704138,-12.388690781207632,217.30458021377083,-12.678240578354348,216.86972715122914,-12.885219320249265,216.20741322206314,-13.264477842875689,215.93241821324176,-13.441333817773227,215.2758766244754,-13.913028895254952,214.73266034575946,-14.407607877740425,213.88188096773933,-15.384180097702407,213.606883558929,-15.749982674599229,213.1066572496534,-16.525971958202273,212.71617618652266,-17.393129487488007,212.08667573713106,-19.63610177075834,211.9770471439571,-20.259988138327472,211.91735202906864,-21.062261982269774,211.9108908326744,-21.177240971017,211.7825532114482,-24.552872361304335,211.78131719181926,-24.75544436778752,211.82458605690994,-26.43232670374527,211.82854347723094,-26.528791985831074,211.86914304920998,-27.250377010138447,211.9078090543661,-27.59694749037299,211.98544708662124,-28.060311638510846,212.03615496340706,-28.303951985911567,212.40696640613416,-29.790965811783398,212.62853282588188,-30.403808920235097,213.2866078063869,-31.768037442939317,213.63978707511814,-32.33778083648318,214.22140258139376,-33.08659083779478,214.92840358245917,-33.75516938508154,216.26491536640302,-34.678450889151755,217.05294781115242,-35.07464473686009,218.02654982594444,-35.405059951062846,218.26405939332082,-35.47546288342856,219.15120366603944,-35.70119791885607,219.9148084029075,-35.79952812050754,221.6596516560197,-35.81168793163037,222.38977705062555,-35.73210990578689,223.26212810256658,-35.53327964730985,223.85751573627505,-35.45523403611345,224.1587730692906,-35.534280247852436,224.5522200810202,-35.64226079520903,224.6284390761402,-35.66216556117591,225.06961542847685,-35.77155213927623,225.29502047472704,-35.83949961256924,225.64210777144805,-35.923177768668175,226.2495442338523,-36.03393966622983,226.32128785104362,-36.046173754865244,227.10328370533063,-36.170318064962366,227.29746810700541,-36.17699109664688,227.39375317547047,-36.18850749398166,228.683004,-36.313935729109076,228.683004,-44.40235187319737,228.53343969675475,-44.43992085930245,228.4053569913091,-44.52738976099388,228.32537512580248,-44.547480617213516,228.25137461299803,-44.593713440374984,228.1568664998177,-44.61745301232972,228.08285615482717,-44.66369189081094,227.98834412580246,-44.68743261721353,227.91434361299804,-44.73366544037498,227.8198354998177,-44.75740501232971,227.74583006142697,-44.80364082535202,227.65131949981713,-44.82738101232981,227.5773140614263,-44.87361682535219,227.4828034998179,-44.89735701232962,227.4087980614269,-44.94359282535209,227.3142874998177,-44.96733301232972,227.24027715482717,-45.01357189081094,227.14576512580246,-45.03731261721353,227.07176461299804,-45.08354544037498,226.9772564998177,-45.10728501232971,226.90325106142697,-45.153520825352025,226.80874464897173,-45.1772599701002,226.80372836132295,-45.180393948686266,226.657266321735,-45.19389032169092,226.18688272352207,-45.43978234006633,224.86977808171318,-45.702536179823134,224.76059381768712,-45.767124727071845,224.23675428950855,-45.89302137993406,223.12521469647024,-45.73076405646136,222.78668445642384,-45.69972609860944,221.8621691865911,-45.66466447634524,221.62821662703456,-45.66441475830577]}