{"Inners":[{"Index":-1,"Tolerance":1.1296570000000017E-06,"Coordinates":[14.913514,-36.128,14.777452,-36.106983,14.131334,-35.721035,14.050247,-35.61467,13.967663,-35.462826,13.909162,-35.299937,13.876133,-35.129602,13.869515,-34.956875,13.88942,-34.784437,13.935283,-34.617508,14.005962,-34.459845,14.100307,-34.314151,14.215682,-34.184702,14.349052,-34.074708,14.498002,-33.986167,14.658735,-33.921377,14.827241,-33.88195,15.0,-33.868686,15.172758,-33.88195,15.341259,-33.921376,15.502017,-33.986176,15.650943,-34.074704,15.784321,-34.184705,15.899674,-34.314129,15.993803,-34.459487,16.064748,-34.617742,16.110591,-34.784568,16.130485,-34.956918,16.123869,-35.129577,16.09086,-35.299799,16.032327,-35.46279,15.949559,-35.614987,15.844599,-35.752691,15.719795,-35.872803,15.578119,-35.972453,15.422956,-36.049279,15.257921,-36.101503,15.086413,-36.128]}],"Index":-1,"Tolerance":2.7352579999999998E-05,"Coordinates":[25.247556,-67.145654,25.4557,-67.131208,28.418454,-66.827503,28.689433,-66.787858,29.742052,-66.587171,30.143573,-66.483065,33.244828,-65.458809,33.697745,-65.269307,34.854876,-64.676347,35.848249,-64.204238,35.975907,-64.140007,37.537747,-63.309612,38.10159,-62.927295,39.260673,-61.945005,39.629049,-61.804345,39.824185,-61.715857,40.212027,-61.567765,40.407161,-61.479278,40.795011,-61.331183,40.990147,-61.242695,41.377997,-61.0946,41.573135,-61.006111,41.960992,-60.858013,42.156107,-60.769534,42.543968,-60.621435,42.739118,-60.532941,43.126951,-60.384852,43.322083,-60.296366,43.709941,-60.148268,43.905071,-60.059782,44.292942,-59.911679,44.377493,-59.873337,44.609107,-59.784044,45.086155,-59.665539,45.333366,-59.593372,46.543275,-59.186255,46.926537,-59.028797,49.560603,-57.739981,50.854617,-57.13127,51.426353,-56.784752,53.12932,-55.489973,53.880188,-54.942349,54.203299,-54.672157,55.694217,-53.247301,56.072642,-52.813628,56.999011,-51.534764,57.567002,-50.980535,58.195029,-50.119603,59.444185,-47.616028,60.025705,-46.602118,60.453778,-44.938971,60.449309,-44.674551,61.07093,-42.361194,61.173342,-41.318775,61.068124,-39.742402,61.065081,-37.057307,60.661346,-35.498288,59.992786,-34.290815,59.791298,-33.804601,58.925385,-32.125162,58.736791,-31.806468,57.999984,-30.712306,57.903358,-30.576636,57.201871,-29.644441,56.688254,-29.106336,56.513717,-28.961795,55.658951,-28.005926,55.166888,-27.435027,54.897376,-27.158295,52.799813,-25.251474,52.519125,-25.024062,50.513093,-23.579631,50.375511,-23.485942,49.419189,-22.87077,49.035207,-22.659676,48.033896,-22.195993,44.765355,-20.394971,44.057887,-20.109423,42.130845,-19.589307,41.0618,-19.235541,40.858451,-19.190152,40.819261,-19.177183,40.199195,-19.03878,40.177095,-19.036123,39.933402,-18.975067,38.658563,-18.211917,36.540198,-16.712039,36.524432,-16.700948,33.463094,-14.561196,32.755596,-14.18899,31.512387,-13.723072,31.170068,-13.616385,31.003213,-13.574549,30.696562,-13.449326,30.26549,-13.341242,29.958845,-13.216021,29.527754,-13.107932,29.221115,-12.982714,28.131707,-12.709563,27.613675,-12.624347,26.675658,-12.548757,26.169592,-12.548374,23.565741,-12.754235,22.080389,-13.253802,20.382873,-14.341837,20.361022,-14.335212,20.059078,-14.259603,18.818648,-14.01286,18.694325,-13.99069,17.360697,-13.780146,17.007574,-13.744465,14.979464,-13.653496,14.740381,-13.651781,14.246991,-13.666819,14.073604,-13.676856,12.159068,-13.840311,11.807856,-13.890169,10.549942,-14.14106,10.480989,-14.15561,9.425608,-14.390575,9.094782,-14.483258,7.894364,-14.89074,7.800301,-14.924329,6.572559,-15.384637,6.24409,-15.529443,4.349713,-16.495859,4.028289,-16.684359,2.975905,-17.38756,2.920685,-17.425305,1.914681,-18.128613,1.616143,-18.365177,-0.057671,-19.863291,-0.338693,-20.148685,-1.874036,-21.918323,-2.12515,-22.249171,-3.447601,-24.2508,-3.65301,-24.61071,-4.67564,-26.709584,-4.829863,-27.085384,-5.570654,-29.280435,-5.676004,-29.674433,-6.13644,-31.980515,-6.190954,-32.391916,-6.349866,-34.781312,-6.350112,-35.199432,-6.196559,-37.549959,-6.14479,-37.94991,-5.703104,-40.219454,-5.598881,-40.616333,-4.856202,-42.84693,-4.705525,-43.219168,-3.73544,-45.238496,-3.551083,-45.569978,-2.889113,-46.608966,-2.851306,-46.666904,-2.142663,-47.727428,-1.906558,-48.037722,-0.693105,-49.44427,-0.739111,-50.287833,-0.733474,-50.717278,-0.676447,-51.422084,-0.593132,-51.931792,0.160677,-54.96851,0.193942,-55.091852,0.505075,-56.15957,1.375521,-57.592104,3.329676,-59.458111,3.365429,-59.491727,4.768098,-60.790275,4.834342,-60.849897,5.52138,-61.451021,6.131203,-61.87036,11.649379,-64.785159,12.038807,-64.958535,12.577254,-65.156156,12.704109,-65.199697,16.093679,-66.283657,16.431187,-66.371495,17.412754,-66.570162,17.500417,-66.586627,18.40172,-66.742833,18.434626,-66.748358,20.931575,-67.154129,21.179775,-67.184491,21.911343,-67.244874,22.288525,-67.253534]}