{"Index":-1,"Tolerance":2.021787300000001E-05,"Coordinates":[234.802915,-57.63025612106915,238.52265887893086,-61.35,271.51891712106914,-61.35,275.23866100000004,-57.630256121069124,275.23866100000004,-17.601340878930873,271.51891712106914,-13.881597000000001,241.740072,-13.881597000000001,238.52265887893086,-13.881597000000001,234.802915,-17.601340878930845]}