{"Index":-1,"Tolerance":9.908996155750265E-06,"Coordinates":[83.57943013143478,-61.308036014049804,83.74731581695787,-61.82770015892001,84.83231178370494,-65.5243182980074,85.04860122156549,-66.06935986300941,85.2866722770928,-66.53797632036138,87.41337885929487,-71.27687482796331,90.19523931115444,-73.2726086979296,93.60954415100277,-73.60025495274765,95.41021630054108,-73.2517467164086,98.90898936449,-71.43900290427898,99.77554617091103,-70.78176052893168,100.85496557456267,-69.62551458961902,101.68537981556368,-67.9348640774733,101.8921836422973,-66.67017044290793,101.9289787839803,-66.3329207464072,102.26987545088268,-60.17036131831548,102.27472277223414,-59.99365822692164,102.27432791009181,-59.03244364251568,102.30447662175843,-56.95312139304109,102.25282139505128,-56.33407456771296,101.55071955220234,-52.497487821030255,100.17191602240372,-50.37009873880625,97.79136536104662,-48.735562717152895,96.59989460074564,-48.23352955385208,95.67328798006922,-48.04967818170089,95.43180582072216,-48.011359285921316,93.79950911459828,-47.816408662586845,93.13534701434965,-47.80686915370817,89.33205300443832,-48.150651808192116,88.04062433062181,-48.55351620526309,84.41114134925232,-50.60580075525457,82.69566354071742,-53.39260845285002,82.4864843102579,-57.80142603811376,82.71364343548792,-59.149085820817625]}