{"Index":-1,"Tolerance":1.0905454444797104E-05,"Coordinates":[14.983964696176022,-60.038872235428585,17.570870282017875,-60.68521478236112,18.821945348778733,-60.74559570404177,23.317794243999003,-60.07352845073384,24.037703173221665,-59.87757903843735,26.40170211902972,-58.924833084968256,27.44710900025958,-58.24112030670905,30.163292660061067,-55.57937094250125,30.891583529190477,-54.49198394228726,31.594690709600073,-52.75569990272401,32.852594721686216,-50.59409373543125,33.06997349583925,-50.141830876661324,33.45453714534247,-49.14757960617714,33.630403062868155,-48.49280392306062,34.56324509455121,-42.55114935086026,24.829522365348886,-38.93468681444756,23.441726907562206,-41.16936318630074,22.157792829764844,-41.75377822238817,21.93756057881861,-41.990134935235965,19.56016704824282,-43.17010341738614,16.393371021703235,-43.91326740729385,15.690432106077123,-44.02672724831311,15.577964058694006,-44.04696338490568,13.962767576925094,-44.36769013415495,13.838617758544833,-44.371981809754956,13.790545391580359,-44.374008389208214,10.232537052698314,-44.55101938927631,6.693791706765557,-48.524409194662915,7.003790502992907,-53.22310329765539,7.7511447474766895,-55.092526727150386,9.434804358308556,-57.112870861562286,9.93474475245342,-57.59457665033159,11.669837981534206,-58.9345392662988,12.855526042698095,-59.5085893571206]}