{"Index":-1,"Tolerance":1.7362333500000003E-05,"Coordinates":[237.624325,-57.63025612106915,241.34406887893084,-61.35,268.6292481210691,-61.35,272.348992,-57.630256121069124,272.348992,-17.601340878930873,268.6292481210691,-13.881597000000001,244.920548,-13.881597000000001,241.34406887893084,-13.881597000000001,237.624325,-17.601340878930845]}