{"Inners":[{"Index":-1,"Tolerance":1.1296570000000017E-06,"Coordinates":[14.913514,-36.128,14.777452,-36.106983,14.131334,-35.721035,14.050247,-35.61467,13.967663,-35.462826,13.909162,-35.299937,13.876133,-35.129602,13.869515,-34.956875,13.88942,-34.784437,13.935283,-34.617508,14.005962,-34.459845,14.100307,-34.314151,14.215682,-34.184702,14.349052,-34.074708,14.498002,-33.986167,14.658735,-33.921377,14.827241,-33.88195,15.0,-33.868686,15.172758,-33.88195,15.341259,-33.921376,15.502017,-33.986176,15.650943,-34.074704,15.784321,-34.184705,15.899674,-34.314129,15.993803,-34.459487,16.064748,-34.617742,16.110591,-34.784568,16.130485,-34.956918,16.123869,-35.129577,16.09086,-35.299799,16.032327,-35.46279,15.949559,-35.614987,15.844599,-35.752691,15.719795,-35.872803,15.578119,-35.972453,15.422956,-36.049279,15.257921,-36.101503,15.086413,-36.128]}],"Index":-1,"Tolerance":2.6007355500000003E-05,"Coordinates":[23.826797,-66.955111,25.125966,-66.815323,26.228244,-66.731191,26.652296,-66.669864,29.918912,-65.969935,30.467033,-65.799535,30.955161,-65.597895,31.205546,-65.481478,34.391977,-63.827871,35.018875,-63.400817,36.816132,-61.833002,36.90465,-61.752804,37.953849,-60.765648,38.239153,-60.459373,39.132005,-59.364408,39.27785,-59.170926,40.266135,-57.75016,40.369412,-57.591836,41.211459,-56.212964,41.245303,-56.156223,42.236932,-54.453752,42.400149,-54.133051,43.696757,-51.183107,43.717696,-51.134368,44.324305,-49.689182,44.474493,-49.240357,44.976899,-47.259671,44.994399,-47.18711,45.41697,-45.340004,45.47631,-44.993337,45.646276,-43.510948,45.664022,-43.011748,45.59876,-41.498075,45.5937,-41.409491,45.347878,-37.954693,45.302579,-37.600596,45.024446,-36.101432,45.007173,-36.015033,44.260459,-32.532015,44.198208,-32.288931,43.578436,-30.213649,43.535011,-30.079222,42.576021,-27.321837,42.487247,-27.095018,41.329976,-24.442609,41.291502,-24.357841,40.910797,-23.550701,40.76703,-23.280466,40.548186,-22.912984,40.400543,-22.68742,39.940889,-22.046304,39.743026,-21.797608,35.831971,-17.357141,35.535082,-17.061802,34.743088,-16.371562,34.388295,-16.103597,33.762687,-15.696505,33.635271,-15.617807,30.769454,-13.93979,30.643552,-13.869856,29.420691,-13.226442,28.941957,-13.022647,27.84174,-12.657355,26.392252,-12.523155,23.32396,-12.9428,22.123573,-13.361295,20.439874,-14.359118,20.394214,-14.345275,20.160218,-14.283958,19.629578,-14.166303,19.524616,-14.144882,18.777646,-14.005517,18.720103,-13.995328,17.72746,-13.82897,17.57121,-13.806761,17.182276,-13.761306,16.980452,-13.744222,16.021927,-13.693801,15.974621,-13.691666,14.945247,-13.652903,14.728977,-13.652128,14.257308,-13.666505,14.104501,-13.674852,13.252626,-13.742006,13.214687,-13.745226,12.157583,-13.841328,11.872122,-13.880399,11.324155,-13.980901,11.249906,-13.995436,10.511002,-14.14924,10.468043,-14.158493,9.498981,-14.37424,9.311739,-14.421949,8.995356,-14.512897,8.829021,-14.565702,7.877052,-14.896972,7.839601,-14.910268,6.882823,-15.256697,6.690671,-15.333439,6.343798,-15.485257,6.185786,-15.559657,5.326446,-15.993541,5.303319,-16.005337,4.357092,-16.49284,4.092241,-16.645858,3.692389,-16.903314,3.630436,-16.944236,2.958711,-17.39931,2.936028,-17.414821,2.110965,-17.984256,1.964461,-18.091683,1.727368,-18.276192,1.567822,-18.408947,0.909251,-18.994387,0.895589,-19.006603,-0.059129,-19.865222,-0.322628,-20.131945,-1.000457,-20.904328,-1.021015,-20.927988,-1.880512,-21.927105,-2.11272,-22.232551,-2.689346,-23.094488,-2.70668,-23.120679,-3.457715,-24.267713,-3.655889,-24.616618,-4.67564,-26.709584,-4.829863,-27.085384,-5.570654,-29.280435,-5.676004,-29.674433,-6.135968,-31.978149,-6.190156,-32.384723,-6.341461,-34.608727,-6.348692,-34.800013,-6.350689,-35.061278,-6.344026,-35.29259,-6.196872,-37.545169,-6.146924,-37.935676,-5.894166,-39.255696,-5.889616,-39.278985,-5.699551,-40.232934,-5.60265,-40.602029,-5.198662,-41.834219,-5.188183,-41.865626,-4.847468,-42.869347,-4.705987,-43.217135,-4.14148,-44.399402,-4.133268,-44.416469,-3.762783,-45.180632,-3.667084,-45.362746,-3.517278,-45.626694,-3.423009,-45.782238,-2.872932,-46.633847,-2.845809,-46.67513,-2.151491,-47.714217,-1.936057,-48.000301,-1.229765,-48.835733,-1.208225,-48.860943,-0.676036,-49.477267,-0.61572,-49.545132,-0.288214,-49.903185,-0.087477,-50.103856,0.611336,-50.742631,0.679827,-51.712718,0.716695,-52.545623,0.931905,-53.565352,1.740362,-55.638963,1.864486,-55.917127,2.230818,-56.642484,2.417805,-56.964362,2.762504,-57.484925,2.913135,-57.69353,3.738577,-58.74422,3.785608,-58.802651,5.059203,-60.34724,5.382371,-60.68513,6.007849,-61.24948,6.355723,-61.521986,9.109924,-63.385859,9.390723,-63.555438,10.646528,-64.227931,11.051937,-64.409804,13.768168,-65.406718,13.864709,-65.440397,15.924804,-66.122071,16.301526,-66.221567,17.772095,-66.514879,18.045089,-66.557082,21.172856,-66.902156,21.43711,-66.920199,23.402625,-66.972239]}