{"Index":-1,"Tolerance":2.652162034922145E-05,"Coordinates":[210.01058479946573,-25.084468980195766,210.01327350047094,-27.186351325744816,210.11219114852034,-27.970175975647425,210.53865900921664,-29.641817125513967,210.62165089034454,-30.22973376487143,211.32105261960214,-31.82592193572505,212.29807212782146,-33.02010636053868,213.0569504231697,-33.99713813375795,214.550143446196,-35.069668663739556,215.53597062552078,-35.41325923021629,217.21632004536835,-36.0472453036706,218.24234222682176,-36.25139397341949,219.39801244643166,-36.28842438015665,221.30931800501295,-36.38983926616671,221.53890808333895,-36.39370907586534,222.5504353864643,-36.374180724474634,224.56732609014864,-36.44710319380475,228.41140074675363,-36.58006221358182,228.683004,-36.598261709911924,228.683004,-44.22369216957497,227.64994500319082,-44.37464916710966,225.4657441859499,-44.49402955327219,224.14820747922332,-44.55288509824007,223.8286888468836,-44.54174274126661,223.60902364443461,-44.541683717201785,219.8011226028908,-44.67242525535659,219.4208976868649,-44.708444164711494,218.41369527859416,-44.86538603883564,217.80681798722608,-44.94073531637103,217.0400934938115,-45.13481301639635,216.27907014658555,-45.43201007122725,216.01844502200782,-45.5475227444455,214.56559397191128,-46.27110848310967,214.01163615240546,-46.62251615667439,212.78523606921723,-47.59118254425943,211.86367667376183,-48.755648908255786,211.08530475618704,-50.42339030396052,211.03936508196406,-50.5265703970574,210.788254945261,-51.11868423529258,210.56258089797348,-51.94626270296219,210.48471947991789,-52.53568226861159,210.1728204188627,-54.77137665018738,210.2509096455481,-56.04291325906477,210.4364682082653,-56.73685030421591,210.85706874199835,-59.144750450804345,211.9555207968608,-61.06991081362491,213.42909751818385,-62.32810952610786,213.76580163531852,-62.7789370068425,215.8343301722508,-64.05123992761374,217.6506447210177,-64.36967135104109,217.90806819123,-64.45835834700719,219.20066025048942,-64.62377436310852,221.28643825889537,-64.46238623962158,221.43083910827997,-64.46076537278988,221.99930341537475,-64.40307089504932,222.27109376347147,-64.35064017703507,222.5044833238645,-64.30535586653572,223.6304891735339,-64.0875580005217,223.70374394144753,-64.07249156197787,227.88130255013286,-63.16187621848664,227.90972877521554,-63.155543226683086,228.06147969798792,-63.121003828775684,228.08742014174294,-63.115350346974594,228.11190983856574,-63.109911609858855,228.3879193723866,-63.0474694833345,231.74221638524656,-62.32756793011427,234.3492888917868,-61.876744819911515,234.8142835323493,-61.87795525485066,235.39186150945153,-61.7578814745622,238.07677044474477,-61.519472369121395,239.17829291970222,-61.4281351832944,241.8859173223818,-61.35709302576959,244.46200679811597,-61.358854987477166,246.51052128939395,-61.35719692798643,246.6871483752476,-61.35725996851193,249.12098488876063,-61.355897947751544,249.29888046087828,-61.356092864107836,250.79946616862873,-61.35917096634688,256.60627688506884,-61.39932378813571,256.7721536208928,-61.396136740524646,257.7682247119364,-61.35094725794366,258.0190218940835,-61.35,277.62318412106913,-61.35,281.34292800000003,-57.630256121069124,281.34292800000003,-17.601340878930873,277.62318412106913,-13.881597000000001,234.6621746866017,-13.881597000000001,234.0690081198765,-13.811659108130067,233.91898281612626,-13.79757025007155,233.86338781712524,-13.793677460830004,232.8519337537436,-13.674420591312336,232.43185168794113,-13.610223241576644,230.05304417799462,-13.205713696868461,229.61446415299272,-13.126446437045493,229.5820328474028,-13.120758424263151,227.35355608819427,-12.741813619000169,226.4495032802053,-12.576700437348165,225.88056741576278,-12.46454844468213,225.8289992929002,-12.454825042083835,222.5740216370139,-11.868897126317767,222.43361388408564,-11.843253640125983,222.12556647615799,-11.802441539935648,219.45144550121148,-11.580533664665627,218.41536280532134,-11.664155817046868,216.83561805664732,-12.057222407222747,215.9502660032752,-12.261199418518725,214.96579022824355,-12.670417769853302,213.20259481710048,-13.779406954229586,212.0062816649405,-15.121276565354583,211.0109293108735,-17.19834474478094,210.74979956863228,-17.691587266099827,210.3942046797646,-18.86313511098039,210.0015450271398,-22.68146920543072,209.99016416325802,-22.823305628185498,209.96829798144842,-23.202108007329993,209.96433225301277,-23.476496354289104]}