{"Index":-1,"Tolerance":2.6429752225831026E-05,"Coordinates":[210.87982777157913,-52.92817613047975,210.61860160333342,-54.800643018099116,210.6966900388622,-56.07217801614111,211.17301399670802,-57.853501903336145,211.41181208415924,-59.220607020699994,212.51026597835707,-61.14577165627224,213.84519623630035,-62.2855873865735,213.93775736806825,-62.361647863588026,215.08000644845242,-63.26471680077483,216.19778124225218,-63.83530959686473,217.21855754761822,-64.12331323152533,217.5233725749021,-64.19331900351615,219.02800380509697,-64.46169349079891,219.7412857272045,-64.50745553623588,220.67154731736397,-64.4624227495943,220.77003804120702,-64.45611935203355,222.1924712258699,-64.34286218245526,222.54735087377009,-64.29435452157556,223.5808974138011,-64.09318435965253,223.6502357881746,-64.07888416641032,228.14229606189542,-63.1001163412509,228.16504761467388,-63.09507151053648,228.50668767694086,-63.01800120243634,229.0210617022125,-62.91137776874022,229.04396735172298,-62.906541565475194,230.7768801021401,-62.533982823528184,230.9432302446255,-62.49950071955241,230.9667993204867,-62.49452184661256,231.7439851238555,-62.3272620920444,234.2195239943039,-61.89918453268472,234.45799061856266,-61.91766685168332,235.37718368358722,-61.76215243294844,235.41966545456546,-61.7581739323881,235.61334343804563,-61.73798640264227,236.19961627003417,-61.6892724617779,236.26586496492826,-61.68306818857117,236.47657262260128,-61.661105635375236,238.07588190508102,-61.519546045977044,239.17829263921584,-61.428135206552064,242.0595333918029,-61.35253799013782,248.00685778876942,-61.356607332003065,248.01217309519149,-61.356606519688654,248.93993393376383,-61.355688146005186,249.18217645153226,-61.35585355308685,250.79946632435897,-61.35917096742372,256.60627688506884,-61.39932378813571,256.7721536208928,-61.396136740524646,257.7682247119364,-61.35094725794366,258.0190218940835,-61.35,277.62318412106913,-61.35,281.34292800000003,-57.630256121069124,281.34292800000003,-17.601340878930873,277.62318412106913,-13.881597000000001,234.6621746866017,-13.881597000000001,234.0690081198765,-13.811659108130067,233.91898281612626,-13.79757025007155,233.86338781712524,-13.793677460830004,232.68502825180857,-13.65474137068664,232.52251596062425,-13.625746664170366,232.4971122644488,-13.621320619561253,230.05304417799462,-13.205713696868461,229.61446478212173,-13.126446550751837,229.58203473710012,-13.120758752325163,227.20586731709528,-12.716698673760366,226.57775496581442,-12.601982547727204,225.8806104678178,-12.464556916742476,225.8291218786403,-12.454847802916538,222.8973209243194,-11.927016176263209,222.75994486870738,-11.901603029490806,222.44143259249358,-11.85920630633879,219.86270341965627,-11.647951084573824,218.88486122382855,-11.718821184718596,216.64481731092732,-12.23490476624097,215.98444089043352,-12.465909098312737,215.26646897874718,-12.809694272567581,214.78418620561382,-13.095380698462149,213.86484810663325,-13.755881249986947,213.32162327147353,-14.25046861444397,212.75661997461313,-14.899014282753274,212.38339012436705,-15.427535090038601,211.42315145016548,-17.13196843941494,211.13025873325512,-17.839152929731007,210.83759670378132,-18.887381243251745,210.73711944789474,-19.41734290784397,210.45020873824677,-22.207339905341907,210.4388274238788,-22.34918374341668,210.38275908652335,-23.32052959871243,210.37859320301268,-23.587639514451464,210.4036309074671,-24.53335880923328,210.40385887681472,-24.541568283910728,210.48297518270545,-27.26376289041652,210.56375926213747,-27.889665506701643,210.94330597373147,-29.527914431041857,210.95572127794316,-29.579536128074874,211.11165095752102,-30.204834685503823,211.33321595438252,-30.817672224910527,211.70119604864706,-31.580516907869264,212.05437354374692,-32.15025806560662,213.1214969241963,-33.52414544717696,213.82850367208647,-34.19272907593648,214.7278587557654,-34.814014518318785,215.5158880035519,-35.210205925046864,217.36374190411198,-35.837319038771675,217.6012795835444,-35.907729067569534,218.16530417695506,-36.05124026001053,218.92887056789547,-36.14956301716609,219.41989910894483,-36.15298641243799,221.25813419780945,-36.25052428542996,221.48772566140042,-36.25439408645032,223.7131003200614,-36.21143063585181,228.683004,-36.3495711431668,228.683004,-44.48341371678274,228.11760804560893,-44.718193899557505,228.1003690853755,-44.7253521426519,228.06816187124255,-44.738726344532836,226.92182031419705,-44.72724130539476,226.74829106172103,-44.73024562375888,224.20914898178498,-44.843671184107954,222.45450782708866,-44.78248373088668,222.23484552672946,-44.78242472727612,220.4487829977505,-44.84374724028098,220.06855027588526,-44.87976722335487,219.58935944529455,-44.95443558142685,218.17144524898077,-45.130481556591505,217.40472185924128,-45.32455833929175,215.96868369240366,-45.885362517762694,215.7080099142532,-46.000899106970905,215.2498548606891,-46.22909029791248,214.69594301794353,-46.58047505301309,213.19459427746358,-47.76630839510828,212.27303521634488,-48.930774108672225,211.58981190940025,-50.39464909068131,211.54386964440818,-50.49783523294231,211.21468646462023,-51.274048133936425,210.9890149228642,-52.10161980991227]}