{"Index":-1,"Tolerance":1.7116322E-05,"Coordinates":[95.608019,-33.994965,96.840436,-32.359544,97.132534,-30.530861,97.271559,-30.234613,97.324493,-29.753768,97.370176,-23.117289,97.404858,-20.772918,97.42594,-15.552316,97.444138,-10.161303,97.48136,-9.289021,97.265675,-7.483864,96.976085,-6.610389,96.493495,-6.072746,96.234613,-5.736769,95.592734,-5.554324,94.793469,-5.542559,93.01287,-5.81133,91.403494,-6.362823,89.810837,-7.152553,89.79054,-7.169971,89.579877,-7.274429,89.348916,-7.396306,89.165936,-7.503316,89.122397,-7.533361,88.939543,-7.956236,88.888219,-8.268293,88.855073,-9.253728,88.00163,-7.522832,87.611277,-6.901024,87.471875,-6.681589,87.461983,-6.666712,87.443773,-6.636369,87.266895,-6.371656,87.260046,-6.363001,87.254412,-6.354527,87.042213,-6.063338,86.544917,-5.441647,86.284391,-5.128655,86.273875,-5.11672,86.26268,-5.102572,86.052762,-4.863204,86.036787,-4.847634,86.029368,-4.839214,85.855272,-4.65525,85.330686,-4.138019,84.91812,-3.756153,84.906439,-3.745958,84.893852,-3.73369,84.654484,-3.523772,84.635908,-3.509836,84.627125,-3.502171,84.316081,-3.249424,83.70138,-2.794762,83.386139,-2.571216,83.373515,-2.562824,83.359869,-2.552587,83.095156,-2.375705,83.074228,-2.363866,83.064115,-2.357143,82.710127,-2.138856,82.046853,-1.769646,81.714657,-1.593742,81.701397,-1.587242,81.686974,-1.579083,81.401443,-1.438273,81.378341,-1.428887,81.367029,-1.423342,80.973725,-1.246473,80.273192,-0.967545,79.945121,-0.845635,79.930926,-0.840816,79.902226,-0.829156,79.600744,-0.726818,79.575692,-0.720232,79.563757,-0.716181,79.135955,-0.587262,78.410278,-0.401983,78.078786,-0.325812,78.064486,-0.322968,78.03541,-0.315324,77.723153,-0.253211,77.696589,-0.249787,77.683811,-0.247245,77.38442,-0.197922,76.690141,-0.102166,76.161619,-0.051027,76.147521,-0.050103,76.118569,-0.046371,75.800877,-0.025552,75.773178,-0.025571,75.759756,-0.024691,75.446376,-0.014242,74.739271,-0.008498,74.224663,-0.025723,74.210974,-0.02662,74.182703,-0.026639,73.865011,-0.047458,73.836675,-0.051148,73.822816,-0.052056,73.30462,-0.102512,72.606317,-0.199713,72.300439,-0.250294,72.287398,-0.252888,72.260228,-0.256426,71.947972,-0.318539,71.919443,-0.32608,71.905441,-0.328865,71.580459,-0.403775,70.858543,-0.589097,70.42147,-0.721108,70.409281,-0.725246,70.383674,-0.732014,70.082192,-0.834352,70.054062,-0.845825,70.040134,-0.850553,69.550092,-1.03325,68.882988,-1.31106,68.618655,-1.430317,68.607471,-1.435832,68.583812,-1.445482,68.29828,-1.586292,68.271071,-1.601729,68.257497,-1.608423,67.781843,-1.860144,67.160419,-2.218752,66.911478,-2.37208,66.901811,-2.378573,66.890733,-2.384858,66.626019,-2.56174,66.600376,-2.581034,66.586913,-2.590076,66.136016,-2.909766,65.570097,-3.342077,65.351269,-3.51976,65.342831,-3.527195,65.333033,-3.534567,65.093665,-3.744485,65.070084,-3.767525,65.057556,-3.778564,64.66448,-4.142197,64.138551,-4.662069,63.951725,-4.859024,63.944601,-4.867185,63.936156,-4.875437,63.726239,-5.114805,63.705238,-5.141419,63.693968,-5.154331,63.342241,-5.576796,62.890239,-6.156456,62.736686,-6.36748,62.730904,-6.376176,62.72389,-6.385065,62.547009,-6.649779,62.529159,-6.679608,62.519411,-6.694269,62.254235,-7.11297,61.88594,-7.726789,61.725979,-8.020149,61.721411,-8.029411,61.715982,-8.038484,61.575171,-8.324016,61.568023,-8.340447,61.560415,-8.355874,61.368587,-8.770046,61.052458,-9.490534,60.936891,-9.789132,60.93371,-9.798503,60.929668,-9.807794,60.827329,-10.109276,60.822217,-10.126953,60.816562,-10.143613,60.687353,-10.555645,60.454966,-11.347669,60.387735,-11.626541,60.385753,-11.63629,60.377816,-11.663738,60.315703,-11.975994,60.312599,-11.996175,60.309322,-12.012294,60.219988,-12.520496,60.101599,-13.284924,60.071642,-13.557371,60.071109,-13.566014,60.069645,-13.575534,60.048827,-13.893226,60.047496,-13.949262,60.046247,-13.969533,60.022226,-14.496184,60.005797,-15.284772,60.010465,-15.475928,60.011019,-15.48494,60.010402,-15.510931,60.03122,-15.828623,60.033475,-15.850004,60.034525,-15.867074,60.080802,-16.40539,60.168781,-17.225353,60.198458,-17.421418,60.200021,-17.429126,60.200931,-17.437757,60.263045,-17.750013,60.276668,-17.807175,60.28089,-17.828001,60.372845,-18.25121,60.573273,-19.098454,60.630176,-19.293646,60.632743,-19.301304,60.638175,-19.324096,60.740513,-19.625578,60.74855,-19.64675,60.754177,-19.663534,60.931802,-20.156957,61.238137,-20.961941,61.303466,-21.110474,61.306702,-21.117036,61.314646,-21.137962,61.455457,-21.423493,61.485489,-21.479572,61.494348,-21.497536,61.700744,-21.899999,62.126657,-22.695313,62.209098,-22.832199,62.212882,-22.837842,62.219621,-22.850426,62.396502,-23.11514,62.434047,-23.167673,62.446013,-23.185518,62.707766,-23.564979,63.232075,-24.298588,63.321347,-24.410279,63.325736,-24.415318,63.337203,-24.431363,63.547121,-24.670732,63.563733,-24.688587,63.575936,-24.702598,63.921719,-25.084986,64.536231,-25.745462,64.640939,-25.84726,64.645393,-25.851153,64.649664,-25.855743,64.889033,-26.06566,64.924522,-26.0951,64.94143,-26.109877,65.32263,-26.435105,66.016801,-27.010959,66.125445,-27.092082,66.130093,-27.095188,66.134498,-27.098842,66.399212,-27.275723,66.418827,-27.28812,66.436693,-27.300058,66.886466,-27.592068,67.649011,-28.074006,67.744887,-28.126852,67.749718,-28.12926,67.767352,-28.140405,68.052884,-28.281216,68.077446,-28.292623,68.093975,-28.300862,68.545979,-28.516967,69.404916,-28.916426,69.511371,-28.959111,69.51574,-28.960577,69.520242,-28.962668,69.821724,-29.065006,69.910204,-29.092954,69.935273,-29.101367,70.351249,-29.238205,71.263806,-29.526454,71.356336,-29.550239,71.360452,-29.551044,71.364748,-29.552401,71.677005,-29.614515,71.770365,-29.631219,71.796798,-29.636389,72.234772,-29.719598,73.176811,-29.888148,73.254321,-29.897169,73.258177,-29.897418,73.26988,-29.899512,73.587572,-29.92033,73.687306,-29.925143,73.711276,-29.926692,74.020402,-29.944744,75.137815,-29.998673,75.18979,-29.998048,75.193265,-29.997824,75.203779,-29.998331,75.521471,-29.977513,75.576217,-29.973089,75.59775,-29.971698,75.961656,-29.945087,77.077363,-29.854924,77.125428,-29.848242,77.128412,-29.847651,77.134579,-29.847153,77.446835,-29.78504,77.474698,-29.779115,77.495712,-29.774956,77.886724,-29.694289,78.98166,-29.461456,79.006375,-29.453411,79.029253,-29.448546,79.15424,-29.40482,79.500794,-29.287184,80.482608,-28.947416,80.847303,-28.812796,80.849228,-28.811844,80.857425,-28.808976,81.006513,-28.734034,81.404342,-28.537227,82.298116,-28.091227,82.575797,-27.945445,82.57724,-27.944481,82.588014,-27.939065,82.796315,-27.798096,83.101476,-27.594188,83.941175,-27.028519,84.202961,-26.846332,84.203934,-26.845478,84.208943,-26.842088,84.89515,-26.239213,84.779115,-27.166217,84.646853,-27.469947,84.816246,-27.950288,85.16894,-29.221815,85.644231,-29.76424,86.567209,-30.860057,86.779205,-30.98468,87.401724,-31.552889,88.993979,-32.561555,89.32486,-32.728382,91.348033,-33.614891,91.996492,-33.853425,93.455463,-34.191441,94.159835,-34.241142]}