{"Index":-1,"Tolerance":2.578891874582329E-05,"Coordinates":[213.2621345224828,-23.3820168451125,213.2678907803938,-25.76528656592384,213.27289618981794,-25.936008899155567,213.347225382572,-27.257059525463774,213.3858911932376,-27.603627207756677,213.5497782613615,-28.581748866920197,213.57806225686227,-28.72910337712743,213.80216488371025,-29.76393304267554,214.05888594832578,-30.499483961946467,214.5999754068408,-31.596192836989914,214.93783669386326,-32.136728985011445,215.61011608956542,-33.00485995482312,216.36045006557734,-33.704744820917576,217.69134625675255,-34.594674298400385,218.66495141362745,-35.031485761595256,220.01541968714318,-35.38219166907386,220.79429739026403,-35.48443738273091,221.63616637148914,-35.490308615564864,222.05469974686727,-35.444692815814435,222.198501439426,-35.44297215548136,222.2479681235889,-35.43294588539551,222.4094556028441,-35.4293500143426,222.4266061886949,-35.42587377227773,222.58808104852847,-35.42227819098842,222.60523212358873,-35.418801885395546,222.76671960284375,-35.415206014342644,222.78387242451754,-35.41172931910014,222.94535456192617,-35.40813341456802,222.96250442451773,-35.40465731910014,223.12610171497624,-35.40063269545193,223.1907579024516,-35.417485364043195,223.5876346373419,-35.41123451699854,223.8204677957772,-35.44551311307475,224.1587730692906,-35.534280247852436,224.5522200810202,-35.64226079520903,224.6284390761402,-35.66216556117591,225.06961542847685,-35.77155213927623,225.29502047472704,-35.83949961256924,225.64210777144805,-35.923177768668175,226.2495442338523,-36.03393966622983,226.32128785104362,-36.046173754865244,227.10328370533063,-36.170318064962366,227.29746810700541,-36.17699109664688,227.39375317547047,-36.18850749398166,228.683004,-36.313935729109076,228.683004,-44.40235187319737,228.53343969675475,-44.43992085930245,228.4053569913091,-44.52738976099388,228.32537512580248,-44.547480617213516,228.25137461299803,-44.593713440374984,228.1568664998177,-44.61745301232972,228.08285615482717,-44.66369189081094,227.98834412580246,-44.68743261721353,227.91434361299804,-44.73366544037498,227.8198354998177,-44.75740501232971,227.74583006142697,-44.80364082535202,227.65131949981713,-44.82738101232981,227.5773140614263,-44.87361682535219,227.4828034998179,-44.89735701232962,227.4087980614269,-44.94359282535209,227.3142874998177,-44.96733301232972,227.24027715482717,-45.01357189081094,227.14576512580246,-45.03731261721353,227.07176461299804,-45.08354544037498,226.9772564998177,-45.10728501232971,226.90325106142697,-45.153520825352025,226.80874464897173,-45.1772599701002,226.80372836132295,-45.180393948686266,226.657266321735,-45.19389032169092,226.586032519578,-45.23112763918133,226.46771847399663,-45.242685388152395,226.39820810019768,-45.279265848926386,226.2779336783423,-45.29169097550265,226.21734726273252,-45.323789893733434,226.1001390825616,-45.33624514368928,226.04830375447534,-45.36380494598137,225.9356600825616,-45.37577514368928,225.88382692988074,-45.40333378936204,225.77118339769854,-45.41530388915899,225.71934589176826,-45.442864825125795,225.6067010825606,-45.45483514368944,225.55486575447438,-45.48239494598152,225.4422220825606,-45.494365143689436,225.39038675447438,-45.52192494598152,225.27774937497406,-45.53389447501953,225.22590947035872,-45.56145658283186,225.11326076737788,-45.573427398238586,225.06142979256975,-45.60098491021868,224.94878739769854,-45.61295488915892,224.8969498917681,-45.64051582512581,224.7843050825606,-45.65248614368944,224.73246975447438,-45.68004594598152,224.62103858672555,-45.69188729566513,224.56915236742955,-45.71944952538867,224.45721048548654,-45.731344846001036,224.405273335321,-45.75892105567059,224.29331363598308,-45.77081881380723,224.24136321200245,-45.798389931263046,224.12940239759243,-45.810287740139444,224.07742854568647,-45.83785978038469,223.96553679229962,-45.849750017464004,223.9135313301055,-45.87732646878956,223.8016673741647,-45.889213601661545,223.74961197686514,-45.91680419805251,223.6377601745894,-45.92869066590089,223.58570261851392,-45.95627043674135,223.47387352825353,-45.968154175678706,223.21265867803032,-46.10648440659492,222.81756888109663,-46.17720069111015,222.75376446738096,-46.214069457561436,222.40091261188252,-46.28010600910482,222.2708382253275,-46.358605241913054,222.14198071266682,-46.388984427982805,221.49139462622688,-46.31683147784966,220.3045757496293,-46.42073023927034,219.34458038991505,-46.65846174289024,217.59879086794825,-47.39284331011303,216.4133249872014,-48.25329273202688,215.27687559885976,-49.56673817045829,214.75951236074619,-50.39147434065905,214.42690057732037,-51.162569204561485,214.3752562048598,-51.28979151124861,214.0711378738673,-52.088068731963176,213.889799726624,-52.80541571341181,213.737332277199,-53.96072586220947,213.71587731043,-54.18364922424466,213.68028014392164,-54.76953208968128,213.71050032316035,-55.440588948741905,213.84065695546465,-56.29777797484613,213.89997767760894,-56.705636934988036,213.99262289251706,-57.133331339287395,214.2460533262857,-58.007390912720425,214.52343301416371,-58.67182421028831,215.2141162760017,-59.91026236752103,215.7268180609549,-60.59434421661185,216.8718185619938,-61.75736739559102,217.81384404671965,-62.419141863806495,219.20986083914005,-63.062088594470445,219.7675336153015,-63.25845405480074,220.71322918859994,-63.49541989401262,221.50484248167868,-63.59096390709994,223.4519984978914,-63.58066467023957,223.719974135193,-63.567917746051506,224.28605917663512,-63.5169610794034,224.79264917397612,-63.42964463045683,225.92392591433128,-63.138860326921474,226.66196454275985,-62.84275980628204,227.09587490228253,-62.75670983372993,227.22588433875487,-62.72655345550617,227.5504500414688,-62.681348191038346,227.86166558874191,-62.59346271345633,228.4949848506045,-62.490828461251915,228.50696042662395,-62.48715268732618,228.52469339133677,-62.48494438124997,228.66198264932385,-62.445109065307925,228.71578273450157,-62.43840931894776,228.85308324215745,-62.398571230609136,228.90689281904184,-62.391870195572494,229.04418645952157,-62.352033954475466,229.09799493270026,-62.345333056885934,229.23529621648302,-62.30549454576955,229.28910970765972,-62.298792969936386,229.4263945922003,-62.2589587580002,229.48020162298192,-62.252258093368916,229.61748994995125,-62.21242302787067,229.6712897345013,-62.2057233189478,229.80859024215732,-62.165885230609135,229.86239981904197,-62.159184195572465,229.99969345952152,-62.119347954475494,230.05350081904183,-62.11264719557249,230.1907910346433,-62.07281194821615,230.24460762298165,-62.066110093369,230.38189937475912,-62.02627403414128,230.43570973636594,-62.019572954717695,230.77229892315572,-61.921909371868104,230.91895644799558,-61.89088113132585,231.10854235730295,-61.83366684789472,232.51629071000167,-61.702465811452356,232.53235889628894,-61.700436136646466,233.05789876529965,-61.90283245599449,235.5661667289339,-61.846472760252716,236.70054408443576,-61.35,252.42907001919755,-61.35,252.7664443262731,-61.35492528768605,252.85054990956112,-61.35503908704283,253.24575849658416,-61.35033914791672,256.2878156558162,-61.37669725736302,256.46843227555195,-61.37312367790712,256.85650568013244,-61.354392344236935,258.0190260420799,-61.35,277.62318412106913,-61.35,281.34292800000003,-57.630256121069124,281.34292800000003,-17.601340878930873,277.62318412106913,-13.881597000000001,232.40274787893085,-13.881597000000001,232.30861209635236,-13.975732782578488,232.2345069278653,-13.971903815606984,231.653617822549,-13.87316262599557,231.62707844618672,-13.868766983394572,230.65058579002456,-13.711280540983875,230.2039189759649,-13.559212744639595,230.0710961284006,-13.517220980938736,229.97584733112836,-13.489391004247489,229.82366186459004,-13.438540652763768,229.77777629080802,-13.423595391799296,228.36108116721007,-12.974047008064657,228.0145568092147,-12.88521361002397,225.8816287932449,-12.464757662742217,225.8321866131324,-12.455417684146978,224.90970146542642,-12.288713012246207,224.7926946012558,