{"Index":-1,"Tolerance":2.5867910124014295E-05,"Coordinates":[213.43905852588702,-56.01610337446022,213.52486555769215,-56.6060529831288,213.61750696959427,-57.03372832631479,213.95053711793193,-58.182330409195096,214.22791777304423,-58.846768869360794,214.84242413634686,-59.94861895261121,215.3551293301275,-60.63270513860144,216.598230173137,-61.89537023254867,217.54025286923346,-62.55714214149881,218.78987592403936,-63.132666303830085,219.34754443267082,-63.3290307898644,220.48866594426366,-63.614966956675644,221.2802859590978,-63.71051214839571,222.95487785450382,-63.701653581028744,223.22284844715784,-63.68890694616201,224.38381484965566,-63.58440263156745,224.8904104799399,-63.49708525427621,227.64694894048904,-62.788539943949985,228.3171810767275,-62.51964292888285,228.4949848506045,-62.490828461251915,228.50696042662395,-62.48715268732618,228.52469339133677,-62.48494438124997,228.66198264932385,-62.445109065307925,228.71578273450157,-62.43840931894776,228.85308324215745,-62.398571230609136,228.90689281904184,-62.391870195572494,229.04418645952157,-62.352033954475466,229.09799493270026,-62.345333056885934,229.23529621648302,-62.30549454576955,229.28910970765972,-62.298792969936386,229.4263945922003,-62.2589587580002,229.48020162298192,-62.252258093368916,229.61748994995125,-62.21242302787067,229.6712897345013,-62.2057233189478,229.80859024215732,-62.165885230609135,229.86239981904197,-62.159184195572465,229.99969345952152,-62.119347954475494,230.05350081904183,-62.11264719557249,230.1907910346433,-62.07281194821615,230.24460762298165,-62.066110093369,230.38189937475912,-62.02627403414128,230.43570973636594,-62.019572954717695,230.77229892315572,-61.921909371868104,230.91895644799558,-61.89088113132585,231.10854235730295,-61.83366684789472,232.51629071000167,-61.702465811452356,232.53235889628894,-61.700436136646466,233.05789876529965,-61.90283245599449,235.5661667289339,-61.846472760252716,236.70054408443576,-61.35,252.16373631139408,-61.35,252.36732508437396,-61.353073095146286,252.38566181317773,-61.35329691679455,252.728713540951,-61.35649346231137,253.88487391845405,-61.3692164190999,253.89230242369746,-61.369289474469895,256.49762804057923,-61.391863225390836,256.6782381247559,-61.38828994267,257.0021321871961,-61.37265702063336,257.4558161942501,-61.35212757309049,258.0190238366508,-61.35,277.62318412106913,-61.35,281.34292800000003,-57.630256121069124,281.34292800000003,-17.601340878930873,277.62318412106913,-13.881597000000001,232.40274787893085,-13.881597000000001,232.30861209635236,-13.975732782578488,232.2345069278653,-13.971903815606984,231.65361821724633,-13.873162693087352,231.62707963139772,-13.868767177978679,230.78939656168887,-13.73366740293993,230.2012507332357,-13.526780813578599,229.947166241569,-13.479807358518423,229.823649077365,-13.438536452027185,229.7777720144041,-13.42359403480269,228.36108116721007,-12.974047008064657,228.0145568092147,-12.88521361002397,225.8813250743328,-12.464697791793956,225.83127360505688,-12.455247768165968,224.70162110140382,-12.251332813975583,224.57920371919505,-12.228686444860204,224.27017077873313,-12.18708010863169,222.68132787400344,-12.052128898609245,222.67067900363458,-12.051242464281916,221.7319598521121,-11.974691900367121,220.75532095163962,-12.045656459067901,219.68972900548766,-12.2911561367115,219.25848714971463,-12.42334533315705,218.34067760927752,-12.777682965347909,217.90583582225509,-12.9846567093831,217.0775866036628,-13.458932808452,216.80259439478627,-13.635786270688646,216.2636054513318,-14.02302317929891,215.72038127170018,-14.517608535057951,215.10901781490637,-15.219366835273703,214.83402218387633,-15.585167299632042,214.15873499129452,-16.632724170021238,213.8291607402908,-17.307215247841444,213.58209274073874,-18.013692681407132,213.45493151042572,-18.495641091763574,213.15438077942306,-20.151858021606795,213.1133076359598,-20.467499650095125,212.96204009114808,-22.371447941826748,212.9544881934818,-22.498921264412186,212.92657077789409,-23.21320248906752,212.92415747556436,-23.344883905419387,212.92957677161627,-25.588712661324255,212.93458212129303,-25.759434167149717,213.01876235198475,-27.25557603152115,213.05742892250444,-27.602148964059136,213.24154781049037,-28.701010540235963,213.26982957952754,-28.84835382605533,213.4512340475744,-29.686027129691226,213.7079579984698,-30.421587892566684,214.3189985627863,-31.66007444794457,214.65684991082802,-32.200596772119745,215.28508148512694,-33.011855070735116,216.03542686047268,-33.711752958400496,217.4463890663896,-34.65521810049372,218.42851213677065,-35.09424940589437,219.8310133307012,-35.45440474189056,220.6014632209141,-35.55447787923647,221.64140600809267,-35.56172477807599,222.37152848703028,-35.482147082395564,222.65423853983992,-35.41771065061736,222.76671960284375,-35.415206014342644,222.78387242451754,-35.41172931910014,222.94535456192617,-35.40813341456802,222.96250442451773,-35.40465731910014,223.12398656192616,-35.40106141456802,223.14113642451773,-35.39758531910014,223.30261856192615,-35.39398941456802,223.31976842451758,-35.390513319100165,223.43018721338328,-35.38805449963143,223.820467795635,-35.44551311303745,224.1587730692906,-35.534280247852436,224.5522200810202,-35.64226079520903,224.6284390761402,-35.66216556117591,225.06961542847685,-35.77155213927623,225.29502047472704,-35.83949961256924,225.64210777144805,-35.923177768668175,226.2495442338523,-36.03393966622983,226.32128785104362,-36.046173754865244,227.10328370533063,-36.170318064962366,227.29746810700541,-36.17699109664688,227.39375317547047,-36.18850749398166,228.683004,-36.313935729109076,228.683004,-44.40235187319737,228.53343969675475,-44.43992085930245,228.4053569913091,-44.52738976099388,228.32537512580248,-44.547480617213516,228.25137461299803,-44.593713440374984,228.1568664998177,-44.61745301232972,228.08285615482717,-44.66369189081094,227.98834412580246,-44.68743261721353,227.91434361299804,-44.73366544037498,227.8198354998177,-44.75740501232971,227.74583006142697,-44.80364082535202,227.65131949981713,-44.82738101232981,227.5773140614263,-44.87361682535219,227.4828034998179,-44.89735701232962,227.4087980614269,-44.94359282535209,227.3142874998177,-44.96733301232972,227.24027715482717,-45.01357189081094,227.14576512580246,-45.03731261721353,227.07176461299804,-45.08354544037498,226.9772564998177,-45.10728501232971,226.90325106142697,-45.153520825352025,226.80874464897173,-45.1772599701002,226.80372836132295,-45.180393948686266,226.657266321735,-45.19389032169092,226.586032519578,-45.23112763918133,226.46771847399663,-45.242685388152395,226.39820810019768,-45.279265848926386,226.2779336783423,-45.29169097550265,226.21734726273252,-45.323789893733434,226.1001390825616,-45.33624514368928,226.04830375447534,-45.36380494598137,225.9356600825616,-45.37577514368928,225.88382692988074,-45.40333378936204,225.77118339769854,-45.41530388915899,225.71934589176826,-45.442864825125795,225.6067010825606,-45.45483514368944,225.55486575447438,-45.48239494598152,225.4422220825606,-45.494365143689436,225.39038675447438,-45.52192494598152,225.27774937497406,-45.53389447501953,225.22590947035872,-45.56145658283186,225.11326076737788,-45.573427398238586,225.06142979256975,-45.60098491021868,224.94878739769854,-45.61295488915892,224.8969498917681,-45.64051582512581,224.7843050825606,-45.65248614368944,224.73246975447438,-45.68004594598152,224.62103858672555,-45.69188729566513,224.56915236742955,-45.71944952538867,224.45721048548654,-45.731344846001036,224.405273335321,-45.75892105567059,224.29331363598308,-45.77081881380723,224.24136321200245,-45.798389931263046,224.12940239759243,-45.810287740139444,224.07742854568647,-45.83785978038469,223.96553679229962,-45.849750017464004,223.9135313301055,-45.87732646878956,223.8016673741647,-45.889213601661545,223.74961197686514,-45.91680419805251,223.6377601745894,-45.92869066590089,223.58570261851392,-45.95627043674135,223.47387352825353,-45.968154175678706,223.21265867803032,-46.10648440659492,