{"Inners":[{"Index":-1,"Tolerance":2.4512464999999996E-06,"Coordinates":[223.262323,-42.647638,221.928451,-42.618726,221.715402,-42.621256,221.698903,-42.622006,220.058584,-42.548922,217.186876,-42.139581,217.137661,-42.132958,217.116622,-42.130294,216.648943,-41.99627,216.501866,-41.963282,215.141292,-41.580201,215.113698,-41.572566,214.84516,-41.499564,213.943617,-41.06107,213.990795,-40.889385,214.224546,-39.739318,216.126681,-38.882117,217.419555,-38.593665,218.533848,-38.394768,218.828936,-38.354345,218.955956,-38.334317,219.654328,-38.20966,222.706512,-37.965959,222.81161,-37.955806,222.987708,-37.935834,223.714285,-37.878343,225.56086,-37.83254,225.589412,-37.831704,225.846679,-37.823006,226.024189,-37.820469,226.086101,-37.81898,227.391431,-37.774847,228.683004,-37.805521,228.683004,-42.637035,228.671741,-42.637201,225.281802,-42.652872,225.077975,-42.660364,224.83183,-42.67734]}],"Index":-1,"Tolerance":3.0204380999999996E-05,"Coordinates":[220.478922,-11.431719,219.860094,-11.31648,217.617219,-10.884346,217.585093,-10.878327,217.169886,-10.802754,212.740618,-9.951451,212.725822,-9.948643,211.088164,-9.641934,211.034357,-9.632335,209.876131,-9.435989,209.747514,-9.410339,209.654047,-9.393149,207.58347,-9.044285,204.673204,-8.524033,204.439169,-8.491128,201.948004,-8.234967,200.956921,-8.288056,199.50648,-8.596445,197.723496,-8.876681,196.405535,-9.40053,195.91084,-9.739512,195.244595,-10.024392,194.148854,-10.797542,191.651048,-13.500806,190.814867,-15.287565,190.655486,-16.511354,189.973049,-18.555986,189.810219,-19.472943,189.655272,-24.751726,189.654208,-24.801001,189.644969,-25.469419,189.644668,-25.50984,189.636361,-33.130656,189.597542,-38.701423,189.597516,-38.741632,189.604337,-39.93911,189.530322,-46.711964,189.457769,-50.152921,189.457427,-50.267881,189.531014,-55.132829,189.505202,-56.058515,189.507556,-56.297973,189.678616,-59.893696,189.755133,-60.451956,190.364146,-63.114131,192.139613,-65.361848,192.557023,-65.567921,192.818667,-65.975854,194.362003,-67.245353,196.952309,-68.268576,198.078451,-68.492045,199.36825,-68.512141,199.82598,-68.524668,200.126034,-68.573546,200.393938,-68.605577,200.891607,-68.643729,201.380587,-68.643506,203.895997,-68.448368,204.006488,-68.437851,204.7407,-68.354992,204.952286,-68.323867,205.810203,-68.167991,205.82305,-68.165629,207.838934,-67.790787,207.964843,-67.764727,208.423602,-67.660047,208.530375,-67.637857,209.750521,-67.357269,210.94811,-67.084003,210.970975,-67.078697,211.318054,-66.996796,212.713459,-66.675907,212.730893,-66.671846,216.648259,-65.747718,220.276375,-64.911425,220.277798,-64.911097,224.188242,-64.007833,228.395023,-63.045945,231.732669,-62.329617,234.241988,-61.900492,235.106283,-61.783535,238.676674,-61.47028,239.011021,-61.454693,239.805587,-61.4418,239.847046,-61.440856,241.341388,-61.39708,241.776442,-61.388191,245.050707,-61.391858,245.127981,-61.389832,245.219034,-61.389935,245.239982,-61.389889,250.823374,-61.359336,256.588201,-61.399199,256.717943,-61.397445,258.114849,-61.35,277.623184,-61.35,281.342928,-57.630256,281.342928,-17.601341,277.623184,-13.881597,234.67723,-13.881597,232.839136,-13.672465,232.435059,-13.610714,227.874326,-12.830409,226.339175,-12.54997,221.955777,-11.713643,220.49307,-11.434387]}