{"Index":-1,"Tolerance":8.01772386103168E-06,"Coordinates":[13.691808906569516,-44.738009991233895,11.31086176940754,-44.8564705224749,7.772131780359059,-48.8298593849729,8.021873439022649,-52.615194694590755,8.769231123578384,-54.4846206178986,9.735132892926124,-55.64367159272822,10.235069776910327,-56.12537320252776,13.35237751589414,-58.53278047255712,14.538069746597813,-59.10683165525807,15.550292568747555,-59.35901720651181,16.654233815071763,-59.63484027704513,17.905314930514724,-59.6952219735808,19.77597032100982,-59.41558377840496,20.495878332069235,-59.219634285635635,23.084422973533623,-58.17639037438866,23.822047859212912,-57.757476399319394,26.634963524542766,-55.619579926007,27.896762448037226,-52.01572695341986,26.61761207150116,-46.94989599400533,23.926312758375175,-44.410229775555806,20.011028594396794,-43.65977425151744,18.673275829032633,-43.68728674842648,16.722505811658365,-44.14508192016437,16.540180274540212,-44.17451052489812,16.427709618656262,-44.19474707761864]}