{"Index":-1,"Tolerance":2.7723896671003915E-05,"Coordinates":[204.31607040832955,-24.31128361889772,204.18961541135292,-27.485963718370048,204.19820911224247,-27.877977787031714,204.27647530332968,-28.811454271352538,204.2844836283301,-28.89400442853102,204.68090513171538,-32.49087495958222,204.96762129919622,-33.50543170731266,205.8997062034958,-35.47981492212496,207.9588952531916,-37.24566938471441,211.50203585206378,-38.29525379474163,212.28298569904058,-38.42409617291668,213.55325648163608,-38.4736911308609,214.2195963002091,-38.42961867495325,215.87294887097408,-38.143914942007044,218.48552774004673,-37.74793680464129,221.4343583685453,-37.50853673206375,223.6685988970796,-37.40205889697537,227.49742794602392,-37.333929486506825,228.53470774468704,-37.31823703113199,228.683004,-37.31959872549426,228.683004,-43.42916830603384,227.7587100239021,-43.396479547565775,227.65580260836322,-43.39450935526433,226.72254999587744,-43.391770769816,222.7754339264302,-43.24141286007094,220.78993069831063,-43.145391413375144,218.49895453524115,-42.93944363429228,218.31124128981716,-42.928159414538385,216.65334371155978,-42.87769477606061,214.57856903741612,-42.76313327900569,213.7838370528321,-42.81896624357356,213.19874956195176,-42.93479275643503,212.86379263069412,-42.99619438175638,211.22889269266716,-43.13527637882909,209.19353642072292,-44.080193908770084,207.62742229797672,-45.643241208080575,206.51725517797414,-46.62690641674687,205.52219810046822,-48.2629111271335,205.2166655258299,-49.47387189150648,205.1475008806832,-49.83492320874705,204.62344971200304,-53.800296590058245,204.52776437137015,-54.456981733940246,204.5095158474403,-54.60723992701314,204.45724523140072,-55.14430711268291,204.46287035787182,-55.81429637059382,204.50376054595853,-56.17202288740664,204.74351235911257,-59.84816993204681,205.1679690763418,-61.24781574510712,206.15211262852776,-62.9517520424258,207.52366521399728,-64.23747685360891,210.32964052464334,-65.62485795222122,211.96625904879426,-65.9529115364179,214.85535650736867,-65.769092228261,215.23558227898755,-65.72175454079134,216.20398312028078,-65.54134631487818,218.80034051203717,-65.12344953333854,218.91565795963078,-65.10269897067903,219.56821791004964,-64.9728020781741,219.64428128159392,-64.9566904558664,220.07687032403038,-64.85951115467401,223.25940408171883,-64.21296943004315,223.32333546826388,-64.19929473140384,224.58494500131658,-63.9158271582835,224.59850814507206,-63.91274847086357,225.0391158467364,-63.81171999652686,225.0446281401231,-63.81048135925533,225.0549345932235,-63.80814742824485,228.39374018027377,-63.046220215293616,231.73601146649563,-62.32889944796194,234.03307548623064,-61.93353489342415,234.3708667697005,-61.8768012471109,234.81427792601002,-61.877956021425604,235.39186114735216,-61.757881506715165,238.07677095409167,-61.51947232389344,238.66150185154203,-61.4709869045755,239.87358151076202,-61.41447979115043,241.50926070837573,-61.39167283415347,243.52967876417213,-61.36091365476546,246.2141122168715,-61.358117621316644,249.06949915868282,-61.36124440721261,249.14111690696242,-61.36051504094116,249.22218966819278,-61.358774737081156,250.8051058712578,-61.359209963652916,256.58820087976596,-61.39919879652585,256.71794349886994,-61.39744477779387,258.11483623808897,-61.35,277.62318412106913,-61.35,281.34292800000003,-57.630256121069124,281.34292800000003,-17.601340878930873,277.62318412106913,-13.881597000000001,234.67723173615278,-13.881597000000001,232.8391392621317,-13.67246532466431,232.43503813218217,-13.610710197083696,227.87434422692235,-12.83041236178821,224.5985255429964,-12.231993289171843,221.87593168749956,-11.716626035071,221.83211235018203,-11.708649299968009,219.15327705401933,-11.24039020680846,218.6445392674524,-11.142371949906833,218.4154478785549,-11.106849549591066,216.69864457355004,-10.904490600076668,216.64150460656634,-10.898279369668662,212.6922184160403,-10.505118194410066,210.99465348992507,-10.79719935187062,207.74801610628512,-12.325679264441877,206.20326279409468,-13.848921067067689,204.8896811342836,-16.5404958615592,204.57440657968516,-17.70183499895458,204.34482258103264,-20.711187820891283,204.33562371321963,-20.95785087897025,204.33911552646336,-23.152981736552935]}