{"Index":-1,"Tolerance":2.5681126825111445E-05,"Coordinates":[213.77098152992306,-24.216835025682055,213.77536181451458,-26.030146321283965,213.7803672312593,-26.20086772102893,213.83991948633658,-27.259287195430897,213.87858575206286,-27.605857476672757,214.01212686206316,-28.402862050315434,214.04040998008355,-28.550211881311604,214.3285551454644,-29.880772146624842,214.58527290461527,-30.616317426451165,215.0214330645335,-31.50035587424035,215.35929790369428,-32.04089933690975,216.097647473104,-32.994348522672134,216.84798346316597,-33.69423484720444,218.06250261062166,-34.506345358822735,219.03208967036306,-34.94210000992432,219.40364657082498,-35.039098680014966,219.97925335437762,-35.25095788325034,221.27822874579482,-35.454537663376726,222.40944681813716,-35.429351794909635,222.42660618869488,-35.42587377227773,222.58808104852847,-35.42227819098842,222.60523212358873,-35.418801885395546,222.76671960284375,-35.415206014342644,222.78387242451754,-35.41172931910014,222.94535456192617,-35.40813341456802,222.96250442451773,-35.40465731910014,223.12610171497624,-35.40063269545193,223.1907579024516,-35.417485364043195,223.2638688255204,-35.41633385991806,223.35617363686967,-35.44184051058501,223.75307953052786,-35.43559257232956,223.8204752055797,-35.445515057315625,224.1587730692906,-35.534280247852436,224.5522200810202,-35.64226079520903,224.6284390761402,-35.66216556117591,225.06961542847685,-35.77155213927623,225.29502047472704,-35.83949961256924,225.64210777144805,-35.923177768668175,226.2495442338523,-36.03393966622983,226.32128785104362,-36.046173754865244,227.10328370533063,-36.170318064962366,227.29746810700541,-36.17699109664688,227.39375317547047,-36.18850749398166,228.683004,-36.313935729109076,228.683004,-44.40235187319737,228.53343969675475,-44.43992085930245,228.4053569913091,-44.52738976099388,228.32537512580248,-44.547480617213516,228.25137461299803,-44.593713440374984,228.1568664998177,-44.61745301232972,228.08285615482717,-44.66369189081094,227.98834412580246,-44.68743261721353,227.91434361299804,-44.73366544037498,227.8198354998177,-44.75740501232971,227.74583006142697,-44.80364082535202,227.65131949981713,-44.82738101232981,227.5773140614263,-44.87361682535219,227.4828034998179,-44.89735701232962,227.4087980614269,-44.94359282535209,227.3142874998177,-44.96733301232972,227.24027715482717,-45.01357189081094,227.14576512580246,-45.03731261721353,227.07176461299804,-45.08354544037498,226.9772564998177,-45.10728501232971,226.90325106142697,-45.153520825352025,226.80874464897173,-45.1772599701002,226.80372836132295,-45.180393948686266,226.657266321735,-45.19389032169092,226.586032519578,-45.23112763918133,226.46771847399663,-45.242685388152395,226.39820810019768,-45.279265848926386,226.2779336783423,-45.29169097550265,226.21734726273252,-45.323789893733434,226.1001390825616,-45.33624514368928,226.04830375447534,-45.36380494598137,225.9356600825616,-45.37577514368928,225.88382692988074,-45.40333378936204,225.77118339769854,-45.41530388915899,225.71934589176826,-45.442864825125795,225.6067010825606,-45.45483514368944,225.55486575447438,-45.48239494598152,225.4422220825606,-45.494365143689436,225.39038675447438,-45.52192494598152,225.27774937497406,-45.53389447501953,225.22590947035872,-45.56145658283186,225.11326076737788,-45.573427398238586,225.06142979256975,-45.60098491021868,224.94878739769854,-45.61295488915892,224.8969498917681,-45.64051582512581,224.7843050825606,-45.65248614368944,224.73246975447438,-45.68004594598152,224.62103858672555,-45.69188729566513,224.56915236742955,-45.71944952538867,224.45721048548654,-45.731344846001036,224.405273335321,-45.75892105567059,224.29331363598308,-45.77081881380723,224.24136321200245,-45.798389931263046,224.12940239759243,-45.810287740139444,224.07742854568647,-45.83785978038469,223.96553679229962,-45.849750017464004,223.9135313301055,-45.87732646878956,223.8016673741647,-45.889213601661545,223.74961197686514,-45.91680419805251,223.6377601745894,-45.92869066590089,223.58570261851392,-45.95627043674135,223.47387352825353,-45.968154175678706,223.21265867803032,-46.10648440659492,222.81756888109663,-46.17720069111015,222.75376446738096,-46.214069457561436,222.40091261188252,-46.28010600910482,222.2708382253275,-46.358605241913054,221.8609466967533,-46.45524043809102,220.551267412498,-46.56989864989551,219.5912851228531,-46.80762771063397,218.1672972478701,-47.406638435729214,216.98182606774552,-48.26709109469365,216.4064047534536,-48.932132110480545,216.00983974354034,-49.284739561127836,215.0882777596923,-50.6877042127341,214.85695024064694,-51.389587051002756,214.5877202989226,-52.09628272412925,214.40638057034562,-52.81363279047477,214.27628904951058,-53.79938714246974,214.2548334082365,-54.02231968384399,214.21203222047808,-54.726798995743586,214.2422530277018,-55.39784938715307,214.44176371218026,-56.71178902349949,214.4945507001065,-56.980693340171406,214.6424724013456,-57.59313836320822,214.96533053765307,-58.41232077139194,215.21637600564677,-58.8570808483823,215.77165237668726,-59.852726872685345,216.28435792307823,-60.53681299889583,217.2822110316317,-61.550369778297075,218.22423116359403,-62.2121400006303,219.04287679296226,-62.58917452597377,220.02403257819768,-63.049941299771994,221.07537532092994,-63.32728181194488,222.0330957509573,-63.429694213025876,222.38238388658948,-63.41401341561753,224.24314749567017,-63.43303421183732,225.41167911776407,-63.225041571424775,226.1539721213387,-62.94350119896982,227.09587490228253,-62.75670983372993,227.22588433875487,-62.72655345550617,227.5504500414688,-62.681348191038346,227.86166558874191,-62.59346271345633,228.4949848506045,-62.490828461251915,228.50696042662395,-62.48715268732618,228.52469339133677,-62.48494438124997,228.66198264932385,-62.445109065307925,228.71578273450157,-62.43840931894776,228.85308324215745,-62.398571230609136,228.90689281904184,-62.391870195572494,229.04418645952157,-62.352033954475466,229.09799493270026,-62.345333056885934,229.23529621648302,-62.30549454576955,229.28910970765972,-62.298792969936386,229.4263945922003,-62.2589587580002,229.48020162298192,-62.252258093368916,229.61748994995125,-62.21242302787067,229.6712897345013,-62.2057233189478,229.80859024215732,-62.165885230609135,229.86239981904197,-62.159184195572465,229.99969345952152,-62.119347954475494,230.05350081904183,-62.11264719557249,230.1907910346433,-62.07281194821615,230.24460762298165,-62.066110093369,230.38189937475912,-62.02627403414128,230.43570973636594,-62.019572954717695,230.77229892315572,-61.921909371868104,230.91895644799558,-61.89088113132585,231.10854235730295,-61.83366684789472,232.51629071000167,-61.702465811452356,232.53235889628894,-61.700436136646466,233.05789876529965,-61.90283245599449,235.5661667289339,-61.846472760252716,236.70054408443576,-61.35,252.53297405408009,-61.35,252.6077929798888,-61.35109229541306,252.69190173099088,-61.351206082664454,252.79331292063685,-61.35,254.1032690267965,-61.35,254.87008894379798,-61.3613500329159,254.92907599557864,-61.36167511252504,258.0190264222225,-61.35,277.62318412106913,-61.35,281.34292800000003,-57.630256121069124,281.34292800000003,-17.601340878930873,277.62318412106913,-13.881597000000001,232.40274787893085,-13.881597000000001,232.30861209635236,-13.975732782578488,232.2345069278653,-13.971903815606984,231.653617822549,-13.87316262599557,231.62707844618672,-13.868766983394572,230.57912760537442,-13.699755932774423,229.62015326101394,-13.37327185182833,229.4873428555336,-13.331283575163532,229.46579596226704,-13.324987843429637,229.4593559292548,-13.322795334333149,229.39487203352112,-13.301608187876814,228.35874912559407,-12.97340271801092,228.0137652895099,-12.885057580769926,225.88261297639792,-12.464951671005416,225.8351450109255,-12.45596910244871,225.20841691975784,-12.342302455793273,225.1128869390098,-12.324630358300062,224.8038630539521,-12.283025703808327,222.8575921657944,-12.117715753639976,222.84694016246178,-12.116829064068593,222.28225259886142,