{"Index":-1,"Tolerance":2.4010617727997246E-05,"Coordinates":[224.88275057716197,-25.671326440037724,225.03460481599342,-27.041637898652677,225.038408669455,-27.074407317027784,225.10915382833795,-27.65740242187813,225.18925888838143,-28.07807293564734,225.32711757382214,-28.605668583346528,225.3569792832187,-28.712312279067117,226.11865865416343,-31.260456911997085,226.91683176579238,-32.605571911204834,228.55020303623363,-34.25461548897651,228.6631135614448,-34.36312252865363,228.683004,-34.381315431628295,228.683004,-45.0412867782433,227.5231067972087,-46.092982158555074,226.81848536636286,-47.32598066307612,226.60975391085137,-47.766561844661034,225.58476409017229,-50.44329206672628,225.3786374477354,-51.792046427780235,225.46691113617905,-53.205001918699786,225.4838290249331,-53.38930475862347,225.71457760417255,-55.29205985251052,226.4579280235641,-56.99596318085701,228.374059245099,-59.26137561097932,229.6144351611663,-60.16277340226454,229.82582751043498,-60.24920472251559,230.39528443126932,-60.877404371793276,233.05789876529965,-61.90283245599449,235.5661667289339,-61.846472760252716,236.70054408443576,-61.35,277.62318412106913,-61.35,281.34292800000003,-57.630256121069124,281.34292800000003,-17.601340878930873,277.62318412106913,-13.881597000000001,232.40274787893085,-13.881597000000001,231.93215614427172,-14.352188734659144,231.15497876221508,-14.536222645736842,230.43024414778864,-14.80409712719171,229.7362252377303,-15.161513450614622,229.07866263509396,-15.4465377134075,228.15457173134374,-16.055782647457566,227.17025408555557,-16.98525354870889,226.59322438212007,-17.717317664126494,225.88888245375608,-18.944663216328546,225.77956778371134,-19.152604093883404,225.5307030407823,-19.671758067480912,225.31428950029195,-20.27052058811065,225.17884560293555,-20.808483350957385,225.14750282925726,-20.945759138181824,225.00930844375992,-21.619536518635872,224.9762363224626,-21.810093742138662,224.88494838362897,-22.451442021093406,224.8588633018793,-22.710338382864315,224.76734125481704,-24.248152212835738,224.78257597349818,-24.800774837616043]}