{"Index":-1,"Tolerance":2.8901249038931495E-05,"Coordinates":[198.31806573415972,-29.917895501074394,198.2824922975717,-31.961728757717452,198.28211350585948,-31.991529627985656,198.26430522920376,-34.21289200820798,198.39860464126136,-35.155101865194,200.0589372919427,-40.69506434921661,202.89669460169347,-42.682487205048844,202.6765447500781,-42.93475531962198,202.34658639927747,-43.78014223810576,200.88057255025038,-45.8806029195019,200.53309664912027,-46.525690441640975,200.04922339509528,-47.74129408647228,199.89141225207143,-48.26483813213921,198.72498823525802,-53.82709631595925,198.65752216738343,-54.43788884486319,198.59437756462506,-59.18059182216749,198.74096137310892,-59.98875656330906,198.74865035086253,-60.04159801350906,198.75811521012326,-61.306325864627894,199.94621017194083,-63.83039176881473,201.51181445988342,-65.14480736915243,202.03529714625643,-65.50193401694538,204.0550268481317,-66.6026334153534,205.06777163588035,-66.95036910807303,207.0022969649908,-67.26756154612778,207.7072611331474,-67.30387598007225,209.54408656798162,-67.19430096736063,209.86957351334527,-67.15797384276931,211.57279960067285,-66.87836454054793,211.72340452961524,-66.84989196770515,213.8341552524426,-66.39782582732586,213.90393158509,-66.38205747415299,216.69963060964724,-65.71708461824056,219.36125843421783,-65.11827155289603,219.3789366886576,-65.11424123106643,222.26988670826736,-64.44646741180767,228.39506209498956,-63.045936504966996,231.73267817526593,-62.32961484142281,234.1592927175083,-61.91463354314881,235.05182818209906,-61.81777318431144,235.40031717558216,-61.75773740099975,238.67667794799334,-61.470279352915256,239.82908468886174,-61.416553811260414,242.67565676005165,-61.37374713742624,244.7817977780056,-61.374635483651794,247.00487166072446,-61.37715266500366,247.08381041451435,-61.37516157125499,247.2515367892904,-61.37528196207451,247.41992837169227,-61.370936047387104,250.81675628489984,-61.35929052370655,256.58820087976596,-61.39919879652585,256.71794349886994,-61.39744477779387,258.11483623808897,-61.35,277.62318412106913,-61.35,281.34292800000003,-57.630256121069124,281.34292800000003,-17.601340878930873,277.62318412106913,-13.881597000000001,234.67723173615278,-13.881597000000001,232.8391392621317,-13.67246532466431,232.43503813218217,-13.610710197083696,227.87434469430644,-12.830412441753852,226.18509178351127,-12.521823318905774,225.60094129232772,-12.410372363717721,220.8176270191495,-11.504924912753028,220.77380865772554,-11.496948356605914,219.52674280041504,-11.278961693973915,213.96071003310792,-10.206552586771158,213.73161678011962,-10.171029791474602,211.848879462805,-9.949111973093983,211.79419217941523,-9.943145867321268,209.81601418874115,-9.744662066205164,208.560707637664,-9.501377902209255,207.199052992344,-9.531664448738121,205.10399362256382,-10.035285286134217,204.87053410076632,-10.100927591043636,203.2247922698349,-10.632247127534454,202.04054030746374,-11.321759426659641,199.85547429432043,-13.325860883687602,198.80545534057086,-15.439042643151902,198.63415971140526,-17.260966069998755,198.42981321004288,-18.433829240644478,198.38263209826724,-18.967836445439975,198.36364319005799,-24.030188173348577]}