{"Index":-1,"Tolerance":2.4023582612309396E-05,"Coordinates":[194.58847417396717,-60.87173470437312,194.77399035347864,-60.96332268350637,195.0914284782152,-61.13136800645147,195.39885747724705,-61.31709254482553,195.69529377453188,-61.51990209896944,195.9797889636376,-61.73914780810807,195.99688642597073,-61.75316183210439,196.56368491609092,-62.21939300240357,197.14791353060144,-62.450174783146124,198.68183462993284,-62.47407463558969,198.75663074799812,-62.47568079073277,200.11730708545022,-62.512919994240164,200.1484596987809,-62.507740722596886,200.50429492267247,-62.45887880452149,200.67628659825036,-62.44256425835084,202.7940041626117,-62.270717444731105,202.99356294639438,-62.248195703987136,204.453253238076,-61.98298270350274,206.05712603041516,-61.6847515446969,206.4548339143442,-61.59400163638277,206.580740166891,-61.56661294228627,206.61491111843387,-61.55954196564548,208.4479707510596,-61.13920936027849,208.45459665446737,-61.137693729325676,209.52211904912065,-60.89410630206747,209.68347362719004,-60.85603157536425,209.722566860282,-60.84693710592662,211.28165504969277,-60.489428244381514,215.18858061622362,-59.56776333737968,215.22026417933003,-59.56037464264817,219.98893662591223,-58.46117965844609,222.99901612210616,-57.7658881267649,223.01274677414352,-57.76273255627819,226.97961277414353,-56.85570155627819,227.06252472367407,-56.83732612430886,230.40017072367405,-56.120998124308855,230.6622785558693,-56.07048253131236,233.1715975558693,-55.64135753131236,233.39046265328236,-55.60784513370459,234.25475765328235,-55.490888133704594,234.5512850001509,-55.4578352584565,238.06111500015092,-55.1498932584565,238.4196595287084,-55.128632622495076,238.44184157776857,-55.127984830666186,241.54983857776855,-55.042655830666185,241.73118054493855,-55.04026793642687,244.72637559157573,-55.0436030032466,244.78981066627878,-55.04191608968674,244.96161799477775,-55.039672710077014,245.00951814053644,-55.03969534273766,250.7893735677134,-55.009418123111644,250.86654523651168,-55.00948280758103,256.5672334305862,-55.04890220122949,257.8992996875671,-55.00365944075566,258.114849,-55.0,274.9929279394654,-54.99999993946544,274.9929279394654,-20.231597060534558,234.67723,-20.231597,234.31819934770678,-20.221439032000006,233.95984959487402,-20.19094444111504,232.17126782602676,-19.987446255233568,231.83057379751003,-19.939301128199045,226.80965179751,-19.090438128199043,226.72707218837613,-19.07591537037275,225.19732118837615,-18.796463370372752,225.14985435625675,-18.787605594294323,221.9436772616167,-18.17667740152783,218.7268875688763,-17.561906299817835,218.54358022165619,-17.528571426385923,218.49112195306793,-17.518803898561835,216.00677195306793,-17.045418898561834,215.9968284210728,-17.043515974455865,211.5494755042137,-16.18873678452918,208.72421235479368,-15.681309614566239,208.17074390521577,-15.586733678108835,207.9984031538128,-15.554830435999165,207.85520786012722,-15.526273225876565,206.688208594062,-15.329650870506692,206.625779210314,-15.318811842089078,203.18339624443018,-14.703435020309854,200.87194380339795,-14.465754769621368,200.17003395171807,-14.614993156131737,199.83536873228041,-14.676825010192601,199.0113017322804,-14.8063450101926,198.6889250866439,-14.848587596704474,198.2644594167663,-14.893187448810487,197.43463000655427,-15.248014586553012,197.0508949276978,-15.664133817665977,196.8000325672075,-15.921182975784077,196.5350378799329,-16.163637114367496,196.2567586792767,-16.390720535343412,195.96608528058226,-16.60170671709809,195.66394765269447,-16.79592063888108,195.47088582484244,-16.90785900494358,195.30529018817552,-17.000022848385093,194.98925071981404,-18.144367474102708,194.8838819774164,-18.48773844219047,194.7624166520439,-18.816762165472774,194.460839342883,-19.569042011513588,194.28959061665256,-21.588652863916273,194.26356426056725,-21.837329798391178,194.02894510471268,-23.7201916525312,194.00824050068547,-32.53935274925852,194.00810381897972,-32.56869514333849,193.99534669358343,-34.399328395145744,194.0193699937864,-38.61694939064662,194.01881120399645,-38.744793358037185,193.87885883820456,-48.437745988794305,193.92720996977317,-52.851206519473905,193.92512374034604,-53.09776648652281,193.8859489505233,-54.50266449943117,193.9194030329194,-55.23083559904521,193.92573320594636,-55.589954134503124,193.92549694842612,-55.60933982051287,193.8818871800886,-58.78928104910587,194.00087059889754,-59.03433992291243,194.14854649942257,-59.36175101314015,194.277474257528,-59.69698798423654,194.3872413869017,-60.038978292445776,194.4774967029806,-60.38662778765537,194.47867181729106,-60.39175480503217]}