{"Index":-1,"Tolerance":2.6752306499169327E-05,"Coordinates":[208.88472327244259,-28.894495545434946,209.12769650056626,-30.615653138345284,209.82709444516442,-32.211821225547645,210.30107364679333,-32.79115366065749,211.45269165457506,-34.4741908267717,213.22960956467463,-35.76497956668301,214.4637994175539,-36.12758230258587,215.9030894183703,-36.63042510097849,217.0610237826446,-36.807976692628024,219.77416533249388,-36.72163491213159,220.80667339450596,-36.75519110884226,220.88947054146266,-36.756801472737216,223.7248463929861,-36.77496472958831,226.51043687625068,-36.90382290598851,227.30460041155789,-36.94239834816357,228.683004,-37.02297301612837,228.683004,-43.84589578731137,226.45455592352522,-43.98965213946102,226.39672512799092,-43.993913408984525,224.9408560372823,-44.11456562624535,224.2826754100204,-44.12178301018677,224.2565471202494,-44.12217706439746,221.68544403366323,-44.17153680259137,221.65461554543901,-44.172278426263055,220.44117012020405,-44.20736657340493,219.02736273044871,-44.19546962499836,218.2368829821561,-44.16676912952189,217.15452387937822,-44.31412187679709,216.40089874508453,-44.552962577344445,215.25365573229777,-44.73642532076317,213.82746152975972,-45.34169991423998,212.35562398157896,-46.44706755645979,212.02493575120786,-46.73301419981986,211.1850588443214,-47.56684601813443,210.80675250740114,-48.019488301285115,209.81534296152978,-49.45828231488451,209.3146064183276,-50.633135134903405,208.9680640839389,-52.32142220652482,208.90349950282084,-53.01676790212068,208.9176545244654,-53.836002312659154,208.769057651177,-54.657728862973265,208.8370878683734,-56.098009073458286,209.36374957974448,-57.976839838592404,209.42511868308188,-58.48194076843355,210.17973290154563,-60.19877784698915,210.7090743685605,-60.817962324080625,212.21140282745787,-62.829539404662206,214.2799664029084,-64.10187457161243,215.2087167680951,-64.26469740237867,216.33260624499619,-64.65189388902657,217.62518891004495,-64.81730695992057,218.7694646917776,-64.72876825664605,220.0311463645432,-64.71461651177039,220.5826912052699,-64.66014594846193,220.76726032857113,-64.62547857568943,220.77501320485135,-64.62471833233238,221.93693916664972,-64.40808295375734,222.57381347331997,-64.31234352052775,222.7530733057941,-64.28011424302524,224.06288536868664,-64.0056298020625,224.08832753368924,-64.00018922352551,226.42380669706142,-63.490752606594505,226.4517735246693,-63.48451989067692,226.60296745827432,-63.45010781849241,226.62940991651067,-63.44433972423224,226.65187776147113,-63.43935326894146,228.386476751749,-63.04777909957711,231.74221638524656,-62.32756793011427,234.3492888917868,-61.876744819911515,234.8142835323493,-61.87795525485066,235.39186150945153,-61.7578814745622,238.07677044474477,-61.519472369121395,239.17829374672257,-61.428135114718664,241.75849657443243,-61.36043554702458,248.01088503188606,-61.35657314748758,249.4607261531546,-61.35816058339189,249.4723977274766,-61.35815190977334,249.5640047950644,-61.35791545460002,250.80270340891676,-61.35919335115305,256.58820087976596,-61.39919879652585,256.71794349886994,-61.39744477779387,258.11483623808897,-61.35,277.62318412106913,-61.35,281.34292800000003,-57.630256121069124,281.34292800000003,-17.601340878930873,277.62318412106913,-13.881597000000001,234.67723173615278,-13.881597000000001,232.8391392621317,-13.67246532466431,232.43693124501144,-13.610999504426909,229.57086922408118,-13.118862198380555,227.7100313920836,-12.802431289081609,227.44101374139032,-12.753291100901501,225.82688886499665,-12.454487367009708,225.8125468848303,-12.45186644981083,224.08312310144885,-12.139925477925123,222.6996000264603,-11.887205869347937,222.50509522679553,-11.85786955987851,222.4938768034784,-11.856531385524915,222.41068811917052,-11.84409559243792,219.18796820056215,-11.460974602447893,219.12228465258187,-11.454353979345566,218.69992035013271,-11.403972489014473,218.58577373776782,-11.392443910527618,217.62235597814112,-11.312693961581914,216.58692544157432,-11.396370743508392,215.29158009322643,-11.718676710301878,214.36882823813298,-12.110336887087962,213.36965393313665,-12.73529373715815,212.24962437203988,-13.255907574037366,210.72801048525926,-14.713629790050794,209.8700963539435,-16.369629862796927,209.65622272455147,-16.89095036644811,209.03915389467778,-18.88129224122628,208.9479238105024,-19.253637172445796,208.7205677664899,-20.50356402926153,208.6736215054389,-20.905891350629542,208.59014820149628,-22.49760162596912,208.58580921889072,-22.67485317619244,208.6000945988962,-26.82053797795041,208.63743170588896,-27.29553362824748]}