{"Index":-1,"Tolerance":2.3845598644113877E-05,"Coordinates":[196.23485575002155,-60.30194482396752,196.40977095367947,-60.52338508549891,196.57386797437638,-60.649846534131555,196.84551151780894,-60.88482733954211,197.10343464261717,-61.13479104748619,197.34681215987246,-61.398937934075136,197.54816602780306,-61.643936279984864,197.62426741227867,-61.706534853134464,198.75135891266294,-62.15175867854261,199.46717557959497,-62.16291161922458,199.54196960985385,-62.16451770484832,199.99969960985385,-62.17704470484833,200.35831798685106,-62.19702102282474,200.71523322298665,-62.23724176143405,200.84692121313196,-62.257277870182925,201.01382853826476,-62.28446662144995,201.13320408880077,-62.29361812652668,203.34953567547174,-62.121681737166774,203.9223359802339,-62.057038728738746,204.66850415739378,-61.921466526585576,206.61487845723752,-61.5595494487972,207.010962812693,-61.46917060594362,207.13152707455026,-61.44288990153257,207.17262691152163,-61.43434836591593,208.32740271381684,-61.168793069406824,208.3378858787418,-61.16639167815071,209.52407420024255,-60.895727086322275,209.85968356394167,-60.81653260179188,209.8949442349594,-60.80831810986852,211.281613070568,-60.48943808866348,215.19027941041884,-59.56736238593015,215.22196302121557,-59.55997367909409,218.850803546855,-58.72351367666904,222.7591015179184,-57.82074503533718,222.77283176504966,-57.81758955835752,226.97961276504967,-56.85570155835752,227.06252472367407,-56.83732612430886,230.40017072367405,-56.120998124308855,230.6622785558693,-56.07048253131236,233.1715975558693,-55.64135753131236,233.39046265328236,-55.60784513370459,234.25475765328235,-55.490888133704594,234.55128577592603,-55.45783519039236,238.12167677592603,-55.14458019039236,238.38096305135082,-55.12716916738412,238.71531005135083,-55.111582167384114,238.9079964885803,-55.1055288069706,239.68179938079447,-55.092972716679945,241.1554476991717,-55.049802929907045,241.21167221353124,-55.04840503472254,241.64672621353125,-55.03951603472254,241.78355365266,-55.038194982332236,244.9805259664792,-55.04177541869728,245.13516417443188,-55.03983606283555,245.21564495107927,-55.03992710343821,250.78862654803655,-55.009431070429635,250.86728234251666,-55.00948780831404,256.5672334570812,-55.04890220032961,257.8992996875671,-55.00365944075566,258.114849,-55.0,274.9929279394654,-54.99999993946544,274.9929279394654,-20.231597060534558,234.67723,-20.231597,234.31819934770678,-20.221439032000006,233.95984881483412,-20.190944352364887,232.12128626594696,-19.98175907773326,231.8798664452942,-19.94959029119935,231.4757894452942,-19.88783929119935,231.3641852153034,-19.869765792184626,226.8034522153034,-19.089460792184628,226.73320206880678,-19.077034983173487,225.1980510688068,-18.796595983173486,225.1490989210627,-18.78745498405737,220.7657009210627,-17.95112798405737,219.30929572906916,-17.67307515326655,218.69757366341912,-17.55915943010338,218.65873653249685,-17.55180198328798,216.43185190500589,-17.122748843181565,216.03278637966315,-17.050113798621318,215.9713557974398,-17.038620046793422,211.54936335555365,-16.18871540526913,209.9460669147452,-15.8884418246958,208.8148019071625,-15.696666324115714,208.6342109184153,-15.663358790766942,208.5521828632394,-15.647000077121906,206.52845151708067,-15.30602884662121,206.46603040170766,-15.295191233832675,203.67208486231613,-14.795733193300352,201.79212227606388,-14.602420838298922,200.82708079996928,-14.807605401013687,200.4924215325867,-14.869436255718487,199.40996530435743,-15.039568575231199,199.3950568116204,-15.045494242995115,199.1983237480896,-15.172278386109989,198.88589480099108,-15.349462884909736,198.56394758256448,-15.508699131246336,198.40738787063182,-15.57815471296367,198.35767012067868,-15.599413548086863,196.98430591608007,-17.085744787263295,196.95230927778826,-17.331425099541793,196.89586934217365,-17.686137274787875,196.81946417370946,-18.037090895415933,196.72333822003543,-18.383163134450275,196.67883526184627,-18.52176780561712,196.14382297916967,-20.124704550057686,196.00326060931116,-24.913425798364777,195.9946422293168,-25.536943424547694,195.9863572275038,-33.13757775466012,195.98620683470716,-33.17490388641446,195.94752769504404,-38.725600061580415,195.95423398649268,-39.90294011016094,195.9539578588772,-40.00849983002876,195.87994285887723,-46.78135383002876,195.87891092139182,-46.84582477536387,195.8075698658846,-50.22930344981175,195.8802877017379,-55.036790151508754,195.87854678790967,-55.30982478077397,195.85607219294258,-56.115823206201966,196.00805456541056,-59.31053011912248]}