{"Index":-1,"Tolerance":1.495427450000001E-05,"Coordinates":[240.037544,-55.0,269.946093,-55.0,269.946093,-20.231597,240.565758,-20.231597,240.037544,-20.231597]}