{"Index":-1,"Tolerance":2.3052560500000012E-05,"Coordinates":[231.960564,-57.63025612106915,235.68030787893085,-61.35,274.34594112106913,-61.35,278.06568500000003,-57.630256121069124,278.06568500000003,-17.601340878930873,274.34594112106913,-13.881597000000001,238.677328,-13.881597000000001,235.68030787893085,-13.881597000000001,231.960564,-17.601340878930845]}