{"Index":-1,"Tolerance":2.130427450000002E-05,"Coordinates":[233.687544,-57.63025612106915,237.40728787893084,-61.35,272.57634912106914,-61.35,276.29609300000004,-57.630256121069124,276.29609300000004,-17.601340878930873,272.5763491210692,-13.881597000000003,240.565758,-13.881597000000003,237.40728787893084,-13.881597000000001,233.687544,-17.601340878930845]}