{"Inners":[{"Index":-1,"Tolerance":2.552401000000003E-06,"Coordinates":[227.517616,-42.771758,227.476774,-42.769948,225.251137,-42.685669,225.190779,-42.683957,223.313252,-42.648596,223.158945,-42.642753,223.098588,-42.641042,221.914924,-42.618748,221.710897,-42.621461,221.698905,-42.622006,220.058584,-42.548922,217.166212,-42.136636,217.075547,-42.125041,217.067446,-42.124123,215.826951,-41.768631,215.699762,-41.740104,215.162575,-41.58616,215.120807,-41.574498,214.845159,-41.499563,213.934133,-41.056457,213.830154,-41.010975,214.073133,-39.81551,214.085733,-39.801612,214.757677,-39.497832,214.827352,-39.469728,216.12798,-38.88079,217.41738,-38.594054,219.501348,-38.222072,221.580427,-38.057401,221.586927,-38.05688,222.713231,-37.965344,222.813845,-37.955553,222.966805,-37.938205,223.744347,-37.881866,223.838397,-37.873129,225.17036,-37.829591,225.173921,-37.829473,228.230727,-37.726122,228.683004,-37.736863,228.683004,-42.830924]}],"Index":-1,"Tolerance":2.9408744E-05,"Coordinates":[205.82138,-67.76931,206.67356,-67.703199,206.784048,-67.692682,206.966875,-67.672049,207.785325,-67.620847,208.101618,-67.585082,210.400345,-67.207714,210.592542,-67.170042,211.66508,-66.925248,211.693288,-66.918675,216.478671,-65.780443,217.369515,-65.58002,217.387192,-65.57599,222.989219,-64.281992,228.395023,-63.045945,231.732669,-62.329617,234.159294,-61.914634,235.051828,-61.817773,235.400314,-61.757738,238.676672,-61.47028,239.829104,-61.416553,242.329698,-61.37895,246.271812,-61.382652,246.427362,-61.378712,246.483248,-61.378733,246.4987,-61.378702,250.820231,-61.359314,256.588201,-61.399199,256.717943,-61.397445,258.114849,-61.35,277.623184,-61.35,281.342928,-57.630256,281.342928,-17.601341,277.623184,-13.881597,234.67723,-13.881597,232.839136,-13.672465,232.435059,-13.610714,227.874326,-12.830409,226.251133,-12.533887,223.688428,-12.044938,223.683908,-12.044079,220.500136,-11.441414,220.456316,-11.433437,219.638749,-11.290527,212.555562,-9.925806,212.32647,-9.890283,211.394877,-9.780476,211.340185,-9.774509,210.586176,-9.698855,206.732742,-8.952045,205.37109,-8.982332,204.335478,-9.231277,202.79169,-9.559513,201.856813,-9.706451,200.538855,-10.230298,198.896115,-11.355959,197.787835,-12.668767,197.649605,-12.968436,197.290281,-13.298002,196.240263,-15.411183,196.079303,-17.123195,195.914444,-17.762273,195.813396,-18.564381,195.823028,-23.838602,195.800602,-25.690537,195.800534,-25.761286,195.875899,-33.168463,195.877799,-33.649477,195.889974,-33.915065,196.432936,-40.092084,196.753357,-41.233087,197.383756,-42.505884,197.504555,-43.865105,197.41198,-44.050992,196.825215,-47.043224,196.3998,-48.754011,196.318957,-49.232686,195.87857,-54.064157,195.86656,-54.268814,195.838486,-55.334625,195.843384,-55.613409,196.085045,-59.539737,196.111854,-61.687614,197.299131,-64.193674,199.340186,-65.90726,199.863671,-66.264389,201.34608,-67.072263,202.362149,-67.420549,203.635286,-67.62794,203.903195,-67.659971,205.332403,-67.769533]}