{"Index":-1,"Coordinates":[204.007289,-124.264987,203.518419,-122.802021,203.454787,-122.641197,203.447712,-122.603126,203.448087,-122.562721,203.448087,-122.562717,203.46666,-120.566942,203.470874,-120.539067,203.65956,-119.908503,204.140742,-118.300416,204.144334,-118.290389,205.231445,-115.699189,205.231974,-115.69795,205.884117,-114.200403,206.192279,-113.207092,207.328295,-109.545261,209.131272,-102.327088,209.33635,-101.317394,209.406148,-100.973752,209.462,-100.331923,209.462166,-100.330187,209.621596,-98.806288,194.930467,-98.806288,194.634496,-100.504478,194.634496,-100.504479,194.615056,-100.616013,194.610283,-100.633672,191.458061,-109.127528,191.259931,-109.6614,191.250901,-109.679742,186.948222,-116.5482,186.468112,-117.314609,186.453167,-117.333145,181.301865,-122.361678,180.513341,-123.131408,180.490641,-123.148057,174.778332,-126.211767,173.736713,-126.770424,173.706175,-126.780924,167.701471,-127.812039,166.53108,-128.013016,166.496986,-128.013016,160.458163,-126.976039,159.321907,-126.780923,159.291369,-126.770423,153.481444,-123.654357,152.537441,-123.148055,152.514741,-123.131406,147.21676,-117.95969,146.574915,-117.333142,146.55997,-117.314606,142.087085,-110.174444,141.777181,-109.679739,141.768151,-109.661397,138.459522,-100.746092,138.417799,-100.633668,138.413027,-100.616008,138.097615,-98.806288,123.405433,-98.806288,123.621682,-100.972499,123.691733,-101.317387,123.896809,-102.327085,125.699771,-109.545248,126.8358,-113.207085,127.14421,-114.201215,128.883481,-118.28969,128.887267,-118.300176,129.136094,-119.131709,129.136094,-119.131711,129.557198,-120.53907,129.561411,-120.566943,129.564633,-120.91318,129.580358,-122.603119,129.573283,-122.641192,129.561446,-122.671113,129.561445,-122.671114,129.509657,-122.802006,129.073052,-124.1086,129.073051,-124.1086,129.020797,-124.264984,128.989058,-124.311256,127.819056,-125.278554,127.819055,-125.278554,127.713773,-125.365594,127.668352,-125.387033,126.714452,-125.571651,126.040344,-125.712589,125.904645,-125.74096,125.885619,-125.744938,125.865099,-125.74706,109.564039,-125.74706,109.564039,-139.94289,109.562856,-139.95824,109.484298,-140.464744,108.962673,-143.827971,108.953341,-143.857339,108.944603,-143.874913,108.944599,-143.874921,108.91046,-143.943566,108.910455,-143.943575,107.851934,-146.071444,107.856902,-170.327032,107.856902,-170.327094,107.839524,-212.449212,144.561348,-212.449215,165.665879,-212.449216,197.371688,-212.449219,205.899283,-212.449219,205.926821,-212.448969,206.222257,-212.384201,206.229563,-212.382881,206.914063,-212.285315,207.340039,-212.081219,207.350169,-212.076365,207.612599,-211.891562,207.627202,-211.883025,208.190247,-211.614858,208.387129,-211.464726,208.662786,-211.159453,208.662785,-211.159452,208.69867,-211.119709,208.888095,-210.860051,208.89486,-210.85175,209.45223,-210.23803,209.615498,-209.984643,209.745521,-209.697205,209.791128,-209.596385,209.791129,-209.596382,210.256775,-208.567109,210.343568,-208.339919,210.447504,-207.993776,210.475869,-207.824105,210.475871,-207.824092,210.503014,-207.661857,210.738491,-206.25375,210.759085,-206.100257,210.777627,-205.6921,210.780324,-205.58071,210.78033,-205.580461,210.783227,-205.471985,210.783364,-205.468789,210.896527,-203.542727,210.783944,-202.586606,210.783296,-202.577676,210.764065,-201.883375,210.764027,-201.880607,210.764028,-179.546833,210.764028,-174.932872,210.76465,-174.921733,210.82906,-174.346623,210.829071,-174.346529,211.078288,-172.140219,211.078648,-172.13739,211.083437,-172.103657,211.086828,-172.08842,211.463112,-170.85902,211.469006,-170.844135,211.547347,-170.684826,211.547347,-170.684825,211.853789,-170.061679,212.01567,-169.612008,212.020128,-169.601535,212.302086,-169.031496,212.312802,-169.014408,213.187018,-167.890007,213.421305,-167.558655,213.42407,-167.554932,213.448674,-167.523348,213.4625,-167.508856,213.74354,-167.267857,214.196903,-166.879089,214.214863,-166.866798,214.986252,-166.453928,215.248899,-166.264609,215.260475,-166.257409,215.587222,-166.083845,215.614455,-166.074092,216.856698,-165.822902,216.873964,-165.820948,216.926149,-165.819598,216.926169,-165.819597,217.029693,-165.816941,217.281082,-165.760632,217.303006,-165.758207,254.12933,-165.758207,312.520342,-151.197592,312.529841,-151.195706,317.457496,-150.463255,320.427851,-150.021738,324.65941,-148.077301,327.953996,-146.56341,331.108383,-143.987847,334.815,-140.961385,336.721627,-138.533573,340.708713,-133.456601,341.457931,-131.998252,344.669446,-125.74706,207.162998,-125.74706,207.142478,-125.744938,207.046198,-125.724808,206.313634,-125.571654,205.487953,-125.411851,205.359719,-125.387033,205.314297,-125.365593,204.163617,-124.414258,204.039029,-124.311258]}