{"Index":-1,"Tolerance":1.762614458225357E-05,"Coordinates":[97.3643827021808,-46.94455562759571,96.96175554009896,-45.96540899116552,96.7442387705129,-45.19734210611151,95.52912093779246,-44.761910869516925,95.49556501133476,-44.74536255386561,95.43955835412895,-44.76499563779647,93.28876932117105,-45.521322371342166,92.1484680686314,-46.1140112631419,90.86008211675102,-46.911059108334584,88.79017108128106,-48.26095033886387,88.23044340746799,-48.664554294761075,86.32516616473221,-50.19515618899019,85.92605447090268,-50.59933642470924,85.44816693308441,-51.53216878333182,85.1752858473747,-51.963771994622974,85.39144813381556,-53.64142006028216,85.49183028502712,-54.28557946026934,85.28148173751141,-54.11725419628351,84.11563419454238,-53.11953802275063,83.63641782067567,-52.738122528043306,83.41823892010305,-52.59233568319823,81.973109993546,-51.72147298774297,81.73777264717651,-51.60541561317587,80.19240327306015,-50.929252538709555,79.94391943379884,-50.84490459229854,78.87545574079687,-50.534747988089556,78.323561180217,-50.374577404359705,78.06619724724686,-50.3233826587381,76.39871473887465,-50.06696763099206,76.13687077449933,-50.049809185195194,74.99947953632247,-50.02408341705429,74.45026990614741,-50.01160881448868,74.1884259417721,-50.028767260285555,72.51138508025787,-50.20939288646026,72.25402114728773,-50.26058763208186,70.61379440472554,-50.65706517660917,70.36531069304952,-50.741413123020195,69.26801662576727,-51.163457818640424,68.79061939596097,-51.34701786669952,68.55528192200619,-51.463075241266615,67.07216246304306,-52.26773497686348,66.853983689922,-52.41352182170856,65.48805113663707,-53.403238557707034,65.2907619155458,-53.5762542892293,64.06410374882547,-54.734951486794635,63.89108801730321,-54.9322407078859,62.82526960066061,-56.23970785843091,62.679482755815535,-56.45788663155196,61.79198175097317,-57.892437756597786,61.67592437640607,-58.127775230552565,60.98165577987794,-59.66546074544822,60.897307833466925,-59.91394445712424,60.530851946940956,-61.12367682002934,60.40810186438288,-61.528655268113425,60.35690711876127,-61.78601920108356,60.08107797505919,-63.450580505009036,60.06391952926232,-63.712424469384345,60.006149731210606,-65.39839417173815,60.02330817700747,-65.66023813611346,60.14753207922656,-66.9560799499396,60.184347851008006,-67.33957564739393,60.23554259662961,-67.59693958036407,60.61298274209748,-69.24163322085761,60.697330688508494,-69.49011706011893,61.284387104308706,-71.07147194337679,61.400444478875805,-71.30680928974627,62.1875274176366,-72.79882454335612,62.33331426248168,-73.01700344392873,63.30725682347431,-74.39483065416732,63.480272554996574,-74.59211974780703,64.62442651359007,-75.8319274674775,64.82171573468133,-76.00494332658506,66.11678428855782,-77.08611335091373,66.33496306167888,-77.2318975810626,67.50848933808227,-77.9769444163174,67.75927179436897,-78.13614594564952,67.99460926832376,-78.25220446821683,69.52392275617655,-78.9642460683702,69.77240646785256,-79.04859414223277,71.38137070113554,-79.55657562614124,71.63873463410567,-79.60776750202976,73.0446123490898,-79.85762799396393,73.29981296216577,-79.90298556383588,73.56165692654109,-79.92014809102496,75.24697894153284,-79.99765171837275,75.50882290590816,-79.98048919118368,77.18997129970082,-79.83899457395732,77.44733523267095,-79.78780269806879,79.09593400227601,-79.42967587974773,79.34441784153734,-79.34532780588516,80.93277998080198,-78.7766239252485,81.16811732717147,-78.66056540268119,82.66947861897759,-77.8908382701889,82.8876575195502,-77.74505404004003,84.27640868038159,-76.78742801079024,84.4736977740213,-76.61441215168267,85.72685496969845,-75.48475186190547,85.89987082880602,-75.28746276826575,86.99608266272462,-74.00501256460208,87.14186689287348,-73.78683366402947,87.98312925802509,-72.4952356932629,88.50486129603917,-71.47969709303749,88.7048002277694,-71.07004899279674,88.81725610098323,-71.80361676999587,89.00658811293151,-72.61353586395711,89.29764026443955,-72.9528196882923,90.10568834750552,-73.65457573939375,91.3141022366905,-74.64461188987514,91.36574718471584,-74.67222682167194,94.83350270153532,-75.89652625787097,95.05770873896324,-75.95694800022224,96.54049372376902,-76.08696648404934,96.59423155001701,-76.07507713081237,96.61096198013784,-76.01425475211244,97.42611604691007,-75.2897172992566,97.4586455851166,-74.55320096741576,97.40283751900357,-72.68540165245906,97.5033895288927,-71.5807811954024,97.49190936446398,-66.65810456456583,97.4899775859328,-63.342033971110766,97.50236771625234,-56.87068653708408,97.50104008998521,-51.473204921025086,97.50326118089347,-50.203242549670804,97.52954498950243,-48.03209670346976]}