{"Index":-1,"Tolerance":1.73842015E-05,"Coordinates":[235.033004761,-20.231597899999997,235.033004,-55.0,274.9929289512113,-55.0,274.9929289512113,-20.231597899999997,274.960397,-20.231597,268.37366343116804,-20.231597899999997,239.3575808746979,-20.231597899999997,235.047121,-20.231597,235.033004761,-20.231597899999997,235.033004761,-55.0,274.9929289512113,-55.0,274.9929289512113,-20.231597899999997]}