{"Index":-1,"Tolerance":2.62980875772977E-05,"Coordinates":[211.53833959629006,-53.58233652124143,211.36156954944434,-54.84943010731594,211.43965846483604,-56.120962985657016,211.946556433607,-58.016624316176575,211.97017401110634,-58.10033582240874,212.3723521777762,-59.45457824127211,213.16057423452366,-60.79332515216907,214.15664871231618,-61.80917228961277,214.45485478296303,-62.077175505841005,215.7024931866195,-63.06356741076663,216.82027458412043,-63.63416306961602,218.32756613490423,-64.05943056729996,218.6323740427255,-64.12943459906322,219.5577486215286,-64.29449040108783,220.2710366937797,-64.34025274033927,222.4782478309665,-64.23340199230071,222.57675350830695,-64.22709729448948,222.9050456427452,-64.20095604614417,223.31864260999146,-64.14044940576632,223.85183329823275,-64.02620939222643,223.8853521180879,-64.01883804310977,229.89997956952362,-62.662000699032205,231.09220544566898,-62.4148681919089,233.47746525479397,-62.02827229861921,233.52393835328894,-62.02038560105797,233.9060006851935,-61.95262633472958,234.0153620257012,-61.93490134852298,234.05017156367273,-61.92906076385907,234.29135425271056,-61.88721382758104,235.36824409838948,-61.93309968859252,235.91516529162953,-61.69373201068598,238.90783597927216,-61.445065910098705,238.95851606334492,-61.4404455712999,239.06466527678697,-61.4299098779954,239.16886073256833,-61.42441961044154,242.15215644001208,-61.35,249.84964579037847,-61.35,250.43242977707163,-61.35542950039568,251.4338546237606,-61.36645013344749,251.459411232766,-61.36662851516283,252.21827692475293,-61.36887096796519,252.85072305970417,-61.37433344952859,252.85704192858967,-61.37438173755113,256.607553607433,-61.39931026457668,256.77257881365455,-61.39611745049498,257.7682247119364,-61.35094725794366,258.0190218940835,-61.35,277.62318412106913,-61.35,281.34292800000003,-57.630256121069124,281.34292800000003,-17.601340878930873,277.62318412106913,-13.881597000000001,234.25103299141188,-13.881597000000001,233.38387084905847,-13.82087610043227,231.9657521894018,-13.577749177125272,226.6994698512615,-12.62594309453264,225.88070173308526,-12.464574912819534,225.82939872792147,-12.454899227182569,223.4297738293386,-12.022732154077316,223.29832866684853,-11.99841578521871,222.98929470557297,-11.956809539673221,222.258286371022,-11.894720690745013,222.24764366205085,-11.89383476832702,220.4112354089875,-11.744077585743868,219.43458807045167,-11.81504301524287,217.62586528305732,-12.231754205367523,217.19461986499306,-12.363945543075639,216.564479345683,-12.607225209943692,216.1296426705132,-12.814197609927318,215.58586990365964,-13.12557630323425,215.31087969621797,-13.302428820337731,214.57036736750123,-13.834450918181625,214.02714436173508,-14.329035521915461,213.13791309456656,-15.349746762522443,212.764679105064,-15.878272803451605,212.24483591684927,-16.801000765626988,211.9519444537732,-17.50818215152338,211.46750806056147,-19.24328539987054,211.367030153915,-19.773250419988095,211.19798262328925,-21.41712237846384,211.1866015849924,-21.55896269505724,211.0731781865921,-23.52392547058454,211.06901217897075,-23.791036767921725,211.12176588514671,-25.783651991924565,211.1219938669138,-25.79186194088633,211.16408319962872,-27.240051653880446,211.2448676622343,-27.865955974241405,211.46410206228617,-28.81224175097073,211.4765159265267,-28.863857557277868,211.75930729123792,-29.9978948519651,211.98087104798964,-30.61073187871762,212.49389811386763,-31.674272107634515,212.84708078548474,-32.24402174783588,213.67145192779043,-33.30537015862143,214.37845089201065,-33.973946684555045,215.49638201396297,-34.746230157506105,216.28441597543653,-35.14242487114437,217.69514073689012,-35.621187916905654,217.93265418809744,-35.6915917945659,218.65823940350262,-35.876216812491116,219.42183768970045,-35.97454587385033,220.48759101943622,-35.981973777016286,221.1728267219422,-36.01833328880745,221.40242426159247,-36.02220313573344,222.50785942175963,-36.00086009214226,222.86085422265856,-35.97432254565071,223.98763678657198,-35.82612826256992,225.0428489072058,-35.76491556831321,225.06961542847688,-35.77155213927623,225.31158151622114,-35.84449187402631,225.69279348988755,-35.934204282260424,226.7462694548531,-36.114471608680326,226.95706442378554,-36.143312014896225,227.43745398293987,-36.19271099864522,227.45479320952342,-36.19444593791957,228.683004,-36.313935729109076,228.683004,-44.48341371678274,228.11760804560893,-44.718193899557505,228.1003690853755,-44.7253521426519,227.25779377418883,-45.075230403253855,227.15696541809623,-45.12277432361374,227.07611108985193,-45.15035368149464,227.03165781656966,-45.16888778248194,226.62233191044868,-45.24061415095505,226.3286614016757,-45.40958391289071,226.28178378618986,-45.42085019312718,225.89521902686968,-45.497967357247525,225.61216227132485,-45.493647549826406,224.58478853009356,-45.343676988881334,224.24626353906666,-45.31263943356607,221.60239128405183,-45.21236954570379,221.3684354688319,-45.21211969635599,220.52474950642483,-45.24231236652468,220.24696505392743,-45.264484534002584,218.77372100741024,-45.44740081541822,217.99673430520502,-45.645494820298424,216.50318784847042,-46.234671895321526,215.86091294592185,-46.577472898421775,215.06851644178593,-47.1251719994856,214.9058053488005,-47.24547367296589,213.8768552354142,-48.05818664425611,212.95529834083464,-49.22265080968582,212.4306596016346,-50.34674262079848,212.3847191097367,-50.44992461095752,211.92541062247295,-51.53296859335853,211.69973757810428,-52.36054303447022]}