{"Index":-1,"Tolerance":2.4438563575321375E-05,"Coordinates":[53.6555102326957,-65.38432467548205,53.6552626480296,-65.39154719252339,53.6601983327833,-65.7081497632476,53.676202730807084,-65.95235655404561,53.68390442472974,-66.04779762185868,53.69474042595564,-66.16079940943912,53.74679476240028,-66.82564761433919,53.75183033651442,-66.88322380534699,53.8478586974151,-67.87691369302613,53.87430045648047,-68.08112760792733,53.88548806560574,-68.14993198140594,53.8859973197035,-68.15524261793115,53.93254043928091,-68.47180870463315,53.98032378657136,-68.71202203630322,53.98272701017621,-68.72326370576893,53.99090806348255,-68.76144473170218,53.99982782905296,-68.80307307635803,54.158442278055006,-69.54291627134066,54.16834539719444,-69.58754020567774,54.39490302396183,-70.5747667180463,54.434875634878935,-70.73070516032432,54.473302313701275,-70.86626755575071,54.51911088381075,-71.02779569926544,54.541508943465004,-71.10677469233029,54.56148347475559,-71.17717581902728,54.600507160822204,-71.2921361264671,54.60284132210634,-71.29946962741876,54.60668124089799,-71.31032441709806,54.64018040053731,-71.40900996116835,54.670174568635574,-71.49343738205765,54.69723721012686,-71.56633589992767,54.92387247899627,-72.20709025417978,54.940640868392755,-72.25335504089192,55.29575926657745,-73.20993813233703,55.36041798677231,-73.3705479215759,55.405740945863855,-73.47482853819679,55.42169377039675,-73.51779916549775,55.58935924337548,-73.89306414591535,55.72424381883897,-74.14909021068787,56.02824121176434,-74.74936166884737,56.052511883498234,-74.79631271271624,56.529880235068966,-75.70122663576791,56.615699938889534,-75.8535899293394,56.669333042086194,-75.94296187066298,56.689171611397164,-75.98061537345525,56.90475924040121,-76.33235852384429,57.073654812127636,-76.57155461184003,57.45761695396391,-77.1336132079588,57.486613239283606,-77.17533831894907,58.07707674232891,-78.01066104536328,58.182702715024945,-78.15162549500232,58.24283013334908,-78.22739547479111,58.26647727834626,-78.26088462023222,58.52600380329299,-78.58194420429811,58.72635724762333,-78.79926435307402,59.18515263360689,-79.31206111384452,59.21807571716803,-79.348293279648,59.909892155353766,-80.09794954950803,60.030317585441566,-80.22153063695627,60.10011403248524,-80.28936704755101,60.12601997613837,-80.31746650645353,60.276041382640095,-80.46035397404141,60.28754855205491,-80.47153799704358,60.29335619129644,-80.47684541495218,60.424749905649904,-80.60199098943203,60.62595680507697,-80.7701290581189,61.18368606530281,-81.24919245936805,61.217716097317656,-81.27800986487134,61.99956306490267,-81.93072355771416,62.13592096041136,-82.03836963186579,62.20778747577853,-82.0919791658842,62.23622782096066,-82.1157428768409,62.40415131063569,-82.2384586999339,62.41864094303112,-82.24926738373954,62.42557013031372,-82.25411123366551,62.56940783357142,-82.35922554603023,62.79270306534818,-82.50113311898039,63.414556718110184,-82.90778880757951,63.45052733281568,-82.93096692817599,64.31036355936152,-83.47684855779403,64.46102729214316,-83.5667588515412,64.53210881317479,-83.60655684101438,64.56163285584834,-83.6253199996369,64.74642654253462,-83.72655166685928,64.76378900193556,-83.73627277251991,64.7713321690336,-83.74019519624018,64.92358482589239,-83.82360059048948,65.16526579407687,-83.93625632951536,65.84196171025044,-84.26201064758861,65.87898699456117,-84.27954092604588,66.81296589425574,-84.71439613565073,66.9977591352448,-84.793419733488,67.03714678575125,-84.80880789400678,67.06290289859155,-84.82081416409221,67.44757920069218,-84.97055638708383,67.68059282747862,-85.04423133387122,67.69303621974731,-85.0485090405042,67.73628193584408,-85.06302922432353,68.45385116977596,-85.29823788320024,68.48689533779076,-85.30886958788233,69.43181467919287,-85.60719988688065,69.60955125448314,-85.65767843760386,69.66540988272247,-85.67180033118986,69.6984492750807,-85.68224641868952,70.09895463566669,-85.78080659584609,70.4426036555297,-85.84205028929293,71.13925759330026,-85.97492755611202,71.17854331780124,-85.98216494722429,72.16546111806562,-86.15756745837618,72.35763001593125,-86.18568938120134,72.51200208919067,-86.20347789766059,72.52470401359676,-86.20556804414738,72.58536895462332,-86.21193206728958,72.6483367951585,-86.21918794229413,72.69106507723572,-86.22302006241432,72.894698204089,-86.24438208650734,73.19152998641488,-86.25803182118875,73.87834711657005,-86.29753120644135,73.91478674038349,-86.29941686312944,74.9892302271626,-86.3488278341457,75.163461178197,-86.34871580553711,75.1933355875303,-86.35008956171266,75.26994194846539,-86.3486473395587,75.2851817331706,-86.3486375405427,75.29492206811801,-86.34817705378174,75.60473535864911,-86.34234438419992,75.86446239804665,-86.32058038226577,75.90035394557617,-86.3183982076436,76.66452169863258,-86.26159189379484,76.69838677310226,-86.2588921959022,77.77572474006345,-86.16720472896908,77.92396720522407,-86.14800093972606,77.95643906697298,-86.1452799977429,78.0302004422488,-86.13423915633817,78.05237967134808,-86.13136599013215,78.07038687095319,-86.12822392161283,78.36466957378913,-86.08417473410758,78.56434696168056,-86.04087093193915,78.5970712387858,-86.03460942564087,79.2263244763521,-85.9035326188491,79.24938601504488,-85.89863937472164,80.451535370029,-85.63889716688846,80.65868756863179,-85.58667676489426,80.67155937776434,-85.58388525970064,81.06833101585738,-85.47042393981445,81.43610980243689,-85.3388796526446,81.8899978831613,-85.18256441301547,81.92640423366683,-85.1697783856259,83.09511608008543,-84.75132815105574,83.26371579462277,-84.68548314282546,83.26843741544184,-84.6834822676098,83.29144184872246,-84.67525144748382,83.45823566665177,-84.60305170544211,83.52186592486028,-84.57608719230271,83.54203188772807,-84.56677898490074,83.66987028995939,-84.51144180407047,83.86913610416826,-84.40935968707785,84.03919179918945,-84.32421803968143,84.04478521146999,-84.32141069248027,84.49460647043314,-84.09508902604401,84.51609507611143,-84.0841749134343,85.58570578657545,-83.53580030705072,85.73931490149249,-83.4516181850814,85.7437300938947,-83.44903770230226,85.77020932592195,-83.43547686281808,85.92057981804477,-83.34567693654306,85.98207832849383,-83.30973380367354,86.00577907005682,-83.29479669773184,86.12495511025563,-83.2236258219003,86.31933159180016,-83.089673866413,86.86963033025604,-82.71668868311878,86.88902757223049,-82.7034364992279,87.95044722055144,-81.97250102487538,88.04173866502641,-81.90271096210445,88.06863295963531,-81.88417780757933,88.14932530467343,-81.8204636236221,88.20092164563111,-81.78101949065984,88.2237770518348,-81.76167697772233,88.39260369101969,-81.62837249213788,88.64705961543528,-81.39911730834112,89.1432653731824,-80.95940605483598,89.16416154327351,-80.94072365757164,89.41187091592946,-80.71728173899224,91.16065008549838,-81.34227296000893,91.17216745565415,-81.34636413737014,91.5611689745959,-81.48370183685184,91.59287424973795,-81.49767893584291,93.23663800127404,-82.07801307745994,93.46755933176846,-82.14977815920483,95.0298101736397,-82.57079166353779,95.57969359431894,-82.66821436539375,97.10927695015097,-82.80233752830932,98.07812342401613,-82.73913812075554,100.78407580321395,-82.14044980330664,103.34308231163475,-79.70797811224202,103.72757323791569,-78.31018068629486,104.25237500205986,-77.2073697785779,104.40182214956613,-73.82369101936985,104.40349866968697,-73.58869278263151,104.36484541547146,-72.29503932858307,104.3007904765155,-68.50485086969488,104.30047747627404,-65.46441475354517,104.30046222038263,-65.45489368491229,104.28254465055814,-59.67823913182024,104.29155423614667,-58.550148054451704,104.29147150208765,-58.49061003638037,104.28808735517529,-58.17627415635289,104.34437614098456,-51.976718488176445,104.36970274683124,-48.74090750453539,104.36292078311085,-48.50712307643904,104.23926940224656,-46.63146790563128,104.21401673635687,-45.6435951104905,104.05218326645594,-44.71850121203546,103.84120208346516,-44.08357325634425,103.04286823018228,-41.264596274891964,