{"Index":-1,"Tolerance":2.5185556078759178E-05,"Coordinates":[216.18618828567995,-19.19807260314978,216.0064191829798,-19.71857565233983,215.8468570803377,-20.449968850938298,215.70835711104016,-21.872681203975706,215.6995331810393,-21.98335718859719,215.68577451175818,-22.204717767908576,215.68224308254653,-22.273616018651445,215.62432615706007,-23.708319996941313,215.62177231459935,-23.850283985305555,215.63292527689885,-26.401387356966914,215.6330426025915,-26.418128248500658,215.63774337959774,-26.905511039333092,215.65361944983675,-27.193538300336968,215.70171045524245,-27.670520216604878,215.7496732381286,-27.986239131705645,216.07197695437904,-29.5677421348569,216.20667781348158,-30.039307258415114,216.56794039330023,-31.0125481719517,217.032504161477,-31.850792751340542,217.43248253564292,-32.36967588604066,217.8097795179384,-32.90821783943055,218.77311540454943,-33.81031237139558,220.26384625074212,-34.71505412833236,221.56104256611255,-35.1598962406665,222.70259912366555,-35.29202495465703,222.78142669657728,-35.3043786440402,223.1907579024516,-35.417485364043195,223.2638688255204,-35.41633385991806,223.35617363686967,-35.44184051058501,223.4293416956392,-35.44068872745262,223.5216663724848,-35.466200152258516,223.59481279398258,-35.465048793755905,223.68713577304376,-35.49055955177449,223.7602774214018,-35.48940848023782,223.8526299503581,-35.51492740350661,223.92742809500137,-35.51374975548679,224.02108503974728,-35.539571431887325,224.16935153286386,-35.53718348069645,224.5522200810202,-35.64226079520903,224.6284390761402,-35.66216556117591,225.06961542847685,-35.77155213927623,225.29502047472704,-35.83949961256924,225.64210777144805,-35.923177768668175,226.2495442338523,-36.03393966622983,226.32128785104362,-36.046173754865244,227.10328370533063,-36.170318064962366,227.29746810700541,-36.17699109664688,227.39375317547047,-36.18850749398166,228.683004,-36.313935729109076,228.683004,-44.40235187319737,228.53343969675475,-44.43992085930245,228.4053569913091,-44.52738976099388,228.32537512580248,-44.547480617213516,228.25137461299803,-44.593713440374984,228.1568664998177,-44.61745301232972,228.08285615482717,-44.66369189081094,227.98834412580246,-44.68743261721353,227.91434361299804,-44.73366544037498,227.8198354998177,-44.75740501232971,227.74583006142697,-44.80364082535202,227.65131949981713,-44.82738101232981,227.5773140614263,-44.87361682535219,227.4828034998179,-44.89735701232962,227.4087980614269,-44.94359282535209,227.3142874998177,-44.96733301232972,227.24027715482717,-45.01357189081094,227.14576512580246,-45.03731261721353,227.07176461299804,-45.08354544037498,226.9772564998177,-45.10728501232971,226.90325106142697,-45.153520825352025,226.80874464897173,-45.1772599701002,226.80372836132295,-45.180393948686266,226.657266321735,-45.19389032169092,226.586032519578,-45.23112763918133,226.46771847399663,-45.242685388152395,226.39820810019768,-45.279265848926386,226.2779336783423,-45.29169097550265,226.21734726273252,-45.323789893733434,226.1001390825616,-45.33624514368928,226.04830375447534,-45.36380494598137,225.9356600825616,-45.37577514368928,225.88382692988074,-45.40333378936204,225.77118339769854,-45.41530388915899,225.71934589176826,-45.442864825125795,225.6067010825606,-45.45483514368944,225.55486575447438,-45.48239494598152,225.4422220825606,-45.494365143689436,225.39038675447438,-45.52192494598152,225.27774937497406,-45.53389447501953,225.22590947035872,-45.56145658283186,225.11326076737788,-45.573427398238586,225.06142979256975,-45.60098491021868,224.94878739769854,-45.61295488915892,224.8969498917681,-45.64051582512581,224.7843050825606,-45.65248614368944,224.73246975447438,-45.68004594598152,224.62103858672555,-45.69188729566513,224.56915236742955,-45.71944952538867,224.45721048548654,-45.731344846001036,224.405273335321,-45.75892105567059,224.29331363598308,-45.77081881380723,224.24136321200245,-45.798389931263046,224.12940239759243,-45.810287740139444,224.07742854568647,-45.83785978038469,223.96553679229962,-45.849750017464004,223.9135313301055,-45.87732646878956,223.8016673741647,-45.889213601661545,223.74961197686514,-45.91680419805251,223.6377601745894,-45.92869066590089,223.58570261851392,-45.95627043674135,223.47387352825353,-45.968154175678706,223.21265867803032,-46.10648440659492,222.81756888109663,-46.17720069111015,222.75376446738096,-46.214069457561436,222.40091261188252,-46.28010600910482,222.27083810492647,-46.35860531457447,222.07534683199066,-46.40469364192452,222.0137363774331,-46.41921907352581,221.08570547316356,-46.55353239201497,218.97688910672613,-47.76751239078156,217.93764553714573,-49.07966114959521,217.5409195444077,-49.54793784672579,216.9522661974508,-50.58731397828778,216.71267821099323,-51.291949341696395,216.68862385859913,-51.365632814064256,216.35308980541882,-52.43762292312854,216.21028890148946,-53.256989949018994,216.16843174070712,-54.25881816498986,216.1451420257666,-54.75313407343565,216.22474320629422,-55.62681962257183,216.53778313373118,-56.9710561721916,216.64654779865714,-57.33700140843578,216.80770792494374,-57.779871769224634,216.94639047757857,-58.10382930257883,217.610481471647,-59.44433097966531,218.44112813699923,-60.49306268655239,218.82170839248144,-60.80781828421016,219.14237696535474,-61.187738654851366,220.63493764436467,-62.18483985383688,221.68576237948062,-62.51929880144927,221.73613719914465,-62.53487276069774,223.08067787972055,-62.93835268342961,224.22818142115094,-63.06534861776319,224.9920763059492,-63.01095072400287,226.1301730541075,-62.96374949331872,226.609264543517,-62.853210505109885,227.09587044541004,-62.756710817312815,227.22588450524086,-62.72655343231813,227.5504500414688,-62.681348191038346,227.86166558874191,-62.59346271345633,228.4949848506045,-62.490828461251915,228.50696042662395,-62.48715268732618,228.52469339133677,-62.48494438124997,228.66198264932385,-62.445109065307925,228.71578273450157,-62.43840931894776,228.85308324215745,-62.398571230609136,228.90689281904184,-62.391870195572494,229.04418645952157,-62.352033954475466,229.09799493270026,-62.345333056885934,229.23529621648302,-62.30549454576955,229.28910970765972,-62.298792969936386,229.4263945922003,-62.2589587580002,229.48020162298192,-62.252258093368916,229.61748994995125,-62.21242302787067,229.6712897345013,-62.2057233189478,229.80859024215732,-62.165885230609135,229.86239981904197,-62.159184195572465,229.99969345952152,-62.119347954475494,230.05350081904183,-62.11264719557249,230.1907910346433,-62.07281194821615,230.24460762298165,-62.066110093369,230.38189937475912,-62.02627403414128,230.43570973636594,-62.019572954717695,230.77229892315572,-61.921909371868104,230.91895644799558,-61.89088113132585,231.10854235730295,-61.83366684789472,232.51629071000167,-61.702465811452356,232.53235889628894,-61.700436136646466,233.05789876529965,-61.90283245599449,235.5661667289339,-61.846472760252716,236.70054408443576,-61.35,254.1032690267965,-61.35,254.87008894379798,-61.3613500329159,254.92907599557864,-61.36167511252504,258.0190264222225,-61.35,277.62318412106913,-61.35,281.34292800000003,-57.630256121069124,281.34292800000003,-17.601340878930873,277.62318412106913,-13.881597000000001,232.40274787893085,-13.881597000000001,232.30861209635236,-13.975732782578488,232.2345069278653,-13.971903815606984,231.65361829537304,-13.873162706367554,231.6270798659968,-13.868767216494424,229.79929890292473,-13.573986428533509,229.5245280595365,-13.441569764687006,228.62822919455346,-13.162812177248167,227.2535486851624,-12.94945494901252,226.2072364804833,-12.747981371308512,225.45057544280382,-12.69423646024483,224.21776297135494,-12.753960749648732,224.1717821557225,-12.756522687351364,222.9742109025988,-12.831964155782128,222.20955473776272,-12.975278973441181,220.503936857575,-13.51719387415753,218.98881205234554,-14.539345491322628,218.04559755166323,-15.678825477493744,217.59732538303572,-16.104273697327972,216.75896358446087,-17.421232930640574,216.33683561324307,-18.685451452928316,