{"Inners":[{"Index":-1,"Tolerance":1.1296570000000017E-06,"Coordinates":[14.913514,-36.128,14.777452,-36.106983,14.131334,-35.721035,14.050247,-35.61467,13.967663,-35.462826,13.909162,-35.299937,13.876133,-35.129602,13.869515,-34.956875,13.88942,-34.784437,13.935283,-34.617508,14.005962,-34.459845,14.100307,-34.314151,14.215682,-34.184702,14.349052,-34.074708,14.498002,-33.986167,14.658735,-33.921377,14.827241,-33.88195,15.0,-33.868686,15.172758,-33.88195,15.341259,-33.921376,15.502017,-33.986176,15.650943,-34.074704,15.784321,-34.184705,15.899674,-34.314129,15.993803,-34.459487,16.064748,-34.617742,16.110591,-34.784568,16.130485,-34.956918,16.123869,-35.129577,16.09086,-35.299799,16.032327,-35.46279,15.949559,-35.614987,15.844599,-35.752691,15.719795,-35.872803,15.578119,-35.972453,15.422956,-36.049279,15.257921,-36.101503,15.086413,-36.128]}],"Index":-1,"Tolerance":2.7024667E-05,"Coordinates":[23.201222,-67.226306,23.23693,-67.225091,25.262751,-67.14475,25.460746,-67.13069,26.467068,-67.027535,27.561408,-66.915356,27.686008,-66.895087,28.405679,-66.831057,28.818798,-66.766693,29.71104,-66.566819,30.152661,-66.433596,31.169613,-66.0443,31.256673,-66.009491,34.032911,-64.85163,34.173654,-64.78888,35.49823,-64.159364,36.286166,-63.62835,39.386798,-60.7837,39.75388,-60.384118,40.2728,-59.71222,40.358163,-59.596357,42.414871,-56.668081,42.541091,-56.473655,44.528837,-53.152382,44.658193,-52.913646,45.119326,-51.968218,45.194519,-51.802116,46.313197,-49.129239,46.368576,-48.987473,46.728427,-47.996873,46.835932,-47.635391,46.98779,-46.985937,47.008148,-46.89255,47.520786,-44.358344,47.580508,-43.874977,47.699222,-41.311112,47.689329,-40.873658,47.632521,-40.254482,47.60964,-40.066733,46.880556,-35.277001,46.846161,-35.089186,46.717518,-34.489142,46.655268,-34.246063,46.455297,-33.576467,46.446264,-33.546753,45.267303,-29.735411,45.190812,-29.516725,44.763035,-28.423414,44.69878,-28.271012,43.512918,-25.651119,43.492028,-25.605914,43.334961,-25.272913,43.191195,-25.002681,42.180227,-23.305059,42.032584,-23.079495,41.025741,-21.675166,40.979539,-21.612366,39.531559,-19.694025,39.294394,-19.414864,38.589468,-18.676021,38.114479,-18.267502,38.035892,-18.212375,36.464377,-16.700919,36.077901,-16.383745,33.50616,-14.591921,32.914884,-14.267068,32.152704,-13.948191,31.786283,-13.826373,31.43428,-13.682631,31.00321,-13.574548,30.696562,-13.449326,30.26549,-13.341242,29.958845,-13.216021,29.527754,-13.107932,29.221115,-12.982714,28.131707,-12.709563,27.613675,-12.624347,26.684169,-12.549443,26.195181,-12.54776,25.373857,-12.608258,25.23445,-12.622911,24.940561,-12.631071,24.605567,-12.676887,23.716019,-12.700259,21.88907,-13.32166,21.156826,-13.854926,20.572025,-14.201502,20.446071,-14.30258,20.380217,-14.341607,20.160218,-14.283958,19.629578,-14.166303,19.524616,-14.144882,18.777646,-14.005517,18.720103,-13.995328,17.72746,-13.82897,17.57121,-13.806761,17.182276,-13.761306,16.980452,-13.744222,16.021927,-13.693801,15.974621,-13.691666,14.945247,-13.652903,14.728977,-13.652128,14.257308,-13.666505,14.104501,-13.674852,13.252626,-13.742006,13.214687,-13.745226,12.133104,-13.843553,11.7993,-13.891875,10.549942,-14.14106,10.480989,-14.15561,9.498981,-14.37424,9.311739,-14.421949,8.995356,-14.512897,8.829021,-14.565702,7.877052,-14.896972,7.839601,-14.910268,6.882823,-15.256697,6.690671,-15.333439,6.337729,-15.487913,6.167897,-15.568312,4.349713,-16.495859,4.028289,-16.684359,2.975905,-17.38756,2.920685,-17.425305,1.914681,-18.128613,1.616143,-18.365177,-0.050963,-19.857287,-0.320124,-20.129091,-1.000457,-20.904328,-1.021015,-20.927988,-1.880512,-21.927105,-2.11272,-22.232551,-2.689346,-23.094488,-2.70668,-23.120679,-3.457715,-24.267713,-3.655889,-24.616618,-4.67564,-26.709584,-4.829863,-27.085384,-5.570654,-29.280435,-5.676004,-29.674433,-6.13644,-31.980515,-6.190954,-32.391916,-6.349866,-34.781312,-6.350112,-35.199432,-6.196872,-37.545169,-6.146924,-37.935676,-5.894166,-39.255696,-5.889616,-39.278985,-5.699551,-40.232934,-5.60265,-40.602029,-5.198662,-41.834219,-5.188183,-41.865626,-4.846255,-42.872922,-4.701507,-43.227533,-3.73544,-45.238496,-3.551083,-45.569978,-2.889113,-46.608966,-2.851306,-46.666904,-2.151491,-47.714217,-1.936057,-48.000301,-1.221451,-48.845567,-1.183,-48.890202,-0.355718,-49.832705,-0.19622,-49.995451,-0.162079,-50.479003,-0.074378,-52.460329,0.140832,-53.480061,0.643635,-54.7697,0.736953,-54.985159,1.478838,-56.538009,1.634162,-56.824374,2.54668,-58.318491,2.806971,-58.683934,3.35996,-59.354589,3.683129,-59.692481,4.37718,-60.318703,4.47788,-60.405802,6.080919,-61.734613,6.601376,-62.085623,8.218489,-62.957701,8.232343,-62.965128,11.63362,-64.777693,12.033347,-64.956531,12.6297,-65.175404,12.863604,-65.251116,13.18102,-65.340445,13.419597,-65.428008,13.653504,-65.503721,13.970924,-65.593051,14.209501,-65.680614,14.443413,-65.756328,14.760824,-65.845656,14.999394,-65.933216,15.233309,-66.008931,15.550732,-66.098262,15.900616,-66.226677,16.365388,-66.358178,17.412753,-66.570162,17.500412,-66.586626,17.83794,-66.645124,17.864516,-66.649614,17.941449,-66.662276,17.983841,-66.671699,20.229417,-67.041282,20.288766,-67.048604,20.922034,-67.152828,21.176575,-67.184227,21.898585,-67.243821,22.250137,-67.25331]}