{"Index":-1,"Tolerance":2.5749487917021683E-05,"Coordinates":[213.43174952408003,-23.660288449784822,213.4370478189716,-25.853574005947372,213.44205316710787,-26.02429400034021,213.51145630340412,-27.257801129462884,213.55012255322654,-27.604372120798207,213.70389478925458,-28.52212168856462,213.73217815857416,-28.669472793646257,213.97762830238756,-29.802880031345854,214.23434930564403,-30.538431466286905,214.74046408551462,-31.564252370509003,215.07832902710467,-32.10479346992837,215.77263186685715,-33.00136069235481,216.5229600138809,-33.70123955848744,217.81392325474965,-34.564468789144605,218.78351083755447,-35.00022530402467,219.48697678549362,-35.183873077232555,220.0771749898278,-35.387563027166095,221.0299815668555,-35.450698082612774,221.09960557176836,-35.461609611402686,221.17074885523337,-35.4600256321607,221.7735965125509,-35.49997164133853,222.0693700423013,-35.440018159390306,222.23080923504503,-35.43642377468252,222.2479681235889,-35.43294588539551,222.4094556028441,-35.4293500143426,222.4266061886949,-35.42587377227773,222.58808104852847,-35.42227819098842,222.60523212358873,-35.418801885395546,222.76671960284375,-35.415206014342644,222.78387242451754,-35.41172931910014,222.94535456192617,-35.40813341456802,222.96250442451773,-35.40465731910014,223.12610171497624,-35.40063269545193,223.1907579024516,-35.417485364043195,223.5876346373419,-35.41123451699854,223.8204677957772,-35.44551311307475,224.1587730692906,-35.534280247852436,224.5522200810202,-35.64226079520903,224.6284390761402,-35.66216556117591,225.06961542847685,-35.77155213927623,225.29502047472704,-35.83949961256924,225.64210777144805,-35.923177768668175,226.2495442338523,-36.03393966622983,226.32128785104362,-36.046173754865244,227.10328370533063,-36.170318064962366,227.29746810700541,-36.17699109664688,227.39375317547047,-36.18850749398166,228.683004,-36.313935729109076,228.683004,-44.40235187319737,228.53343969675475,-44.43992085930245,228.4053569913091,-44.52738976099388,228.32537512580248,-44.547480617213516,228.25137461299803,-44.593713440374984,228.1568664998177,-44.61745301232972,228.08285615482717,-44.66369189081094,227.98834412580246,-44.68743261721353,227.91434361299804,-44.73366544037498,227.8198354998177,-44.75740501232971,227.74583006142697,-44.80364082535202,227.65131949981713,-44.82738101232981,227.5773140614263,-44.87361682535219,227.4828034998179,-44.89735701232962,227.4087980614269,-44.94359282535209,227.3142874998177,-44.96733301232972,227.24027715482717,-45.01357189081094,227.14576512580246,-45.03731261721353,227.07176461299804,-45.08354544037498,226.9772564998177,-45.10728501232971,226.90325106142697,-45.153520825352025,226.80874464897173,-45.1772599701002,226.80372836132295,-45.180393948686266,226.657266321735,-45.19389032169092,226.586032519578,-45.23112763918133,226.46771847399663,-45.242685388152395,226.39820810019768,-45.279265848926386,226.2779336783423,-45.29169097550265,226.21734726273252,-45.323789893733434,226.1001390825616,-45.33624514368928,226.04830375447534,-45.36380494598137,225.9356600825616,-45.37577514368928,225.88382692988074,-45.40333378936204,225.77118339769854,-45.41530388915899,225.71934589176826,-45.442864825125795,225.6067010825606,-45.45483514368944,225.55486575447438,-45.48239494598152,225.4422220825606,-45.494365143689436,225.39038675447438,-45.52192494598152,225.27774937497406,-45.53389447501953,225.22590947035872,-45.56145658283186,225.11326076737788,-45.573427398238586,225.06142979256975,-45.60098491021868,224.94878739769854,-45.61295488915892,224.8969498917681,-45.64051582512581,224.7843050825606,-45.65248614368944,224.73246975447438,-45.68004594598152,224.62103858672555,-45.69188729566513,224.56915236742955,-45.71944952538867,224.45721048548654,-45.731344846001036,224.405273335321,-45.75892105567059,224.29331363598308,-45.77081881380723,224.24136321200245,-45.798389931263046,224.12940239759243,-45.810287740139444,224.07742854568647,-45.83785978038469,223.96553679229962,-45.849750017464004,223.9135313301055,-45.87732646878956,223.8016673741647,-45.889213601661545,223.74961197686514,-45.91680419805251,223.6377601745894,-45.92869066590089,223.58570261851392,-45.95627043674135,223.47387352825353,-45.968154175678706,223.21265867803032,-46.10648440659492,222.81756888109663,-46.17720069111015,222.75376446738096,-46.214069457561436,222.40091261188252,-46.28010600910482,222.2708382253275,-46.358605241913054,222.11416230833902,-46.395542838616294,221.72962870900108,-46.35289604632361,220.386807140531,-46.470452800709666,219.42681495002674,-46.708183688858405,217.78829434519082,-47.397440999091195,216.60282904119734,-48.25788902829942,215.42462136883196,-49.619594354605674,214.90725011482976,-50.44434723287717,214.62047259966872,-51.10919357071345,214.56883668968996,-51.23639560318097,214.2433335420222,-52.09080076368424,214.06199332975535,-52.808152740993194,213.91698335074608,-53.90695270139531,213.89552733597247,-54.12989252674091,213.85753145740603,-54.75530651096306,213.8877521929217,-55.42634480152223,214.041457073832,-56.43862422932096,214.08753830023298,-56.75544817794852,214.18018122439415,-57.183129735674044,214.39380772080287,-57.91991160662785,214.67118820953323,-58.58434774320873,215.39996114156136,-59.891083155344965,215.91266284491334,-60.575164961150875,217.00861445523037,-61.68836733565219,217.9506403759991,-62.350142080063165,219.4198532804547,-63.02679968565883,219.97753002477907,-63.2231660801135,220.8255146923009,-63.435646958215635,221.6171237454976,-63.53118990109237,223.18445106788704,-63.52289969688119,224.00806441611402,-63.53132033578716,225.17661075692064,-63.32332463588856,225.94660184246823,-63.03127641754078,226.03646829014247,-62.99262986790373,226.1680227361495,-62.942733339769,226.1786584081673,-62.93860559263687,227.09587490228253,-62.75670983372993,227.22588433875487,-62.72655345550617,227.5504500414688,-62.681348191038346,227.86166558874191,-62.59346271345633,228.4949848506045,-62.490828461251915,228.50696042662395,-62.48715268732618,228.52469339133677,-62.48494438124997,228.66198264932385,-62.445109065307925,228.71578273450157,-62.43840931894776,228.85308324215745,-62.398571230609136,228.90689281904184,-62.391870195572494,229.04418645952157,-62.352033954475466,229.09799493270026,-62.345333056885934,229.23529621648302,-62.30549454576955,229.28910970765972,-62.298792969936386,229.4263945922003,-62.2589587580002,229.48020162298192,-62.252258093368916,229.61748994995125,-62.21242302787067,229.6712897345013,-62.2057233189478,229.80859024215732,-62.165885230609135,229.86239981904197,-62.159184195572465,229.99969345952152,-62.119347954475494,230.05350081904183,-62.11264719557249,230.1907910346433,-62.07281194821615,230.24460762298165,-62.066110093369,230.38189937475912,-62.02627403414128,230.43570973636594,-62.019572954717695,230.77229892315572,-61.921909371868104,230.91895644799558,-61.89088113132585,231.10854235730295,-61.83366684789472,232.51629071000167,-61.702465811452356,232.53235889628894,-61.700436136646466,233.05789876529965,-61.90283245599449,235.5661667289339,-61.846472760252716,236.70054408443576,-61.35,252.46366218999265,-61.35,252.71356202579196,-61.35364832348118,252.79767432552782,-61.35376206493048,253.11396960508517,-61.35,253.97690577063065,-61.35,254.2816844312562,-61.35264084668755,254.8700903394794,-61.36135005129463,254.929079201613,-61.3616751195057,255.20432092695384,-61.36063496406666,256.18290724030425,-61.36911428046299,256.3635267822221,-61.36554061343248,256.57224158475066,-61.3554663406273,258.01902596141025,-61.35,277.62318412106913,-61.35,281.34292800000003,-57.630256121069124,281.34292800000003,-17.601340878930873,277.62318412106913,-13.881597000000001,232.40274787893085,-13.881597000000001,232.30861209635236,-13.975732782578488,232.2345069278653,-13.971903815606984,231.653617822549,-13.87316262599557,231.62707844618672,-13.868766983394572,230.62676525451698,-13.707438820956865,230.0093411842986,-13.497235830989952,229.87653404349686,-13.455248476545018,