{"Index":-1,"Tolerance":2.489266138500959E-05,"Coordinates":[217.49708567090414,-19.131284560258194,217.19866460006085,-19.99532767893372,217.0391004681424,-20.72672913494975,216.9414838518926,-21.72948645995721,216.9326604482349,-21.840155831670852,216.82806367506728,-23.522964555171004,216.82453189360444,-23.59186973148753,216.80475508951056,-24.08178966168868,216.80220137692723,-24.223746610818967,216.8056732582407,-25.018094168309652,216.80579065652884,-25.034844470910226,216.82256668700512,-26.773866819868363,216.83844166325952,-27.06187782653778,216.95234754501004,-28.191669442505777,217.00031199572533,-28.507401735851612,217.17195197268987,-29.34961281970068,217.30665512114314,-29.821182719663888,217.48759251219366,-30.308623876148086,217.50757029849706,-30.377589493095876,217.65050743762927,-30.77167103973978,217.8943483049202,-31.32670140119781,218.26764517268475,-31.963694335173887,218.5924330109995,-32.394297546061374,219.0918148289971,-33.107101791084176,220.05521732701928,-34.009239343782646,221.23557952636193,-34.72557786320272,222.5327148595262,-35.170381738366146,222.79138726364653,-35.200321333113216,224.01832011021529,-35.539352989556626,224.0948002401751,-35.53814323968845,224.18914619439028,-35.564095743544776,224.26301593946997,-35.562889442596365,224.5522200810202,-35.64226079520903,224.6284390761402,-35.66216556117591,225.06961542847685,-35.77155213927623,225.29502047472704,-35.83949961256924,225.64210777144805,-35.923177768668175,226.2495442338523,-36.03393966622983,226.32128785104362,-36.046173754865244,227.10328370533063,-36.170318064962366,227.29746810700541,-36.17699109664688,227.39375317547047,-36.18850749398166,228.683004,-36.313935729109076,228.683004,-44.40235187319737,228.53343969675475,-44.43992085930245,228.4053569913091,-44.52738976099388,228.32537512580248,-44.547480617213516,228.25137461299803,-44.593713440374984,228.1568664998177,-44.61745301232972,228.08285615482717,-44.66369189081094,227.98834412580246,-44.68743261721353,227.91434361299804,-44.73366544037498,227.8198354998177,-44.75740501232971,227.74583006142697,-44.80364082535202,227.65131949981713,-44.82738101232981,227.5773140614263,-44.87361682535219,227.4828034998179,-44.89735701232962,227.4087980614269,-44.94359282535209,227.3142874998177,-44.96733301232972,227.24027715482717,-45.01357189081094,227.14576512580246,-45.03731261721353,227.07176461299804,-45.08354544037498,226.9772564998177,-45.10728501232971,226.90325106142697,-45.153520825352025,226.80874464897173,-45.1772599701002,226.80372836132295,-45.180393948686266,226.657266321735,-45.19389032169092,226.586032519578,-45.23112763918133,226.46771847399663,-45.242685388152395,226.39820810019768,-45.279265848926386,226.2779336783423,-45.29169097550265,226.21734726273252,-45.323789893733434,226.1001390825616,-45.33624514368928,226.04830375447534,-45.36380494598137,225.9356600825616,-45.37577514368928,225.88382692988074,-45.40333378936204,225.77118339769854,-45.41530388915899,225.71934589176826,-45.442864825125795,225.6067010825606,-45.45483514368944,225.55486575447438,-45.48239494598152,225.4422220825606,-45.494365143689436,225.39038675447438,-45.52192494598152,225.27774937497406,-45.53389447501953,225.22590947035872,-45.56145658283186,225.11326076737788,-45.573427398238586,225.06142979256975,-45.60098491021868,224.94878739769854,-45.61295488915892,224.8969498917681,-45.64051582512581,224.7843050825606,-45.65248614368944,224.73246975447438,-45.68004594598152,224.62103858672555,-45.69188729566513,224.56915236742955,-45.71944952538867,224.45721048548654,-45.731344846001036,224.405273335321,-45.75892105567059,224.29331363598308,-45.77081881380723,224.24136321200245,-45.798389931263046,224.12940239759243,-45.810287740139444,224.07742854568647,-45.83785978038469,223.96553679229962,-45.849750017464004,223.9135313301055,-45.87732646878956,223.8016673741647,-45.889213601661545,223.74961197686514,-45.91680419805251,223.6377601745894,-45.92869066590089,223.58570261851392,-45.95627043674135,223.47387352825353,-45.968154175678706,223.21265867803032,-46.10648440659492,222.81756888109663,-46.17720069111015,222.8074206957329,-46.1830647223627,222.41805025645894,-46.23941879340407,222.3828746147278,-46.25966894796002,222.2515492963709,-46.278675701424724,220.1427402383648,-47.492650229022544,219.30207748800075,-48.55406689414947,218.69994741706802,-49.264788370296664,218.11128302735165,-50.30418527695735,217.78042844601998,-51.27725180213434,217.75637934499844,-51.35091958625295,217.52323281981378,-52.09579146807348,217.38043065153678,-52.915168493503266,217.35149423398695,-53.60778142458575,217.30423117460185,-54.610953005422374,217.3838340354531,-55.48464040042007,217.6115381782324,-56.46242436202816,217.72029073827383,-56.828334060989334,218.06020182888673,-57.762443077625754,218.19889356503236,-58.086426902565506,218.7015105030901,-59.10098756083303,219.53216159275644,-60.149724720498654,219.7430473045682,-60.324135508092986,220.28958341861315,-60.97165480286214,221.78213084346956,-61.968746809682834,223.18675147021528,-62.41581634862885,223.2371387767139,-62.431394183485196,224.21945767921693,-62.72617394855833,225.36695435784378,-62.853168319478556,226.52791064671013,-62.77049566197954,227.25716780608613,-62.74025020336554,227.3905859313769,-62.7094672186826,227.41815878942538,-62.70832370538224,228.04418478902085,-62.56388407474813,228.4949848506045,-62.490828461251915,228.50696042662395,-62.48715268732618,228.52469339133677,-62.48494438124997,228.66198264932385,-62.445109065307925,228.71578273450157,-62.43840931894776,228.85308324215745,-62.398571230609136,228.90689281904184,-62.391870195572494,229.04418645952157,-62.352033954475466,229.09799493270026,-62.345333056885934,229.23529621648302,-62.30549454576955,229.28910970765972,-62.298792969936386,229.4263945922003,-62.2589587580002,229.48020162298192,-62.252258093368916,229.61748994995125,-62.21242302787067,229.6712897345013,-62.2057233189478,229.80859024215732,-62.165885230609135,229.86239981904197,-62.159184195572465,229.99969345952152,-62.119347954475494,230.05350081904183,-62.11264719557249,230.1907910346433,-62.07281194821615,230.24460762298165,-62.066110093369,230.38189937475912,-62.02627403414128,230.43570973636594,-62.019572954717695,230.77229892315572,-61.921909371868104,230.91895644799558,-61.89088113132585,231.10854235730295,-61.83366684789472,232.51629071000167,-61.702465811452356,232.53235889628894,-61.700436136646466,233.05789876529965,-61.90283245599449,235.5661667289339,-61.846472760252716,236.70054408443576,-61.35,254.1032690267965,-61.35,254.87008894379798,-61.3613500329159,254.92907599557864,-61.36167511252504,258.0190264222225,-61.35,277.62318412106913,-61.35,281.34292800000003,-57.630256121069124,281.34292800000003,-17.601340878930873,277.62318412106913,-13.881597000000001,232.40274787893085,-13.881597000000001,232.30861209635236,-13.975732782578488,232.2345069278653,-13.971903815606984,231.65361829537304,-13.873162706367554,231.6270798659968,-13.868767216494424,229.3101635495618,-13.495099675800555,228.0052857715973,-13.240638262874244,227.55541658052965,-13.152388483009972,227.05373585212448,-13.094832607635922,226.2773416930777,-13.067845549459369,225.83831495231053,-13.082956644484343,224.9518873822359,-13.175082329599622,224.751566578928,-13.18617206739567,224.35768329217018,-13.232765169469191,223.77583648414284,-13.338755085574688,223.113609819834,-13.535560182291059,222.63162987842884,-13.737954592505833,221.61610582723654,-14.06060773358119,220.1009755586701,-15.082759167431881,219.5371510755103,-15.76390360671965,218.83112408030993,-16.497392128709492,218.25917877481876,-17.317025804900535,217.7905686964071,-18.281746150867125,217.59537006756378,-18.79038084259999]}