{"Index":-1,"Tolerance":2.37342015E-05,"Coordinates":[230.94858200000002,-57.63025612106915,234.66832587893086,-61.35,275.33686012106915,-61.35,279.05660400000005,-57.630256121069124,279.05660400000005,-17.601340878930873,275.33686012106915,-13.881597000000001,237.578914,-13.881597000000001,234.66832587893086,-13.881597000000001,230.94858200000002,-17.601340878930845]}