{"Index":-1,"Tolerance":2.0244206365641482E-05,"Coordinates":[216.36691601355295,-56.8845299285853,216.48906013220937,-56.98882142485471,216.75550567942278,-57.22968022990472,217.00790677951335,-57.48521863851102,217.2454559104975,-57.75461909131065,217.45344372520188,-58.018270004456674,217.4607208548164,-58.028013836695514,217.70064492701437,-58.07007668237589,218.05252788269382,-58.14208070380715,218.39977681213932,-58.23386509572076,218.67246845523545,-58.3209864206377,218.6852099151855,-58.3253757665496,219.71784371951236,-58.24547562326639,220.0765880593127,-58.22790598294017,220.13648217538253,-58.22695152677145,220.4777169793959,-58.223123500649095,220.49311497856363,-58.221600826254225,221.51611758803898,-58.02781584719272,221.5241636552789,-58.026297072677416,222.44280223258747,-57.853508278793015,225.88980231293354,-57.10166121407404,226.19205857615037,-57.03286601360993,226.24600316749832,-57.02083461043264,226.2637715019297,-57.01695278578572,226.98906801512038,-56.85343783207506,227.05309922142516,-56.839349232101895,230.40972622142516,-56.118947232101895,230.66022044837914,-56.07042878316739,233.26728444837914,-55.61960678316739,233.62279547578999,-55.56843938154023,233.98063081752244,-55.53745451737717,234.14573179762348,-55.532532414110634,234.45296313604638,-55.47767647122336,234.8095494719703,-55.434637202731096,234.83021898030435,-55.4327677900703,237.51512298030434,-55.1943597900703,237.5520317405889,-55.191190930038175,238.6535657405889,-55.099852930038175,239.01174545053965,-55.08031966068411,241.59253545053963,-55.01260466068411,241.75394305162058,-55.01042208591196,243.28871605162058,-55.00917808591196,248.6378981464469,-55.00618499391884,248.64840184099444,-55.00618780426811,249.4062626096719,-55.007017698980064,250.8108493783494,-55.009189593692014,250.84493678934237,-55.00933380448894,256.56723421763434,-55.048902217021045,257.48042481060213,-55.00747281817216,257.7442200066107,-55.00099333179321,257.9951060066107,-55.00004533179321,258.0191,-55.0,274.9929279394654,-54.99999993946544,274.9929279394654,-20.231597060534558,234.67723,-20.231597,234.31819934770678,-20.221439032000006,233.95984881483412,-20.190944352364887,232.12128626594696,-19.98175907773326,231.87986720304198,-19.949590406998237,231.47261620304198,-19.887354406998234,231.36736518310593,-19.87036458634634,228.98854618310594,-19.465852586346337,228.92369235282516,-19.454478090413605,228.50128565003178,-19.378134157332735,226.4411490133151,-19.027815917848056,226.36467781879682,-19.014330693524418,226.21609181879683,-18.98719069352442,226.19013153928208,-18.982393128341005,224.67828095408996,-18.699745678128735,221.8030634942137,-18.181134432493867,221.78929142107148,-18.17863464841028,221.52559004108963,-18.130469652169275,221.50551054779973,-18.127463775248817,220.454447982344,-18.0020888804623,220.44384656167568,-18.001018164388892,220.32981443325946,-17.988459639725757,219.96449679408755,-17.944883201392976,218.66077335570563,-17.83696303526663,217.63781676756054,-18.09149369448349,216.6859604631288,-18.686310566040376,216.33082717147056,-19.427388969412426,215.95966261800166,-21.082161966916924,215.86175038810353,-22.225372175963443,215.79676795292235,-24.888443893271173,215.79923133656308,-26.813347125533067,215.91350352977742,-27.26126452602319,215.99241362249245,-27.611663428515318,216.04823869636948,-27.943376828157042,216.14724906711058,-28.644740832594117,216.44016032469972,-29.002759503281425,216.65964422454059,-29.28707097211558,216.76605384614743,-29.437835832641213,216.8994752245613,-29.632825426524967,217.76610789652804,-29.88743839655183,218.10771617382804,-29.998388738958297,218.21772434104847,-30.038738450183256,218.323247740592,-30.07855157622347,221.29615852703273,-30.173809206304725,221.3144091317171,-30.17442025987076,221.80867013171712,-30.19168025987076,221.8165054977291,-30.191958720433426,225.9903340001011,-30.34287215353745,227.21703365773502,-30.38530087715266,227.42207784546315,-30.39571388896995,229.10754884546316,-30.508652888969948,229.4650970441187,-30.542792004924728,229.8201430455726,-30.59709237740583,230.17155092984967,-30.671380279973555,230.51819641662124,-30.765418038883944,230.85897046218275,-30.878904793492644,231.19278280768384,-31.011477458816437,231.51856546725878,-31.162711887172783,231.83527614489785,-31.332124225180984,232.14190156912738,-31.519172461783313,232.43746073483018,-31.723258162333508,232.72100804183384,-31.943728383204665,232.99163632022623,-32.17987776079092,233.24847973271858,-32.430950768219624,233.49071654477066,-32.69614413255371,233.71757175361552,-32.97460940475107,233.92831956777218,-33.26545567415844,234.12228572911394,-33.56775241885533,234.29884967006282,-33.88053248272863,234.45744649900874,-34.202795169753195,234.59756880760105,-34.53350944557865,234.71876829413048,-34.87161723617951,234.8206571978079,-35.216036813014824,234.90290953935036,-35.56566625386725,234.96526216390646,-35.919386968288904,235.00751558298327,-36.276067276374896,235.02953461268194,-36.63456602941474,235.033004,-36.844445,235.033004,-43.97671,235.02284603200002,-44.33574065229322,234.99240462699655,-44.69362263627872,234.9417771780031,-45.04921095865222,234.87112566045485,-45.40136796435864,234.780676113991,-45.74896697636022,234.67071791927256,-46.090895900281915,234.54160287214933,-46.42606078240168,234.39374405813854,-46.75338930960226,234.22761453081532,-47.071834240086886,234.04374579834425,-47.38037675388274,233.8427261229932,-47.678029712412894,233.62519863907076,-47.96384081670794,233.39185929530785,-48.23689565415326,233.14345462826736,-48.4963206240241,232.88077937390483,-48.74128573244887,232.60467392492203,-48.97100724785827,232.3160216420482,-49.18475020842477,232.01574602785115,-49.381830773470035,231.70480777211986,-49.561618411317504,231.3842016782722,-49.72353791659014,231.05495348062058,-49.867071250499556,230.71811656267866,-49.991759198238576,230.3747685870082,-50.097202838174724,230.02600804738864,-50.18306481814413,229.67295075434004,-50.249070434762565,229.4410444093359,-50.28130155995167,228.8294734093359,-50.35483455995168,228.48021433886046,-50.38707168767962,227.51994133977504,-50.449017765376325,224.33412873997844,-50.68510886427281,224.0535254408906,-50.69966993953869,221.21714582641815,-50.78398983271772,219.56220494954331,-50.84081040035139,218.26681385893573,-51.04603151038023,218.0309804486477,-51.22314450571174,217.73779518175377,-51.430626053990856,217.4333478567404,-51.62119892690877,217.11861251020136,-51.79425341323876,217.0486205945956,-51.8296538533872,217.00579192053073,-51.8509848518362,216.89443229075005,-51.938940564125744,216.7797764175307,-52.18460294995733,216.61872818527965,-52.50564758935939,216.43978563121598,-52.81707295111588,216.3277049719671,-52.98942804187026,216.32062675955748,-53.00603516353603,216.3004192755731,-53.10447932538842,216.2945022886287,-53.16820283215,216.25119316566855,-53.52475649356496,216.22035299939978,-53.711082075164384,215.98148131846054,-55.03201768813203,216.05950891816246,-55.31037679861718,216.1466337898731,-55.658823997385355,216.20047313729526,-55.93165927059256]}