{"Index":-1,"Tolerance":1.9744482009336862E-05,"Coordinates":[218.27490082629635,-24.907457997622576,218.2862077219155,-25.345675762755853,218.3635517731562,-26.720319047264528,218.44136543922502,-27.184727113573636,218.6189829320251,-27.89700088386958,219.01888128545392,-28.726015046109588,219.04790180320103,-28.763377834613475,219.6649795217274,-29.18966373426273,220.01624837633403,-29.30887518408545,220.44259851813123,-29.41736099045559,221.33408140491653,-29.423573976034053,222.2072839132556,-29.224548502978422,222.55959438902917,-29.154666300235654,222.91529243870755,-29.104815612627682,223.2732400561785,-29.075155930450407,223.6322920381526,-29.06578214570461,223.9912996480808,-29.076724248502245,224.3491142913762,-29.107947231117315,224.54334640073543,-29.133489013252518,224.74539440073542,-29.16323601325252,225.0991164513121,-29.225581057448387,225.43207895024864,-29.30342805020287,225.77041795024863,-29.392204050202867,225.83941686004846,-29.410723997909553,226.19484342987886,-29.508270481657185,226.5977598515424,-29.608170081468646,226.90233307111242,-29.691778926066334,226.95682402207166,-29.708205065331654,227.35283525020623,-29.780415134623965,227.77056328171656,-29.846730600104376,227.87402229492628,-29.853219292836712,228.05160030461838,-29.87193041409634,228.0783396548133,-29.875128627229063,229.29788146079935,-29.993775740307136,229.6542413592347,-30.03865130589832,230.00749391971243,-30.10360376632842,230.35650896012064,-30.188425315293635,230.7001698556996,-30.292844578123074,231.03737711152652,-30.416527480004007,231.36705188019533,-30.559078314807472,231.68813941343817,-30.720041011094636,231.99961243664464,-30.898900591253508,232.30047443548327,-31.0950848190977,232.58976284410943,-31.307966030656026,232.86655212476012,-31.536863142295473,233.12995672888238,-31.78104382975294,233.37913393032196,-32.03972687110421,233.61328652150763,-32.3120846461741,233.83166536400532,-32.59724578439137,234.03357178528145,-32.894297952616846,234.2183598140081,-33.2022907740256,234.38543824675762,-33.520238868704524,234.53427253947544,-33.847125006237434,234.6643865176788,-34.18190336019135,234.7753638999104,-34.52350285409176,234.86684962957264,-34.87083058818186,234.93855101088144,-35.22277533600232,234.9902386453055,-35.57821109960475,235.0217471654948,-35.93600071202451,235.03297576435008,-36.2949994754872,235.033004,-36.313936,235.033004,-44.402352,235.02284603200002,-44.76138265229322,234.99240462699655,-45.11926463627873,234.9417771780031,-45.47485295865223,234.87112566045485,-45.82700996435865,234.780676113991,-46.17460897636023,234.67071791927256,-46.516537900281925,234.54160287214933,-46.85170278240169,234.39374405813854,-47.17903130960227,234.22761453081532,-47.49747624008688,234.04374579834422,-47.80601875388274,233.84272612299318,-48.10367171241289,233.62519863907073,-48.38948281670794,233.39185929530782,-48.662537654153255,233.14345462826734,-48.9219626240241,232.8807793739048,-49.16692773244886,232.604673924922,-49.39664924785826,232.31602164204818,-49.610392208424756,232.01574602785112,-49.807472773470025,231.7048077721198,-49.98726041131749,231.38420167827215,-50.14917991659012,231.1481837608021,-50.25207019449736,231.049321454777,-50.30077306037939,230.82991567739887,-50.39383816748983,230.6580479069349,-50.46997289319486,230.5873415532792,-50.49662200249311,230.48951894300927,-50.53995574532466,230.41878507081833,-50.566615130579926,230.32101690693491,-50.60992489319483,230.2502873075621,-50.63658276376593,230.1524795843133,-50.67990962600957,230.08176520435507,-50.706561467364416,229.98396358431435,-50.74988562600915,229.9132492043549,-50.77653746736446,229.8154475843143,-50.81986162600915,229.744756448884,-50.84650470663569,229.64693994300885,-50.889835745324774,229.57620607081947,-50.916495130579435,229.47843790693491,-50.95980489319485,229.40770830756165,-50.98646276376612,229.30990058431433,-51.029789626009126,228.97380495636645,-51.15646212686988,228.6310848777134,-51.26392905800698,228.5382993890004,-51.288695267505794,228.5317417961157,-51.29075174537468,228.51052885624813,-51.296107750228856,228.45026569007013,-51.312193134046176,228.3878720329703,-51.32786598760834,228.25110592836077,-51.37670839077696,227.90656551769328,-51.478187940525,227.58339420002227,-51.55381068250085,227.5032036168821,-51.582832028968475,227.15909594136411,-51.6857693946313,226.80971862257326,-51.76908615593715,226.72326681611526,-51.784597190243446,226.56606986019818,-51.8414876276941,226.22196225712065,-51.94442523551671,226.05874385697632,-51.98594949224889,225.36641685697634,-52.1523404922489,225.01495290174825,-52.226362663085766,224.6598659435801,-52.2803945586556,224.30229203348236,-52.31426331147297,223.94337517912007,-52.327860563204865,223.58426368472038,-52.321142811348,223.22610647723403,-52.29413154840893,222.87004943050437,-52.246913193141864,222.534260875671,-52.18336342234583,222.51273639717186,-52.17868655317921,222.0842712126369,-52.11614101197985,221.79037299629238,-52.10499537669837,221.60720053464755,-52.11155013375387,221.3435487678835,-52.11550673377765,220.60863072109368,-52.11127501337,220.11970960638888,-52.3060757363362,219.21540206078896,-52.930695172474344,218.79174538883947,-53.92806494081526,218.682733308855,-54.75329433991702,218.6433922067923,-55.118231929872834,218.6519061988332,-55.176766598611344,219.06256633753634,-56.593103915030966,219.89866959586973,-57.44424902114645,219.91777865798866,-57.453049620831735,220.9717013724544,-57.71713428137292,221.29578671481556,-57.715420219011804,222.30574855565123,-57.62450740888884,222.35749822535678,-57.6200623880793,223.34554124416655,-57.539264024331274,226.1442586521447,-56.91667061847951,229.06900675998241,-56.163177887905626,229.41921902628766,-56.0834435657518,229.6555101054257,-56.04125765356074,231.3614389991102,-55.76985525461569,231.6607272466226,-55.702817906589274,232.0132969753097,-55.63425567198802,232.36917923183768,-55.58573749922213,232.7272354207503,-55.5574186153928,233.08631999139905,-55.549389622804206,233.10750264420776,-55.550114660442205,234.23516695640294,-55.52477683437704,234.4091976498162,-55.46561577857459,234.75525191422028,-55.36942513616205,235.10619124648986,-55.29295436615037,235.4608928653628,-55.23644812606227,235.81822195266778,-55.20008719970207,236.05618920575745,-55.18713929008625,238.1586322034716,-55.11228073906163,240.1225504193667,-55.008797058105365,240.456684,-55.0,250.940738,-55.0,250.99989390060972,-55.000275550905926,251.63920390060971,-55.00623155090592,251.6499216088287,-55.00634044637872,254.365674394858,-55.03622563332334,254.59063921710649,-55.03688966212226,254.64177515045958,-55.03724650736338,254.84474843907657,-55.03948027982889,256.56724094696295,-55.048901851536996,257.48042520865425,-55.00747280011345,257.7442200066107,-55.00099333179321,257.9951060066107,-55.00004533179321,258.0191,-55.0,274.9929279394654,-54.99999993946544,274.9929279394654,-20.231597060534558,233.39139638467051,-20.231597,233.33967423421998,-20.24161977019338,232.98376010525854,-20.289903581202807,232.6256853457728,-20.3179866761038,232.2665955658253,-20.325779206965855,231.9694287500594,-20.316861685812967,231.8960307500594,-20.31293768581297,231.5380543779067,-20.283627097617476,231.18230788168026,-20.234123319755433,231.17090301661307,-20.232195373983433,230.80491901661307,-20.169984373983432,230.4526678081133,-20.099804036919387,230.10494810334552,-20.009819590951317,229.76287238282438,-19.900318928716253,229.42753506992707,-19.771652382252938,229.2930575334367,-19.711123505512695,229.16702195999338,-19.666789153391257,227.85314710919377,-19.423891158906944,227.50194554353376,-19.348633907575636,227.1555608525668,-19.253640015857787,227.08081139596518,-19.230344094238088,226.6109555169657,-19.080727730984012,224.6781865362418,-18.699728110593064,222.93949106691542,-18.386384415768582,221.9377761554394,-18.301100030007706,221.04346581223075,-18.228170262699194,220.3031863132873,-18.39872387891824,219.96423218811339,