{"Index":-1,"Tolerance":1.1481793296897101E-05,"Coordinates":[83.09833825761805,-19.807777248608325,80.68765944446412,-23.00343440378739,80.07668767502696,-25.618428654309167,80.6021677796085,-28.39204510508847,81.70317370606337,-30.27966037318346,84.53811088230623,-32.677040007765626,85.91268515266376,-33.360447387405934,88.97978288904542,-34.04891188896095,91.1309500815291,-34.66233333956165,91.3832732424472,-34.723256015705836,92.20869854918247,-34.8871783003545,92.68440058561123,-34.944834731214094,93.3466536122379,-34.97478123261733,94.01124450444263,-34.93515020895094,97.19681972385443,-34.4069609636126,98.48731805580573,-33.887774139539125,99.44688045392924,-33.23033081411623,100.01719963544089,-32.73010877145132,101.49381487815495,-31.084943857618455,101.85549439184244,-30.59466979495936,102.46567044112358,-29.576089612556572,102.92150053817282,-28.048172355712346,102.9673711198352,-26.90597381006472,102.9696301230709,-26.822090296273508,103.0400852984428,-21.683125275372397,103.04027426882116,-21.613242963039838,103.03518864593818,-21.00059790531104,103.02940552005754,-19.734209340528775,103.0236878896388,-19.55768432743712,102.65118724185399,-13.376474746681966,102.46292596456028,-12.472562131183247,101.56895148486477,-10.027198302517139,101.56758043205262,-10.023455234216211,101.16526187383988,-8.92722924985263,100.39343056631412,-7.734891072734865,99.23561012413685,-6.60418265864028,98.15362018398153,-5.908158248594477,96.31183267029947,-5.194381517114761,95.57873574410593,-5.006651319287984,93.06678454532201,-4.674007738665892,92.0660349047832,-4.6996992621550016,89.56903035771093,-5.161799705324855,88.16280560826048,-5.798009913412237,86.59335714775939,-7.033117359407418,85.69014657230336,-8.153833351020415,84.73776025059453,-10.11224416740276,84.50817679590706,-10.748734775378951,84.15377911328486,-12.198678741850413,84.07729025868291,-12.651039156421604,83.84791813165728,-15.050938887980472,83.83451015162166,-15.433318652797958,83.87672677562952,-17.10916698990072,83.19083350877904,-19.33240127872641]}