{"Index":-1,"Tolerance":2.1089216971756192E-05,"Coordinates":[212.2087102310269,-31.3225279115674,213.39952236144103,-31.675281961337227,214.5128064941108,-31.718746125993476,215.07842097727408,-31.621006328847475,215.20811561110622,-31.599974166751117,216.23914261110622,-31.443705166751116,216.5956413120708,-31.39994594131742,216.6768886997386,-31.392824405275526,220.80377469973863,-31.057784405275527,221.0153234394624,-31.044159990270252,221.7955954394624,-31.006973990270254,221.9849060405773,-31.000780031468423,224.24947657769232,-30.960484640360477,226.59396746564676,-30.90142109084345,226.9293808354157,-30.901832454104344,227.52846783541574,-30.91839545410435,227.62204136361058,-30.921673046821887,227.99574183179612,-30.93752186818638,228.75120480599992,-30.945636258589325,229.11010565047187,-30.95964973201012,229.46764004300735,-30.99393313549151,229.82266410237227,-31.04837678408373,230.17404197879208,-31.12280649295522,230.52064948794404,-31.216984134672607,230.86137770762772,-31.330608401056082,231.19513652560616,-31.46331576717276,231.52085812726747,-31.614681654383766,231.83750041194816,-31.784221788724203,232.14405032698832,-31.97139375026987,232.4395271088518,-32.17559870853387,232.7229854209417,-32.39618333834093,232.99351837807274,-32.632441910049835,233.25026044792313,-32.883618547436605,233.4923902201843,-33.148909646014644,233.71913303454807,-33.42746644405481,233.92976345912385,-33.718397738079716,234.1236076113565,-34.02077273414453,234.30004531401914,-34.33362402578183,234.45851207938335,-34.6559506890832,234.5985009152187,-34.986721485015146,234.71956394684338,-35.32487815872399,234.82131385003652,-35.66933882527414,234.90342509022787,-36.01900143098746,234.96563496399997,-36.372747279309735,235.0077444395711,-36.729444609923675,235.02961879356948,-37.087952219657616,235.033004,-37.29527,235.033004,-43.504943,235.02284603200002,-43.86397365229322,234.99240462699655,-44.22185563627872,234.9417771780031,-44.57744395865221,234.87112566045488,-44.92960096435864,234.78067611399103,-45.27719997636022,234.6707179192726,-45.61912890028191,234.54160287214938,-45.95429378240168,234.3937440581386,-46.28162230960226,234.22761453081537,-46.60006724008688,234.0437457983443,-46.90860975388273,233.84272612299327,-47.20626271241288,233.62519863907082,-47.49207381670793,233.39185929530794,-47.76512865415324,233.14345462826748,-48.02455362402408,232.88077937390494,-48.269518732448844,232.60467392492214,-48.49924024785825,232.31602164204833,-48.712983208424745,232.0157460278513,-48.910063773470014,231.70480777212,-49.08985141131748,231.38420167827238,-49.251770916590125,231.05495348062078,-49.39530425049954,230.71811656267886,-49.51999219823857,230.37476858700842,-49.625435838174724,230.0260080473889,-49.71129781814414,229.6729507543403,-49.77730343476258,229.31672626524372,-49.82324151230046,228.95847427048065,-49.84896507831003,228.599340947153,-49.854391833843145,228.45857835781644,-49.85097586558858,228.25834303908607,-49.84389464378332,225.1784262341475,-49.834857665870395,224.95534273897002,-49.83028283879507,222.73501373897003,-49.74570383879507,222.66999326867017,-49.74289326318571,219.73200326867016,-49.600808263185705,219.47019344519845,-49.58271749791312,218.90964447193647,-49.53232650993458,216.5349877374735,-49.460044298386705,216.37809604349908,-49.453326027237736,215.3074484997262,-49.39420891941611,214.7433223310485,-49.50588610912088,214.65513462866346,-49.52269725015298,213.62031358827932,-49.712393319438696,213.6031254067514,-49.72251942035626,213.5266458306985,-49.810496122306546,213.27605239880944,-50.06780746192072,213.06521411003254,-50.263318355691254,212.1750839794758,-51.052017237843764,212.05668582558678,-51.52128685892016,211.61182283134698,-54.88744907394314,211.6095881629878,-54.90418685721361,211.55314598110277,-55.322698751175075,211.55540244622938,-55.3535598329692,211.58885009449142,-55.48360542222399,211.6585068702189,-55.83596053740645,211.70812996749888,-56.19169040938283,211.73326813594514,-56.47752224489176,211.83779841220505,-58.080287387377595,212.1801477100495,-58.6730291125005,212.99533593245292,-59.07608898451732,213.48211259266165,-59.310767853308725,214.50677388811928,-59.20597994441428,214.74573541907418,-59.18609335015238,215.1335926713537,-59.16117907866153,215.29101700908294,-59.1318510478517,215.44492792545145,-59.10513207922823,216.58663592545147,-58.92136807922823,216.76905129367466,-58.89471782503677,218.6248536404476,-58.65104979666784,218.8940612846357,-58.610579834303195,219.95362805121823,-58.388536037637145,219.9918516754861,-58.38064840530264,222.53435175068782,-57.86413211334552,224.10854670419067,-57.510432059671906,224.98899482026818,-57.3085509176017,225.01013126925514,-57.303742422402536,225.01727783377484,-57.30212935498311,226.98295908252996,-56.854893937028486,227.05922260459673,-56.83803493524466,230.40709360459672,-56.11951293524466,230.66284040049212,-56.07008852408363,230.77343640049213,-56.05105952408363,230.85889290775927,-56.03695535962285,230.95767347282776,-56.02134338806302,231.71457665031133,-55.889154785718006,231.7303279333473,-55.88642434582994,232.9562039333473,-55.67551134582994,232.98111962792817,-55.671275612475355,233.31907762792818,-55.614513612475356,233.67483150951227,-55.56506293666757,234.0328122528045,-55.53580578315008,234.14303887318584,-55.53301330865895,234.45296888096115,-55.47767576185417,234.80955524940265,-55.43463676277538,234.83021920444085,-55.432767858963715,237.51510820444085,-55.19436085896372,237.55201778543542,-55.191191926319554,238.13675778543544,-55.14270592631955,238.36577561807772,-55.12787742068146,239.7843486180777,-55.06174342068146,239.93020205438086,-55.056622663830034,240.07448105438087,-55.053216663830035,240.13581754865135,-55.0520651112925,243.01097754865134,-55.0119781112925,243.0928928458829,-55.011364441525245,246.46039684588288,-55.007858441525244,246.47396157255022,-55.00785880725872,249.10535555431267,-55.0107403190589,249.82239991525628,-55.00888818337265,249.8410498037557,-55.00886739784424,250.80719280375573,-55.009209397844245,250.84885286596986,-55.0093608050188,256.5672333379727,-55.04890220437505,257.8992996875671,-55.00365944075566,258.114849,-55.0,274.9929279394654,-54.99999993946544,274.9929279394654,-20.231597060534558,234.67723,-20.231597,234.31819934770678,-20.221439032000006,233.95984881483412,-20.190944352364887,232.12128626594696,-19.98175907773326,231.8798664452942,-19.94959029119935,231.4757894452942,-19.88783929119935,231.36418489667102,-19.869765737669162,226.80350589667103,-19.089469737669162,226.73325961158505,-19.077044630361684,223.11330261158506,-18.41575863036168,223.0733887389486,-18.40833532047472,220.9284024367745,-18.00230554676303,218.4454754285475,-17.56829136338719,217.8871897426772,-17.497226083279667,217.76097175382557,-17.500437546495036,217.401798887347,-17.499415007711505,217.0432583971284,-17.478086377334023,216.9704080958094,-17.471257602096145,213.56593070327278,-17.13233390979634,212.54647084528617,-17.61228453592111,211.69516023504437,-19.35664867557243,211.5973523890225,-20.63869818075969,211.5999379602208,-22.263542291647756,211.5903513279214,-22.622588653669634,211.5799941284553,-22.776628800306376,211.48290513209423,-23.99849817842469,211.5212221790984,-25.083805137582736,211.52373831692603,-25.442970646297617,211.5201443706487,-25.560591760272846,211.43621674660108,-27.667590411487105,211.5374137066903,-28.874572466266827,211.6849288175261,-30.213030008255952]}