{"Index":-1,"Coordinates":[343.7365311808746,-126.77385118127498,337.9664588818079,-126.773851181275,335.6370614780952,-126.773851181275,329.7726434350248,-126.77385118127498,325.3762563269973,-126.77385118127495,322.6312388358765,-126.77385118127495,320.7543042893879,-126.77385118127495,316.1539007416429,-126.773851181275,315.00208492416317,-126.773851181275,312.56403658537863,-126.77385118127495,310.1259882846669,-126.77385118127498,304.98795814032303,-126.77385118127498,297.8634007579794,-126.77385118127495,290.62138492585785,-126.77385118127498,284.6258820802449,-126.77385118127498,280.3785697712966,-126.77385118127498,260.10850069637854,-126.77385118127498,241.48834762976426,-126.773851181275,238.23020838115139,-126.77385118127503,235.72320487119407,-126.77385118127495,235.7054678089956,-126.773851181275,221.37351534537848,-126.77385118127498,218.26933236834432,-126.77385118127498,217.30404923744507,-126.77385118127498,215.43772257310317,-126.77385118127498,212.3338263821997,-126.77385118127498,207.53363673800982,-126.773851181275,205.82762659197488,-126.773851181275,204.64864962692138,-126.54567149758535,204.01090800281054,-126.4222399272104,203.29355898513572,-125.82916522185607,202.77659640417667,-125.40178180808957,202.44718040163426,-124.41598960556539,202.2454991189528,-123.81241003331783,202.42895369499934,-122.17284922360068,202.46958572397503,-121.80968895451741,202.69418278052115,-121.28885999322932,202.9331233046083,-120.73476361853352,203.2757735323956,-119.58964389464666,205.05432028992615,-115.35035688686233,206.13028837182563,-112.87956175863488,206.38967212084196,-112.04347894117461,207.33724428914874,-108.98907670499673,209.52107769464897,-100.24615812912353,209.54367505206574,-100.13490079141408,209.55158134339212,-100.09597501075274,209.55780906092917,-100.02440804210374,209.5778258096986,-99.83307925058261,209.1651898527784,-99.83307925058264,203.7527004263806,-99.83307925058261,194.87940323357944,-99.83307925058256,194.56971990283216,-99.83307925058259,194.23878595312456,-99.83307925058259,191.22706261847824,-107.94835155935874,191.07598490729038,-108.35543967132841,186.71620671227177,-115.31504513431716,186.30494275200795,-115.97155442826536,181.08379170425644,-121.06827040913382,180.383708404498,-121.75166870755203,174.59371183601007,-124.85704559859718,173.6564133473474,-125.3597514348227,167.5707135729946,-126.40477474549144,166.51403354040644,-126.58622557397737,160.39376896232008,-125.53526369355546,159.37166908434742,-125.35975036467437,153.48218841011874,-122.20101567221514,152.64437429749802,-121.75166662944676,147.27288678257858,-116.50819594325091,146.72314038400802,-115.97155146297607,142.18851227795943,-108.73282787258395,141.95209879829045,-108.35543599118932,138.78929993349155,-99.83307925058261,138.14867651586002,-99.83307925058259,129.27527703528762,-99.83307925058259,123.86288603030188,-99.83307925058259,123.45025923328583,-99.83307925058259,123.47650301827493,-100.09596940431464,123.48440923959849,-100.13489435603856,123.50700578811899,-100.24614932616763,125.69082456844762,-108.98907212578709,126.63840546463483,-112.04347297610951,126.89778463307641,-112.87955542658196,129.7523106171872,-119.58964389464663,129.82593294829167,-119.835676031113,130.09495215233736,-120.73475761324423,130.33389014895775,-121.28885710260246,130.45066668272347,-121.55966059092108,130.55848481382642,-121.80968895451747,130.7164851231051,-123.22173593983544,130.7825766142976,-123.81241003331783,130.46920738474353,-124.7502045062217,130.251489149997,-125.40178180808954,129.54623019201853,-125.98485325306154,129.01717477217116,-126.4222399272104,127.78178029512343,-126.6613387796782,127.20044798093608,-126.77385118127498,126.04545860175799,-126.77385118127503,125.87403414437833,-126.77385118127498,125.56655910563072,-126.77385118127498,121.70316770944743,-126.773851181275,118.91469399514762,-126.773851181275,117.20696402671904,-126.77385118127495,116.38022179552341,-126.77385118127498,114.76153872137832,-126.77385118127498,112.05822324589559,-126.77385118127498,109.36403963737831,-126.773851181275,109.36403935845779,-134.2201244739431,109.36403923022918,-137.64341242501004,109.3640391443843,-139.93519280597857,109.30225069497192,-140.33357937576656,108.76739745928816,-143.78209199220052,108.76654761831821,-143.78380107335266,108.73138671457588,-143.854501170226,108.26219923667367,-144.7976740011475,108.27209111170095,-193.08446410118597,108.26452505613364,-211.42242133746674,124.26257883985244,-211.4224225359685,154.32290835077978,-211.4224247879522,199.4832128712167,-211.42242817115766,204.4726102289237,-211.42242854494071,205.90021505563465,-211.42242865189036,205.95250348684672,-211.42195381643475,206.1873313866778,-211.37047288881047,206.94340585283115,-211.26270521060627,207.42569953202883,-211.0316264547029,207.45248810982068,-211.01879097246695,207.65255387915795,-210.87790409789818,208.26199003241888,-210.58764236168764,208.5041475606173,-210.40298546758004,208.80993151507025,-210.06434768013474,208.85543495314738,-210.01395203731926,208.99300882588696,-209.82536981352825,209.59131474319022,-209.16657651371955,209.7822059094693,-208.87031900912567,209.926377194954,-208.55160464925157,209.97468147343324,-208.4448215139367,210.47049014757948,-207.34887495631722,210.52419500406637,-207.20829816044045,210.64006646583147,-206.82240119866913,210.67223136613774,-206.62999888413248,210.70091081975775,-206.45858424536743,210.95025980418117,-204.9675221545333,210.95745432748265,-204.9138990101921,210.97751634097108,-204.47229078676082,210.98041061810707,-204.35278019754412,210.9834144286138,-204.24027868464245,211.0004405638493,-203.95049180858692,210.98341182682887,-203.80587354189777,210.9640276221487,-203.106013141936,210.96402847254373,-180.4032236970666,210.96402863128895,-176.16524121124365,211.0226855131067,-175.64149651225318,211.2769069969692,-173.39089041599146,211.28047026889814,-173.3657859777909,211.6598405351939,-172.12630098071105,211.73620124980798,-171.97101869722064,212.05403251072804,-171.32471351710603,212.2024530445578,-170.91242997047118,212.48324733156704,-170.3447435395501,213.3725271757589,-169.20096670470411,213.5833054416171,-168.90286458413505,213.6006972963845,-168.8805395401771,213.88003462704913,-168.64100069250594,214.33474099368723,-168.2510811865822,215.12498019884865,-167.82812066116787,215.3605032312873,-167.6583532253863,215.67517675103008,-167.49120213072325,216.9213362264772,-167.23922046732932,216.96577405057224,-167.23807020163775,217.09149805974778,-167.23484441240078,217.31403507166854,-167.1849982868643,221.10653638828038,-167.18499828686427,230.61059323365845,-167.18499828686424,231.930769185453,-167.1849982868643,232.41299193759147,-167.18499828686424,235.21920034225045,-167.18499828686424,235.79850684887262,-167.18499828686427,236.43935591878818,-167.18499828686427,244.31453277073723,-167.18499828686424,312.56403570916063,-150.16602998360872,317.0195653338605,-149.50375628920045,320.48545298926507,-148.988583814704,324.3194577307509,-147.2268259490299,328.0607094676515,-145.50768887973214,330.8672948541192,-143.21610519504105,334.95862837961977,-139.87552158020688,336.57602654713173,-137.81600073448305,340.87784863294866,-132.33825725838898,341.403879302687,-131.31434214841482]}