{"Index":-1,"Tolerance":1.8178054000000016E-05,"Coordinates":[236.827149,-57.63025612106915,240.54689287893083,-61.35,269.4635131210691,-61.35,273.183257,-57.630256121069124,273.183257,-17.601340878930873,269.4635131210691,-13.881597000000001,243.974325,-13.881597000000001,240.54689287893083,-13.881597000000001,236.827149,-17.601340878930845]}