{"Index":-1,"Tolerance":3.345695671467557E-05,"Coordinates":[60.352479389621095,-49.48812922954479,59.47993492566991,-50.338449849187924,59.27244208678837,-50.56100467756799,58.56792143365669,-51.3932431899707,58.50207409803022,-51.47366039540029,57.70500874830267,-52.48026046943451,57.50797647759804,-52.758564323494554,56.45226997906218,-54.43360050614003,56.32507981870472,-54.6546025691893,56.04469649261521,-55.19045570878778,55.976090166383514,-55.32976178443577,55.25057552436248,-56.898584184997524,55.155545821984,-57.12703183484293,54.938625326477236,-57.71174603002347,54.884570667643864,-57.87013010028382,54.35113419570233,-59.579199525788425,54.268683453972386,-59.901985643636976,54.01518284528191,-61.16791607581772,53.99687552774651,-61.26757277693104,53.828074499762465,-62.27681074965581,53.8033810389441,-62.455510049423246,53.74836288788733,-62.95869259330504,53.73230904974451,-63.17146449188418,53.65154056878516,-65.10682785131084,53.65557709346783,-65.4470674417773,53.74303474181103,-66.78171269159607,53.75428560877044,-66.91213765544282,53.895369912327915,-68.2298032018479,53.94743471937826,-68.55537401515573,54.161039970324,-69.55515881664009,54.17865184493378,-69.63281295082007,54.491929139033296,-70.93801736322038,54.59471219365829,-71.28018381886477,55.30905564889429,-73.24897395051805,55.4462103418229,-73.57058425370664,56.00528737363239,-74.70426195720484,56.04464122771996,-74.78139285895159,56.56586442350374,-75.76943935455665,56.73429577951694,-76.05218896032083,57.429989798160605,-77.09333741736374,57.477215844498964,-77.16204391990118,58.12212907909867,-78.07439612905219,58.32783310886992,-78.33530729412165,59.16321940443117,-79.28789458851814,59.23705660256034,-79.36920959391679,60.13639942797355,-80.32585123963898,60.381071801155684,-80.55978499774274,61.19452139821562,-81.25849947888688,61.25055917101529,-81.30552235126225,62.24747785811692,-82.12268016550533,62.52272497958109,-82.32458520655449,63.42622007813456,-82.91541589545103,63.48577097564103,-82.9534195339671,64.58292716224183,-83.6365361181632,64.90296216630944,-83.81116080879313,66.82190866087132,-84.71947634503479,67.10080282357865,-84.83559596200053,67.6306988803475,-85.02720039330269,67.7396224692779,-85.06436798862076,69.48699866486882,-85.6254754118643,69.83860528630282,-85.71657837497666,71.10241632826553,-85.96796049889076,71.16623795832871,-85.97997794547852,72.24251367045996,-86.17126182195642,72.59069887150048,-86.21348282091346,73.8524695067718,-86.29618521491844,73.9386648069997,-86.30065922539983,75.22391437960971,-86.34986568310515,75.59878904894069,-86.34208062003603,77.78727078280704,-86.16707894695841,78.15065221761787,-86.11677816129325,79.1793957576032,-85.91326506833211,79.23377048899525,-85.90201334085637,80.52090358217123,-85.62390913524284,80.86677387855728,-85.52845373616607,81.86345862947282,-85.19176625261923,81.91758908297663,-85.17293459721509,83.19433254515884,-84.7158042935622,83.55433197041718,-84.56125985579857,85.65455407083654,-83.5018698228107,86.00968153657342,-83.29281581267348,87.95001713772557,-81.97410783291599,88.25904928968748,-81.73504177646284,89.1301411158006,-80.97112461111553,89.17373591823072,-80.9321777065723,89.4104646799731,-80.71673667520054,93.40203292418292,-82.14233547802479,93.60356216834701,-82.20682713525197,94.5151840723274,-82.46541254355105,94.55258410344975,-82.47577467863731,96.41485511173686,-82.97950495963103,96.92974022734003,-83.07414278211957,97.65064901872117,-83.14602273412723,97.81040151994299,-83.15789063680998,99.15344967970735,-83.223654748806,99.29132298482236,-83.22740689213073,101.1794439016374,-83.23776937626172,101.46229739695619,-83.2709020619487,105.45374991932569,-83.34310828560157,105.46451444891036,-83.34233432947717,106.12335146795506,-83.36090797600582,106.14610425318183,-83.35726519535768,106.54749304710657,-83.36857994127453,106.57024333585858,-83.36493749143226,106.97162637216759,-83.37625186591208,106.99436683651288,-83.3726109403608,107.39573613846045,-83.38392588728217,107.41849129062905,-83.38028265877941,107.52306616333983,-83.38323055570672,107.59143615209949,-83.39816949085274,108.12175274746683,-83.39393315536486,108.3449397310954,-83.43504614354309,109.31651836220446,-83.36839380407804,109.92293442098725,-83.34923667267668,110.13540836435496,-83.29975973197483,110.36783409003674,-83.29166896795834,110.57798529894832,-83.24130695050106,110.85047093819414,-83.22986320945488,111.02481393618645,-83.18542698745716,111.26473259433021,-83.17535126924359,111.4390806420746,-83.1309139117105,111.67900548049467,-83.1208378358688,111.85335174458062,-83.07640078141516,112.09327348049459,-83.0663248358688,112.26761974458053,-83.02188778141516,112.50754148049467,-83.0118118358688,112.68188759352455,-82.96737481991605,112.92180875432736,-82.95729891684921,113.94905365606044,-82.69547679644015,114.84837343706002,-82.51329071634571,115.0021815909878,-82.4781327622567,116.44674550651102,-82.10994041533772,118.38058998086399,-80.73140527157292,119.35953468108568,-79.24297646115879,119.77011276293847,-78.3368072462678,120.31774457961886,-76.35091033431722,120.43041650990074,-75.61581648840352,120.55855660831452,-71.96771705048253,120.56045039184512,-71.87627971886566,120.56114682333224,-71.7658398155022,120.56120994905119,-71.74583483312958,120.5612469999179,-64.46006829214143,120.5638089267285,-47.59611264914634,120.5653998885576,-39.10420467164347,120.56514299617827,-31.69524369102082,120.56545399813629,-18.85921184758003,120.56471282931699,-15.629086724743093,120.56466082727084,-15.611629135225845,120.53441602832638,-10.331512786572908,120.53435461867147,-10.322853545566007,120.5310123160237,-9.927575907558774,120.52847827872222,-9.824785335584128,120.47793181341011,-8.587787592537053,120.4242748983557,-7.122720755065543,120.40641310993419,-6.88318419975898,120.37243991109075,-6.581807652783765,120.35114412473133,-6.427151133194192,120.11123607742611,-4.953854124376261,119.97350790290811,-4.412842812871646,119.82249925290438,-3.9820320914724148,119.72314218256325,-3.732827567925689,119.136041019826,-2.4238628312861223,118.83435872205328,-1.8939860222805642,118.20388963605417,-0.9986542855962938,117.47438087112025,-0.2567983346405114,116.49398466599615,0.45848039034050647,116.29104746432027,0.5948884204107567,115.21126942104911,1.2618178548389405,113.52817624318862,1.744502297013606,111.1433315993373,1.7570884434981544,111.04712614471946,1.7561385368376377,110.92252162569427,1.7530197420809885,110.80064267713917,1.7534283060955593,110.74218385762632,1.7530860838432174,110.23423230870364,1.745435646860208,108.47371289545539,1.7421458353534447,108.41048693304023,1.741398082932029,105.12040893514866,1.6697170854642454,103.68530764486091,1.6492786919811824,103.6297862109694,1.6480022180183314,100.91177518148116,1.5617242706207233,100.88891003327652,1.5609159839727054,95.92015524463133,1.3673422725855822,95.78259859427332,1.3589905971765697,95.08273175435377,1.301231910433,94.72341874066618,1.2507926935404383,92.1508627688184,0.7384377786604447,92.09620801564708,0.7270521781451188,91.20587517926752,0.5333968203926086,90.47442988325953,0.2779166560562749,90.08895977648156,0.08794512172729965,89.75185911977047,0.42031943169999286,89.6763767783127,0.4923365664961605,88.9759619021906,1.138952474216332,88.8217192264126,1.2724323441632428,88.24829523117612,1.7373157904810503,88.11192978399303,1.8418837403442792,86.82551716405601,2.774163546642144,86.62585091751795,2.9076492596719183,85.9646882130767,3.3143615495141043,85.81729695725737,3.399667737306639,84.43991413083288,4.148292548289776,84.22276961992188,4.255794385627095,83.49303170750744,4.583027356344571,83.33332365253878,4.649481111935631,81.86576704451089,5.213741816130632,81.63929701721827,5.291156149711781,80.88225076655137,5.518464184531025,80.7214600252172,5.56217821515406,79.21583446892521,5.929376071912903,78.9286132136415,5.985548333180851,77.54244554765926,6.190870934797811,77.38567486638522,6.210121188127715,76.50078797970943,