{"Inners":[{"Index":-1,"Tolerance":1.1296570000000017E-06,"Coordinates":[14.913514,-36.128,14.777452,-36.106983,14.131334,-35.721035,14.050247,-35.61467,13.967663,-35.462826,13.909162,-35.299937,13.876133,-35.129602,13.869515,-34.956875,13.88942,-34.784437,13.935283,-34.617508,14.005962,-34.459845,14.100307,-34.314151,14.215682,-34.184702,14.349052,-34.074708,14.498002,-33.986167,14.658735,-33.921377,14.827241,-33.88195,15.0,-33.868686,15.172758,-33.88195,15.341259,-33.921376,15.502017,-33.986176,15.650943,-34.074704,15.784321,-34.184705,15.899674,-34.314129,15.993803,-34.459487,16.064748,-34.617742,16.110591,-34.784568,16.130485,-34.956918,16.123869,-35.129577,16.09086,-35.299799,16.032327,-35.46279,15.949559,-35.614987,15.844599,-35.752691,15.719795,-35.872803,15.578119,-35.972453,15.422956,-36.049279,15.257921,-36.101503,15.086413,-36.128]}],"Index":-1,"Tolerance":2.6269618499999997E-05,"Coordinates":[24.59095,-67.065322,25.240192,-66.995466,25.80171,-66.952607,26.225759,-66.89128,27.768827,-66.560651,27.79767,-66.55433,29.920575,-66.07877,30.362198,-65.945546,31.762157,-65.409632,32.089807,-65.262469,34.546803,-63.987403,35.173701,-63.56035,36.524545,-62.381958,36.613062,-62.30176,38.261494,-60.750807,38.546801,-60.444529,39.920028,-58.760446,40.065868,-58.566968,40.474214,-57.979929,40.577494,-57.821599,40.89964,-57.294077,40.933483,-57.237339,42.774744,-54.076182,42.937961,-53.75548,43.867163,-51.641431,43.888101,-51.592692,44.856728,-49.285035,45.006916,-48.83621,45.821344,-45.625407,45.838844,-45.552845,46.019771,-44.761992,46.079111,-44.415326,46.170801,-43.615636,46.188548,-43.116433,46.157172,-42.388733,46.152112,-42.300152,46.01341,-40.35082,46.008137,-40.286073,45.817703,-38.210503,45.794822,-38.02276,45.686093,-37.308465,45.651699,-37.120657,44.751871,-32.923443,44.68962,-32.680358,43.673082,-29.276519,43.629657,-29.142092,43.141836,-27.73946,43.053063,-27.512641,42.469094,-26.174213,42.430621,-26.089447,41.39563,-23.895144,41.251861,-23.624904,40.874591,-22.991395,40.726953,-22.765839,39.628592,-21.233859,39.430725,-20.985159,36.581092,-17.749792,36.284203,-17.454454,35.041317,-16.371252,34.686526,-16.103288,33.697041,-15.459415,33.569622,-15.380715,30.057423,-13.324226,29.221115,-12.982714,28.131707,-12.709563,27.613675,-12.624347,26.585217,-12.541469,25.897947,-12.560551,23.332246,-12.911457,22.131857,-13.329952,20.410367,-14.350172,20.394214,-14.345275,20.160218,-14.283958,19.629578,-14.166303,19.524616,-14.144882,18.777646,-14.005517,18.720103,-13.995328,17.72746,-13.82897,17.57121,-13.806761,17.182276,-13.761306,16.980452,-13.744222,16.021927,-13.693801,15.974621,-13.691666,14.945247,-13.652903,14.728977,-13.652128,14.257308,-13.666505,14.104501,-13.674852,13.252626,-13.742006,13.214687,-13.745226,12.157583,-13.841328,11.872122,-13.880399,11.324155,-13.980901,11.249906,-13.995436,10.511002,-14.14924,10.468043,-14.158493,9.498981,-14.37424,9.311739,-14.421949,8.995356,-14.512897,8.829021,-14.565702,7.877052,-14.896972,7.839601,-14.910268,6.882823,-15.256697,6.690671,-15.333439,6.343798,-15.485257,6.185786,-15.559657,5.326446,-15.993541,5.303319,-16.005337,4.333082,-16.50521,4.022999,-16.687894,2.983864,-17.382242,2.944367,-17.409065,2.110965,-17.984256,1.964461,-18.091683,1.723129,-18.27949,1.555562,-18.4194,-0.050963,-19.857287,-0.320124,-20.129091,-1.000457,-20.904328,-1.021015,-20.927988,-1.880512,-21.927105,-2.11272,-22.232551,-2.689346,-23.094488,-2.70668,-23.120679,-3.457715,-24.267713,-3.655889,-24.616618,-4.67564,-26.709584,-4.829863,-27.085384,-5.570654,-29.280435,-5.676004,-29.674433,-6.135968,-31.978149,-6.190156,-32.384723,-6.341461,-34.608727,-6.348692,-34.800013,-6.350689,-35.061278,-6.344026,-35.29259,-6.196872,-37.545169,-6.146924,-37.935676,-5.894166,-39.255696,-5.889616,-39.278985,-5.699551,-40.232934,-5.60265,-40.602029,-5.198662,-41.834219,-5.188183,-41.865626,-4.846255,-42.872922,-4.701507,-43.227533,-3.770553,-45.165405,-3.669897,-45.35779,-3.517278,-45.626694,-3.423009,-45.782238,-2.872932,-46.633847,-2.845809,-46.67513,-2.151491,-47.714217,-1.936057,-48.000301,-1.229765,-48.835733,-1.208225,-48.860943,-0.676036,-49.477267,-0.61572,-49.545132,-0.288214,-49.903185,-0.087477,-50.103856,0.44996,-50.59512,0.511445,-51.465955,0.558479,-52.52856,0.77369,-53.548295,1.766117,-56.093765,1.931363,-56.450621,2.281476,-57.098299,2.625674,-57.609538,4.719356,-60.14871,5.042522,-60.486599,5.987622,-61.339336,6.335497,-61.611843,8.403629,-63.011427,8.676225,-63.176598,9.563051,-63.654845,9.576902,-63.66227,10.850908,-64.341197,11.250631,-64.520035,15.789302,-66.185823,16.023212,-66.261536,16.517863,-66.400744,16.86263,-66.47738,17.347451,-66.557173,17.514925,-66.580177,21.272932,-66.994783,21.537185,-67.012826,24.166783,-67.082449]}