{"Index":-1,"Tolerance":2.3979532163446155E-05,"Coordinates":[53.65449464270101,-65.337933510396,53.659389500450466,-65.65568284742535,53.690030229612546,-66.12325619591398,53.697733630604006,-66.21871992797239,53.70189194735459,-66.26208332264937,53.74737265049982,-66.8324555360281,53.752049408155095,-66.88549073224203,53.846150739195586,-67.85923994752649,53.867087193411216,-68.02835539811262,53.87857087727093,-68.10451035983328,53.92515887755812,-68.42154403868322,54.01661638563903,-68.88131296357314,54.036046316399094,-68.97204101231516,54.04592088945025,-69.01507000538005,54.15719972328282,-69.53724202777038,54.1679123082668,-69.58565301751426,54.39563711657337,-70.5779655319595,54.437407316805874,-70.74021924872748,54.459927308990316,-70.81908658324329,54.54809226513025,-71.12992827484318,54.698721373943606,-71.57367232893314,54.728725771858954,-71.6581280297553,54.74451968480564,-71.70067115504848,54.92455841115368,-72.20899729368743,54.94087598011998,-72.25398836179001,55.29623693942684,-73.21122484058225,55.36199131386886,-73.3743526425311,55.38809532359809,-73.43427260391863,55.51713584532092,-73.73378253568391,55.724465187055074,-74.15420071489787,55.76382517909935,-74.23134372041918,55.77524764597714,-74.2529964032,56.03407359209754,-74.76069652109808,56.05449448095233,-74.80007098457091,56.53054036620761,-75.70247800037227,56.61781771159077,-75.85726785427654,56.65261359635436,-75.91513332557972,56.81634266414902,-76.18998078155992,57.076688406073025,-76.57960381809431,57.123907588275216,-76.64830057267221,57.13820575468896,-76.66852819366525,57.464554388594316,-77.14363479350112,57.488958410149955,-77.17865600837759,58.07791005325333,-78.01183992187256,58.18533252032394,-78.15506617460026,58.22543525747435,-78.20550765912972,58.42352679595286,-78.4567608606525,58.7326094193397,-78.80920573098453,58.786456387817154,-78.86905896629322,58.80352448404661,-78.88755382350647,59.19299714667162,-79.32072451992451,59.220717775298716,-79.35115622902833,59.912774003751046,-80.10107233699986,60.039304084264955,-80.23057090612659,60.09032896780225,-80.2798980412909,60.311570312673155,-80.49560333839375,60.663917732766826,-80.804600501109,60.722580183416945,-80.85479701830201,60.742156334582,-80.87113995111972,61.189546554785906,-81.25417342151208,61.21968417937819,-81.27965288986576,62.00011294205039,-81.93118261474012,62.13761977206801,-82.03968536310143,62.183243195702175,-82.07368658014926,62.44818194204569,-82.2719106008092,62.83793601689869,-82.53233854322515,62.900477139087755,-82.57307258104973,63.422700949964,-82.91305473084762,63.453256574982824,-82.93269963391208,64.31097495089413,-83.47723671009078,64.46290311480354,-83.56785458798696,64.51693314433493,-83.59807322040018,64.79765480508205,-83.7557926783201,65.21791618011392,-83.96304826358396,65.28241845910853,-83.99395985637204,65.85029210306591,-84.26597017722257,65.88177421623405,-84.28083864044304,66.80286789110387,-84.7096945634004,66.9669302356802,-84.78053466608105,67.03131772661379,-84.80621194943083,67.3196424142765,-84.92187472549237,67.7635032970934,-85.07254349186701,67.8281684582003,-85.09372410045002,67.91658167522527,-85.12163778798296,68.44997561006286,-85.29698193337254,68.48560034619511,-85.30846073263618,69.43696218456854,-85.60882505926367,69.6251745118968,-85.66193324920064,69.6607587220839,-85.67080087644871,69.97205278801633,-85.75064881626761,70.43179359123684,-85.8420953713354,70.49564513398539,-85.85411819380397,70.52371541371862,-85.85910680569086,71.15112745649738,-85.97712964388471,71.18250537751521,-85.98286911450447,72.15933029925898,-86.1564778427934,72.33912470552774,-86.18314908106869,72.40828839214784,-86.19139387132778,72.70950189901198,-86.22791848175709,73.17721423370182,-86.25857546377799,73.2390273447623,-86.26202224473784,73.33423876270743,-86.26640069623197,73.87980085233059,-86.29760907718178,73.91527150307857,-86.2994391561544,74.93687398805864,-86.34642010154299,75.12797837698831,-86.34945097143434,75.20322089476316,-86.34837957644062,75.48577477102029,-86.34562433281727,75.95346252625141,-86.31497074802908,76.01209354923557,-86.31058236119372,76.10943612053352,-86.30238951303802,76.66041098841401,-86.26191102674788,76.6970173588834,-86.25900874068644,77.73259902158128,-86.17087496802921,77.89443457765223,-86.15214885873047,77.90049730924936,-86.15163840640624,77.90802386704217,-86.15057643222183,77.92372714435504,-86.1487593946409,77.9970839259072,-86.13801033149149,78.25380047902033,-86.10178841443154,78.7134874468876,-86.01035256769671,78.7680886728587,-85.9989924915187,78.81922790470435,-85.98788324958558,79.22120045952025,-85.90461125698863,79.24767994207419,-85.89900799710477,80.43880802326547,-85.64164709902835,80.62402987558583,-85.59576190531651,80.70160930322342,-85.5740495749734,80.96662684785923,-85.50054011905658,81.41046540777005,-85.349878323878,81.46016564669995,-85.33254674611936,81.51405320322993,-85.31327216532821,81.9035758493729,-85.17781131910354,81.93091888224089,-85.16816194290685,83.10605022955198,-84.74741324472265,83.21940438455945,-84.70266540534051,83.2441099979547,-84.69382040319302,83.27521659882697,-84.68063290022909,83.29601325127166,-84.67242318561192,83.36760375169203,-84.64146578398774,83.5784884697001,-84.55206216013316,83.99888147958156,-84.34474344432519,84.04506873710295,-84.32149740390818,84.05312477189109,-84.31746320521981,84.49655580768106,-84.09410167899496,84.51674323314803,-84.08384261229301,85.58444087396963,-83.53644881023561,85.70472554318683,-83.4705994186854,85.7476827685171,-83.44857117053495,85.89378999963034,-83.36143200063177,85.95278417163009,-83.32702335949384,85.97740621760778,-83.3115628205133,86.0965187150617,-83.24052346076263,86.28277213965966,-83.11263153220082,86.86101463001597,-82.72255015678381,86.8861667747347,-82.7054065573269,87.96464629677207,-81.96272298041472,88.02202598133435,-81.9183622429402,88.04110789386445,-81.90525974538257,88.16018421531263,-81.81155090031598,88.24135677264039,-81.7487956841934,88.25575151125977,-81.73634282518879,88.36575456129657,-81.64977432317778,88.62592497614482,-81.41610926557168,88.74080213815988,-81.31673075466017,88.7728612427403,-81.28861832630245,89.14862320737488,-80.9546251696499,89.16593888702114,-80.93912043564794,89.4124637166083,-80.71674701348066,92.83351038259352,-81.92455651362289,93.06442864612379,-81.99632089913143,93.67498477665123,-82.16086164522534,94.22487625150625,-82.25828589829605,97.30172193679878,-82.52807910655645,99.80722318001061,-81.69016878739586,102.62356639520416,-79.1548610865233,103.71359364785707,-76.84549791256177,103.80764524040679,-74.71599510614566,103.80932162186186,-74.4810006661556,103.7614586186985,-72.87910721995571,103.84064489569896,-72.00920164572298,103.85371650321248,-71.71381159496204,103.84190468613248,-66.64884989914697,103.8399805416312,-63.34626202105863,103.85236192802121,-56.87941394432267,103.85236765130006,-56.8725545277539,103.85104136515194,-51.47797607158769,103.85319378457831,-50.24722826448882,103.882209297016,-47.850359042290734,103.84639037394058,-47.33435924036739,103.58526442315429,-45.61492512329398,103.38196380961597,-44.881546784718644,102.9726078503034,-43.88603565532841,102.43624220087281,-41.99209532470799,100.34695954655841,-39.74822138010289,96.62356593274535,-38.400471051897476,94.42583817547444,-38.390386644542026,90.97081175136869,-39.60525304091446,90.55921627773097,-39.78352279895683,89.11471470996531,-40.5343247273051,88.90853603181563,-40.65146591844386,87.48709123917428,-41.53082950131826,87.42311617681489,-41.571470807886456,85.25917037148979,-42.98268653991364,85.13652316303971,-43.066829470391745,84.44944600300448,-43.56226134104831,84.31795147772165,-43.66238059667006,82.59190447867827,-45.048998389689025,82.36159652717784,-44.95971329693882,81.91778090692664,-44.80905989496144,81.7822771246814,-44.76641863822091,81.74805718898995,-44.75648563406786,81.1108821494815,-44.55527209037284,81.0182873526417,-44.527574109004256,80.2507056252669,